date,dxy,m2_supply,gold_price,usdt_mktcap
2015-01-01,90.2699966430664,11638.9,1183.9000244140625,98.2056819721496
2015-01-02,91.08000183105469,11638.9,1186.0,98.9830601888296
2015-01-03,91.08000183105469,11638.9,1186.0,98.0959577393428
2015-01-04,91.08000183105469,11638.9,1186.0,97.6877871105143
2015-01-05,91.37999725341797,11638.9,1203.9000244140625,97.4480684568977
2015-01-06,91.5,11638.9,1219.300048828125,98.5858938332854
2015-01-07,91.88999938964844,11638.9,1210.5999755859375,1590.5294540083137
2015-01-08,92.37000274658203,11638.9,1208.4000244140625,1579.4319111168752
2015-01-09,91.94000244140625,11638.9,1216.0,248376.81561135448
2015-01-10,91.94000244140625,11638.9,1216.0,245115.61191091736
2015-01-11,91.94000244140625,11638.9,1216.0,244765.93557374235
2015-01-12,91.9800033569336,11638.9,1232.699951171875,245502.5577019539
2015-01-13,92.30999755859375,11638.9,1234.300048828125,243324.96871041515
2015-01-14,92.16000366210938,11638.9,1234.4000244140625,241215.28739213385
2015-01-15,92.3499984741211,11638.9,1264.699951171875,228446.54143460808
2015-01-16,92.5199966430664,11638.9,1276.9000244140625,240083.96613497208
2015-01-17,92.5199966430664,11638.9,1276.9000244140625,236143.49982982237
2015-01-18,92.5199966430664,11638.9,1276.9000244140625,242950.78835301535
2015-01-19,92.5199966430664,11638.9,1276.9000244140625,241720.21057291693
2015-01-20,93.05000305175781,11638.9,1294.199951171875,242392.1129297779
2015-01-21,92.9000015258789,11638.9,1293.699951171875,244056.26973899823
2015-01-22,94.23999786376953,11638.9,1300.699951171875,246119.9982752149
2015-01-23,95.0,11638.9,1292.5999755859375,246304.7991942784
2015-01-24,95.0,11638.9,1292.5999755859375,245791.03457439915
2015-01-25,95.0,11638.9,1292.5999755859375,245299.84956835545
2015-01-26,94.80000305175781,11638.9,1279.4000244140625,242945.57696190587
2015-01-27,94.0199966430664,11638.9,1291.699951171875,244642.78947039056
2015-01-28,94.47000122070312,11638.9,1285.9000244140625,231840.2190441015
2015-01-29,94.77999877929688,11638.9,1254.5999755859375,243560.41012602567
2015-01-30,94.80000305175781,11721.2,1278.5,240599.7217762177
2015-01-31,94.80000305175781,11721.2,1278.5,234686.35947704292
2015-02-01,94.80000305175781,11721.2,1278.5,243174.79991504183
2015-02-02,94.5,11721.2,1276.199951171875,245024.8790582944
2015-02-03,93.5999984741211,11721.2,1259.699951171875,239945.15954280156
2015-02-04,93.98999786376953,11721.2,1263.800048828125,244370.77968064137
2015-02-05,94.69999694824219,11721.2,1262.0,241205.69200456032
2015-02-06,94.69999694824219,11721.2,1233.9000244140625,243086.0595808855
2015-02-07,94.69999694824219,11721.2,1233.9000244140625,247665.31486484007
2015-02-08,94.69999694824219,11721.2,1233.9000244140625,245510.63297272488
2015-02-09,94.44999694824219,11721.2,1240.800048828125,244998.3670118564
2015-02-10,94.76000213623047,11721.2,1231.5999755859375,246707.91235917417
2015-02-11,94.98999786376953,11721.2,1219.0,246860.26437585728
2015-02-12,94.08999633789062,11721.2,1220.0999755859375,245628.9392346913
2015-02-13,94.19999694824219,11721.2,1226.5,246604.8129880288
2015-02-14,94.19999694824219,11721.2,1226.5,245392.51259885475
2015-02-15,94.19999694824219,11721.2,1226.5,243823.38245439145
2015-02-16,94.19999694824219,11721.2,1226.5,244967.50563419744
2015-02-17,94.05999755859375,11721.2,1208.0999755859375,246824.06654106043
2015-02-18,94.19999694824219,11721.2,1199.699951171875,242552.6608113528
2015-02-19,94.4000015258789,11721.2,1207.0999755859375,245854.02578899768
2015-02-20,94.25,11721.2,1204.4000244140625,248936.6673712404
2015-02-21,94.25,11721.2,1204.4000244140625,246203.5777429283
2015-02-22,94.25,11721.2,1204.4000244140625,237296.1231541248
2015-02-23,94.56999969482422,11721.2,1200.300048828125,235430.66790297648
2015-02-24,94.48999786376953,11721.2,1196.9000244140625,236686.26802705968
2015-02-25,94.20999908447266,11721.2,1201.0,239107.4369834448
2015-02-26,95.29000091552734,11721.2,1209.5999755859375,238141.26064512416
2015-02-27,95.25,11721.2,1212.5999755859375,244094.1961249216
2015-02-28,95.25,11721.2,1212.5999755859375,243910.91102048024
2015-03-01,95.25,11721.2,1212.5999755859375,242897.89000523128
2015-03-02,95.45999908447266,11806.2,1207.699951171875,245577.6419266596
2015-03-03,95.37999725341797,11806.2,1204.0,242335.54575653715
2015-03-04,95.97000122070312,11806.2,1200.5999755859375,239460.40660060957
2015-03-05,96.37999725341797,11806.2,1195.9000244140625,249304.6500547592
2015-03-06,97.62000274658203,11806.2,1164.0999755859375,249453.46424789383
2015-03-07,97.62000274658203,11806.2,1164.0999755859375,241148.08244602272
2015-03-08,97.62000274658203,11806.2,1164.0999755859375,262858.4604387428
2015-03-09,97.58999633789062,11806.2,1166.4000244140625,248394.8523719022
2015-03-10,98.62000274658203,11806.2,1160.0999755859375,245441.9325063817
2015-03-11,99.80000305175781,11806.2,1150.699951171875,240677.00386700727
2015-03-12,99.1500015258789,11806.2,1152.0999755859375,241707.9416923504
2015-03-13,100.33000183105469,11806.2,1152.5999755859375,236902.16605963872
2015-03-14,100.33000183105469,11806.2,1152.5999755859375,233829.0377735684
2015-03-15,100.33000183105469,11806.2,1152.5999755859375,234545.79804332397
2015-03-16,99.5999984741211,11806.2,1153.300048828125,235529.44207423384
2015-03-17,99.58999633789062,11806.2,1148.300048828125,235608.5587932652
2015-03-18,98.55000305175781,11806.2,1151.4000244140625,233928.8219680522
2015-03-19,99.0999984741211,11806.2,1169.0999755859375,230988.8011374937
2015-03-20,97.91000366210938,11806.2,1184.800048828125,234418.82587459305
2015-03-21,97.91000366210938,11806.2,1184.800048828125,228296.521800002
2015-03-22,97.91000366210938,11806.2,1184.800048828125,231133.7392909043
2015-03-23,97.02999877929688,11806.2,1188.0,231198.32780068036
2015-03-24,97.19000244140625,11806.2,1191.699951171875,222548.76859632847
2015-03-25,96.9800033569336,11806.2,1197.300048828125,226342.87988824525
2015-03-26,97.44000244140625,11806.2,1205.0999755859375,230974.86850999575
2015-03-27,97.29000091552734,11806.2,1199.800048828125,230337.6628166064
2015-03-28,97.29000091552734,11806.2,1199.800048828125,241042.41530159023
2015-03-29,97.29000091552734,11806.2,1199.800048828125,234212.46107382484
2015-03-30,97.9800033569336,11806.2,1184.800048828125,233394.1757382538
2015-03-31,98.36000061035156,11806.2,1183.0999755859375,234937.08274651837
2015-04-01,98.19000244140625,11806.2,1208.0999755859375,235634.30326552465
2015-04-02,97.44000244140625,11920.7,1200.9000244140625,235794.7361961572
2015-04-03,97.44000244140625,11920.7,1200.9000244140625,236521.9853256092
2015-04-04,97.44000244140625,11920.7,1200.9000244140625,237627.64600335932
2015-04-05,97.44000244140625,11920.7,1200.9000244140625,239498.33196255512
2015-04-06,97.11000061035156,11920.7,1218.5999755859375,236581.18451993444
2015-04-07,97.83000183105469,11920.7,1210.5999755859375,240043.8245602211
2015-04-08,98.06999969482422,11920.7,1203.0999755859375,224737.70788954105
2015-04-09,99.16000366210938,11920.7,1193.5999755859375,225371.21181940715
2015-04-10,99.38999938964844,11920.7,1204.5999755859375,251701.9021764292
2015-04-11,99.38999938964844,11920.7,1204.5999755859375,247588.5687440913
2015-04-12,99.38999938964844,11920.7,1204.5999755859375,250673.59768561128
2015-04-13,99.48999786376953,11920.7,1199.300048828125,226276.60278550163
2015-04-14,98.76000213623047,11920.7,1192.800048828125,235361.1253418091
2015-04-15,98.33000183105469,11920.7,1201.5,234040.1013613244
2015-04-16,97.41999816894531,11920.7,1198.0,233391.86571861128
2015-04-17,97.5199966430664,11920.7,1202.9000244140625,233338.42202238517
2015-04-18,97.5199966430664,11920.7,1202.9000244140625,230604.15693264865
2015-04-19,97.5199966430664,11920.7,1202.9000244140625,226793.54480655215
2015-04-20,97.94000244140625,11920.7,1193.5,224943.69900954777
2015-04-21,97.9800033569336,11920.7,1202.9000244140625,240424.5234106427
2015-04-22,98.0199966430664,11920.7,1186.9000244140625,227366.8298633148
2015-04-23,97.27999877929688,11920.7,1194.4000244140625,239362.8961698512
2015-04-24,96.91999816894531,11920.7,1175.199951171875,222760.68014793893
2015-04-25,96.91999816894531,11920.7,1175.199951171875,220837.45004660325
2015-04-26,96.91999816894531,11920.7,1175.199951171875,219047.86829358095
2015-04-27,96.7699966430664,11920.7,1203.300048828125,220629.23391044955
2015-04-28,96.08999633789062,11920.7,1214.0,221643.73918274097
2015-04-29,95.12000274658203,11920.7,1209.800048828125,218597.03152552384
2015-04-30,94.5999984741211,11919.1,1182.4000244140625,217720.42296177728
2015-05-01,95.30000305175781,11919.1,1174.5,218068.35596275184
2015-05-02,95.30000305175781,11919.1,1174.5,219074.3853370944
2015-05-03,95.30000305175781,11919.1,1174.5,219121.34170700048
2015-05-04,95.4800033569336,11919.1,1186.800048828125,256947.34866451265
2015-05-05,95.12999725341797,11919.1,1193.199951171875,221677.85877999655
2015-05-06,94.12999725341797,11919.1,1190.300048828125,211880.64137977237
2015-05-07,94.62000274658203,11919.1,1182.4000244140625,218076.04234092473
2015-05-08,94.79000091552734,11919.1,1189.0999755859375,246419.34801270528
2015-05-09,94.79000091552734,11919.1,1189.0999755859375,223302.64597237448
2015-05-10,94.79000091552734,11919.1,1189.0999755859375,222554.2692031332
2015-05-11,95.01000213623047,11919.1,1183.199951171875,221358.76555897197
2015-05-12,94.52999877929688,11919.1,1192.5999755859375,218023.4159594424
2015-05-13,93.62000274658203,11919.1,1218.4000244140625,218967.82232296033
2015-05-14,93.36000061035156,11919.1,1225.4000244140625,245740.1026622318
2015-05-15,93.13999938964844,11919.1,1225.5,214845.76707856465
2015-05-16,93.13999938964844,11919.1,1225.5,217554.41429373345
2015-05-17,93.13999938964844,11919.1,1225.5,218236.33277780467
2015-05-18,94.19000244140625,11919.1,1227.800048828125,429548.91636166925
2015-05-19,95.2699966430664,11919.1,1206.9000244140625,389143.0604659784
2015-05-20,95.44999694824219,11919.1,1208.9000244140625,387742.78121478943
2015-05-21,95.26000213623047,11919.1,1204.4000244140625,385980.9198297573
2015-05-22,96.01000213623047,11919.1,1204.300048828125,398933.8679758024
2015-05-23,96.01000213623047,11919.1,1204.300048828125,446332.5584690999
2015-05-24,96.01000213623047,11919.1,1204.300048828125,403306.13907669816
2015-05-25,96.01000213623047,11919.1,1204.300048828125,398351.5775116877
2015-05-26,97.30000305175781,11919.1,1187.199951171875,403519.3271140213
2015-05-27,97.37000274658203,11919.1,1185.9000244140625,405915.66559291695
2015-05-28,96.97000122070312,11919.1,1188.0999755859375,397288.76140441146
2015-05-29,96.91000366210938,11919.1,1189.4000244140625,399071.4488585498
2015-05-30,96.91000366210938,11919.1,1189.4000244140625,397576.7661865826
2015-05-31,96.91000366210938,11953.4,1189.4000244140625,385901.06926090736
2015-06-01,97.38999938964844,11953.4,1188.300048828125,381067.6182013333
2015-06-02,95.83999633789062,11953.4,1194.0999755859375,377926.5504248629
2015-06-03,95.47000122070312,11953.4,1184.699951171875,373622.752019812
2015-06-04,95.45999908447266,11953.4,1174.9000244140625,372010.03719968005
2015-06-05,96.30999755859375,11953.4,1167.800048828125,388164.9028318831
2015-06-06,96.30999755859375,11953.4,1167.800048828125,388897.2437295284
2015-06-07,96.30999755859375,11953.4,1167.800048828125,385537.4334660571
2015-06-08,95.30000305175781,11953.4,1173.199951171875,384872.77860023925
2015-06-09,95.16999816894531,11953.4,1177.300048828125,385838.68230240967
2015-06-10,94.6500015258789,11953.4,1186.0999755859375,383525.2710577031
2015-06-11,94.9800033569336,11953.4,1179.9000244140625,387736.73188134807
2015-06-12,94.97000122070312,11953.4,1178.800048828125,387475.68928983214
2015-06-13,94.97000122070312,11953.4,1178.800048828125,391829.49654516065
2015-06-14,94.97000122070312,11953.4,1178.800048828125,391815.02316127886
2015-06-15,94.80999755859375,11953.4,1185.300048828125,396362.94943953166
2015-06-16,95.0,11953.4,1180.5,414837.3583634745
2015-06-17,94.30000305175781,11953.4,1176.4000244140625,399973.29492636246
2015-06-18,94.04000091552734,11953.4,1201.5,409975.62660408334
2015-06-19,94.08999633789062,11953.4,1201.5,398261.1757910792
2015-06-20,94.08999633789062,11953.4,1201.5,412398.5591697842
2015-06-21,94.08999633789062,11953.4,1201.5,412496.67839211726
2015-06-22,94.33000183105469,11953.4,1183.699951171875,414727.0437771735
2015-06-23,95.43000030517578,11953.4,1176.199951171875,414525.4751955329
2015-06-24,95.26000213623047,11953.4,1172.5999755859375,406416.0320634684
2015-06-25,95.19000244140625,11953.4,1171.5,408884.456303981
2015-06-26,95.47000122070312,11953.4,1172.9000244140625,407309.22287053306
2015-06-27,95.47000122070312,11953.4,1172.9000244140625,415753.8649855641
2015-06-28,95.47000122070312,11953.4,1172.9000244140625,414674.0936294173
2015-06-29,94.79000091552734,11953.4,1178.5,402258.4965164596
2015-06-30,95.48999786376953,11981.9,1171.5,402005.191629143
2015-07-01,96.30999755859375,11981.9,1169.0,393897.69230303913
2015-07-02,96.11000061035156,11981.9,1163.0,394400.1556615089
2015-07-03,96.11000061035156,11981.9,1163.0,397170.8368154512
2015-07-04,96.11000061035156,11981.9,1163.0,399865.8207738571
2015-07-05,96.11000061035156,11981.9,1163.0,416933.811665748
2015-07-06,96.30000305175781,11981.9,1172.9000244140625,420633.06240996544
2015-07-07,96.87000274658203,11981.9,1152.4000244140625,398327.1031660925
2015-07-08,96.29000091552734,11981.9,1163.300048828125,414805.5840531133
2015-07-09,96.61000061035156,11981.9,1159.0,429196.07327383896
2015-07-10,96.02999877929688,11981.9,1157.699951171875,427354.00789632066
2015-07-11,96.02999877929688,11981.9,1157.699951171875,457820.42251711135
2015-07-12,96.02999877929688,11981.9,1157.699951171875,446800.810837305
2015-07-13,96.86000061035156,11981.9,1155.199951171875,392880.3294009336
2015-07-14,96.63999938964844,11981.9,1153.300048828125,424623.5143339126
2015-07-15,97.12999725341797,11981.9,1147.199951171875,389605.36833924096
2015-07-16,97.66000366210938,11981.9,1143.800048828125,389158.82580846327
2015-07-17,97.86000061035156,11981.9,1131.800048828125,400652.7279143232
2015-07-18,97.86000061035156,11981.9,1131.800048828125,397256.8553882394
2015-07-19,97.86000061035156,11981.9,1131.800048828125,408525.82275262766
2015-07-20,98.02999877929688,11981.9,1106.699951171875,430420.98813498195
2015-07-21,97.33000183105469,11981.9,1103.4000244140625,424377.61939377
2015-07-22,97.5999984741211,11981.9,1091.4000244140625,429339.0489413274
2015-07-23,97.12000274658203,11981.9,1094.0,430127.6623474868
2015-07-24,97.23999786376953,11981.9,1085.5999755859375,432245.65264379454
2015-07-25,97.23999786376953,11981.9,1085.5999755859375,432458.50801330415
2015-07-26,97.23999786376953,11981.9,1085.5999755859375,432280.7528894572
2015-07-27,96.5,11981.9,1096.5,433256.3826063976
2015-07-28,96.7699966430664,11981.9,1096.300048828125,434602.25059109327
2015-07-29,96.9800033569336,11981.9,1092.699951171875,432553.6614988301
2015-07-30,97.55999755859375,11981.9,1088.4000244140625,429807.0083193272
2015-07-31,97.37000274658203,12020.9,1094.9000244140625,430386.79612582305
2015-08-01,97.37000274658203,12020.9,1094.9000244140625,422430.0083071831
2015-08-02,97.37000274658203,12020.9,1094.9000244140625,392495.90804154106
2015-08-03,97.48999786376953,12020.9,1089.4000244140625,401656.51346824446
2015-08-04,97.93000030517578,12020.9,1090.699951171875,415266.76508736133
2015-08-05,97.95999908447266,12020.9,1085.699951171875,421955.6887559879
2015-08-06,97.83000183105469,12020.9,1090.199951171875,425009.2444649451
2015-08-07,97.55999755859375,12020.9,1094.0999755859375,424229.8022072464
2015-08-08,97.55999755859375,12020.9,1094.0999755859375,420730.1646192577
2015-08-09,97.55999755859375,12020.9,1094.0999755859375,432440.9195781405
2015-08-10,97.16000366210938,12020.9,1104.199951171875,431457.79641100264
2015-08-11,97.29000091552734,12020.9,1107.5999755859375,432340.3342495844
2015-08-12,96.26000213623047,12020.9,1123.199951171875,428577.26632172434
2015-08-13,96.44999694824219,12020.9,1115.699951171875,427589.14155617845
2015-08-14,96.56999969482422,12020.9,1112.9000244140625,428899.5746873962
2015-08-15,96.56999969482422,12020.9,1112.9000244140625,430086.0642335356
2015-08-16,96.56999969482422,12020.9,1112.9000244140625,432311.00910969207
2015-08-17,96.81999969482422,12020.9,1118.5999755859375,429559.61344365194
2015-08-18,96.97000122070312,12020.9,1117.0999755859375,423403.2638698849
2015-08-19,96.45999908447266,12020.9,1128.0999755859375,437360.02763109247
2015-08-20,95.75,12020.9,1153.0,436931.4570479817
2015-08-21,94.83000183105469,12020.9,1159.5999755859375,441565.0687144465
2015-08-22,94.83000183105469,12020.9,1159.5999755859375,440858.96283672535
2015-08-23,94.83000183105469,12020.9,1159.5999755859375,440773.87137505296
2015-08-24,93.30999755859375,12020.9,1153.4000244140625,440200.1447424465
2015-08-25,94.52999877929688,12020.9,1138.199951171875,437623.7158676102
2015-08-26,95.0999984741211,12020.9,1124.5999755859375,436962.02309823775
2015-08-27,95.61000061035156,12020.9,1122.4000244140625,439622.26014739304
2015-08-28,96.11000061035156,12020.9,1133.0999755859375,429439.4962440744
2015-08-29,96.11000061035156,12020.9,1133.0999755859375,432569.4407411517
2015-08-30,96.11000061035156,12063.5,1133.0999755859375,432262.9376178634
2015-08-31,95.94999694824219,12063.5,1131.5999755859375,431501.6062711696
2015-09-01,95.44999694824219,12063.5,1138.699951171875,430700.3009109822
2015-09-02,95.83000183105469,12063.5,1132.5,431773.48923086206
2015-09-03,96.41000366210938,12063.5,1123.699951171875,430005.6848474586
2015-09-04,96.2300033569336,12063.5,1120.5999755859375,432074.8096870241
2015-09-05,96.2300033569336,12063.5,1120.5999755859375,431616.9789663157
2015-09-06,96.2300033569336,12063.5,1120.5999755859375,429120.23908812547
2015-09-07,96.2300033569336,12063.5,1120.5999755859375,435043.3566710761
2015-09-08,95.87999725341797,12063.5,1120.4000244140625,431712.0909841278
2015-09-09,96.01000213623047,12063.5,1102.199951171875,430892.4295291692
2015-09-10,95.45999908447266,12063.5,1109.5,429079.768557533
2015-09-11,95.19000244140625,12063.5,1103.5,431194.0510448242
2015-09-12,95.19000244140625,12063.5,1103.5,426797.22288796486
2015-09-13,95.19000244140625,12063.5,1103.5,432472.51161209703
2015-09-14,95.25,12063.5,1107.699951171875,431338.77334700787
2015-09-15,95.61000061035156,12063.5,1102.800048828125,430257.7475804554
2015-09-16,95.41999816894531,12063.5,1119.199951171875,431372.37264531536
2015-09-17,94.55000305175781,12063.5,1117.300048828125,431300.5092435333
2015-09-18,94.86000061035156,12063.5,1138.0999755859375,430538.7219363533
2015-09-19,94.86000061035156,12063.5,1138.0999755859375,432280.95910919306
2015-09-20,94.86000061035156,12063.5,1138.0999755859375,431965.1355646604
2015-09-21,95.88999938964844,12063.5,1133.0999755859375,442851.58485243376
2015-09-22,96.27999877929688,12063.5,1125.0,431102.42389282904
2015-09-23,96.06999969482422,12063.5,1131.5999755859375,430924.415692236
2015-09-24,95.98999786376953,12063.5,1153.800048828125,431427.413277044
2015-09-25,96.2699966430664,12063.5,1146.0,431279.30536890536
2015-09-26,96.2699966430664,12063.5,1146.0,439308.42133342486
2015-09-27,96.2699966430664,12063.5,1146.0,430483.15387205326
2015-09-28,96.02999877929688,12063.5,1132.0,438959.3561134312
2015-09-29,95.88999938964844,12063.5,1127.0999755859375,437464.6761439689
2015-09-30,96.3499984741211,12110.1,1115.5,432326.7303736005
2015-10-01,96.19000244140625,12110.1,1114.199951171875,430682.522816686
2015-10-02,95.83000183105469,12110.1,1137.0999755859375,429902.1127120796
2015-10-03,95.83000183105469,12110.1,1137.0999755859375,434085.45482294355
2015-10-04,95.83000183105469,12110.1,1137.0999755859375,436748.6764100995
2015-10-05,96.11000061035156,12110.1,1138.0999755859375,441006.81929109833
2015-10-06,95.45999908447266,12110.1,1146.800048828125,431320.6724001455
2015-10-07,95.5,12110.1,1149.0,430127.11667941726
2015-10-08,95.31999969482422,12110.1,1144.699951171875,446731.083003165
2015-10-09,94.80999755859375,12110.1,1156.300048828125,437740.6283567524
2015-10-10,94.80999755859375,12110.1,1156.300048828125,432790.12455279735
2015-10-11,94.80999755859375,12110.1,1156.300048828125,433487.5172448788
2015-10-12,94.83999633789062,12110.1,1164.9000244140625,442378.118158257
2015-10-13,94.76000213623047,12110.1,1165.800048828125,433137.83832477126
2015-10-14,93.93000030517578,12110.1,1180.0999755859375,432634.4844456941
2015-10-15,94.37000274658203,12110.1,1187.9000244140625,432288.2678756341
2015-10-16,94.54000091552734,12110.1,1183.5999755859375,432722.997348878
2015-10-17,94.54000091552734,12110.1,1183.5999755859375,436920.9332215417
2015-10-18,94.54000091552734,12110.1,1183.5999755859375,439190.8102950174
2015-10-19,94.95999908447266,12110.1,1173.300048828125,433814.18839796144
2015-10-20,94.8499984741211,12110.1,1178.0,434388.4446159602
2015-10-21,95.05000305175781,12110.1,1167.5999755859375,439025.596061401
2015-10-22,96.33999633789062,12110.1,1166.5999755859375,434718.49423540774
2015-10-23,97.06999969482422,12110.1,1163.300048828125,438290.8528431168
2015-10-24,97.06999969482422,12110.1,1163.300048828125,436728.31941581774
2015-10-25,97.06999969482422,12110.1,1163.300048828125,441938.071976398
2015-10-26,96.86000061035156,12110.1,1167.0,433896.30611177406
2015-10-27,96.91000366210938,12110.1,1166.800048828125,431520.41750474606
2015-10-28,97.77999877929688,12110.1,1177.0999755859375,458345.43306906393
2015-10-29,97.27999877929688,12110.1,1147.199951171875,439597.3349488441
2015-10-30,96.94999694824219,12110.1,1141.5,435560.39835638466
2015-10-31,96.94999694824219,12172.7,1141.5,436720.52757276327
2015-11-01,96.94999694824219,12172.7,1141.5,435861.8725910096
2015-11-02,96.93000030517578,12172.7,1135.800048828125,439779.6426438904
2015-11-03,97.16000366210938,12172.7,1114.199951171875,434544.388815971
2015-11-04,97.94999694824219,12172.7,1106.5,441814.7403704949
2015-11-05,97.94000244140625,12172.7,1104.4000244140625,432895.39032445307
2015-11-06,99.16000366210938,12172.7,1087.5999755859375,434940.7884983216
2015-11-07,99.16000366210938,12172.7,1087.5999755859375,432871.58186867856
2015-11-08,99.16000366210938,12172.7,1087.5999755859375,442338.33275960654
2015-11-09,98.9800033569336,12172.7,1087.9000244140625,438069.2369391093
2015-11-10,99.29000091552734,12172.7,1088.199951171875,439486.9941658152
2015-11-11,99.01000213623047,12172.7,1084.699951171875,439969.54350697575
2015-11-12,98.6500015258789,12172.7,1080.800048828125,439440.78068106744
2015-11-13,98.98999786376953,12172.7,1080.800048828125,434684.6482559752
2015-11-14,98.98999786376953,12172.7,1080.800048828125,436964.4250181293
2015-11-15,98.98999786376953,12172.7,1080.800048828125,436462.5632526059
2015-11-16,99.44000244140625,12172.7,1083.699951171875,434404.2630313976
2015-11-17,99.62999725341797,12172.7,1068.699951171875,434458.8881843848
2015-11-18,99.6500015258789,12172.7,1068.800048828125,433682.94411894435
2015-11-19,98.98999786376953,12172.7,1078.0,439899.50021348504
2015-11-20,99.56999969482422,12172.7,1076.4000244140625,443785.7348499019
2015-11-21,99.56999969482422,12172.7,1076.4000244140625,449768.84798241494
2015-11-22,99.56999969482422,12172.7,1076.4000244140625,435241.5852381877
2015-11-23,99.80000305175781,12172.7,1066.800048828125,436281.7251185088
2015-11-24,99.52999877929688,12172.7,1074.300048828125,449814.7321199649
2015-11-25,99.80000305175781,12172.7,1070.5,449121.2170896455
2015-11-26,99.80000305175781,12172.7,1070.5,443594.2258757804
2015-11-27,100.0199966430664,12172.7,1056.199951171875,438664.0621509815
2015-11-28,100.0199966430664,12172.7,1056.199951171875,441747.48571768583
2015-11-29,100.0199966430664,12172.7,1056.199951171875,448985.24929017073
2015-11-30,100.16999816894531,12228.4,1065.800048828125,441471.5638378737
2015-12-01,99.80000305175781,12228.4,1063.800048828125,933501.5032336883
2015-12-02,99.98999786376953,12228.4,1054.199951171875,933306.7541735802
2015-12-03,97.62000274658203,12228.4,1061.699951171875,922877.0210062693
2015-12-04,98.3499984741211,12228.4,1084.5,931752.6777501565
2015-12-05,98.3499984741211,12228.4,1084.5,963096.7397951968
2015-12-06,98.3499984741211,12228.4,1084.5,938014.8988384005
2015-12-07,98.66000366210938,12228.4,1076.4000244140625,932430.1448074089
2015-12-08,98.47000122070312,12228.4,1076.300048828125,963592.0618806828
2015-12-09,97.3499984741211,12228.4,1077.5999755859375,932585.3685991699
2015-12-10,97.94000244140625,12228.4,1073.0999755859375,932296.7561357988
2015-12-11,97.56999969482422,12228.4,1076.9000244140625,965150.5165926348
2015-12-12,97.56999969482422,12228.4,1076.9000244140625,941292.7066339024
2015-12-13,97.56999969482422,12228.4,1076.9000244140625,936360.2522444251
2015-12-14,97.5999984741211,12228.4,1064.699951171875,935421.5611617381
2015-12-15,98.22000122070312,12228.4,1062.9000244140625,948903.8273388984
2015-12-16,97.87000274658203,12228.4,1078.0,952341.7337457204
2015-12-17,99.2699966430664,12228.4,1050.800048828125,957268.2233878189
2015-12-18,98.69999694824219,12228.4,1066.199951171875,937221.9958943592
2015-12-19,98.69999694824219,12228.4,1066.199951171875,944019.3099748122
2015-12-20,98.69999694824219,12228.4,1066.199951171875,958675.3707654269
2015-12-21,98.45999908447266,12228.4,1081.9000244140625,946926.880135184
2015-12-22,98.23999786376953,12228.4,1074.800048828125,922368.0498049314
2015-12-23,98.33999633789062,12228.4,1069.4000244140625,950336.0051919693
2015-12-24,97.9800033569336,12228.4,1077.199951171875,929771.7710947981
2015-12-25,97.9800033569336,12228.4,1077.199951171875,932875.0480393001
2015-12-26,97.9800033569336,12228.4,1077.199951171875,931556.4174278144
2015-12-27,97.9800033569336,12228.4,1077.199951171875,932440.3665291171
2015-12-28,97.91999816894531,12228.4,1070.5,945887.8974958297
2015-12-29,98.0999984741211,12228.4,1077.5,937119.2477748647
2015-12-30,98.2699966430664,12228.4,1060.0999755859375,953667.516436583
2015-12-31,98.62999725341797,12322.7,1060.300048828125,925595.0915586038
2016-01-01,98.62999725341797,12322.7,1060.300048828125,935311.642657868
2016-01-02,98.62999725341797,12322.7,1060.300048828125,928247.9612110867
2016-01-03,98.62999725341797,12322.7,1060.300048828125,937089.5043299224
2016-01-04,98.87000274658203,12322.7,1075.0999755859375,933906.0061486112
2016-01-05,99.4000015258789,12322.7,1078.4000244140625,940562.7510636856
2016-01-06,99.18000030517578,12322.7,1091.9000244140625,1421912.8936216843
2016-01-07,98.22000122070312,12322.7,1107.699951171875,1463844.4433875808
2016-01-08,98.54000091552734,12322.7,1097.800048828125,1455871.5955361435
2016-01-09,98.54000091552734,12322.7,1097.800048828125,1423921.4028375335
2016-01-10,98.54000091552734,12322.7,1097.800048828125,1430970.8937628814
2016-01-11,98.7300033569336,12322.7,1096.5,1479361.954706855
2016-01-12,98.97000122070312,12322.7,1085.5999755859375,1460452.8816653383
2016-01-13,98.93000030517578,12322.7,1087.5,1447058.3166769529
2016-01-14,99.08999633789062,12322.7,1073.9000244140625,1412575.918144106
2016-01-15,98.95999908447266,12322.7,1091.5,1436594.973722978
2016-01-16,98.95999908447266,12322.7,1091.5,1458439.2462026617
2016-01-17,98.95999908447266,12322.7,1091.5,1422953.098239081
2016-01-18,99.12000274658203,12322.7,1091.5,1448378.1832382972
2016-01-19,98.98999786376953,12322.7,1089.9000244140625,1405292.0578942185
2016-01-20,99.08999633789062,12322.7,1107.0999755859375,1444859.6999532809
2016-01-21,99.05999755859375,12322.7,1099.0999755859375,1402037.1952657257
2016-01-22,99.56999969482422,12322.7,1097.199951171875,1415171.9404410496
2016-01-23,99.56999969482422,12322.7,1097.199951171875,1437787.3262264607
2016-01-24,99.56999969482422,12322.7,1097.199951171875,1412349.5892130984
2016-01-25,99.36000061035156,12322.7,1106.199951171875,1411848.3157987315
2016-01-26,99.36000061035156,12322.7,1121.699951171875,1600068.8383010328
2016-01-27,98.9000015258789,12322.7,1116.0999755859375,1407176.993374172
2016-01-28,98.51000213623047,12322.7,1115.5999755859375,1432620.2036919247
2016-01-29,99.61000061035156,12322.7,1116.4000244140625,1423791.720952776
2016-01-30,99.61000061035156,12393.6,1116.4000244140625,1415514.5608396612
2016-01-31,99.61000061035156,12393.6,1116.4000244140625,1384033.3912851354
2016-02-01,99.0,12393.6,1127.9000244140625,1454630.6880213227
2016-02-02,98.87000274658203,12393.6,1127.300048828125,1426690.7126737903
2016-02-03,97.29000091552734,12393.6,1141.300048828125,1430850.404497738
2016-02-04,96.47000122070312,12393.6,1157.5999755859375,1480035.4426111053
2016-02-05,97.02999877929688,12393.6,1157.800048828125,1489057.0268377163
2016-02-06,97.02999877929688,12393.6,1157.800048828125,1439693.4731356378
2016-02-07,97.02999877929688,12393.6,1157.800048828125,1458782.771655409
2016-02-08,96.56999969482422,12393.6,1197.9000244140625,1448602.6183272717
2016-02-09,96.06999969482422,12393.6,1198.699951171875,1424346.0266860367
2016-02-10,95.88999938964844,12393.6,1194.699951171875,1414477.83532923
2016-02-11,95.55999755859375,12393.6,1247.9000244140625,1434552.917371114
2016-02-12,95.9800033569336,12393.6,1239.0999755859375,1431194.5460281507
2016-02-13,95.9800033569336,12393.6,1239.0999755859375,1432466.1699350271
2016-02-14,95.9800033569336,12393.6,1239.0999755859375,1437820.8662485688
2016-02-15,95.9800033569336,12393.6,1239.0999755859375,1446008.1535427656
2016-02-16,96.87000274658203,12393.6,1207.9000244140625,1431296.7517576749
2016-02-17,96.79000091552734,12393.6,1211.0999755859375,1422510.4445325043
2016-02-18,96.94999694824219,12393.6,1226.0999755859375,1441847.828280995
2016-02-19,96.5999984741211,12393.6,1230.4000244140625,1446572.6487101745
2016-02-20,96.5999984741211,12393.6,1230.4000244140625,1544205.07717373
2016-02-21,96.5999984741211,12393.6,1230.4000244140625,1435596.6819170206
2016-02-22,97.37999725341797,12393.6,1209.5,1475307.6724069156
2016-02-23,97.4800033569336,12393.6,1222.300048828125,1453944.8649147016
2016-02-24,97.45999908447266,12393.6,1238.699951171875,1493322.8610558966
2016-02-25,97.29000091552734,12393.6,1238.199951171875,1454633.5184613967
2016-02-26,98.1500015258789,12393.6,1219.800048828125,1462024.404707998
2016-02-27,98.1500015258789,12393.6,1219.800048828125,1450468.1360627296
2016-02-28,98.1500015258789,12393.6,1219.800048828125,1454227.9675646112
2016-02-29,98.20999908447266,12393.6,1233.9000244140625,1446671.0230006676
2016-03-01,98.3499984741211,12522.2,1230.300048828125,1410704.2925933592
2016-03-02,98.20999908447266,12522.2,1241.0999755859375,1445934.3857545536
2016-03-03,97.56999969482422,12522.2,1257.4000244140625,1450098.653136138
2016-03-04,97.33999633789062,12522.2,1269.9000244140625,1440267.7222336167
2016-03-05,97.33999633789062,12522.2,1269.9000244140625,1492568.7280402284
2016-03-06,97.33999633789062,12522.2,1269.9000244140625,1428194.3743591933
2016-03-07,97.06999969482422,12522.2,1263.199951171875,1457063.6642921634
2016-03-08,97.20999908447266,12522.2,1262.0999755859375,1451322.891601417
2016-03-09,97.16999816894531,12522.2,1256.5999755859375,1479534.8154821636
2016-03-10,96.06999969482422,12522.2,1272.0,1453479.4120837648
2016-03-11,96.16999816894531,12522.2,1258.699951171875,1445098.400122928
2016-03-12,96.16999816894531,12522.2,1258.699951171875,1446753.2122553592
2016-03-13,96.16999816894531,12522.2,1258.699951171875,1454040.024691373
2016-03-14,96.62000274658203,12522.2,1244.4000244140625,1447116.2106514336
2016-03-15,96.62999725341797,12522.2,1230.4000244140625,1456716.0732000524
2016-03-16,95.88999938964844,12522.2,1229.300048828125,1454079.551965152
2016-03-17,94.76000213623047,12522.2,1264.5,1455680.98884031
2016-03-18,94.98999786376953,12522.2,1253.800048828125,1478805.0876269736
2016-03-19,94.98999786376953,12522.2,1253.800048828125,1463566.5439456136
2016-03-20,94.98999786376953,12522.2,1253.800048828125,1470200.7972839954
2016-03-21,95.29000091552734,12522.2,1243.800048828125,1466867.3099099337
2016-03-22,95.6500015258789,12522.2,1248.199951171875,1450134.438108442
2016-03-23,96.05000305175781,12522.2,1223.699951171875,1454222.4941339255
2016-03-24,96.13999938964844,12522.2,1221.4000244140625,1438234.3290796517
2016-03-25,96.13999938964844,12522.2,1221.4000244140625,1455109.8213597832
2016-03-26,96.13999938964844,12522.2,1221.4000244140625,1456268.3502782744
2016-03-27,96.13999938964844,12522.2,1221.4000244140625,1448652.8367055242
2016-03-28,95.94000244140625,12522.2,1219.9000244140625,1454553.7084385336
2016-03-29,95.16000366210938,12522.2,1235.5999755859375,1455178.6545633867
2016-03-30,94.83999633789062,12522.2,1226.9000244140625,1442235.5983650116
2016-03-31,94.58999633789062,12522.2,1234.199951171875,1452697.69603157
2016-04-01,94.62000274658203,12604.4,1222.199951171875,1449334.2842023938
2016-04-02,94.62000274658203,12604.4,1222.199951171875,1451089.796479454
2016-04-03,94.62000274658203,12604.4,1222.199951171875,1441430.1764589248
2016-04-04,94.51000213623047,12604.4,1218.0,1445685.1598238696
2016-04-05,94.62999725341797,12604.4,1228.4000244140625,1451606.903033386
2016-04-06,94.43000030517578,12604.4,1222.5,1450376.5967759837
2016-04-07,94.4800033569336,12604.4,1236.199951171875,1444616.8301386745
2016-04-08,94.23999786376953,12604.4,1242.5,1441090.0800025607
2016-04-09,94.23999786376953,12604.4,1242.5,1445174.4394082343
2016-04-10,94.23999786376953,12604.4,1242.5,1460657.1587903963
2016-04-11,93.94999694824219,12604.4,1256.699951171875,1455239.8589488023
2016-04-12,93.95999908447266,12604.4,1259.4000244140625,1456645.1746423028
2016-04-13,94.73999786376953,12604.4,1246.800048828125,1449398.726802999
2016-04-14,94.9000015258789,12604.4,1225.0,1450313.3773933405
2016-04-15,94.69999694824219,12604.4,1233.0999755859375,1448818.815206493
2016-04-16,94.69999694824219,12604.4,1233.0999755859375,1442597.3945592889
2016-04-17,94.69999694824219,12604.4,1233.0999755859375,1446368.2140453837
2016-04-18,94.48999786376953,12604.4,1233.5999755859375,1448941.349413254
2016-04-19,93.9800033569336,12604.4,1253.0,1460581.8558369912
2016-04-20,94.48999786376953,12604.4,1253.199951171875,1445087.8439356338
2016-04-21,94.5999984741211,12604.4,1249.0,1451794.4778581765
2016-04-22,95.12000274658203,12604.4,1228.699951171875,1453714.7219162097
2016-04-23,95.12000274658203,12604.4,1228.699951171875,1452925.0742877491
2016-04-24,95.12000274658203,12604.4,1228.699951171875,1456534.7371026336
2016-04-25,94.83999633789062,12604.4,1238.9000244140625,1447890.233731006
2016-04-26,94.56999969482422,12604.4,1242.199951171875,1457958.816713592
2016-04-27,94.38999938964844,12604.4,1249.199951171875,1459777.069330759
2016-04-28,93.76000213623047,12604.4,1265.5,1951239.994941348
2016-04-29,93.08000183105469,12604.4,1289.199951171875,1949907.1841546877
2016-04-30,93.08000183105469,12662.2,1289.199951171875,1958279.984259188
2016-05-01,93.08000183105469,12662.2,1289.199951171875,1970922.44839258
2016-05-02,92.62999725341797,12662.2,1294.699951171875,1946867.9625762575
2016-05-03,92.94000244140625,12662.2,1290.699951171875,1958512.7634918692
2016-05-04,93.18000030517578,12662.2,1273.300048828125,1954525.7110335447
2016-05-05,93.77999877929688,12662.2,1271.4000244140625,1951043.9355336037
2016-05-06,93.88999938964844,12662.2,1292.9000244140625,1956069.96840032
2016-05-07,93.88999938964844,12662.2,1292.9000244140625,1965059.8286701583
2016-05-08,93.88999938964844,12662.2,1292.9000244140625,1951021.2354452957
2016-05-09,94.1500015258789,12662.2,1265.5999755859375,1963547.6951908665
2016-05-10,94.29000091552734,12662.2,1263.9000244140625,1949495.1685356975
2016-05-11,93.81999969482422,12662.2,1274.5999755859375,1963209.7190457429
2016-05-12,94.13999938964844,12662.2,1270.300048828125,1962134.932419836
2016-05-13,94.61000061035156,12662.2,1271.9000244140625,1964948.4676064383
2016-05-14,94.61000061035156,12662.2,1271.9000244140625,1962112.5760655284
2016-05-15,94.61000061035156,12662.2,1271.9000244140625,1957871.4075907003
2016-05-16,94.56999969482422,12662.2,1273.4000244140625,1955906.753225264
2016-05-17,94.55000305175781,12662.2,1276.199951171875,1973247.1587261104
2016-05-18,95.08000183105469,12662.2,1273.699951171875,1969614.3301866176
2016-05-19,95.29000091552734,12662.2,1254.199951171875,1951937.3319314877
2016-05-20,95.30999755859375,12662.2,1252.4000244140625,1975893.8062949183
2016-05-21,95.30999755859375,12662.2,1252.4000244140625,1984931.130254489
2016-05-22,95.30999755859375,12662.2,1252.4000244140625,1970537.3957026275
2016-05-23,95.2300033569336,12662.2,1251.0999755859375,1959767.1815703777
2016-05-24,95.56999969482422,12662.2,1228.9000244140625,1950629.745991008
2016-05-25,95.3499984741211,12662.2,1223.5,1953925.5658548805
2016-05-26,95.16999816894531,12662.2,1220.0999755859375,1960777.28022699
2016-05-27,95.5199966430664,12662.2,1213.800048828125,1977973.5685968364
2016-05-28,95.5199966430664,12662.2,1213.800048828125,2116615.3521617665
2016-05-29,95.5199966430664,12662.2,1213.800048828125,1964660.5870109687
2016-05-30,95.5199966430664,12662.2,1213.800048828125,1960899.90765856
2016-05-31,95.88999938964844,12741.9,1214.800048828125,1958432.184983997
2016-06-01,95.45999908447266,12741.9,1211.9000244140625,2953366.1846570685
2016-06-02,95.55999755859375,12741.9,1209.800048828125,2963881.425759303
2016-06-03,94.02999877929688,12741.9,1240.0999755859375,2962347.6656786813
2016-06-04,94.02999877929688,12741.9,1240.0999755859375,2961050.3604560294
2016-06-05,94.02999877929688,12741.9,1240.0999755859375,2944012.482973517
2016-06-06,93.9000015258789,12741.9,1244.5999755859375,2959995.225046949
2016-06-07,93.83000183105469,12741.9,1244.4000244140625,2960801.7929629185
2016-06-08,93.58999633789062,12741.9,1259.800048828125,2963924.94932979
2016-06-09,94.0999984741211,12741.9,1270.199951171875,2960358.021797108
2016-06-10,94.5999984741211,12741.9,1273.4000244140625,2960505.4295460708
2016-06-11,94.5999984741211,12741.9,1273.4000244140625,3005495.141127723
2016-06-12,94.5999984741211,12741.9,1273.4000244140625,2986119.3108936716
2016-06-13,94.37000274658203,12741.9,1284.4000244140625,3005260.7549663223
2016-06-14,94.93000030517578,12741.9,1285.5999755859375,6013124.49797037
2016-06-15,94.61000061035156,12741.9,1285.800048828125,5989216.800646072
2016-06-16,94.56999969482422,12741.9,1296.0999755859375,5990685.566441988
2016-06-17,94.20999908447266,12741.9,1292.5,5995278.06369181
2016-06-18,94.20999908447266,12741.9,1292.5,5946365.343146812
2016-06-19,94.20999908447266,12741.9,1292.5,5972448.164182955
2016-06-20,93.61000061035156,12741.9,1290.0,5934333.8568546465
2016-06-21,94.0199966430664,12741.9,1270.5,5967324.5980609525
2016-06-22,93.72000122070312,12741.9,1268.0,6001567.560544699
2016-06-23,93.52999877929688,12741.9,1261.199951171875,5892545.358056214
2016-06-24,95.44999694824219,12741.9,1320.0,5976213.054609753
2016-06-25,95.44999694824219,12741.9,1320.0,5976421.040661082
2016-06-26,95.44999694824219,12741.9,1320.0,5957021.248697828
2016-06-27,96.54000091552734,12741.9,1322.5,5987900.046811012
2016-06-28,96.25,12741.9,1315.300048828125,5954895.1362668695
2016-06-29,95.7699966430664,12741.9,1323.9000244140625,5963348.393193496
2016-06-30,96.13999938964844,12800.7,1318.4000244140625,5971004.741979263
2016-07-01,95.6500015258789,12800.7,1336.699951171875,5959524.376660775
2016-07-02,95.6500015258789,12800.7,1336.699951171875,5946540.002311629
2016-07-03,95.6500015258789,12800.7,1336.699951171875,5977494.655046832
2016-07-04,95.6500015258789,12800.7,1336.699951171875,5951796.515115262
2016-07-05,96.16999816894531,12800.7,1356.4000244140625,5949060.339111379
2016-07-06,96.05999755859375,12800.7,1364.9000244140625,5972119.671687957
2016-07-07,96.33000183105469,12800.7,1360.0999755859375,5969270.637770553
2016-07-08,96.30000305175781,12800.7,1356.5999755859375,5958751.895087466
2016-07-09,96.30000305175781,12800.7,1356.5999755859375,5962480.644847435
2016-07-10,96.30000305175781,12800.7,1356.5999755859375,5949041.016061015
2016-07-11,96.56999969482422,12800.7,1355.0,5967750.4034750955
2016-07-12,96.44000244140625,12800.7,1334.0999755859375,6950465.684050324
2016-07-13,96.22000122070312,12800.7,1342.4000244140625,6934951.344720615
2016-07-14,96.08000183105469,12800.7,1331.300048828125,6959695.469866257
2016-07-15,96.58000183105469,12800.7,1326.5,6958857.998681767
2016-07-16,96.58000183105469,12800.7,1326.5,6945291.355725544
2016-07-17,96.58000183105469,12800.7,1326.5,6942942.594927635
2016-07-18,96.55999755859375,12800.7,1328.4000244140625,6948727.943305288
2016-07-19,97.05000305175781,12800.7,1331.5,6955806.048446183
2016-07-20,97.19999694824219,12800.7,1318.800048828125,6941623.146877958
2016-07-21,97.0,12800.7,1330.5,6977099.826575528
2016-07-22,97.47000122070312,12800.7,1323.0999755859375,7035752.170921033
2016-07-23,97.47000122070312,12800.7,1323.0999755859375,7010821.114287868
2016-07-24,97.47000122070312,12800.7,1323.0999755859375,6948337.755903874
2016-07-25,97.29000091552734,12800.7,1319.300048828125,6983261.015052649
2016-07-26,97.16000366210938,12800.7,1320.699951171875,6973366.9640932875
2016-07-27,97.05000305175781,12800.7,1326.5999755859375,6951300.064935627
2016-07-28,96.73999786376953,12800.7,1332.300048828125,6948708.174368349
2016-07-29,95.52999877929688,12800.7,1349.0,6961686.566873573
2016-07-30,95.52999877929688,12800.7,1349.0,6960829.886168256
2016-07-31,95.52999877929688,12849.3,1349.0,6965961.263673598
2016-08-01,95.70999908447266,12849.3,1351.4000244140625,6938174.405191973
2016-08-02,95.05999755859375,12849.3,1364.4000244140625,7007182.885253893
2016-08-03,95.55999755859375,12849.3,1356.0999755859375,7080038.021883615
2016-08-04,95.76000213623047,12849.3,1358.800048828125,7026673.018071432
2016-08-05,96.19000244140625,12849.3,1336.4000244140625,7050972.238151609
2016-08-06,96.19000244140625,12849.3,1336.4000244140625,7009701.712774655
2016-08-07,96.19000244140625,12849.3,1336.4000244140625,6891000.706479032
2016-08-08,96.4000015258789,12849.3,1333.4000244140625,6920838.143828972
2016-08-09,96.18000030517578,12849.3,1339.0,6874249.291904661
2016-08-10,95.6500015258789,12849.3,1344.300048828125,6881620.240461112
2016-08-11,95.86000061035156,12849.3,1342.5,6965716.109471587
2016-08-12,95.72000122070312,12849.3,1335.800048828125,6951276.969346407
2016-08-13,95.72000122070312,12849.3,1335.800048828125,6969588.833922453
2016-08-14,95.72000122070312,12849.3,1335.800048828125,7025856.880824858
2016-08-15,95.62999725341797,12849.3,1340.300048828125,6961683.33104927
2016-08-16,94.79000091552734,12849.3,1350.5,6961406.348481875
2016-08-17,94.72000122070312,12849.3,1342.699951171875,6961361.205213159
2016-08-18,94.16000366210938,12849.3,1351.199951171875,6950649.827902397
2016-08-19,94.51000213623047,12849.3,1340.4000244140625,6968471.341437889
2016-08-20,94.51000213623047,12849.3,1340.4000244140625,6957512.831154124
2016-08-21,94.51000213623047,12849.3,1340.4000244140625,6958004.928809336
2016-08-22,94.5199966430664,12849.3,1337.699951171875,6923747.205294277
2016-08-23,94.54000091552734,12849.3,1340.5999755859375,6931240.319578421
2016-08-24,94.79000091552734,12849.3,1324.4000244140625,6926580.315757724
2016-08-25,94.7699966430664,12849.3,1320.0999755859375,6946030.068577889
2016-08-26,95.56999969482422,12849.3,1321.5,6962651.378170365
2016-08-27,95.56999969482422,12849.3,1321.5,6967868.802710778
2016-08-28,95.56999969482422,12849.3,1321.5,6980307.196662412
2016-08-29,95.58000183105469,12849.3,1322.9000244140625,6941108.663273271
2016-08-30,96.05000305175781,12907.3,1311.699951171875,6911024.881941495
2016-08-31,96.0199966430664,12907.3,1306.9000244140625,6929828.212938012
2016-09-01,95.6500015258789,12907.3,1312.199951171875,6962258.852957669
2016-09-02,95.87999725341797,12907.3,1322.0999755859375,6933814.534689865
2016-09-03,95.87999725341797,12907.3,1322.0999755859375,6895769.813517904
2016-09-04,95.87999725341797,12907.3,1322.0999755859375,6943728.318073631
2016-09-05,95.87999725341797,12907.3,1322.0999755859375,6926110.441399994
2016-09-06,94.81999969482422,12907.3,1349.4000244140625,6924691.67502824
2016-09-07,94.95999908447266,12907.3,1344.300048828125,6917320.902076004
2016-09-08,95.02999877929688,12907.3,1336.800048828125,6925433.140974099
2016-09-09,95.33999633789062,12907.3,1330.0999755859375,6920985.664726818
2016-09-10,95.33999633789062,12907.3,1330.0999755859375,6930698.81204576
2016-09-11,95.33999633789062,12907.3,1330.0999755859375,6940090.2045245785
2016-09-12,95.0999984741211,12907.3,1321.0,6917913.848091973
2016-09-13,95.62999725341797,12907.3,1319.0,6902343.45916969
2016-09-14,95.33000183105469,12907.3,1321.5,6910446.398791
2016-09-15,95.29000091552734,12907.3,1313.5,6914275.579267847
2016-09-16,96.11000061035156,12907.3,1305.800048828125,6942531.708746709
2016-09-17,96.11000061035156,12907.3,1305.800048828125,6968600.811391272
2016-09-18,96.11000061035156,12907.3,1305.800048828125,6972848.063638899
2016-09-19,95.83999633789062,12907.3,1313.5,6924807.585833301
2016-09-20,96.0199966430664,12907.3,1313.699951171875,6995298.527713055
2016-09-21,95.66000366210938,12907.3,1326.9000244140625,6963308.758631844
2016-09-22,95.44999694824219,12907.3,1340.4000244140625,6923728.545913407
2016-09-23,95.4800033569336,12907.3,1337.199951171875,6935737.457456521
2016-09-24,95.4800033569336,12907.3,1337.199951171875,6961541.290689661
2016-09-25,95.4800033569336,12907.3,1337.199951171875,6949659.193795503
2016-09-26,95.30999755859375,12907.3,1339.699951171875,6939618.22487661
2016-09-27,95.44000244140625,12907.3,1325.9000244140625,6952076.34413345
2016-09-28,95.43000030517578,12907.3,1319.4000244140625,6952750.363428114
2016-09-29,95.54000091552734,12907.3,1321.699951171875,6953872.754243404
2016-09-30,95.45999908447266,12986.7,1313.300048828125,6941866.908961882
2016-10-01,95.45999908447266,12986.7,1313.300048828125,6963801.595211618
2016-10-02,95.45999908447266,12986.7,1313.300048828125,6978062.71178653
2016-10-03,95.75,12986.7,1309.0,6973945.9446220575
2016-10-04,96.12000274658203,12986.7,1266.300048828125,6949560.930241528
2016-10-05,96.12999725341797,12986.7,1265.199951171875,6961629.812410497
2016-10-06,96.66000366210938,12986.7,1249.800048828125,6949070.948542929
2016-10-07,96.5199966430664,12986.7,1248.9000244140625,6983295.906877554
2016-10-08,96.5199966430664,12986.7,1248.9000244140625,6940303.2485294165
2016-10-09,96.5199966430664,12986.7,1248.9000244140625,6945155.754214556
2016-10-10,96.5199966430664,12986.7,1248.9000244140625,6968736.485575356
2016-10-11,97.69999694824219,12986.7,1253.0,6955551.567927144
2016-10-12,97.97000122070312,12986.7,1251.0999755859375,6971663.667000936
2016-10-13,97.5199966430664,12986.7,1255.0,6940632.300710017
2016-10-14,98.0199966430664,12986.7,1253.0999755859375,6961290.28710123
2016-10-15,98.0199966430664,12986.7,1253.0999755859375,6933917.48798498
2016-10-16,98.0199966430664,12986.7,1253.0999755859375,6964477.997208615
2016-10-17,97.88999938964844,12986.7,1254.4000244140625,6950009.065595133
2016-10-18,97.9000015258789,12986.7,1260.800048828125,6936210.414579664
2016-10-19,97.87000274658203,12986.7,1267.9000244140625,6947606.788247943
2016-10-20,98.31999969482422,12986.7,1265.5999755859375,6928418.68878504
2016-10-21,98.69999694824219,12986.7,1265.9000244140625,6938481.318191648
2016-10-22,98.69999694824219,12986.7,1265.9000244140625,6881870.8842183
2016-10-23,98.69999694824219,12986.7,1265.9000244140625,6909543.933840554
2016-10-24,98.66999816894531,12986.7,1262.0,6923621.435236037
2016-10-25,98.72000122070312,12986.7,1271.9000244140625,6935696.932814884
2016-10-26,98.62999725341797,12986.7,1264.800048828125,6947030.850495408
2016-10-27,98.88999938964844,12986.7,1267.9000244140625,6972450.6480392795
2016-10-28,98.3499984741211,12986.7,1275.5,6945643.842508205
2016-10-29,98.3499984741211,12986.7,1275.5,6941017.691259313
2016-10-30,98.3499984741211,12986.7,1275.5,6934194.3120319825
2016-10-31,98.44999694824219,13052.7,1271.5,6930766.262361561
2016-11-01,97.69999694824219,13052.7,1286.4000244140625,6930651.391073125
2016-11-02,97.4000015258789,13052.7,1306.800048828125,6939632.009857596
2016-11-03,97.16000366210938,13052.7,1302.0999755859375,6962403.483938629
2016-11-04,97.06999969482422,13052.7,1303.300048828125,6946120.479786337
2016-11-05,97.06999969482422,13052.7,1303.300048828125,6948802.860386368
2016-11-06,97.06999969482422,13052.7,1303.300048828125,6970027.524599872
2016-11-07,97.77999877929688,13052.7,1278.300048828125,6967222.923045787
2016-11-08,97.86000061035156,13052.7,1273.4000244140625,6930164.705799334
2016-11-09,98.5,13052.7,1272.5999755859375,6929356.940690316
2016-11-10,98.79000091552734,13052.7,1265.5,6935820.537370008
2016-11-11,98.79000091552734,13052.7,1265.5,6942768.857551949
2016-11-12,98.79000091552734,13052.7,1265.5,6969817.371306994
2016-11-13,98.79000091552734,13052.7,1265.5,6957358.224780793
2016-11-14,100.11000061035156,13052.7,1221.199951171875,6958544.772690993
2016-11-15,100.19000244140625,13052.7,1224.0,6953679.413800892
2016-11-16,100.41000366210938,13052.7,1223.4000244140625,6947708.943198333
2016-11-17,100.88999938964844,13052.7,1216.5,6925434.539866193
2016-11-18,101.20999908447266,13052.7,1208.5,6937144.53945204
2016-11-19,101.20999908447266,13052.7,1208.5,6949330.071429866
2016-11-20,101.20999908447266,13052.7,1208.5,6943052.034058237
2016-11-21,101.05000305175781,13052.7,1209.5999755859375,6929402.781110687
2016-11-22,101.04000091552734,13052.7,1211.0,6949295.89387594
2016-11-23,101.69999694824219,13052.7,1189.0999755859375,6970990.367886679
2016-11-24,101.69999694824219,13052.7,1189.0999755859375,6949775.751898833
2016-11-25,101.48999786376953,13052.7,1178.199951171875,6968587.7877720045
2016-11-26,101.48999786376953,13052.7,1178.199951171875,6969916.525029616
2016-11-27,101.48999786376953,13052.7,1178.199951171875,6956580.504601824
2016-11-28,101.33000183105469,13052.7,1190.5999755859375,6945261.014356311
2016-11-29,100.93000030517578,13052.7,1187.9000244140625,6959837.56379733
2016-11-30,101.5,13124.5,1170.800048828125,6971638.647769323
2016-12-01,101.04000091552734,13124.5,1166.9000244140625,6954188.275851036
2016-12-02,100.7699966430664,13124.5,1175.0999755859375,6939663.635279603
2016-12-03,100.7699966430664,13124.5,1175.0999755859375,6957610.115023351
2016-12-04,100.7699966430664,13124.5,1175.0999755859375,6942468.487881065
2016-12-05,100.13999938964844,13124.5,1174.0,6933203.56568422
2016-12-06,100.48999786376953,13124.5,1167.5999755859375,6963239.981494467
2016-12-07,100.2300033569336,13124.5,1175.0,6950330.940873661
2016-12-08,101.06999969482422,13124.5,1169.800048828125,6954869.407489146
2016-12-09,101.56999969482422,13124.5,1159.4000244140625,6978860.832641595
2016-12-10,101.56999969482422,13124.5,1159.4000244140625,6967922.813695023
2016-12-11,101.56999969482422,13124.5,1159.4000244140625,6992883.451160305
2016-12-12,100.95999908447266,13124.5,1163.5,6961940.666416986
2016-12-13,101.02999877929688,13124.5,1156.699951171875,6948737.284064807
2016-12-14,102.0,13124.5,1161.300048828125,6957725.300776637
2016-12-15,103.12999725341797,13124.5,1127.800048828125,6948675.192980802
2016-12-16,102.94999694824219,13124.5,1135.300048828125,6959449.018732945
2016-12-17,102.94999694824219,13124.5,1135.300048828125,6907305.820504442
2016-12-18,102.94999694824219,13124.5,1135.300048828125,6987462.214709519
2016-12-19,103.13999938964844,13124.5,1140.5,6933522.9785910975
2016-12-20,103.29000091552734,13124.5,1131.5,6932484.408382193
2016-12-21,103.0199966430664,13124.5,1131.0999755859375,6964986.15698039
2016-12-22,103.08999633789062,13124.5,1128.800048828125,6942133.443154909
2016-12-23,103.01000213623047,13124.5,1131.9000244140625,6953093.937191838
2016-12-24,103.01000213623047,13124.5,1131.9000244140625,6940856.1293226
2016-12-25,103.01000213623047,13124.5,1131.9000244140625,6956298.156588787
2016-12-26,103.01000213623047,13124.5,1131.9000244140625,6941574.276691729
2016-12-27,103.0199966430664,13124.5,1137.300048828125,6915419.453691144
2016-12-28,103.26000213623047,13124.5,1139.4000244140625,6952337.264720324
2016-12-29,102.68000030517578,13124.5,1156.4000244140625,6958211.894575819
2016-12-30,102.38999938964844,13124.5,1150.0,9988689.420584392
2016-12-31,102.38999938964844,13214.2,1150.0,10036111.017682865
2017-01-01,102.38999938964844,13214.2,1150.0,9940406.231768208
2017-01-02,102.38999938964844,13214.2,1150.0,9942708.452823825
2017-01-03,103.20999908447266,13214.2,1160.4000244140625,9929146.325599728
2017-01-04,102.69999694824219,13214.2,1163.800048828125,9970794.37601129
2017-01-05,101.5199966430664,13214.2,1179.699951171875,15034041.968669804
2017-01-06,102.22000122070312,13214.2,1171.9000244140625,14970174.891803589
2017-01-07,102.22000122070312,13214.2,1171.9000244140625,14972001.29239184
2017-01-08,102.22000122070312,13214.2,1171.9000244140625,15003738.740137316
2017-01-09,101.93000030517578,13214.2,1183.5,14953485.724497275
2017-01-10,102.01000213623047,13214.2,1184.199951171875,14934657.949228844
2017-01-11,101.77999877929688,13214.2,1195.5999755859375,15080740.51213936
2017-01-12,101.3499984741211,13214.2,1198.9000244140625,14975443.458521025
2017-01-13,101.18000030517578,13214.2,1195.300048828125,15007451.749578286
2017-01-14,101.18000030517578,13214.2,1195.300048828125,15029450.143441193
2017-01-15,101.18000030517578,13214.2,1195.300048828125,15074627.397007016
2017-01-16,101.18000030517578,13214.2,1195.300048828125,15001027.722317996
2017-01-17,100.33000183105469,13214.2,1212.0,14971794.513624717
2017-01-18,100.93000030517578,13214.2,1211.300048828125,15014308.167627674
2017-01-19,101.1500015258789,13214.2,1200.9000244140625,15005881.669095062
2017-01-20,100.73999786376953,13214.2,1204.300048828125,14967152.248835148
2017-01-21,100.73999786376953,13214.2,1204.300048828125,14936551.683151295
2017-01-22,100.73999786376953,13214.2,1204.300048828125,14972012.51298662
2017-01-23,100.16000366210938,13214.2,1215.0,14975054.208045565
2017-01-24,100.3499984741211,13214.2,1210.300048828125,14966485.959595574
2017-01-25,100.02999877929688,13214.2,1197.300048828125,15018310.59374836
2017-01-26,100.37999725341797,13214.2,1189.5,14987166.487450616
2017-01-27,100.52999877929688,13214.2,1188.0999755859375,15028707.032558909
2017-01-28,100.52999877929688,13214.2,1188.0999755859375,14999019.346241985
2017-01-29,100.52999877929688,13214.2,1188.0999755859375,14987974.5037687
2017-01-30,100.43000030517578,13240.6,1193.199951171875,15001089.216814788
2017-01-31,99.51000213623047,13240.6,1208.5999755859375,25047423.821493775
2017-02-01,99.63999938964844,13240.6,1205.5999755859375,25053116.78602877
2017-02-02,99.8499984741211,13240.6,1216.699951171875,25084402.415025786
2017-02-03,99.87000274658203,13240.6,1218.5,25033647.49563429
2017-02-04,99.87000274658203,13240.6,1218.5,25061354.532991394
2017-02-05,99.87000274658203,13240.6,1218.5,25109299.702192646
2017-02-06,99.91000366210938,13240.6,1230.0,25019492.15011024
2017-02-07,100.26000213623047,13240.6,1234.199951171875,24989034.656063512
2017-02-08,100.27999877929688,13240.6,1237.5999755859375,25006903.69290266
2017-02-09,100.6500015258789,13240.6,1235.0999755859375,24982761.930416495
2017-02-10,100.80000305175781,13240.6,1234.4000244140625,25029298.448714893
2017-02-11,100.80000305175781,13240.6,1234.4000244140625,25275997.54287686
2017-02-12,100.80000305175781,13240.6,1234.4000244140625,25230393.91898029
2017-02-13,100.95999908447266,13240.6,1224.4000244140625,25092069.635971308
2017-02-14,101.25,13240.6,1223.9000244140625,25006257.580202486
2017-02-15,101.18000030517578,13240.6,1231.699951171875,24979815.053944446
2017-02-16,100.44000244140625,13240.6,1240.0,24950758.746547095
2017-02-17,100.94999694824219,13240.6,1237.5999755859375,24990718.213225473
2017-02-18,100.94999694824219,13240.6,1237.5999755859375,25020958.097572528
2017-02-19,100.94999694824219,13240.6,1237.5999755859375,24998664.12448172
2017-02-20,100.94999694824219,13240.6,1237.5999755859375,25092077.892248154
2017-02-21,101.37000274658203,13240.6,1237.5,24904855.04976285
2017-02-22,101.33000183105469,13240.6,1232.0,25016933.21182501
2017-02-23,101.05000305175781,13240.6,1250.199951171875,24969148.4386008
2017-02-24,101.08999633789062,13240.6,1256.9000244140625,24901429.93778359
2017-02-25,101.08999633789062,13240.6,1256.9000244140625,25054847.808504134
2017-02-26,101.08999633789062,13240.6,1256.9000244140625,25019494.51964941
2017-02-27,101.12999725341797,13240.6,1257.4000244140625,25154127.192004967
2017-02-28,101.12000274658203,13240.6,1252.5999755859375,24935497.938461453
2017-03-01,101.77999877929688,13240.6,1248.9000244140625,24943292.393234104
2017-03-02,102.19999694824219,13318.9,1231.9000244140625,25112435.966922306
2017-03-03,101.54000091552734,13318.9,1225.5,25032534.88618569
2017-03-04,101.54000091552734,13318.9,1225.5,25097365.850485783
2017-03-05,101.54000091552734,13318.9,1225.5,24950634.53942229
2017-03-06,101.63999938964844,13318.9,1224.5,25123596.067294467
2017-03-07,101.80999755859375,13318.9,1215.0999755859375,34965381.64173759
2017-03-08,102.06999969482422,13318.9,1208.5,35020095.192246035
2017-03-09,101.8499984741211,13318.9,1202.4000244140625,35077426.95860711
2017-03-10,101.25,13318.9,1200.699951171875,34839048.551023535
2017-03-11,101.25,13318.9,1200.699951171875,35083386.20208079
2017-03-12,101.25,13318.9,1200.699951171875,35020351.63300622
2017-03-13,101.37999725341797,13318.9,1202.4000244140625,35219147.23788161
2017-03-14,101.69999694824219,13318.9,1201.9000244140625,34924887.93560004
2017-03-15,100.73999786376953,13318.9,1200.0999755859375,35041518.71058992
2017-03-16,100.2699966430664,13318.9,1226.5,35328244.76321061
2017-03-17,100.30000305175781,13318.9,1229.800048828125,44871048.06836872
2017-03-18,100.30000305175781,13318.9,1229.800048828125,44879835.23822417
2017-03-19,100.30000305175781,13318.9,1229.800048828125,45013474.34897008
2017-03-20,100.41000366210938,13318.9,1233.5999755859375,45041892.220063
2017-03-21,99.80999755859375,13318.9,1246.0999755859375,44871064.9899996
2017-03-22,99.68000030517578,13318.9,1249.300048828125,44888271.12627373
2017-03-23,99.76000213623047,13318.9,1246.9000244140625,44705546.31437301
2017-03-24,99.62999725341797,13318.9,1248.199951171875,44969792.72181063
2017-03-25,99.62999725341797,13318.9,1248.199951171875,44685633.25199623
2017-03-26,99.62999725341797,13318.9,1248.199951171875,45133859.524629354
2017-03-27,99.16999816894531,13318.9,1255.4000244140625,45032653.99505964
2017-03-28,99.70999908447266,13318.9,1255.300048828125,45000953.110255405
2017-03-29,100.0,13318.9,1253.4000244140625,55017328.9840848
2017-03-30,100.41000366210938,13318.9,1245.0,55052947.612818845
2017-03-31,100.3499984741211,13318.9,1247.300048828125,55297857.40979417
2017-04-01,100.3499984741211,13318.9,1247.300048828125,54930632.75055439
2017-04-02,100.3499984741211,13395.2,1247.300048828125,55123160.18743084
2017-04-03,100.54000091552734,13395.2,1250.800048828125,55101216.799085304
2017-04-04,100.54000091552734,13395.2,1255.0,55083056.96117054
2017-04-05,100.55999755859375,13395.2,1245.4000244140625,54918480.381367736
2017-04-06,100.66999816894531,13395.2,1250.300048828125,54942038.61028418
2017-04-07,101.18000030517578,13395.2,1254.300048828125,54868680.62250861
2017-04-08,101.18000030517578,13395.2,1254.300048828125,54883430.86886115
2017-04-09,101.18000030517578,13395.2,1254.300048828125,54863237.01790729
2017-04-10,101.0199966430664,13395.2,1251.0999755859375,54724524.45244992
2017-04-11,100.70999908447266,13395.2,1271.199951171875,54696747.79675433
2017-04-12,100.77999877929688,13395.2,1275.300048828125,54540291.19382329
2017-04-13,100.55999755859375,13395.2,1285.9000244140625,54264916.74946092
2017-04-14,100.55999755859375,13395.2,1285.9000244140625,53485259.25539736
2017-04-15,100.55999755859375,13395.2,1285.9000244140625,54208661.72477618
2017-04-16,100.55999755859375,13395.2,1285.9000244140625,53267170.76439783
2017-04-17,100.30000305175781,13395.2,1289.4000244140625,53010418.92974178
2017-04-18,99.5,13395.2,1291.699951171875,61706088.49223944
2017-04-19,99.73999786376953,13395.2,1281.4000244140625,62634200.58643341
2017-04-20,99.77999877929688,13395.2,1281.9000244140625,61628300.64156594
2017-04-21,99.9800033569336,13395.2,1287.4000244140625,61223165.93839169
2017-04-22,99.9800033569336,13395.2,1287.4000244140625,60177742.31389944
2017-04-23,99.9800033569336,13395.2,1287.4000244140625,59960918.565138645
2017-04-24,99.08999633789062,13395.2,1275.800048828125,60700591.369543485
2017-04-25,98.81999969482422,13395.2,1265.5999755859375,60655414.15428289
2017-04-26,98.95999908447266,13395.2,1262.0999755859375,60232990.469526246
2017-04-27,99.08000183105469,13395.2,1263.699951171875,60705295.05742318
2017-04-28,99.05000305175781,13395.2,1266.0999755859375,62411612.05666327
2017-04-29,99.05000305175781,13395.2,1266.0999755859375,62025687.88876712
2017-04-30,99.05000305175781,13464.6,1266.0999755859375,62519777.41235404
2017-05-01,99.13999938964844,13464.6,1253.300048828125,61451630.12784329
2017-05-02,98.9800033569336,13464.6,1255.0999755859375,61052297.79663643
2017-05-03,99.20999908447266,13464.6,1246.4000244140625,61144924.54630607
2017-05-04,98.76000213623047,13464.6,1226.5,62809942.00784449
2017-05-05,98.6500015258789,13464.6,1224.800048828125,64561965.34732635
2017-05-06,98.6500015258789,13464.6,1224.800048828125,64066725.11983274
2017-05-07,98.6500015258789,13464.6,1224.800048828125,55164854.42687183
2017-05-08,99.1500015258789,13464.6,1225.300048828125,64431285.043572955
2017-05-09,99.58999633789062,13464.6,1214.300048828125,63574950.97702974
2017-05-10,99.66999816894531,13464.6,1217.300048828125,64836372.00794922
2017-05-11,99.62000274658203,13464.6,1222.699951171875,63994072.04663762
2017-05-12,99.25,13464.6,1226.199951171875,63631300.12547368
2017-05-13,99.25,13464.6,1226.199951171875,63632518.56093561
2017-05-14,99.25,13464.6,1226.199951171875,64189933.710407875
2017-05-15,98.91000366210938,13464.6,1228.5999755859375,63736605.44607818
2017-05-16,98.11000061035156,13464.6,1235.0,64207714.39431164
2017-05-17,97.41999816894531,13464.6,1257.5,62929689.44769892
2017-05-18,97.87999725341797,13464.6,1251.699951171875,63442219.70523242
2017-05-19,97.1500015258789,13464.6,1252.699951171875,65060106.21590124
2017-05-20,97.1500015258789,13464.6,1252.699951171875,64852670.06172404
2017-05-21,97.1500015258789,13464.6,1252.699951171875,65568847.67441134
2017-05-22,96.9800033569336,13464.6,1260.699951171875,65923771.89223412
2017-05-23,97.3499984741211,13464.6,1254.800048828125,65579138.95909097
2017-05-24,97.23999786376953,13464.6,1252.4000244140625,76585393.27920473
2017-05-25,97.25,13464.6,1255.800048828125,90779456.52213526
2017-05-26,97.4000015258789,13464.6,1267.5999755859375,111258249.90952758
2017-05-27,97.4000015258789,13464.6,1267.5999755859375,131564884.72344571
2017-05-28,97.4000015258789,13464.6,1267.5999755859375,133966217.77930872
2017-05-29,97.4000015258789,13464.6,1267.5999755859375,130110408.36487316
2017-05-30,97.27999877929688,13464.6,1262.0999755859375,126403443.27285326
2017-05-31,96.91999816894531,13520.3,1272.0,131092987.34579144
2017-06-01,97.19999694824219,13520.3,1267.0,130361352.73415752
2017-06-02,96.72000122070312,13520.3,1276.800048828125,129009125.9038008
2017-06-03,96.72000122070312,13520.3,1276.800048828125,129162350.05502485
2017-06-04,96.72000122070312,13520.3,1276.800048828125,127179207.67335926
2017-06-05,96.80000305175781,13520.3,1279.300048828125,127800900.05567248
2017-06-06,96.63999938964844,13520.3,1294.4000244140625,146377614.88391235
2017-06-07,96.75,13520.3,1290.0999755859375,147544997.3773056
2017-06-08,96.91999816894531,13520.3,1276.300048828125,145582038.6120116
2017-06-09,97.2699966430664,13520.3,1268.5,144610503.4892786
2017-06-10,97.2699966430664,13520.3,1268.5,150506197.8849524
2017-06-11,97.2699966430664,13520.3,1268.5,147990883.9394124
2017-06-12,97.13999938964844,13520.3,1266.0999755859375,148971101.1671861
2017-06-13,96.9800033569336,13520.3,1265.800048828125,147046791.83482787
2017-06-14,96.94000244140625,13520.3,1272.800048828125,148524614.22656843
2017-06-15,97.43000030517578,13520.3,1252.199951171875,147373163.59387377
2017-06-16,97.16000366210938,13520.3,1254.0,167726944.15994847
2017-06-17,97.16000366210938,13520.3,1254.0,167374050.94817537
2017-06-18,97.16000366210938,13520.3,1254.0,166211438.16268733
2017-06-19,97.52999877929688,13520.3,1244.199951171875,165890770.07786897
2017-06-20,97.75,13520.3,1241.0,166261609.74204743
2017-06-21,97.55999755859375,13520.3,1243.4000244140625,166854708.22369155
2017-06-22,97.54000091552734,13520.3,1247.5999755859375,164775393.24424133
2017-06-23,97.30000305175781,13520.3,1256.199951171875,165354648.20142293
2017-06-24,97.30000305175781,13520.3,1256.199951171875,189525814.64936563
2017-06-25,97.30000305175781,13520.3,1256.199951171875,186540568.5302704
2017-06-26,97.43000030517578,13520.3,1246.300048828125,216385067.3600312
2017-06-27,96.47000122070312,13520.3,1246.4000244140625,248964936.33830732
2017-06-28,96.05000305175781,13520.3,1248.0,248343782.06359917
2017-06-29,95.62999725341797,13520.3,1244.199951171875,250679544.14455608
2017-06-30,95.66000366210938,13567.4,1240.699951171875,247328716.51333743
2017-07-01,95.66000366210938,13567.4,1240.699951171875,251114711.07027784
2017-07-02,95.66000366210938,13567.4,1240.699951171875,251589084.05158064
2017-07-03,96.19999694824219,13567.4,1217.9000244140625,245520025.26656243
2017-07-04,96.19999694824219,13567.4,1217.9000244140625,246523612.16058025
2017-07-05,96.29000091552734,13567.4,1220.4000244140625,245959218.316286
2017-07-06,95.81999969482422,13567.4,1222.199951171875,246071947.88166848
2017-07-07,96.01000213623047,13567.4,1208.5999755859375,247380496.47425577
2017-07-08,96.01000213623047,13567.4,1208.5999755859375,245882847.9311552
2017-07-09,96.01000213623047,13567.4,1208.5999755859375,247793385.165882
2017-07-10,96.05000305175781,13567.4,1212.0999755859375,278058738.0281981
2017-07-11,95.73999786376953,13567.4,1213.5999755859375,277476975.3983884
2017-07-12,95.79000091552734,13567.4,1218.0999755859375,275950778.1121935
2017-07-13,95.7300033569336,13567.4,1216.300048828125,300834790.16006875
2017-07-14,95.11000061035156,13567.4,1226.5999755859375,301236188.27082306
2017-07-15,95.11000061035156,13567.4,1226.5999755859375,298442278.61320144
2017-07-16,95.11000061035156,13567.4,1226.5999755859375,296932062.01152
2017-07-17,95.12999725341797,13567.4,1232.800048828125,300062387.67228144
2017-07-18,94.66000366210938,13567.4,1241.0999755859375,327866262.4786565
2017-07-19,94.80000305175781,13567.4,1241.199951171875,326100998.52109736
2017-07-20,94.2699966430664,13567.4,1244.800048828125,325544442.90763575
2017-07-21,93.94000244140625,13567.4,1254.300048828125,324355858.3887064
2017-07-22,93.94000244140625,13567.4,1254.300048828125,322872301.88411397
2017-07-23,93.94000244140625,13567.4,1254.300048828125,325050504.18184906
2017-07-24,93.9800033569336,13567.4,1253.9000244140625,323148672.20079845
2017-07-25,94.05000305175781,13567.4,1251.699951171875,324677653.43408185
2017-07-26,93.66999816894531,13567.4,1249.0,324800069.2815411
2017-07-27,93.86000061035156,13567.4,1259.5999755859375,324790356.3157244
2017-07-28,93.26000213623047,13567.4,1268.4000244140625,325214266.17185414
2017-07-29,93.26000213623047,13567.4,1268.4000244140625,324237734.74233395
2017-07-30,93.26000213623047,13567.4,1268.4000244140625,327923241.12077665
2017-07-31,92.86000061035156,13577.0,1266.5999755859375,326137714.3876001
2017-08-01,93.02999877929688,13577.0,1272.5999755859375,324417829.55179834
2017-08-02,92.83000183105469,13577.0,1271.800048828125,324896245.1533631
2017-08-03,92.80999755859375,13577.0,1267.800048828125,324087116.22008
2017-08-04,93.54000091552734,13577.0,1258.300048828125,325225137.84282285
2017-08-05,93.54000091552734,13577.0,1258.300048828125,322906900.6519385
2017-08-06,93.54000091552734,13577.0,1258.300048828125,325113320.54630196
2017-08-07,93.43000030517578,13577.0,1258.199951171875,324977685.46156216
2017-08-08,93.63999938964844,13577.0,1256.4000244140625,325361306.9980246
2017-08-09,93.5199966430664,13577.0,1273.0,325976774.55666006
2017-08-10,93.4000015258789,13577.0,1283.699951171875,326689344.6900108
2017-08-11,93.06999969482422,13577.0,1287.699951171875,326120561.2319256
2017-08-12,93.06999969482422,13577.0,1287.699951171875,326414428.9337738
2017-08-13,93.06999969482422,13577.0,1287.699951171875,325555335.2042508
2017-08-14,93.45999908447266,13577.0,1284.199951171875,326104401.8321436
2017-08-15,93.8499984741211,13577.0,1273.699951171875,325547570.2849
2017-08-16,93.48999786376953,13577.0,1276.9000244140625,324578741.289195
2017-08-17,93.62000274658203,13577.0,1286.4000244140625,325743718.19185406
2017-08-18,93.43000030517578,13577.0,1285.699951171875,325564298.72506386
2017-08-19,93.43000030517578,13577.0,1285.699951171875,325353888.91360307
2017-08-20,93.43000030517578,13577.0,1285.699951171875,324557160.4490756
2017-08-21,93.0999984741211,13577.0,1290.800048828125,325328932.6104039
2017-08-22,93.55000305175781,13577.0,1285.0999755859375,329105808.97564405
2017-08-23,93.1500015258789,13577.0,1288.9000244140625,325964413.8689792
2017-08-24,93.27999877929688,13577.0,1286.5,325242504.34909683
2017-08-25,92.73999786376953,13577.0,1292.5,326077308.9705204
2017-08-26,92.73999786376953,13577.0,1292.5,324888427.4844504
2017-08-27,92.73999786376953,13577.0,1292.5,325483664.2205767
2017-08-28,92.20999908447266,13577.0,1309.699951171875,325204220.0230924
2017-08-29,92.3499984741211,13577.0,1313.0999755859375,324833759.9231274
2017-08-30,92.87999725341797,13638.5,1308.0999755859375,325728617.3567536
2017-08-31,92.66999816894531,13638.5,1316.199951171875,326881601.8316939
2017-09-01,92.80999755859375,13638.5,1324.5,327220992.6771195
2017-09-02,92.80999755859375,13638.5,1324.5,354545044.97195345
2017-09-03,92.80999755859375,13638.5,1324.5,372578737.96127266
2017-09-04,92.80999755859375,13638.5,1324.5,416645891.132358
2017-09-05,92.30999755859375,13638.5,1339.199951171875,400166932.47576445
2017-09-06,92.29000091552734,13638.5,1333.9000244140625,397700532.88994634
2017-09-07,91.52999877929688,13638.5,1345.0999755859375,421373148.7649428
2017-09-08,91.33000183105469,13638.5,1346.0,425616543.80058646
2017-09-09,91.33000183105469,13638.5,1346.0,423281699.0789866
2017-09-10,91.33000183105469,13638.5,1346.0,424295641.67964166
2017-09-11,91.86000061035156,13638.5,1331.0,421383484.68645334
2017-09-12,91.91000366210938,13638.5,1328.0,421720052.183344
2017-09-13,92.5199966430664,13638.5,1323.4000244140625,420271115.45499456
2017-09-14,92.12000274658203,13638.5,1324.699951171875,447216028.5554877
2017-09-15,91.87000274658203,13638.5,1320.4000244140625,449223293.52441794
2017-09-16,91.87000274658203,13638.5,1320.4000244140625,449423127.7692319
2017-09-17,91.87000274658203,13638.5,1320.4000244140625,449678223.6839783
2017-09-18,92.05000305175781,13638.5,1306.300048828125,446801558.57824886
2017-09-19,91.79000091552734,13638.5,1306.199951171875,445979296.2333333
2017-09-20,92.51000213623047,13638.5,1312.0,444826154.1240312
2017-09-21,92.26000213623047,13638.5,1290.5999755859375,446711941.879267
2017-09-22,92.16999816894531,13638.5,1293.300048828125,446541196.7812132
2017-09-23,92.16999816894531,13638.5,1293.300048828125,445346527.10740346
2017-09-24,92.16999816894531,13638.5,1293.300048828125,445123568.30534023
2017-09-25,92.6500015258789,13638.5,1306.800048828125,445339567.3021685
2017-09-26,92.97000122070312,13638.5,1297.0,445091583.8820969
2017-09-27,93.36000061035156,13638.5,1283.4000244140625,444628713.8130477
2017-09-28,93.08999633789062,13638.5,1285.5,444276759.61472976
2017-09-29,93.08000183105469,13638.5,1281.5,444265738.7051048
2017-09-30,93.08000183105469,13695.0,1281.5,444266166.4931711
2017-10-01,93.08000183105469,13695.0,1281.5,442395032.2098975
2017-10-02,93.55999755859375,13695.0,1272.699951171875,442736737.7199812
2017-10-03,93.56999969482422,13695.0,1271.5,444693135.3911608
2017-10-04,93.45999908447266,13695.0,1273.699951171875,444698467.5371816
2017-10-05,93.95999908447266,13695.0,1269.9000244140625,444486331.71750414
2017-10-06,93.80000305175781,13695.0,1271.5999755859375,443794784.3520458
2017-10-07,93.80000305175781,13695.0,1271.5999755859375,442741975.9491556
2017-10-08,93.80000305175781,13695.0,1271.5999755859375,443123259.8085869
2017-10-09,93.73999786376953,13695.0,1281.800048828125,443423734.54419833
2017-10-10,93.29000091552734,13695.0,1290.5999755859375,442694371.715502
2017-10-11,92.95999908447266,13695.0,1285.800048828125,443458998.0253641
2017-10-12,93.12000274658203,13695.0,1293.300048828125,442531917.57186574
2017-10-13,93.08999633789062,13695.0,1301.5,442692569.2558005
2017-10-14,93.08999633789062,13695.0,1301.5,443844480.85831696
2017-10-15,93.08999633789062,13695.0,1301.5,444367636.22218525
2017-10-16,93.27999877929688,13695.0,1299.9000244140625,443096985.49188375
2017-10-17,93.48999786376953,13695.0,1283.0,444548207.7505373
2017-10-18,93.36000061035156,13695.0,1279.9000244140625,446746881.8593901
2017-10-19,93.2699966430664,13695.0,1286.9000244140625,444671298.6957477
2017-10-20,93.69999694824219,13695.0,1277.4000244140625,444984058.74459904
2017-10-21,93.69999694824219,13695.0,1277.4000244140625,444843186.06427807
2017-10-22,93.69999694824219,13695.0,1277.4000244140625,446975382.26319855
2017-10-23,93.94000244140625,13695.0,1277.699951171875,446123684.44651514
2017-10-24,93.95999908447266,13695.0,1275.0,447241248.52067274
2017-10-25,93.70999908447266,13695.0,1275.4000244140625,446746522.5712737
2017-10-26,94.61000061035156,13695.0,1266.300048828125,445888548.18492
2017-10-27,94.91999816894531,13695.0,1268.5,447014384.17900234
2017-10-28,94.91999816894531,13695.0,1268.5,471217900.68618256
2017-10-29,94.91999816894531,13695.0,1268.5,470185278.438868
2017-10-30,94.48999786376953,13695.0,1274.0999755859375,470067603.33635503
2017-10-31,94.55000305175781,13743.0,1267.0,469716541.0167626
2017-11-01,94.81999969482422,13743.0,1274.0999755859375,471711982.4976054
2017-11-02,94.69000244140625,13743.0,1274.9000244140625,471806477.1479789
2017-11-03,94.94000244140625,13743.0,1266.5,497243373.6646431
2017-11-04,94.94000244140625,13743.0,1266.5,496863305.5549829
2017-11-05,94.94000244140625,13743.0,1266.5,496207805.1306255
2017-11-06,94.72000122070312,13743.0,1279.4000244140625,497205926.060976
2017-11-07,94.91000366210938,13743.0,1273.699951171875,516280816.6495009
2017-11-08,94.87000274658203,13743.0,1281.5999755859375,540040091.6530523
2017-11-09,94.44000244140625,13743.0,1285.5999755859375,568123234.8042094
2017-11-10,94.38999938964844,13743.0,1272.4000244140625,566960217.6796278
2017-11-11,94.38999938964844,13743.0,1272.4000244140625,599734748.4946856
2017-11-12,94.38999938964844,13743.0,1272.4000244140625,599311718.7402873
2017-11-13,94.48999786376953,13743.0,1277.300048828125,601066449.5465658
2017-11-14,93.83000183105469,13743.0,1281.5,596280406.9607567
2017-11-15,93.80999755859375,13743.0,1276.5,597050153.584226
2017-11-16,93.93000030517578,13743.0,1277.4000244140625,613614715.9130057
2017-11-17,93.66000366210938,13743.0,1295.800048828125,676150665.3060458
2017-11-18,93.66000366210938,13743.0,1295.800048828125,674192924.6663074
2017-11-19,93.66000366210938,13743.0,1295.800048828125,672988133.2294289
2017-11-20,94.08000183105469,13743.0,1274.5999755859375,674636298.7290032
2017-11-21,93.94999694824219,13743.0,1281.0999755859375,673529872.4144003
2017-11-22,93.22000122070312,13743.0,1291.5999755859375,675652383.0801
2017-11-23,93.22000122070312,13743.0,1291.5999755859375,676310671.431882
2017-11-24,92.76000213623047,13743.0,1286.699951171875,677162737.3057717
2017-11-25,92.76000213623047,13743.0,1286.699951171875,682266887.8841228
2017-11-26,92.76000213623047,13743.0,1286.699951171875,704874284.6419151
2017-11-27,92.9000015258789,13743.0,1293.800048828125,729421354.2207981
2017-11-28,93.26000213623047,13743.0,1294.699951171875,774064014.9284285
2017-11-29,93.26000213623047,13743.0,1282.0999755859375,807432463.8847222
2017-11-30,93.01000213623047,13801.5,1273.199951171875,801701147.9870799
2017-12-01,92.9000015258789,13801.5,1278.800048828125,833574912.0541155
2017-12-02,92.9000015258789,13801.5,1278.800048828125,842198958.8257204
2017-12-03,92.9000015258789,13801.5,1278.800048828125,844136333.445219
2017-12-04,93.19000244140625,13801.5,1274.300048828125,848398866.2452326
2017-12-05,93.37999725341797,13801.5,1261.5999755859375,847168886.2398849
2017-12-06,93.61000061035156,13801.5,1262.800048828125,865779896.3785405
2017-12-07,93.80000305175781,13801.5,1249.800048828125,885166368.5072446
2017-12-08,93.9000015258789,13801.5,1245.199951171875,875692633.8509443
2017-12-09,93.9000015258789,13801.5,1245.199951171875,882626754.8114328
2017-12-10,93.9000015258789,13801.5,1245.199951171875,860610207.3049917
2017-12-11,93.87000274658203,13801.5,1243.699951171875,890826845.2695376
2017-12-12,94.0999984741211,13801.5,1238.5,968029403.7301754
2017-12-13,93.43000030517578,13801.5,1245.4000244140625,936528725.4276168
2017-12-14,93.48999786376953,13801.5,1253.800048828125,1070354892.9314928
2017-12-15,93.93000030517578,13801.5,1254.300048828125,1071538609.487054
2017-12-16,93.93000030517578,13801.5,1254.300048828125,1162721466.6817589
2017-12-17,93.93000030517578,13801.5,1254.300048828125,1169113330.5493836
2017-12-18,93.69999694824219,13801.5,1262.199951171875,1153855652.7041104
2017-12-19,93.47000122070312,13801.5,1260.699951171875,1232632769.0783925
2017-12-20,93.3499984741211,13801.5,1266.0999755859375,1256936021.9498813
2017-12-21,93.27999877929688,13801.5,1267.300048828125,1275592361.149158
2017-12-22,93.3499984741211,13801.5,1275.4000244140625,1305634041.0318043
2017-12-23,93.3499984741211,13801.5,1275.4000244140625,1323139657.7133725
2017-12-24,93.3499984741211,13801.5,1275.4000244140625,1321706470.8004372
2017-12-25,93.3499984741211,13801.5,1275.4000244140625,1282047677.8441412
2017-12-26,93.26000213623047,13801.5,1284.0999755859375,1257015774.977204
2017-12-27,93.02999877929688,13801.5,1287.0,1255455909.7455597
2017-12-28,92.5999984741211,13801.5,1294.0999755859375,1321740767.6610255
2017-12-29,92.12000274658203,13801.5,1306.300048828125,1423337390.018856
2017-12-30,92.12000274658203,13801.5,1306.300048828125,1442276595.504203
2017-12-31,92.12000274658203,13849.1,1306.300048828125,1418884541.6662524
2018-01-01,92.12000274658203,13849.1,1306.300048828125,1408167936.8936188
2018-01-02,91.8499984741211,13849.1,1313.699951171875,1413029870.7554834
2018-01-03,92.16000366210938,13849.1,1316.199951171875,1406979728.6767282
2018-01-04,91.8499984741211,13849.1,1319.4000244140625,1513260915.7626662
2018-01-05,91.94999694824219,13849.1,1320.300048828125,1513585056.8076847
2018-01-06,91.94999694824219,13849.1,1320.300048828125,1503378392.8622336
2018-01-07,91.94999694824219,13849.1,1320.300048828125,1495315300.3513677
2018-01-08,92.33000183105469,13849.1,1318.5999755859375,1505654900.9943285
2018-01-09,92.52999877929688,13849.1,1311.699951171875,1503112283.1712055
2018-01-10,92.33000183105469,13849.1,1317.4000244140625,1535418780.20574
2018-01-11,91.8499984741211,13849.1,1320.5999755859375,1534363346.5986211
2018-01-12,90.97000122070312,13849.1,1333.4000244140625,1537475735.082542
2018-01-13,90.97000122070312,13849.1,1333.4000244140625,1528402026.742114
2018-01-14,90.97000122070312,13849.1,1333.4000244140625,1594935189.3444889
2018-01-15,90.97000122070312,13849.1,1333.4000244140625,1686697997.6793892
2018-01-16,90.38999938964844,13849.1,1335.4000244140625,1836899252.5998223
2018-01-17,90.54000091552734,13849.1,1338.0,1912700091.3955345
2018-01-18,90.5,13849.1,1326.0,2037874978.2029212
2018-01-19,90.56999969482422,13849.1,1331.9000244140625,2106052361.23518
2018-01-20,90.56999969482422,13849.1,1331.9000244140625,2183547116.4848666
2018-01-21,90.56999969482422,13849.1,1331.9000244140625,2188587146.037901
2018-01-22,90.4000015258789,13849.1,1330.9000244140625,2194174315.5892205
2018-01-23,90.12000274658203,13849.1,1335.699951171875,2288918921.3355274
2018-01-24,89.20999908447266,13849.1,1355.9000244140625,2283647383.26628
2018-01-25,89.38999938964844,13849.1,1362.4000244140625,2273661325.0814104
2018-01-26,89.06999969482422,13849.1,1351.5999755859375,2269842525.3302746
2018-01-27,89.06999969482422,13849.1,1351.5999755859375,2254270651.045239
2018-01-28,89.06999969482422,13849.1,1351.5999755859375,2258867079.591964
2018-01-29,89.30999755859375,13849.1,1351.5999755859375,2287971450.5969434
2018-01-30,89.19000244140625,13887.3,1335.4000244140625,2252962467.7872663
2018-01-31,89.12999725341797,13887.3,1339.0,2237824316.908577
2018-02-01,88.66999816894531,13887.3,1344.300048828125,2225915647.162904
2018-02-02,89.19999694824219,13887.3,1333.699951171875,2251972518.3493643
2018-02-03,89.19999694824219,13887.3,1333.699951171875,2273841791.2361255
2018-02-04,89.19999694824219,13887.3,1333.699951171875,2279614745.1589985
2018-02-05,89.55000305175781,13887.3,1333.0,2263556375.0405574
2018-02-06,89.58999633789062,13887.3,1326.0999755859375,2284697545.431246
2018-02-07,90.26000213623047,13887.3,1311.5999755859375,2273920765.284196
2018-02-08,90.2300033569336,13887.3,1316.9000244140625,2269916215.077531
2018-02-09,90.44000244140625,13887.3,1313.0999755859375,2274461727.414364
2018-02-10,90.44000244140625,13887.3,1313.0999755859375,2283267516.322443
2018-02-11,90.44000244140625,13887.3,1313.0999755859375,2284865212.047937
2018-02-12,90.20999908447266,13887.3,1324.199951171875,2278967758.701129
2018-02-13,89.69999694824219,13887.3,1328.0999755859375,2280587918.53716
2018-02-14,89.12000274658203,13887.3,1355.5,2279673073.920181
2018-02-15,88.58999633789062,13887.3,1352.0999755859375,2281257993.6479406
2018-02-16,89.0999984741211,13887.3,1353.199951171875,2278619899.6380086
2018-02-17,89.0999984741211,13887.3,1353.199951171875,2295208742.180912
2018-02-18,89.0999984741211,13887.3,1353.199951171875,2288170117.715993
2018-02-19,89.0999984741211,13887.3,1353.199951171875,2280200045.046036
2018-02-20,89.72000122070312,13887.3,1328.800048828125,2281137815.8677425
2018-02-21,90.08000183105469,13887.3,1330.0,2288766220.927299
2018-02-22,89.75,13887.3,1330.5999755859375,2286149958.6605105
2018-02-23,89.87999725341797,13887.3,1328.199951171875,2282759152.973427
2018-02-24,89.87999725341797,13887.3,1328.199951171875,2282214169.749874
2018-02-25,89.87999725341797,13887.3,1328.199951171875,2283811387.5588226
2018-02-26,89.81999969482422,13887.3,1330.699951171875,2277632678.3160305
2018-02-27,90.36000061035156,13887.3,1315.5,2279720529.757527
2018-02-28,90.61000061035156,13887.3,1315.5,2276427213.4986286
2018-03-01,90.31999969482422,13887.3,1302.9000244140625,2276175476.672437
2018-03-02,89.94000244140625,13902.4,1321.0999755859375,2277391945.0929546
2018-03-03,89.94000244140625,13902.4,1321.0999755859375,2274297974.4704485
2018-03-04,89.94000244140625,13902.4,1321.0999755859375,2269445314.2039666
2018-03-05,90.08000183105469,13902.4,1318.0999755859375,2276223553.7374024
2018-03-06,89.62000274658203,13902.4,1333.5999755859375,2280413972.5576687
2018-03-07,89.63999938964844,13902.4,1326.0,2283777220.984273
2018-03-08,90.12000274658203,13902.4,1319.9000244140625,2285747998.924722
2018-03-09,90.08999633789062,13902.4,1322.4000244140625,2287790608.1848207
2018-03-10,90.08999633789062,13902.4,1322.4000244140625,2287505073.6772547
2018-03-11,90.08999633789062,13902.4,1322.4000244140625,2277627550.3214517
2018-03-12,89.9000015258789,13902.4,1319.4000244140625,2278340330.0644674
2018-03-13,89.66000366210938,13902.4,1325.9000244140625,2280737045.7489367
2018-03-14,89.69999694824219,13902.4,1324.4000244140625,2287416873.0110335
2018-03-15,90.13999938964844,13902.4,1316.800048828125,2281479543.078257
2018-03-16,90.2300033569336,13902.4,1311.300048828125,2278655237.3956914
2018-03-17,90.2300033569336,13902.4,1311.300048828125,2284970149.101067
2018-03-18,90.2300033569336,13902.4,1311.300048828125,2279872178.813624
2018-03-19,89.9000015258789,13902.4,1316.800048828125,2274599953.630417
2018-03-20,90.37000274658203,13902.4,1311.0999755859375,2583273037.1936364
2018-03-21,89.77999877929688,13902.4,1320.699951171875,2582763505.842033
2018-03-22,89.86000061035156,13902.4,1326.5999755859375,2579925746.893576
2018-03-23,89.44000244140625,13902.4,1349.300048828125,2582036038.8963714
2018-03-24,89.44000244140625,13902.4,1349.300048828125,2579435761.047609
2018-03-25,89.44000244140625,13902.4,1349.300048828125,2579800470.0429006
2018-03-26,89.02999877929688,13902.4,1354.4000244140625,2585495718.1899557
2018-03-27,89.37000274658203,13902.4,1341.300048828125,2582310945.353397
2018-03-28,90.05999755859375,13902.4,1324.199951171875,2577105204.9859877
2018-03-29,90.1500015258789,13902.4,1322.800048828125,2574851811.6509576
2018-03-30,90.1500015258789,13902.4,1322.800048828125,2582154024.5292854
2018-03-31,90.1500015258789,13902.4,1322.800048828125,2583439475.1275396
2018-04-01,90.1500015258789,13902.4,1322.800048828125,2581302004.668545
2018-04-02,90.05000305175781,13949.8,1342.0999755859375,2578384792.4951086
2018-04-03,90.19999694824219,13949.8,1332.800048828125,2582579898.5437584
2018-04-04,90.13999938964844,13949.8,1335.800048828125,2580608503.10672
2018-04-05,90.45999908447266,13949.8,1324.300048828125,2581558647.4164834
2018-04-06,90.11000061035156,13949.8,1331.9000244140625,2585732451.758925
2018-04-07,90.11000061035156,13949.8,1331.9000244140625,2582964319.8227186
2018-04-08,90.11000061035156,13949.8,1331.9000244140625,2576587133.475652
2018-04-09,89.83999633789062,13949.8,1336.300048828125,2576812742.382237
2018-04-10,89.58999633789062,13949.8,1342.0,2580253012.2253695
2018-04-11,89.56999969482422,13949.8,1356.5,2582304449.079007
2018-04-12,89.75,13949.8,1338.4000244140625,2577564096.6367383
2018-04-13,89.80000305175781,13949.8,1344.800048828125,2580415489.4339547
2018-04-14,89.80000305175781,13949.8,1344.800048828125,2579169497.157915
2018-04-15,89.80000305175781,13949.8,1344.800048828125,2578730397.5269666
2018-04-16,89.43000030517578,13949.8,1347.5,2576654330.2832
2018-04-17,89.5199966430664,13949.8,1347.199951171875,2578249080.3590393
2018-04-18,89.62000274658203,13949.8,1351.199951171875,2578467353.9841566
2018-04-19,89.94000244140625,13949.8,1346.800048828125,2576773453.577301
2018-04-20,90.31999969482422,13949.8,1336.699951171875,2582591441.8475027
2018-04-21,90.31999969482422,13949.8,1336.699951171875,2582019023.745508
2018-04-22,90.31999969482422,13949.8,1336.699951171875,2582384754.645923
2018-04-23,90.94000244140625,13949.8,1322.5,2579919540.873389
2018-04-24,90.7699966430664,13949.8,1331.4000244140625,2582687457.971506
2018-04-25,91.16999816894531,13949.8,1321.199951171875,2580036810.3595214
2018-04-26,91.55999755859375,13949.8,1316.300048828125,2579094134.8442826
2018-04-27,91.54000091552734,13949.8,1320.300048828125,2577314462.848777
2018-04-28,91.54000091552734,13949.8,1320.300048828125,2576878201.575108
2018-04-29,91.54000091552734,13949.8,1320.300048828125,2574664538.8146887
2018-04-30,91.83999633789062,14014.5,1316.199951171875,2579090401.59109
2018-05-01,92.44999694824219,14014.5,1303.800048828125,2576740645.632133
2018-05-02,92.51000213623047,14014.5,1302.5999755859375,2572467501.03718
2018-05-03,92.41000366210938,14014.5,1310.699951171875,2566055653.9933095
2018-05-04,92.56999969482422,14014.5,1312.699951171875,2571080121.5684566
2018-05-05,92.56999969482422,14014.5,1312.699951171875,2559746397.351322
2018-05-06,92.56999969482422,14014.5,1312.699951171875,2553712054.3798575
2018-05-07,92.75,14014.5,1312.199951171875,2575264075.878447
2018-05-08,93.12000274658203,14014.5,1312.0,2574321247.057844
2018-05-09,93.04000091552734,14014.5,1311.300048828125,2575857212.8350677
2018-05-10,92.6500015258789,14014.5,1320.800048828125,2582360237.512484
2018-05-11,92.54000091552734,14014.5,1319.0,2581855070.9567566
2018-05-12,92.54000091552734,14014.5,1319.0,2583368149.755723
2018-05-13,92.54000091552734,14014.5,1319.0,2581291100.543545
2018-05-14,92.58999633789062,14014.5,1316.5,2579399927.8835945
2018-05-15,93.22000122070312,14014.5,1288.9000244140625,2582682670.7186146
2018-05-16,93.38999938964844,14014.5,1290.199951171875,2583772341.0278654
2018-05-17,93.47000122070312,14014.5,1288.199951171875,2582610745.3241377
2018-05-18,93.63999938964844,14014.5,1290.199951171875,2831555881.0246625
2018-05-19,93.63999938964844,14014.5,1290.199951171875,2826701353.7524247
2018-05-20,93.63999938964844,14014.5,1290.199951171875,2824828587.601929
2018-05-21,93.68000030517578,14014.5,1290.199951171875,2828381109.1189837
2018-05-22,93.61000061035156,14014.5,1291.699951171875,2828298827.486713
2018-05-23,94.01000213623047,14014.5,1289.300048828125,2831322946.375876
2018-05-24,93.77999877929688,14014.5,1303.699951171875,2831819783.709987
2018-05-25,94.19000244140625,14014.5,1303.300048828125,2828608838.993148
2018-05-26,94.19000244140625,14014.5,1303.300048828125,2825115156.663497
2018-05-27,94.19000244140625,14014.5,1303.300048828125,2827284569.770553
2018-05-28,94.19000244140625,14014.5,1303.300048828125,2830696617.405568
2018-05-29,94.83000183105469,14014.5,1298.699951171875,2828473533.606338
2018-05-30,94.1500015258789,14014.5,1301.5,2824833499.748025
2018-05-31,93.98999786376953,14034.8,1300.0999755859375,2825179018.4273043
2018-06-01,94.19000244140625,14034.8,1294.800048828125,2825823182.044676
2018-06-02,94.19000244140625,14034.8,1294.800048828125,2828641599.9541903
2018-06-03,94.19000244140625,14034.8,1294.800048828125,2830161881.7060566
2018-06-04,94.0199966430664,14034.8,1293.0999755859375,2829049663.638328
2018-06-05,93.88999938964844,14034.8,1297.5,2824454435.9594073
2018-06-06,93.66000366210938,14034.8,1297.0999755859375,2826845364.612237
2018-06-07,93.4000015258789,14034.8,1298.699951171875,2826700616.224241
2018-06-08,93.55000305175781,14034.8,1298.0999755859375,2829970336.5146127
2018-06-09,93.55000305175781,14034.8,1298.0999755859375,2828547136.291628
2018-06-10,93.55000305175781,14034.8,1298.0999755859375,2835487693.4251385
2018-06-11,93.58000183105469,14034.8,1298.9000244140625,2829628249.2060056
2018-06-12,93.80000305175781,14034.8,1295.0999755859375,2835055525.3242316
2018-06-13,93.70999908447266,14034.8,1296.9000244140625,2831869599.334304
2018-06-14,94.7699966430664,14034.8,1304.0,2833714030.2343073
2018-06-15,94.79000091552734,14034.8,1274.5999755859375,2829695942.143824
2018-06-16,94.79000091552734,14034.8,1274.5999755859375,2830866464.743526
2018-06-17,94.79000091552734,14034.8,1274.5999755859375,2827405056.559006
2018-06-18,94.75,14034.8,1276.199951171875,2828615635.2491174
2018-06-19,95.08999633789062,14034.8,1275.5999755859375,2831006106.1146507
2018-06-20,95.05999755859375,14034.8,1271.199951171875,2828379586.801271
2018-06-21,94.87000274658203,14034.8,1267.199951171875,2827670965.880597
2018-06-22,94.5199966430664,14034.8,1267.4000244140625,2833934291.8592634
2018-06-23,94.5199966430664,14034.8,1267.4000244140625,2839017332.81106
2018-06-24,94.5199966430664,14034.8,1267.4000244140625,2834205421.0854983
2018-06-25,94.27999877929688,14034.8,1265.5999755859375,3078821489.605497
2018-06-26,94.68000030517578,14034.8,1256.5999755859375,3077336049.364716
2018-06-27,95.29000091552734,14034.8,1252.800048828125,3081986998.688861
2018-06-28,95.38999938964844,14034.8,1247.800048828125,3077415177.0309615
2018-06-29,94.62999725341797,14034.8,1251.300048828125,3080754024.6610684
2018-06-30,94.62999725341797,14091.0,1251.300048828125,3071944760.7267246
2018-07-01,94.62999725341797,14091.0,1251.300048828125,3072265743.323365
2018-07-02,94.87000274658203,14091.0,1239.800048828125,3082631850.4805365
2018-07-03,94.58999633789062,14091.0,1251.5999755859375,3080520700.3762407
2018-07-04,94.58999633789062,14091.0,1251.5999755859375,3078207759.078008
2018-07-05,94.47000122070312,14091.0,1257.300048828125,3074839124.0593305
2018-07-06,94.04000091552734,14091.0,1254.300048828125,3076668513.9970007
2018-07-07,94.04000091552734,14091.0,1254.300048828125,3077044368.182788
2018-07-08,94.04000091552734,14091.0,1254.300048828125,3075314390.184345
2018-07-09,94.08000183105469,14091.0,1258.0999755859375,3080806424.04878
2018-07-10,94.11000061035156,14091.0,1253.800048828125,3082607990.7911625
2018-07-11,94.72000122070312,14091.0,1242.800048828125,3093175016.230885
2018-07-12,94.80999755859375,14091.0,1245.0,3081032370.4664326
2018-07-13,94.75,14091.0,1239.5999755859375,3081697065.4143724
2018-07-14,94.75,14091.0,1239.5999755859375,3082029488.1960487
2018-07-15,94.75,14091.0,1239.5999755859375,3078057333.2293296
2018-07-16,94.51000213623047,14091.0,1238.0999755859375,3077406936.3802047
2018-07-17,94.97000122070312,14091.0,1225.699951171875,3080340110.3186603
2018-07-18,95.08000183105469,14091.0,1226.300048828125,3078484447.1550827
2018-07-19,95.16999816894531,14091.0,1222.4000244140625,3078282804.2786894
2018-07-20,94.45999908447266,14091.0,1229.5,3075799322.693822
2018-07-21,94.45999908447266,14091.0,1229.5,3083056523.2458835
2018-07-22,94.45999908447266,14091.0,1229.5,3077321167.0474095
2018-07-23,94.66999816894531,14091.0,1224.0,3075848356.571364
2018-07-24,94.61000061035156,14091.0,1223.9000244140625,3078403716.4999304
2018-07-25,94.36000061035156,14091.0,1231.4000244140625,3076478736.344692
2018-07-26,94.75,14091.0,1225.300048828125,3077084955.5178695
2018-07-27,94.68000030517578,14091.0,1222.5999755859375,3078353591.063368
2018-07-28,94.68000030517578,14091.0,1222.5999755859375,3080668880.8225174
2018-07-29,94.68000030517578,14091.0,1222.5999755859375,3078557021.1348534
2018-07-30,94.36000061035156,14091.0,1221.300048828125,3078168694.645083
2018-07-31,94.48999786376953,14133.2,1223.699951171875,3081411140.5027566
2018-08-01,94.62000274658203,14133.2,1217.9000244140625,3077655711.329279
2018-08-02,95.16999816894531,14133.2,1210.5999755859375,3079394111.9456525
2018-08-03,95.13999938964844,14133.2,1214.199951171875,3080098268.038316
2018-08-04,95.13999938964844,14133.2,1214.199951171875,3079762872.2957096
2018-08-05,95.13999938964844,14133.2,1214.199951171875,3079915354.473757
2018-08-06,95.36000061035156,14133.2,1208.5999755859375,3079314873.8203073
2018-08-07,95.22000122070312,14133.2,1209.5999755859375,3079962920.9571505
2018-08-08,95.0999984741211,14133.2,1212.5999755859375,3081939821.684039
2018-08-09,95.5,14133.2,1211.9000244140625,3085519403.533811
2018-08-10,96.36000061035156,14133.2,1211.0999755859375,3076384772.1966286
2018-08-11,96.36000061035156,14133.2,1211.0999755859375,3088325986.2068787
2018-08-12,96.36000061035156,14133.2,1211.0999755859375,3081805866.223227
2018-08-13,96.38999938964844,14133.2,1191.300048828125,3081729116.4976354
2018-08-14,96.7300033569336,14133.2,1193.0,3089957157.3566117
2018-08-15,96.69999694824219,14133.2,1177.5,3082920568.1784754
2018-08-16,96.6500015258789,14133.2,1176.199951171875,3081760587.0956993
2018-08-17,96.0999984741211,14133.2,1176.5,3082939527.337306
2018-08-18,96.0999984741211,14133.2,1176.5,3093288999.0873327
2018-08-19,96.0999984741211,14133.2,1176.5,3083788703.793521
2018-08-20,95.9000015258789,14133.2,1186.800048828125,3078309205.3812747
2018-08-21,95.26000213623047,14133.2,1192.5999755859375,3081367456.8165083
2018-08-22,95.1500015258789,14133.2,1196.300048828125,3079506222.790352
2018-08-23,95.62000274658203,14133.2,1187.0,3077662390.8078346
2018-08-24,95.1500015258789,14133.2,1206.300048828125,3084235779.711584
2018-08-25,95.1500015258789,14133.2,1206.300048828125,3082037572.606585
2018-08-26,95.1500015258789,14133.2,1206.300048828125,3078898086.4880934
2018-08-27,94.77999877929688,14133.2,1209.0,3080340859.2151604
2018-08-28,94.72000122070312,14133.2,1207.4000244140625,3079918862.3184414
2018-08-29,94.5999984741211,14133.2,1204.5,3081286677.332679
2018-08-30,94.72000122070312,14170.0,1197.699951171875,3082400093.707757
2018-08-31,95.13999938964844,14170.0,1200.300048828125,3080756914.537494
2018-09-01,95.13999938964844,14170.0,1200.300048828125,3073213480.5795975
2018-09-02,95.13999938964844,14170.0,1200.300048828125,3076833177.629842
2018-09-03,95.13999938964844,14170.0,1200.300048828125,3075813039.753767
2018-09-04,95.41999816894531,14170.0,1192.699951171875,3078594929.901623
2018-09-05,95.12999725341797,14170.0,1194.9000244140625,3068157729.589724
2018-09-06,95.0199966430664,14170.0,1197.9000244140625,3071968209.800039
2018-09-07,95.37000274658203,14170.0,1193.5999755859375,3078839189.9501586
2018-09-08,95.37000274658203,14170.0,1193.5999755859375,3079333685.9883566
2018-09-09,95.37000274658203,14170.0,1193.5999755859375,3078213381.3270116
2018-09-10,95.1500015258789,14170.0,1193.0,3074001985.6112566
2018-09-11,95.05999755859375,14170.0,1195.4000244140625,3077801123.355741
2018-09-12,94.80000305175781,14170.0,1204.699951171875,3074510358.1247416
2018-09-13,94.54000091552734,14170.0,1202.0,3082416094.680633
2018-09-14,94.9800033569336,14170.0,1195.0,3082820510.9113617
2018-09-15,94.9800033569336,14170.0,1195.0,3080627883.57288
2018-09-16,94.9800033569336,14170.0,1195.0,3078529358.2003717
2018-09-17,94.51000213623047,14170.0,1199.699951171875,3076466486.160295
2018-09-18,94.62000274658203,14170.0,1196.800048828125,3077877748.173095
2018-09-19,94.55000305175781,14170.0,1202.199951171875,3079418408.290816
2018-09-20,93.91000366210938,14170.0,1206.199951171875,3080570301.184652
2018-09-21,94.22000122070312,14170.0,1196.199951171875,3075583332.60409
2018-09-22,94.22000122070312,14170.0,1196.199951171875,3076080031.6811934
2018-09-23,94.22000122070312,14170.0,1196.199951171875,3077649928.9102073
2018-09-24,94.26000213623047,14170.0,1199.300048828125,3077929113.855504
2018-09-25,94.12999725341797,14170.0,1200.0,3077035001.4523377
2018-09-26,94.19000244140625,14170.0,1194.0,3075393817.6373715
2018-09-27,95.0,14170.0,1182.300048828125,3075508299.8597407
2018-09-28,95.19000244140625,14170.0,1191.5,3065973652.694308
2018-09-29,95.19000244140625,14170.0,1191.5,3071042884.0347576
2018-09-30,95.19000244140625,14221.3,1191.5,3070592076.895
2018-10-01,95.30000305175781,14221.3,1187.0999755859375,3064305240.8490944
2018-10-02,95.51000213623047,14221.3,1202.4000244140625,3062005086.5007052
2018-10-03,95.76000213623047,14221.3,1198.300048828125,3055287683.2642846
2018-10-04,95.75,14221.3,1197.199951171875,3060011137.369216
2018-10-05,95.62000274658203,14221.3,1201.199951171875,3058387280.9247894
2018-10-06,95.62000274658203,14221.3,1201.199951171875,3059861988.533346
2018-10-07,95.62000274658203,14221.3,1201.199951171875,3060475007.3108964
2018-10-08,95.7699966430664,14221.3,1184.4000244140625,3048762184.2124496
2018-10-09,95.68000030517578,14221.3,1187.199951171875,3048988466.0762386
2018-10-10,95.51000213623047,14221.3,1189.300048828125,3034736088.379636
2018-10-11,95.0199966430664,14221.3,1223.5,3029915224.34805
2018-10-12,95.22000122070312,14221.3,1218.0999755859375,3027504973.657897
2018-10-13,95.22000122070312,14221.3,1218.0999755859375,3011040208.674646
2018-10-14,95.22000122070312,14221.3,1218.0999755859375,2997234905.286225
2018-10-15,95.06999969482422,14221.3,1226.4000244140625,2940892638.703196
2018-10-16,95.05000305175781,14221.3,1227.300048828125,2943528651.9616895
2018-10-17,95.58000183105469,14221.3,1223.699951171875,2943329011.183842
2018-10-18,95.9000015258789,14221.3,1226.5,2970775349.2119946
2018-10-19,95.70999908447266,14221.3,1225.300048828125,3006372569.753789
2018-10-20,95.70999908447266,14221.3,1225.300048828125,2997959572.9703827
2018-10-21,95.70999908447266,14221.3,1225.300048828125,2999340455.1964345
2018-10-22,96.01000213623047,14221.3,1221.199951171875,2997041634.037896
2018-10-23,95.95999908447266,14221.3,1233.4000244140625,3006840633.760017
2018-10-24,96.43000030517578,14221.3,1227.800048828125,2519955906.9789004
2018-10-25,96.68000030517578,14221.3,1229.0999755859375,2524093799.7135696
2018-10-26,96.36000061035156,14221.3,1232.5,2526078787.398509
2018-10-27,96.36000061035156,14221.3,1232.5,2548859615.223341
2018-10-28,96.36000061035156,14221.3,1232.5,2549150987.576464
2018-10-29,96.58000183105469,14221.3,1224.5,2546109848.798858
2018-10-30,97.01000213623047,14221.3,1222.5999755859375,2559269078.613203
2018-10-31,97.12999725341797,14243.9,1212.300048828125,2555834227.5472684
2018-11-01,96.27999877929688,14243.9,1236.0,2555369084.140585
2018-11-02,96.54000091552734,14243.9,1230.9000244140625,2546853555.618628
2018-11-03,96.54000091552734,14243.9,1230.9000244140625,2557692713.860405
2018-11-04,96.54000091552734,14243.9,1230.9000244140625,2556318745.29611
2018-11-05,96.3499984741211,14243.9,1229.800048828125,2554977503.4171615
2018-11-06,96.31999969482422,14243.9,1223.800048828125,2556266017.1198378
2018-11-07,96.0,14243.9,1226.199951171875,2553561654.7263856
2018-11-08,96.63999938964844,14243.9,1222.9000244140625,2550349559.4251266
2018-11-09,96.91000366210938,14243.9,1206.4000244140625,2544677283.588864
2018-11-10,96.91000366210938,14243.9,1206.4000244140625,2548305861.486907
2018-11-11,96.91000366210938,14243.9,1206.4000244140625,2545564647.377563
2018-11-12,97.54000091552734,14243.9,1201.300048828125,2528146874.6954017
2018-11-13,97.30000305175781,14243.9,1199.199951171875,2499097351.6589766
2018-11-14,96.80000305175781,14243.9,1207.9000244140625,2451965082.0197406
2018-11-15,96.93000030517578,14243.9,1212.800048828125,2502577371.3471384
2018-11-16,96.47000122070312,14243.9,1220.800048828125,2517263157.8526974
2018-11-17,96.47000122070312,14243.9,1220.800048828125,2525490380.037641
2018-11-18,96.47000122070312,14243.9,1220.800048828125,2541264885.2882304
2018-11-19,96.19000244140625,14243.9,1223.0999755859375,2490731721.275924
2018-11-20,96.80999755859375,14243.9,1219.0,2469757977.5729237
2018-11-21,96.70999908447266,14243.9,1225.800048828125,2511307532.1693316
2018-11-22,96.70999908447266,14243.9,1225.800048828125,2505908228.841536
2018-11-23,96.91999816894531,14243.9,1221.0,2503148452.403889
2018-11-24,96.91999816894531,14243.9,1221.0,2487447512.424896
2018-11-25,96.91999816894531,14243.9,1221.0,2485082845.890476
2018-11-26,97.06999969482422,14243.9,1220.199951171875,2486525897.851453
2018-11-27,97.37000274658203,14243.9,1211.199951171875,2509744581.224897
2018-11-28,96.79000091552734,14243.9,1221.4000244140625,2552030763.6431684
2018-11-29,96.77999877929688,14243.9,1224.0999755859375,2547274152.8554845
2018-11-30,97.2699966430664,14257.6,1220.199951171875,2534756298.1314697
2018-12-01,97.2699966430664,14257.6,1220.199951171875,2550780333.425445
2018-12-02,97.2699966430664,14257.6,1220.199951171875,2541492875.9400597
2018-12-03,97.04000091552734,14257.6,1233.9000244140625,2540864963.9985247
2018-12-04,96.97000122070312,14257.6,1241.0999755859375,2548208126.8816557
2018-12-05,96.97000122070312,14257.6,1241.0999755859375,2529778303.5802937
2018-12-06,96.80999755859375,14257.6,1238.0999755859375,2529193674.0071826
2018-12-07,96.51000213623047,14257.6,1246.800048828125,2564477424.275219
2018-12-08,96.51000213623047,14257.6,1246.800048828125,2569098904.8915744
2018-12-09,96.51000213623047,14257.6,1246.800048828125,2566628477.376257
2018-12-10,97.22000122070312,14257.6,1243.699951171875,2559975211.0401
2018-12-11,97.38999938964844,14257.6,1241.9000244140625,2556905746.7775435
2018-12-12,97.04000091552734,14257.6,1244.4000244140625,2566527979.4658566
2018-12-13,97.05999755859375,14257.6,1242.699951171875,2548981989.6104264
2018-12-14,97.44000244140625,14257.6,1237.0,2553641324.035449
2018-12-15,97.44000244140625,14257.6,1237.0,2553436816.8758063
2018-12-16,97.44000244140625,14257.6,1237.0,2550092427.837816
2018-12-17,97.0999984741211,14257.6,1247.4000244140625,2575370295.576203
2018-12-18,97.13999938964844,14257.6,1249.199951171875,2586919618.864933
2018-12-19,97.04000091552734,14257.6,1252.0999755859375,2591721902.909212
2018-12-20,96.27999877929688,14257.6,1263.5999755859375,2597286303.283492
2018-12-21,96.95999908447266,14257.6,1253.800048828125,2582025895.975566
2018-12-22,96.95999908447266,14257.6,1253.800048828125,2601656816.164329
2018-12-23,96.95999908447266,14257.6,1253.800048828125,2590555732.192559
2018-12-24,96.55000305175781,14257.6,1267.5,2594515458.7778583
2018-12-25,96.55000305175781,14257.6,1267.5,2608066452.639899
2018-12-26,97.05000305175781,14257.6,1269.199951171875,2600376035.05656
2018-12-27,96.4800033569336,14257.6,1277.300048828125,2596540693.6343937
2018-12-28,96.38999938964844,14257.6,1279.9000244140625,2610703078.6593704
2018-12-29,96.38999938964844,14257.6,1279.9000244140625,2606106693.0283937
2018-12-30,96.38999938964844,14257.6,1279.9000244140625,2600302705.5773983
2018-12-31,96.16999816894531,14288.4,1278.300048828125,2576702927.515476
2019-01-01,96.16999816894531,14288.4,1278.300048828125,2591237308.097769
2019-01-02,96.81999969482422,14288.4,1281.0,2604024685.413448
2019-01-03,96.30999755859375,14288.4,1291.800048828125,2595404864.434813
2019-01-04,96.19000244140625,14288.4,1282.699951171875,2600908119.8843093
2019-01-05,96.19000244140625,14288.4,1282.699951171875,2599069623.885653
2019-01-06,96.19000244140625,14288.4,1282.699951171875,2612572097.066201
2019-01-07,95.70999908447266,14288.4,1286.800048828125,2599217264.4031687
2019-01-08,95.9000015258789,14288.4,1283.199951171875,2600986554.8949904
2019-01-09,95.22000122070312,14288.4,1289.300048828125,2602166055.917729
2019-01-10,95.54000091552734,14288.4,1284.699951171875,2610084098.669636
2019-01-11,95.66999816894531,14288.4,1287.0999755859375,2605167187.349002
2019-01-12,95.66999816894531,14288.4,1287.0999755859375,2604617562.6331425
2019-01-13,95.66999816894531,14288.4,1287.0999755859375,2608369123.188807
2019-01-14,95.58999633789062,14288.4,1289.0999755859375,2605415354.791999
2019-01-15,95.97000122070312,14288.4,1286.199951171875,2602942979.923131
2019-01-16,96.05999755859375,14288.4,1291.5999755859375,2593715438.0842056
2019-01-17,96.06999969482422,14288.4,1291.0,2596369821.511849
2019-01-18,96.33999633789062,14288.4,1281.300048828125,2587663764.770364
2019-01-19,96.33999633789062,14288.4,1281.300048828125,2594628630.0503254
2019-01-20,96.33999633789062,14288.4,1281.300048828125,2580435782.254767
2019-01-21,96.33999633789062,14288.4,1281.300048828125,2584370558.6509686
2019-01-22,96.30000305175781,14288.4,1282.5,2582254345.820497
2019-01-23,96.12000274658203,14288.4,1283.0999755859375,2581702002.0806894
2019-01-24,96.5999984741211,14288.4,1279.0999755859375,2580741546.483448
2019-01-25,95.79000091552734,14288.4,1297.4000244140625,2575082454.655042
2019-01-26,95.79000091552734,14288.4,1297.4000244140625,2572634596.5959625
2019-01-27,95.79000091552734,14288.4,1297.4000244140625,2565085220.0251274
2019-01-28,95.75,14288.4,1302.4000244140625,2577340716.5451007
2019-01-29,95.81999969482422,14288.4,1308.199951171875,2568998057.296281
2019-01-30,95.33999633789062,14392.0,1309.9000244140625,2562454705.328758
2019-01-31,95.58000183105469,14392.0,1319.699951171875,2564527175.4032807
2019-02-01,95.58000183105469,14392.0,1316.9000244140625,2560011437.2991805
2019-02-02,95.58000183105469,14392.0,1316.9000244140625,2558125764.3445463
2019-02-03,95.58000183105469,14392.0,1316.9000244140625,2547329550.629856
2019-02-04,95.8499984741211,14392.0,1314.300048828125,2541566811.5091095
2019-02-05,96.0999984741211,14392.0,1314.199951171875,2551104472.717063
2019-02-06,96.41999816894531,14392.0,1309.5,2550115648.990461
2019-02-07,96.51000213623047,14392.0,1309.4000244140625,2552114847.28494
2019-02-08,96.63999938964844,14392.0,1313.699951171875,2553130435.611038
2019-02-09,96.63999938964844,14392.0,1313.699951171875,2551448686.030759
2019-02-10,96.63999938964844,14392.0,1313.699951171875,2558811795.9178677
2019-02-11,97.05999755859375,14392.0,1307.0,2551411163.162193
2019-02-12,96.70999908447266,14392.0,1309.199951171875,2548827617.6981626
2019-02-13,97.12999725341797,14392.0,1310.800048828125,2553087240.3260245
2019-02-14,96.9800033569336,14392.0,1309.800048828125,2557236827.530993
2019-02-15,96.91999816894531,14392.0,1318.0999755859375,2556185389.025275
2019-02-16,96.91999816894531,14392.0,1318.0999755859375,2555919970.5219135
2019-02-17,96.91999816894531,14392.0,1318.0999755859375,2551096084.8223
2019-02-18,96.91999816894531,14392.0,1318.0999755859375,2561237453.5195413
2019-02-19,96.5199966430664,14392.0,1340.0999755859375,2562792895.1652327
2019-02-20,96.44999694824219,14392.0,1343.300048828125,2558721765.6955514
2019-02-21,96.61000061035156,14392.0,1323.5,2554154825.3759665
2019-02-22,96.51000213623047,14392.0,1329.199951171875,2565979182.443812
2019-02-23,96.51000213623047,14392.0,1329.199951171875,2576104743.288371
2019-02-24,96.51000213623047,14392.0,1329.199951171875,2567508348.587873
2019-02-25,96.41000366210938,14392.0,1325.9000244140625,2572596920.7386246
2019-02-26,96.0,14392.0,1325.0999755859375,2569647213.649932
2019-02-27,96.1500015258789,14392.0,1317.699951171875,2565194516.361242
2019-02-28,96.16000366210938,14392.0,1312.800048828125,2565139615.7043257
2019-03-01,96.52999877929688,14392.0,1296.4000244140625,2569767953.598172
2019-03-02,96.52999877929688,14460.2,1296.4000244140625,2575213907.579985
2019-03-03,96.52999877929688,14460.2,1296.4000244140625,2565462753.0798044
2019-03-04,96.68000030517578,14460.2,1284.800048828125,2570292502.114055
2019-03-05,96.8499984741211,14460.2,1282.0,2573723890.670144
2019-03-06,96.87000274658203,14460.2,1284.9000244140625,2570466322.2657466
2019-03-07,97.66999816894531,14460.2,1283.800048828125,2568354261.1138973
2019-03-08,97.37000274658203,14460.2,1297.0,2562748518.8314
2019-03-09,97.37000274658203,14460.2,1297.0,2564750160.0288606
2019-03-10,97.37000274658203,14460.2,1297.0,2567202145.7613106
2019-03-11,97.22000122070312,14460.2,1288.800048828125,2566981140.840665
2019-03-12,96.94000244140625,14460.2,1296.300048828125,2565229987.371453
2019-03-13,96.55000305175781,14460.2,1307.5,2568622040.7135034
2019-03-14,96.79000091552734,14460.2,1293.4000244140625,2564209009.5290504
2019-03-15,96.5999984741211,14460.2,1301.800048828125,2567031199.0983047
2019-03-16,96.5999984741211,14460.2,1301.800048828125,2570389895.6764874
2019-03-17,96.5999984741211,14460.2,1301.800048828125,2570338902.95268
2019-03-18,96.5199966430664,14460.2,1300.300048828125,2568222351.1175146
2019-03-19,96.37999725341797,14460.2,1305.0,2569438537.893036
2019-03-20,95.76000213623047,14460.2,1300.5,2575109250.698324
2019-03-21,96.5,14460.2,1306.0999755859375,2572052708.9458447
2019-03-22,96.6500015258789,14460.2,1311.5999755859375,2575339087.503313
2019-03-23,96.6500015258789,14460.2,1311.5999755859375,2567149553.948024
2019-03-24,96.6500015258789,14460.2,1311.5999755859375,2566620213.0899224
2019-03-25,96.56999969482422,14460.2,1321.9000244140625,2562213388.8700485
2019-03-26,96.73999786376953,14460.2,1314.300048828125,2564183148.2395434
2019-03-27,96.7699966430664,14460.2,1309.9000244140625,2572802437.964237
2019-03-28,97.19999694824219,14460.2,1289.800048828125,2570047154.595583
2019-03-29,97.27999877929688,14460.2,1293.0,2573054151.335005
2019-03-30,97.27999877929688,14460.2,1293.0,2575169795.379864
2019-03-31,97.27999877929688,14460.2,1293.0,2574558126.7917686
2019-04-01,97.25,14460.2,1288.4000244140625,2575776229.730676
2019-04-02,97.36000061035156,14506.6,1290.0,2602352375.9998856
2019-04-03,97.08999633789062,14506.6,1289.9000244140625,2592928740.411017
2019-04-04,97.30999755859375,14506.6,1289.0,2587790153.652272
2019-04-05,97.4000015258789,14506.6,1290.4000244140625,2595501361.843329
2019-04-06,97.4000015258789,14506.6,1290.4000244140625,2581152357.227181
2019-04-07,97.4000015258789,14506.6,1290.4000244140625,2590590076.6580377
2019-04-08,97.05000305175781,14506.6,1297.0999755859375,2651333687.6998253
2019-04-09,97.01000213623047,14506.6,1303.5,2649499427.0891724
2019-04-10,96.94999694824219,14506.6,1309.0999755859375,2686516159.321432
2019-04-11,97.18000030517578,14506.6,1288.5999755859375,2692361730.7331796
2019-04-12,96.97000122070312,14506.6,1290.5999755859375,2693877067.069121
2019-04-13,96.97000122070312,14506.6,1290.5999755859375,2692025090.6332803
2019-04-14,96.97000122070312,14506.6,1290.5999755859375,2696620669.979088
2019-04-15,96.94000244140625,14506.6,1286.800048828125,2752090609.135544
2019-04-16,97.04000091552734,14506.6,1272.5999755859375,2763292307.958332
2019-04-17,97.01000213623047,14506.6,1272.199951171875,2761147239.0279922
2019-04-18,97.47000122070312,14506.6,1271.9000244140625,2811520196.596293
2019-04-19,97.47000122070312,14506.6,1271.9000244140625,2814970505.144472
2019-04-20,97.47000122070312,14506.6,1271.9000244140625,2813307177.286609
2019-04-21,97.47000122070312,14506.6,1271.9000244140625,2820220087.8464355
2019-04-22,97.27999877929688,14506.6,1273.5,2814585554.97222
2019-04-23,97.56999969482422,14506.6,1269.300048828125,2812030601.9359336
2019-04-24,98.0999984741211,14506.6,1275.5,3235054288.876289
2019-04-25,98.19999694824219,14506.6,1275.800048828125,3264335484.292737
2019-04-26,98.01000213623047,14506.6,1284.9000244140625,3228883858.0995455
2019-04-27,98.01000213623047,14506.6,1284.9000244140625,3276299079.955288
2019-04-28,98.01000213623047,14506.6,1284.9000244140625,3257796153.6053853
2019-04-29,97.86000061035156,14506.6,1278.5999755859375,3302191056.788744
2019-04-30,97.4800033569336,14559.5,1282.800048828125,3325190710.288244
2019-05-01,97.69000244140625,14559.5,1281.4000244140625,3315105647.45192
2019-05-02,97.83000183105469,14559.5,1269.699951171875,3294613376.0624156
2019-05-03,97.5199966430664,14559.5,1279.199951171875,3296750158.263019
2019-05-04,97.5199966430664,14559.5,1279.199951171875,3324559930.396349
2019-05-05,97.5199966430664,14559.5,1279.199951171875,3323149380.2849894
2019-05-06,97.5199966430664,14559.5,1281.699951171875,3322633974.805484
2019-05-07,97.62999725341797,14559.5,1283.5,3311611736.4823256
2019-05-08,97.62000274658203,14559.5,1279.4000244140625,3332963419.3889585
2019-05-09,97.37000274658203,14559.5,1283.5,3342410736.55
2019-05-10,97.33000183105469,14559.5,1285.699951171875,3268061151.469042
2019-05-11,97.33000183105469,14559.5,1285.699951171875,3297863398.685888
2019-05-12,97.33000183105469,14559.5,1285.699951171875,3284348081.6354365
2019-05-13,97.31999969482422,14559.5,1300.0999755859375,3289333768.3725967
2019-05-14,97.52999877929688,14559.5,1294.699951171875,3292125328.5474706
2019-05-15,97.56999969482422,14559.5,1296.300048828125,3268622772.682686
2019-05-16,97.83999633789062,14559.5,1285.0,3259923610.329977
2019-05-17,98.0,14559.5,1274.5,3257251629.1527734
2019-05-18,98.0,14559.5,1274.5,3263446383.0758557
2019-05-19,98.0,14559.5,1274.5,3275692295.286336
2019-05-20,97.93000030517578,14559.5,1276.0999755859375,3280004630.3172846
2019-05-21,98.05999755859375,14559.5,1272.0,3277911264.400869
2019-05-22,98.11000061035156,14559.5,1273.5999755859375,3256197996.3194795
2019-05-23,97.8499984741211,14559.5,1284.800048828125,3272210556.584555
2019-05-24,97.61000061035156,14559.5,1283.0,3368434661.0770445
2019-05-25,97.61000061035156,14559.5,1283.0,3375671185.1773343
2019-05-26,97.61000061035156,14559.5,1283.0,3391713417.2693315
2019-05-27,97.61000061035156,14559.5,1283.0,3366336754.683417
2019-05-28,97.95999908447266,14559.5,1276.5,3359167561.1462665
2019-05-29,98.13999938964844,14559.5,1280.5999755859375,3515253597.260811
2019-05-30,98.13999938964844,14559.5,1287.0999755859375,3511008382.6050286
2019-05-31,97.75,14594.0,1305.800048828125,3504092767.8558607
2019-06-01,97.75,14594.0,1305.800048828125,3512522959.8966503
2019-06-02,97.75,14594.0,1305.800048828125,3512991605.948641
2019-06-03,97.13999938964844,14594.0,1322.699951171875,3502607465.638935
2019-06-04,97.06999969482422,14594.0,1323.4000244140625,3503097837.5959215
2019-06-05,97.37000274658203,14594.0,1328.300048828125,3515322687.552512
2019-06-06,97.02999877929688,14594.0,1337.5999755859375,3518578998.0525284
2019-06-07,96.61000061035156,14594.0,1341.199951171875,3516607534.413463
2019-06-08,96.61000061035156,14594.0,1341.199951171875,3522564769.7313037
2019-06-09,96.61000061035156,14594.0,1341.199951171875,3512633493.2949667
2019-06-10,96.76000213623047,14594.0,1324.699951171875,3521741244.773912
2019-06-11,96.69000244140625,14594.0,1326.4000244140625,3672302681.553511
2019-06-12,97.0,14594.0,1331.9000244140625,3667057924.3628225
2019-06-13,97.01000213623047,14594.0,1339.199951171875,3665640080.049165
2019-06-14,97.56999969482422,14594.0,1340.0999755859375,3677133429.313448
2019-06-15,97.56999969482422,14594.0,1340.0999755859375,3674772169.768785
2019-06-16,97.56999969482422,14594.0,1340.0999755859375,3762297105.2701216
2019-06-17,97.55999755859375,14594.0,1338.699951171875,3768527900.069813
2019-06-18,97.63999938964844,14594.0,1346.5999755859375,3753817856.3619375
2019-06-19,97.12000274658203,14594.0,1344.5999755859375,3765630931.1238794
2019-06-20,96.62999725341797,14594.0,1392.9000244140625,3766139108.0728393
2019-06-21,96.22000122070312,14594.0,1396.199951171875,3873765181.0043216
2019-06-22,96.22000122070312,14594.0,1396.199951171875,3836955312.6060257
2019-06-23,96.22000122070312,14594.0,1396.199951171875,3835680320.669137
2019-06-24,95.9800033569336,14594.0,1414.300048828125,3846502165.2376137
2019-06-25,96.16000366210938,14594.0,1414.9000244140625,3839993451.9018736
2019-06-26,96.20999908447266,14594.0,1411.5999755859375,3797470323.8004546
2019-06-27,96.19000244140625,14594.0,1408.4000244140625,3792699589.292684
2019-06-28,96.12999725341797,14594.0,1409.699951171875,3839514342.455177
2019-06-29,96.12999725341797,14594.0,1409.699951171875,3848106149.6135807
2019-06-30,96.12999725341797,14703.2,1409.699951171875,3815026042.23304
2019-07-01,96.83999633789062,14703.2,1385.5999755859375,3940032174.513667
2019-07-02,96.7300033569336,14703.2,1404.5999755859375,3956069932.4796705
2019-07-03,96.7699966430664,14703.2,1417.699951171875,3970893136.066905
2019-07-04,96.7699966430664,14703.2,1417.699951171875,4058374511.991579
2019-07-05,97.25,14703.2,1396.699951171875,4063456798.5727954
2019-07-06,97.25,14703.2,1396.699951171875,4053711274.0100703
2019-07-07,97.25,14703.2,1396.699951171875,4078705402.071311
2019-07-08,97.37999725341797,14703.2,1397.0,4174927905.845076
2019-07-09,97.48999786376953,14703.2,1397.5,4265607159.0862026
2019-07-10,97.0999984741211,14703.2,1410.0999755859375,4251747803.9739327
2019-07-11,97.05000305175781,14703.2,1404.300048828125,4262187805.908865
2019-07-12,96.80999755859375,14703.2,1409.9000244140625,4273723036.743488
2019-07-13,96.80999755859375,14703.2,1409.9000244140625,4312445461.07903
2019-07-14,96.80999755859375,14703.2,1409.9000244140625,4308292248.159151
2019-07-15,96.93000030517578,14703.2,1411.4000244140625,4314967493.565308
2019-07-16,97.4000015258789,14703.2,1409.199951171875,4306340661.141393
2019-07-17,97.22000122070312,14703.2,1421.300048828125,4368086237.137676
2019-07-18,96.79000091552734,14703.2,1426.0999755859375,4371447392.187995
2019-07-19,97.1500015258789,14703.2,1425.0999755859375,4378751411.295825
2019-07-20,97.1500015258789,14703.2,1425.0999755859375,4372824390.694339
2019-07-21,97.1500015258789,14703.2,1425.0999755859375,4372612531.428248
2019-07-22,97.26000213623047,14703.2,1425.300048828125,4360860834.58804
2019-07-23,97.70999908447266,14703.2,1420.0999755859375,4364318009.831345
2019-07-24,97.7300033569336,14703.2,1422.800048828125,4373529950.4867325
2019-07-25,97.81999969482422,14703.2,1413.9000244140625,4371304607.90012
2019-07-26,98.01000213623047,14703.2,1418.5,4378351505.461932
2019-07-27,98.01000213623047,14703.2,1418.5,4367318273.125461
2019-07-28,98.01000213623047,14703.2,1418.5,4369500559.814673
2019-07-29,98.04000091552734,14703.2,1419.5999755859375,4360975017.906698
2019-07-30,98.05000305175781,14703.2,1429.699951171875,4375248569.348906
2019-07-31,98.5199966430664,14798.8,1426.0999755859375,4381869873.3372965
2019-08-01,98.38999938964844,14798.8,1420.9000244140625,4389484812.994345
2019-08-02,98.0999984741211,14798.8,1445.5999755859375,4379714820.448329
2019-08-03,98.0999984741211,14798.8,1445.5999755859375,4378135919.217325
2019-08-04,98.0999984741211,14798.8,1445.5999755859375,4396648645.5233135
2019-08-05,97.5,14798.8,1464.5999755859375,4200634392.6504006
2019-08-06,97.62999725341797,14798.8,1472.4000244140625,4194740269.24132
2019-08-07,97.54000091552734,14798.8,1507.300048828125,4198496711.048074
2019-08-08,97.62000274658203,14798.8,1497.699951171875,4199568750.963976
2019-08-09,97.48999786376953,14798.8,1496.5999755859375,4201626050.781141
2019-08-10,97.48999786376953,14798.8,1496.5999755859375,4196886031.315975
2019-08-11,97.48999786376953,14798.8,1496.5999755859375,4201909194.225511
2019-08-12,97.37999725341797,14798.8,1505.300048828125,4200852174.632257
2019-08-13,97.80999755859375,14798.8,1502.199951171875,4190682885.1628776
2019-08-14,97.98999786376953,14798.8,1515.9000244140625,4190729280.1157193
2019-08-15,98.13999938964844,14798.8,1519.5999755859375,4208853663.0381656
2019-08-16,98.13999938964844,14798.8,1512.5,4213184264.750458
2019-08-17,98.13999938964844,14798.8,1512.5,4205874258.162564
2019-08-18,98.13999938964844,14798.8,1512.5,4211641870.6058
2019-08-19,98.3499984741211,14798.8,1500.4000244140625,4209799737.694112
2019-08-20,98.19000244140625,14798.8,1504.5999755859375,4208044599.040716
2019-08-21,98.30000305175781,14798.8,1504.5999755859375,4199477543.5548086
2019-08-22,98.16999816894531,14798.8,1497.300048828125,4210720328.9676
2019-08-23,97.63999938964844,14798.8,1526.5999755859375,4212793628.317021
2019-08-24,97.63999938964844,14798.8,1526.5999755859375,4210377738.0901966
2019-08-25,97.63999938964844,14798.8,1526.5999755859375,4206452958.0468016
2019-08-26,98.08000183105469,14798.8,1526.300048828125,4202801860.037378
2019-08-27,98.0,14798.8,1541.0,4200914221.275048
2019-08-28,98.20999908447266,14798.8,1537.800048828125,4199836808.185101
2019-08-29,98.51000213623047,14798.8,1526.5,4203650780.056351
2019-08-30,98.91999816894531,14882.7,1519.0999755859375,4206911463.0875087
2019-08-31,98.91999816894531,14882.7,1519.0999755859375,4210458303.631552
2019-09-01,98.91999816894531,14882.7,1519.0999755859375,4214027591.4658985
2019-09-02,98.91999816894531,14882.7,1519.0999755859375,4231054953.1100016
2019-09-03,98.94999694824219,14882.7,1545.9000244140625,4238805657.630847
2019-09-04,98.44999694824219,14882.7,1550.300048828125,4237735020.080888
2019-09-05,98.41000366210938,14882.7,1515.4000244140625,4238312237.7072334
2019-09-06,98.38999938964844,14882.7,1506.199951171875,4276345864.306285
2019-09-07,98.38999938964844,14882.7,1506.199951171875,4283733101.8679366
2019-09-08,98.38999938964844,14882.7,1506.199951171875,4277892992.4108095
2019-09-09,98.27999877929688,14882.7,1502.199951171875,4274507738.4777174
2019-09-10,98.33000183105469,14882.7,1490.300048828125,4288512988.563972
2019-09-11,98.6500015258789,14882.7,1494.4000244140625,4293456746.071601
2019-09-12,98.30999755859375,14882.7,1498.699951171875,4598705584.9796095
2019-09-13,98.26000213623047,14882.7,1490.9000244140625,4619313300.620555
2019-09-14,98.26000213623047,14882.7,1490.9000244140625,4622061712.429241
2019-09-15,98.26000213623047,14882.7,1490.9000244140625,4615920541.090535
2019-09-16,98.6500015258789,14882.7,1503.0999755859375,4215633388.218961
2019-09-17,98.26000213623047,14882.7,1505.0999755859375,4205139586.374635
2019-09-18,98.5999984741211,14882.7,1507.5,4207534048.0197306
2019-09-19,98.2699966430664,14882.7,1498.4000244140625,4219139981.043705
2019-09-20,98.51000213623047,14882.7,1507.300048828125,4204681685.0401735
2019-09-21,98.51000213623047,14882.7,1507.300048828125,4204840944.24272
2019-09-22,98.51000213623047,14882.7,1507.300048828125,4208665663.1056848
2019-09-23,98.5999984741211,14882.7,1523.699951171875,4203762923.263728
2019-09-24,98.33999633789062,14882.7,1532.0999755859375,4238791225.6845746
2019-09-25,99.04000091552734,14882.7,1504.5999755859375,4223191803.832672
2019-09-26,99.20999908447266,14882.7,1507.5,4213608265.129804
2019-09-27,99.11000061035156,14882.7,1499.0999755859375,4221696825.337272
2019-09-28,99.11000061035156,14882.7,1499.0999755859375,4217950824.1036
2019-09-29,99.11000061035156,14882.7,1499.0999755859375,4216710472.843096
2019-09-30,99.37999725341797,14974.4,1465.699951171875,4252190024.541684
2019-10-01,99.12999725341797,14974.4,1482.0,4254427376.2749887
2019-10-02,99.04000091552734,14974.4,1501.0,4260277223.190155
2019-10-03,98.86000061035156,14974.4,1507.0999755859375,4258784985.1571913
2019-10-04,98.80999755859375,14974.4,1506.199951171875,4271949273.6970544
2019-10-05,98.80999755859375,14974.4,1506.199951171875,4277592765.246253
2019-10-06,98.80999755859375,14974.4,1506.199951171875,4265177853.9232335
2019-10-07,98.98999786376953,14974.4,1497.699951171875,4322270768.839193
2019-10-08,99.13999938964844,14974.4,1497.199951171875,4313958892.530516
2019-10-09,99.12000274658203,14974.4,1506.0999755859375,4323448570.927508
2019-10-10,98.70999908447266,14974.4,1494.800048828125,4352444391.11952
2019-10-11,98.30000305175781,14974.4,1482.699951171875,4360540071.873647
2019-10-12,98.30000305175781,14974.4,1482.699951171875,4366440621.796989
2019-10-13,98.30000305175781,14974.4,1482.699951171875,4363538202.700864
2019-10-14,98.44999694824219,14974.4,1491.699951171875,4368642618.606294
2019-10-15,98.29000091552734,14974.4,1477.5999755859375,4366481129.51381
2019-10-16,98.01000213623047,14974.4,1488.0,4366249230.916039
2019-10-17,97.61000061035156,14974.4,1492.300048828125,4368416612.7798605
2019-10-18,97.27999877929688,14974.4,1488.199951171875,4391217016.584008
2019-10-19,97.27999877929688,14974.4,1488.199951171875,4420339770.213519
2019-10-20,97.27999877929688,14974.4,1488.199951171875,4432680287.324416
2019-10-21,97.33000183105469,14974.4,1482.4000244140625,4456816181.3275385
2019-10-22,97.52999877929688,14974.4,1481.699951171875,4475784566.078092
2019-10-23,97.47000122070312,14974.4,1489.9000244140625,4509225650.795344
2019-10-24,97.62999725341797,14974.4,1498.9000244140625,4627046651.260695
2019-10-25,97.83000183105469,14974.4,1499.5,4806922878.245162
2019-10-26,97.83000183105469,14974.4,1499.5,4895727692.894494
2019-10-27,97.83000183105469,14974.4,1499.5,4954338075.366055
2019-10-28,97.76000213623047,14974.4,1490.0,4994416522.3410225
2019-10-29,97.69000244140625,14974.4,1487.0,4626663031.025554
2019-10-30,97.6500015258789,14974.4,1493.199951171875,4622004906.244748
2019-10-31,97.3499984741211,15047.2,1511.4000244140625,4636020842.55536
2019-11-01,97.23999786376953,15047.2,1508.0,4639772641.110631
2019-11-02,97.23999786376953,15047.2,1508.0,4640790088.878299
2019-11-03,97.23999786376953,15047.2,1508.0,4638875054.471565
2019-11-04,97.51000213623047,15047.2,1508.0,4651243082.805398
2019-11-05,97.9800033569336,15047.2,1480.800048828125,4647788231.9618635
2019-11-06,97.94999694824219,15047.2,1490.199951171875,4643676664.764809
2019-11-07,98.13999938964844,15047.2,1464.199951171875,4640344047.983633
2019-11-08,98.3499984741211,15047.2,1461.300048828125,4639364976.656674
2019-11-09,98.3499984741211,15047.2,1461.300048828125,4641432602.020257
2019-11-10,98.3499984741211,15047.2,1461.300048828125,4642638593.821271
2019-11-11,98.19999694824219,15047.2,1455.5,4636792653.38364
2019-11-12,98.30999755859375,15047.2,1452.0999755859375,4639840880.0149765
2019-11-13,98.37000274658203,15047.2,1461.699951171875,4634516377.510012
2019-11-14,98.16000366210938,15047.2,1471.800048828125,4635402970.25817
2019-11-15,98.0,15047.2,1467.300048828125,4637624125.730713
2019-11-16,98.0,15047.2,1467.300048828125,4639609588.899394
2019-11-17,98.0,15047.2,1467.300048828125,4644200834.219565
2019-11-18,97.79000091552734,15047.2,1470.9000244140625,4634407006.544276
2019-11-19,97.86000061035156,15047.2,1473.300048828125,4637831315.1768675
2019-11-20,97.93000030517578,15047.2,1473.300048828125,4633150933.086606
2019-11-21,97.98999786376953,15047.2,1463.0999755859375,4638595157.257568
2019-11-22,98.2699966430664,15047.2,1463.0999755859375,4649610172.069764
2019-11-23,98.2699966430664,15047.2,1463.0999755859375,4677987568.224077
2019-11-24,98.2699966430664,15047.2,1463.0999755859375,4672639422.144194
2019-11-25,98.31999969482422,15047.2,1456.5999755859375,4679159276.558896
2019-11-26,98.25,15047.2,1459.800048828125,4679960725.642005
2019-11-27,98.41000366210938,15047.2,1453.4000244140625,4680106040.300491
2019-11-28,98.41000366210938,15047.2,1453.4000244140625,4681734336.306968
2019-11-29,98.2699966430664,15047.2,1465.5999755859375,4679861784.984582
2019-11-30,98.2699966430664,15185.6,1465.5999755859375,4682828833.884564
2019-12-01,98.2699966430664,15185.6,1465.5999755859375,4682166991.670728
2019-12-02,97.86000061035156,15185.6,1462.300048828125,4681766042.125868
2019-12-03,97.73999786376953,15185.6,1478.199951171875,4682041435.328467
2019-12-04,97.6500015258789,15185.6,1474.0,4676939621.997208
2019-12-05,97.41000366210938,15185.6,1476.9000244140625,4678138312.862458
2019-12-06,97.69999694824219,15185.6,1459.0999755859375,4687686361.313425
2019-12-07,97.69999694824219,15185.6,1459.0999755859375,4684410509.44916
2019-12-08,97.69999694824219,15185.6,1459.0999755859375,4683049088.018641
2019-12-09,97.63999938964844,15185.6,1459.300048828125,4872618602.846722
2019-12-10,97.41000366210938,15185.6,1462.5999755859375,4654997746.637112
2019-12-11,97.16000366210938,15185.6,1469.4000244140625,4692238876.519719
2019-12-12,97.4000015258789,15185.6,1466.699951171875,4689260679.983212
2019-12-13,97.16999816894531,15185.6,1475.5999755859375,4691641173.258592
2019-12-14,97.16999816894531,15185.6,1475.5999755859375,4693019848.841357
2019-12-15,97.16999816894531,15185.6,1475.5999755859375,4690716149.00208
2019-12-16,97.06999969482422,15185.6,1475.0,4685817446.894114
2019-12-17,97.20999908447266,15185.6,1474.5999755859375,4689469310.726786
2019-12-18,97.41000366210938,15185.6,1472.5999755859375,4727447825.887064
2019-12-19,97.41999816894531,15185.6,1478.199951171875,4720379669.480625
2019-12-20,97.70999908447266,15185.6,1474.699951171875,4753171727.234583
2019-12-21,97.70999908447266,15185.6,1474.699951171875,4753703869.96958
2019-12-22,97.70999908447266,15185.6,1474.699951171875,4754598550.660419
2019-12-23,97.66000366210938,15185.6,1482.5,4749116006.295714
2019-12-24,97.6500015258789,15185.6,1499.0999755859375,4745702698.770441
2019-12-25,97.6500015258789,15185.6,1499.0999755859375,4743295630.570276
2019-12-26,97.58999633789062,15185.6,1509.300048828125,4742097329.645952
2019-12-27,96.91999816894531,15185.6,1513.800048828125,4765717592.223873
2019-12-28,96.91999816894531,15185.6,1513.800048828125,4762966043.88452
2019-12-29,96.91999816894531,15185.6,1513.800048828125,4767315383.24814
2019-12-30,96.73999786376953,15185.6,1514.5,4754627938.67421
2019-12-31,96.38999938964844,15301.3,1519.5,4748118016.006871
2020-01-01,96.38999938964844,15301.3,1519.5,4752418171.156212
2020-01-02,96.8499984741211,15301.3,1524.5,4756438216.308705
2020-01-03,96.83999633789062,15301.3,1549.199951171875,4762982831.818616
2020-01-04,96.83999633789062,15301.3,1549.199951171875,4764146550.778796
2020-01-05,96.83999633789062,15301.3,1549.199951171875,4765028008.062704
2020-01-06,96.66999816894531,15301.3,1566.199951171875,4773232768.426101
2020-01-07,96.9800033569336,15301.3,1571.800048828125,4772760656.883958
2020-01-08,97.30000305175781,15301.3,1557.4000244140625,4767382333.649132
2020-01-09,97.44999694824219,15301.3,1551.699951171875,4767656646.4895
2020-01-10,97.36000061035156,15301.3,1557.5,4768168104.101008
2020-01-11,97.36000061035156,15301.3,1557.5,4769792628.521489
2020-01-12,97.36000061035156,15301.3,1557.5,4768931340.526911
2020-01-13,97.3499984741211,15301.3,1548.4000244140625,4769391687.278313
2020-01-14,97.37000274658203,15301.3,1542.4000244140625,4770313751.4034195
2020-01-15,97.2300033569336,15301.3,1552.0999755859375,4766189520.230832
2020-01-16,97.31999969482422,15301.3,1549.0,4764307534.861872
2020-01-17,97.61000061035156,15301.3,1558.800048828125,4759524013.304398
2020-01-18,97.61000061035156,15301.3,1558.800048828125,4769449461.228352
2020-01-19,97.61000061035156,15301.3,1558.800048828125,4764154961.485471
2020-01-20,97.61000061035156,15301.3,1558.800048828125,4761436465.732824
2020-01-21,97.52999877929688,15301.3,1556.4000244140625,4762770766.092732
2020-01-22,97.52999877929688,15301.3,1555.300048828125,4758718694.573607
2020-01-23,97.69000244140625,15301.3,1564.5999755859375,4759071239.252549
2020-01-24,97.8499984741211,15301.3,1571.0999755859375,4762059888.210533
2020-01-25,97.8499984741211,15301.3,1571.0999755859375,4761396936.938339
2020-01-26,97.8499984741211,15301.3,1571.0999755859375,4759048573.179008
2020-01-27,97.95999908447266,15301.3,1576.800048828125,4760563875.961117
2020-01-28,98.0199966430664,15301.3,1569.199951171875,4775845491.287187
2020-01-29,97.98999786376953,15301.3,1569.800048828125,4764888336.5687685
2020-01-30,97.87000274658203,15351.5,1583.5,4762843761.558641
2020-01-31,97.38999938964844,15351.5,1582.9000244140625,4763028857.060338
2020-02-01,97.38999938964844,15351.5,1582.9000244140625,4766900332.087365
2020-02-02,97.38999938964844,15351.5,1582.9000244140625,4763387875.139754
2020-02-03,97.80000305175781,15351.5,1577.199951171875,4763810185.31321
2020-02-04,97.95999908447266,15351.5,1550.4000244140625,4753425076.152619
2020-02-05,98.2699966430664,15351.5,1557.800048828125,4666890555.352765
2020-02-06,98.5,15351.5,1565.0999755859375,4658752635.832976
2020-02-07,98.68000030517578,15351.5,1568.5999755859375,4660238471.513213
2020-02-08,98.68000030517578,15351.5,1568.5999755859375,4668825121.980582
2020-02-09,98.68000030517578,15351.5,1568.5999755859375,4670830721.753386
2020-02-10,98.83000183105469,15351.5,1574.699951171875,4690187601.208722
2020-02-11,98.72000122070312,15351.5,1565.5999755859375,4712271230.443152
2020-02-12,99.05000305175781,15351.5,1567.4000244140625,4700649559.924505
2020-02-13,99.06999969482422,15351.5,1575.0999755859375,4689580183.1472645
2020-02-14,99.12000274658203,15351.5,1582.699951171875,4700520904.781128
2020-02-15,99.12000274658203,15351.5,1582.699951171875,4711176813.481965
2020-02-16,99.12000274658203,15351.5,1582.699951171875,4714557643.572532
2020-02-17,99.12000274658203,15351.5,1582.699951171875,4715586292.179236
2020-02-18,99.45999908447266,15351.5,1600.0,4726039685.852184
2020-02-19,99.5999984741211,15351.5,1607.5,4777197146.841128
2020-02-20,99.87000274658203,15351.5,1616.5999755859375,4784194711.774103
2020-02-21,99.26000213623047,15351.5,1644.5999755859375,4782815356.531077
2020-02-22,99.26000213623047,15351.5,1644.5999755859375,4805062487.270831
2020-02-23,99.26000213623047,15351.5,1644.5999755859375,4810539803.916266
2020-02-24,99.29000091552734,15351.5,1672.4000244140625,4857497425.057902
2020-02-25,98.97000122070312,15351.5,1646.9000244140625,4851454460.8515625
2020-02-26,99.0,15351.5,1640.0,4850266608.348345
2020-02-27,98.44000244140625,15351.5,1640.0,4868196792.325707
2020-02-28,98.12999725341797,15351.5,1564.0999755859375,4876451365.305338
2020-02-29,98.12999725341797,15351.5,1564.0999755859375,4872742160.966392
2020-03-01,98.12999725341797,15425.0,1564.0999755859375,4863776578.616674
2020-03-02,97.36000061035156,15425.0,1592.300048828125,4875305828.993976
2020-03-03,97.1500015258789,15425.0,1642.0999755859375,4872883328.64932
2020-03-04,97.33999633789062,15425.0,1641.0999755859375,4874943796.092524
2020-03-05,96.81999969482422,15425.0,1666.4000244140625,5138165159.379172
2020-03-06,95.94999694824219,15425.0,1670.800048828125,5145498106.783598
2020-03-07,95.94999694824219,15425.0,1670.800048828125,5135874896.538687
2020-03-08,95.94999694824219,15425.0,1670.800048828125,5132006520.834844
2020-03-09,94.9000015258789,15425.0,1674.5,5187227685.029173
2020-03-10,96.41000366210938,15425.0,1659.0999755859375,5192596893.981519
2020-03-11,96.51000213623047,15425.0,1641.4000244140625,5252503574.923324
2020-03-12,97.47000122070312,15425.0,1589.300048828125,5350463942.519047
2020-03-13,98.75,15425.0,1515.699951171875,5548564176.70697
2020-03-14,98.75,15425.0,1515.699951171875,5503813809.859281
2020-03-15,98.75,15425.0,1515.699951171875,5477096194.731768
2020-03-16,98.08999633789062,15425.0,1485.9000244140625,5569632419.086963
2020-03-17,99.58000183105469,15425.0,1524.9000244140625,5732178852.714694
2020-03-18,101.16000366210938,15425.0,1477.300048828125,5793901921.012418
2020-03-19,102.76000213623047,15425.0,1478.5999755859375,5975313494.719268
2020-03-20,102.81999969482422,15425.0,1484.0,6013692930.264608
2020-03-21,102.81999969482422,15425.0,1484.0,6021025386.399215
2020-03-22,102.81999969482422,15425.0,1484.0,6015921747.163976
2020-03-23,102.48999786376953,15425.0,1567.0,6038884097.99608
2020-03-24,101.73999786376953,15425.0,1660.199951171875,6217070174.517478
2020-03-25,101.05000305175781,15425.0,1632.300048828125,6326476448.532757
2020-03-26,99.41999816894531,15425.0,1650.0999755859375,6459177168.824634
2020-03-27,98.37000274658203,15425.0,1623.9000244140625,6435182906.413335
2020-03-28,98.37000274658203,15425.0,1623.9000244140625,6453466602.235655
2020-03-29,98.37000274658203,15425.0,1623.9000244140625,6435807769.083067
2020-03-30,99.18000030517578,15425.0,1622.0,6567635519.372279
2020-03-31,99.05000305175781,15425.0,1583.4000244140625,6569112284.551365
2020-04-01,99.66999816894531,15492.8,1578.199951171875,6757147293.144805
2020-04-02,100.18000030517578,15492.8,1625.699951171875,6856961872.2628
2020-04-03,100.58000183105469,15492.8,1633.699951171875,6863052187.127487
2020-04-04,100.58000183105469,15492.8,1633.699951171875,6870836710.282928
2020-04-05,100.58000183105469,15492.8,1633.699951171875,6865721788.267834
2020-04-06,100.69000244140625,15492.8,1677.0,6983177255.328424
2020-04-07,99.9800033569336,15492.8,1664.800048828125,6970982611.459551
2020-04-08,100.12000274658203,15492.8,1665.4000244140625,6985529199.4461775
2020-04-09,99.5199966430664,15492.8,1736.199951171875,6984613780.662439
2020-04-10,99.5199966430664,15492.8,1736.199951171875,6986330150.660943
2020-04-11,99.5199966430664,15492.8,1736.199951171875,6986760456.524751
2020-04-12,99.5199966430664,15492.8,1736.199951171875,6978987816.443192
2020-04-13,99.3499984741211,15492.8,1744.800048828125,7114254659.941618
2020-04-14,98.88999938964844,15492.8,1756.699951171875,7228473199.817851
2020-04-15,99.45999908447266,15492.8,1727.199951171875,7218136493.007925
2020-04-16,100.02999877929688,15492.8,1720.4000244140625,7348050700.917587
2020-04-17,99.77999877929688,15492.8,1689.199951171875,7347856126.962685
2020-04-18,99.77999877929688,15492.8,1689.199951171875,7471076067.6135235
2020-04-19,99.77999877929688,15492.8,1689.199951171875,7462296861.335208
2020-04-20,99.95999908447266,15492.8,1701.5999755859375,7465484811.090907
2020-04-21,100.26000213623047,15492.8,1678.199951171875,7585344365.384136
2020-04-22,100.38999938964844,15492.8,1728.699951171875,7485009280.840798
2020-04-23,100.43000030517578,15492.8,1733.300048828125,7484414610.912478
2020-04-24,100.37999725341797,15492.8,1723.5,7507034208.168408
2020-04-25,100.37999725341797,15492.8,1723.5,7507019843.202072
2020-04-26,100.37999725341797,15492.8,1723.5,7512953964.4346895
2020-04-27,100.04000091552734,15492.8,1711.9000244140625,7820378625.878011
2020-04-28,99.87000274658203,15492.8,1710.5,7869734456.180022
2020-04-29,99.56999969482422,15492.8,1703.4000244140625,8025006860.205966
2020-04-30,99.0199966430664,16034.4,1684.199951171875,8100143230.55769
2020-05-01,98.80000305175781,16034.4,1694.5,8101580303.031607
2020-05-02,98.80000305175781,16034.4,1694.5,8105397247.3096
2020-05-03,98.80000305175781,16034.4,1694.5,8104720096.795803
2020-05-04,99.4800033569336,16034.4,1706.9000244140625,8187773408.43219
2020-05-05,99.70999908447266,16034.4,1704.4000244140625,8187683487.88163
2020-05-06,100.08999633789062,16034.4,1684.199951171875,8267717522.47217
2020-05-07,99.88999938964844,16034.4,1721.800048828125,8491132787.943517
2020-05-08,99.7300033569336,16034.4,1709.9000244140625,8587036915.758272
2020-05-09,99.7300033569336,16034.4,1709.9000244140625,8673033157.310518
2020-05-10,99.7300033569336,16034.4,1709.9000244140625,8760466421.255608
2020-05-11,100.23999786376953,16034.4,1695.300048828125,8864415501.428467
2020-05-12,99.93000030517578,16034.4,1704.4000244140625,8964352265.162102
2020-05-13,100.23999786376953,16034.4,1713.9000244140625,9069596102.369114
2020-05-14,100.47000122070312,16034.4,1738.0999755859375,9261606267.727049
2020-05-15,100.4000015258789,16034.4,1753.4000244140625,9243193262.26141
2020-05-16,100.4000015258789,16034.4,1753.4000244140625,9256683463.094978
2020-05-17,100.4000015258789,16034.4,1753.4000244140625,9254267567.47971
2020-05-18,99.66999816894531,16034.4,1731.800048828125,9253689687.726007
2020-05-19,99.37000274658203,16034.4,1744.199951171875,9262772087.2424
2020-05-20,99.12000274658203,16034.4,1750.5999755859375,9252580206.795938
2020-05-21,99.37000274658203,16034.4,1720.5,9249521852.317753
2020-05-22,99.86000061035156,16034.4,1734.5999755859375,9257738648.395256
2020-05-23,99.86000061035156,16034.4,1734.5999755859375,9358821829.955784
2020-05-24,99.86000061035156,16034.4,1734.5999755859375,9347872595.487553
2020-05-25,99.86000061035156,16034.4,1734.5999755859375,9355388029.592875
2020-05-26,98.91000366210938,16034.4,1704.800048828125,9355630409.994066
2020-05-27,99.05999755859375,16034.4,1710.300048828125,9358761711.366333
2020-05-28,98.37999725341797,16034.4,1713.300048828125,9359404489.836927
2020-05-29,98.33999633789062,16034.4,1736.9000244140625,9356187681.754896
2020-05-30,98.33999633789062,16034.4,1736.9000244140625,9357338090.431826
2020-05-31,98.33999633789062,17064.0,1736.9000244140625,9449288950.139378
2020-06-01,97.83000183105469,17064.0,1737.800048828125,9472977189.81682
2020-06-02,97.66999816894531,17064.0,1725.199951171875,9659771088.54792
2020-06-03,97.27999877929688,17064.0,1697.800048828125,9657288844.549265
2020-06-04,96.68000030517578,17064.0,1718.9000244140625,9658304432.640196
2020-06-05,96.94000244140625,17064.0,1676.199951171875,9651970576.64648
2020-06-06,96.94000244140625,17064.0,1676.199951171875,9659650868.01018
2020-06-07,96.94000244140625,17064.0,1676.199951171875,9665596791.95176
2020-06-08,96.62000274658203,17064.0,1698.300048828125,9662799044.241512
2020-06-09,96.31999969482422,17064.0,1714.699951171875,9664823923.44658
2020-06-10,95.95999908447266,17064.0,1713.300048828125,9761038601.244297
2020-06-11,96.7300033569336,17064.0,1732.0,9742901541.810078
2020-06-12,97.31999969482422,17064.0,1729.300048828125,9753879448.750595
2020-06-13,97.31999969482422,17064.0,1729.300048828125,9855237528.178051
2020-06-14,97.31999969482422,17064.0,1729.300048828125,9850599065.091425
2020-06-15,96.68000030517578,17064.0,1720.300048828125,9860775917.904137
2020-06-16,96.95999908447266,17064.0,1729.5999755859375,9857414660.634506
2020-06-17,97.16000366210938,17064.0,1729.199951171875,9950955573.140633
2020-06-18,97.41999816894531,17064.0,1724.800048828125,9945161377.216364
2020-06-19,97.62000274658203,17064.0,1745.9000244140625,9944675011.263529
2020-06-20,97.62000274658203,17064.0,1745.9000244140625,9952694013.605696
2020-06-21,97.62000274658203,17064.0,1745.9000244140625,9945216831.546553
2020-06-22,97.04000091552734,17064.0,1756.699951171875,9961757067.387833
2020-06-23,96.69000244140625,17064.0,1772.0999755859375,9954675150.811127
2020-06-24,97.1500015258789,17064.0,1765.800048828125,9942197524.075335
2020-06-25,97.43000030517578,17064.0,1762.0999755859375,9945107421.064919
2020-06-26,97.5,17064.0,1772.5,9948448792.48349
2020-06-27,97.5,17064.0,1772.5,9950460647.361422
2020-06-28,97.5,17064.0,1772.5,9951096800.078136
2020-06-29,97.54000091552734,17064.0,1774.800048828125,10251404982.076532
2020-06-30,97.38999938964844,17931.9,1793.0,10254768738.256384
2020-07-01,97.19999694824219,17931.9,1773.199951171875,10263219100.566273
2020-07-02,97.31999969482422,17931.9,1784.0,10256783508.762535
2020-07-03,97.31999969482422,17931.9,1784.0,10258496420.16212
2020-07-04,97.31999969482422,17931.9,1784.0,10257301140.519148
2020-07-05,97.31999969482422,17931.9,1784.0,10262637619.713156
2020-07-06,96.79000091552734,17931.9,1788.5,10257608132.415026
2020-07-07,96.87999725341797,17931.9,1804.199951171875,10257758173.538528
2020-07-08,96.43000030517578,17931.9,1815.5,10261491541.096022
2020-07-09,96.69999694824219,17931.9,1799.199951171875,10255777095.247255
2020-07-10,96.6500015258789,17931.9,1798.199951171875,10256848109.46316
2020-07-11,96.6500015258789,17931.9,1798.199951171875,10257350658.026684
2020-07-12,96.6500015258789,17931.9,1798.199951171875,10258351495.755066
2020-07-13,96.45999908447266,17931.9,1811.0,10250244703.417248
2020-07-14,96.26000213623047,17931.9,1810.5999755859375,10255783842.650732
2020-07-15,96.08000183105469,17931.9,1811.4000244140625,10245974582.181273
2020-07-16,96.3499984741211,17931.9,1798.699951171875,10251285805.572983
2020-07-17,95.94000244140625,17931.9,1808.300048828125,10255188130.061922
2020-07-18,95.94000244140625,17931.9,1808.300048828125,10260176160.386911
2020-07-19,95.94000244140625,17931.9,1808.300048828125,10261004211.725515
2020-07-20,95.83000183105469,17931.9,1815.9000244140625,10259549654.94296
2020-07-21,95.12000274658203,17931.9,1842.4000244140625,10261825108.476068
2020-07-22,94.97000122070312,17931.9,1864.0999755859375,10392575324.431904
2020-07-23,94.69000244140625,17931.9,1889.0999755859375,10506553791.79244
2020-07-24,94.44000244140625,17931.9,1897.300048828125,10507562791.386923
2020-07-25,94.44000244140625,17931.9,1897.300048828125,10658842685.748266
2020-07-26,94.44000244140625,17931.9,1897.300048828125,10655876170.108236
2020-07-27,93.66999816894531,17931.9,1931.0,10784914674.400534
2020-07-28,93.76000213623047,17931.9,1944.699951171875,10905615044.75215
2020-07-29,93.26000213623047,17931.9,1953.5,11193947297.126364
2020-07-30,93.0199966430664,17931.9,1942.300048828125,11198277051.94502
2020-07-31,93.48999786376953,18180.0,1962.800048828125,11202232325.193312
2020-08-01,93.48999786376953,18180.0,1962.800048828125,11569132539.129757
2020-08-02,93.48999786376953,18180.0,1962.800048828125,11559232034.666733
2020-08-03,93.5,18180.0,1966.0,11565744045.292696
2020-08-04,93.37999725341797,18180.0,2001.199951171875,11679206514.606731
2020-08-05,92.83000183105469,18180.0,2031.0999755859375,11687567318.62072
2020-08-06,92.79000091552734,18180.0,2051.5,12006075755.385979
2020-08-07,93.44000244140625,18180.0,2010.0999755859375,12128354311.904034
2020-08-08,93.44000244140625,18180.0,2010.0999755859375,12125407032.70816
2020-08-09,93.44000244140625,18180.0,2010.0999755859375,12122704129.073992
2020-08-10,93.58000183105469,18180.0,2024.4000244140625,12627270288.506092
2020-08-11,93.62999725341797,18180.0,1932.5999755859375,12616184148.431313
2020-08-12,93.44000244140625,18180.0,1934.9000244140625,12617470015.076164
2020-08-13,93.33999633789062,18180.0,1956.699951171875,12630877262.770678
2020-08-14,93.0999984741211,18180.0,1937.0,12752420005.58222
2020-08-15,93.0999984741211,18180.0,1937.0,12741491588.936632
2020-08-16,93.0999984741211,18180.0,1937.0,12741250249.487179
2020-08-17,92.8499984741211,18180.0,1985.0,12951139442.353441
2020-08-18,92.2699966430664,18180.0,1999.4000244140625,13145867666.683836
2020-08-19,92.88999938964844,18180.0,1958.699951171875,13137879526.733736
2020-08-20,92.79000091552734,18180.0,1933.800048828125,13147486020.488255
2020-08-21,93.25,18180.0,1934.5999755859375,13257038137.723156
2020-08-22,93.25,18180.0,1934.5999755859375,13260995124.884817
2020-08-23,93.25,18180.0,1934.5999755859375,13261241171.738417
2020-08-24,93.30000305175781,18180.0,1927.699951171875,13258691956.601366
2020-08-25,93.0199966430664,18180.0,1911.800048828125,13261774047.798784
2020-08-26,93.01000213623047,18180.0,1940.699951171875,13459892557.650543
2020-08-27,93.01000213623047,18180.0,1921.5999755859375,13459196339.064814
2020-08-28,92.37000274658203,18180.0,1964.5999755859375,13711804025.872524
2020-08-29,92.37000274658203,18180.0,1964.5999755859375,13703147615.559183
2020-08-30,92.37000274658203,18331.4,1964.5999755859375,13707241059.8727
2020-08-31,92.13999938964844,18331.4,1967.5999755859375,13706966871.946503
2020-09-01,92.33999633789062,18331.4,1968.199951171875,14081296378.299986
2020-09-02,92.8499984741211,18331.4,1934.4000244140625,14089359715.068157
2020-09-03,92.73999786376953,18331.4,1927.5999755859375,14344523944.419868
2020-09-04,92.72000122070312,18331.4,1923.9000244140625,14489092028.82838
2020-09-05,92.72000122070312,18331.4,1923.9000244140625,14479146438.413746
2020-09-06,92.72000122070312,18331.4,1923.9000244140625,14473212694.427128
2020-09-07,92.72000122070312,18331.4,1923.9000244140625,14483341927.48222
2020-09-08,93.4800033569336,18331.4,1933.0,14725864785.928492
2020-09-09,93.26000213623047,18331.4,1944.699951171875,14725620648.732372
2020-09-10,93.33999633789062,18331.4,1954.199951171875,14979781474.510468
2020-09-11,93.33000183105469,18331.4,1937.800048828125,14984443878.930698
2020-09-12,93.33000183105469,18331.4,1937.800048828125,14975862125.223394
2020-09-13,93.33000183105469,18331.4,1937.800048828125,14975812076.746395
2020-09-14,93.06999969482422,18331.4,1953.0999755859375,15221037924.997211
2020-09-15,93.05000305175781,18331.4,1956.300048828125,15225343003.782452
2020-09-16,93.20999908447266,18331.4,1960.199951171875,15229058248.512028
2020-09-17,92.97000122070312,18331.4,1940.0,15626683003.744944
2020-09-18,92.93000030517578,18331.4,1952.0999755859375,15626495778.373672
2020-09-19,92.93000030517578,18331.4,1952.0999755859375,15774584687.618612
2020-09-20,92.93000030517578,18331.4,1952.0999755859375,15773832883.757675
2020-09-21,93.54000091552734,18331.4,1901.199951171875,15767417371.365704
2020-09-22,93.98999786376953,18331.4,1898.5999755859375,15776004304.212233
2020-09-23,94.38999938964844,18331.4,1859.9000244140625,15769868343.793356
2020-09-24,94.3499984741211,18331.4,1868.300048828125,15777391959.542751
2020-09-25,94.58000183105469,18331.4,1857.699951171875,15781952779.78111
2020-09-26,94.58000183105469,18331.4,1857.699951171875,15779739491.144493
2020-09-27,94.58000183105469,18331.4,1857.699951171875,15777342354.531956
2020-09-28,94.26000213623047,18331.4,1872.800048828125,15768174063.814713
2020-09-29,93.88999938964844,18331.4,1894.300048828125,15772408426.990168
2020-09-30,93.88999938964844,18413.3,1887.5,15778222874.400122
2020-10-01,93.70999908447266,18413.3,1908.4000244140625,15922298536.876495
2020-10-02,93.83999633789062,18413.3,1900.199951171875,15927881307.262648
2020-10-03,93.83999633789062,18413.3,1900.199951171875,15927255495.873108
2020-10-04,93.83999633789062,18413.3,1900.199951171875,15928223800.253847
2020-10-05,93.51000213623047,18413.3,1912.5,15929218761.371967
2020-10-06,93.83000183105469,18413.3,1901.0999755859375,15922583383.269794
2020-10-07,93.62999725341797,18413.3,1883.5999755859375,15922599695.389643
2020-10-08,93.61000061035156,18413.3,1888.5999755859375,15937662499.15734
2020-10-09,93.05999755859375,18413.3,1919.5,16089685184.213486
2020-10-10,93.05999755859375,18413.3,1919.5,16084576372.146109
2020-10-11,93.05999755859375,18413.3,1919.5,16077239078.046633
2020-10-12,93.06999969482422,18413.3,1922.5,16082758832.427996
2020-10-13,93.52999877929688,18413.3,1888.5,16086414556.286083
2020-10-14,93.37999725341797,18413.3,1901.300048828125,16085024450.277508
2020-10-15,93.86000061035156,18413.3,1903.199951171875,16083643267.95668
2020-10-16,93.68000030517578,18413.3,1900.800048828125,16085525988.670843
2020-10-17,93.68000030517578,18413.3,1900.800048828125,16077261440.929577
2020-10-18,93.68000030517578,18413.3,1900.800048828125,16083036928.703892
2020-10-19,93.43000030517578,18413.3,1906.4000244140625,16080268631.60215
2020-10-20,93.06999969482422,18413.3,1910.4000244140625,16238299320.622417
2020-10-21,92.61000061035156,18413.3,1924.5999755859375,16559378745.028915
2020-10-22,92.94999694824219,18413.3,1901.0999755859375,16691640946.056286
2020-10-23,92.7699966430664,18413.3,1902.0,16684617979.889936
2020-10-24,92.7699966430664,18413.3,1902.0,16688920064.6886
2020-10-25,92.7699966430664,18413.3,1902.0,16687470082.920427
2020-10-26,93.05000305175781,18413.3,1902.699951171875,16841524402.201588
2020-10-27,92.94000244140625,18413.3,1908.800048828125,16831237950.910402
2020-10-28,93.41000366210938,18413.3,1876.199951171875,16986056724.38599
2020-10-29,93.95999908447266,18413.3,1865.5999755859375,16984991884.519363
2020-10-30,94.04000091552734,18413.3,1877.4000244140625,17135930192.413265
2020-10-31,94.04000091552734,18605.0,1877.4000244140625,17132972645.869211
2020-11-01,94.04000091552734,18605.0,1877.4000244140625,17133841365.102688
2020-11-02,94.05000305175781,18605.0,1890.4000244140625,17129379962.078428
2020-11-03,93.55000305175781,18605.0,1908.5,17281656077.788334
2020-11-04,93.41000366210938,18605.0,1894.5999755859375,17293551784.64009
2020-11-05,92.52999877929688,18605.0,1945.300048828125,17290308110.487595
2020-11-06,92.2300033569336,18605.0,1950.300048828125,17738393400.46525
2020-11-07,92.2300033569336,18605.0,1950.300048828125,17741426414.83909
2020-11-08,92.2300033569336,18605.0,1950.300048828125,17725436844.650467
2020-11-09,92.7300033569336,18605.0,1853.199951171875,17727544630.065125
2020-11-10,92.75,18605.0,1875.4000244140625,17740031293.391273
2020-11-11,93.04000091552734,18605.0,1860.699951171875,18035252990.998993
2020-11-12,92.95999908447266,18605.0,1872.5999755859375,18031018655.590405
2020-11-13,92.76000213623047,18605.0,1885.699951171875,18233733680.633263
2020-11-14,92.76000213623047,18605.0,1885.699951171875,18229070370.855984
2020-11-15,92.76000213623047,18605.0,1885.699951171875,18227412195.341335
2020-11-16,92.56999969482422,18605.0,1887.300048828125,18373671354.52819
2020-11-17,92.41999816894531,18605.0,1884.5,18381186661.210617
2020-11-18,92.31999969482422,18605.0,1873.5,18380717376.836456
2020-11-19,92.29000091552734,18605.0,1861.0999755859375,18382936614.43855
2020-11-20,92.38999938964844,18605.0,1872.5999755859375,18698094841.36345
2020-11-21,92.38999938964844,18605.0,1872.5999755859375,18942446905.737053
2020-11-22,92.38999938964844,18605.0,1872.5999755859375,18950539620.80045
2020-11-23,92.51000213623047,18605.0,1837.800048828125,19147102240.539818
2020-11-24,92.2300033569336,18605.0,1804.800048828125,19345420166.161648
2020-11-25,91.98999786376953,18605.0,1805.699951171875,19331795099.97852
2020-11-26,91.98999786376953,18605.0,1805.699951171875,19351374212.794746
2020-11-27,91.79000091552734,18605.0,1781.9000244140625,19340797228.773167
2020-11-28,91.79000091552734,18605.0,1781.9000244140625,19346842139.31272
2020-11-29,91.79000091552734,18605.0,1781.9000244140625,19347822914.614952
2020-11-30,91.87000274658203,18759.9,1775.699951171875,19538171448.68836
2020-12-01,91.30999755859375,18759.9,1814.0999755859375,19943449027.420143
2020-12-02,91.12000274658203,18759.9,1825.699951171875,19943009159.32742
2020-12-03,90.70999908447266,18759.9,1836.800048828125,19947144776.90756
2020-12-04,90.69999694824219,18759.9,1835.9000244140625,19936743446.589497
2020-12-05,90.69999694824219,18759.9,1835.9000244140625,20082906909.666367
2020-12-06,90.69999694824219,18759.9,1835.9000244140625,20090835936.840157
2020-12-07,90.79000091552734,18759.9,1861.800048828125,20086600872.083946
2020-12-08,90.97000122070312,18759.9,1870.800048828125,20067205860.985214
2020-12-09,91.08999633789062,18759.9,1834.5999755859375,20086114764.295593
2020-12-10,90.79000091552734,18759.9,1833.5999755859375,20080880813.342537
2020-12-11,90.9800033569336,18759.9,1839.800048828125,20230761952.921543
2020-12-12,90.9800033569336,18759.9,1839.800048828125,20240850851.851025
2020-12-13,90.9800033569336,18759.9,1839.800048828125,20218479892.349735
2020-12-14,90.70999908447266,18759.9,1828.699951171875,20227866024.919167
2020-12-15,90.47000122070312,18759.9,1852.300048828125,20436250060.75075
2020-12-16,90.44999694824219,18759.9,1856.0999755859375,20450784142.59308
2020-12-17,89.81999969482422,18759.9,1887.199951171875,20434784006.254364
2020-12-18,90.0199966430664,18759.9,1885.699951171875,20453741822.482754
2020-12-19,90.0199966430664,18759.9,1885.699951171875,20653415659.467
2020-12-20,90.0199966430664,18759.9,1885.699951171875,20642380930.68068
2020-12-21,90.04000091552734,18759.9,1879.199951171875,20632937894.71587
2020-12-22,90.6500015258789,18759.9,1866.5999755859375,20780774500.179886
2020-12-23,90.41000366210938,18759.9,1874.699951171875,20979901995.242886
2020-12-24,90.33000183105469,18759.9,1879.9000244140625,21174736376.119003
2020-12-25,90.33000183105469,18759.9,1879.9000244140625,21171356906.386547
2020-12-26,90.33000183105469,18759.9,1879.9000244140625,21164372335.46905
2020-12-27,90.33000183105469,18759.9,1879.9000244140625,21153889184.548344
2020-12-28,90.33999633789062,18759.9,1877.199951171875,21345163993.93717
2020-12-29,90.01000213623047,18759.9,1879.699951171875,21360883117.714832
2020-12-30,89.62999725341797,18759.9,1891.0,21390133272.271458
2020-12-31,89.94000244140625,19002.4,1893.0999755859375,21404140670.040512
2021-01-01,89.94000244140625,19002.4,1893.0999755859375,21731590208.02136
2021-01-02,89.94000244140625,19002.4,1893.0999755859375,21897792148.85588
2021-01-03,89.94000244140625,19002.4,1893.0999755859375,22711593268.157097
2021-01-04,89.87999725341797,19002.4,1944.699951171875,22698291509.617672
2021-01-05,89.44000244140625,19002.4,1952.699951171875,22947830325.614407
2021-01-06,89.52999877929688,19002.4,1906.9000244140625,23631366267.646557
2021-01-07,89.83000183105469,19002.4,1912.300048828125,24005261399.59961
2021-01-08,90.0999984741211,19002.4,1834.0999755859375,24302887914.713913
2021-01-09,90.0999984741211,19002.4,1834.0999755859375,24769997788.2136
2021-01-10,90.0999984741211,19002.4,1834.0999755859375,24676100828.696373
2021-01-11,90.54000091552734,19002.4,1849.5999755859375,24692707135.40629
2021-01-12,90.05000305175781,19002.4,1842.9000244140625,25071202149.337048
2021-01-13,90.31999969482422,19002.4,1853.5999755859375,25085129446.903328
2021-01-14,90.23999786376953,19002.4,1850.300048828125,25049940462.62227
2021-01-15,90.77999877929688,19002.4,1829.300048828125,25074081176.226147
2021-01-16,90.77999877929688,19002.4,1829.300048828125,25078882300.129776
2021-01-17,90.77999877929688,19002.4,1829.300048828125,25071163894.420784
2021-01-18,90.77999877929688,19002.4,1829.300048828125,25083815777.24953
2021-01-19,90.5,19002.4,1839.5,25490145321.531395
2021-01-20,90.47000122070312,19002.4,1865.9000244140625,25489683999.38487
2021-01-21,90.12999725341797,19002.4,1865.300048828125,25456407921.439285
2021-01-22,90.23999786376953,19002.4,1855.699951171875,25480734566.864407
2021-01-23,90.23999786376953,19002.4,1855.699951171875,25476995715.696407
2021-01-24,90.23999786376953,19002.4,1855.699951171875,25483627643.50325
2021-01-25,90.38999938964844,19002.4,1854.9000244140625,25458956258.752804
2021-01-26,90.16999816894531,19002.4,1850.699951171875,25886537254.21336
2021-01-27,90.6500015258789,19002.4,1844.9000244140625,25906823962.330353
2021-01-28,90.45999908447266,19002.4,1837.9000244140625,26320921865.80953
2021-01-29,90.58000183105469,19002.4,1847.300048828125,27166581723.10606
2021-01-30,90.58000183105469,19119.4,1847.300048828125,27185297948.777237
2021-01-31,90.58000183105469,19119.4,1847.300048828125,27180379223.578617
2021-02-01,91.0199966430664,19119.4,1860.800048828125,27514319712.336113
2021-02-02,91.19999694824219,19119.4,1830.5,27929423605.932854
2021-02-03,91.12000274658203,19119.4,1832.199951171875,28341825471.609695
2021-02-04,91.52999877929688,19119.4,1788.9000244140625,28337551406.5558
2021-02-05,91.04000091552734,19119.4,1810.9000244140625,29077239707.74923
2021-02-06,91.04000091552734,19119.4,1810.9000244140625,29599918375.807903
2021-02-07,91.04000091552734,19119.4,1810.9000244140625,30002080230.025192
2021-02-08,90.93000030517578,19119.4,1831.9000244140625,30980341567.30618
2021-02-09,90.44000244140625,19119.4,1835.300048828125,30996923957.442898
2021-02-10,90.37000274658203,19119.4,1840.5999755859375,32076083113.801228
2021-02-11,90.41999816894531,19119.4,1824.9000244140625,32074665917.9586
2021-02-12,90.4800033569336,19119.4,1821.5999755859375,32125767326.58022
2021-02-13,90.4800033569336,19119.4,1821.5999755859375,33096085385.895
2021-02-14,90.4800033569336,19119.4,1821.5999755859375,33089495889.070675
2021-02-15,90.4800033569336,19119.4,1821.5999755859375,33465148612.328426
2021-02-16,90.51000213623047,19119.4,1797.199951171875,33459189074.270683
2021-02-17,90.94999694824219,19119.4,1771.0999755859375,34475903130.02036
2021-02-18,90.58999633789062,19119.4,1773.4000244140625,34864010416.96557
2021-02-19,90.36000061035156,19119.4,1775.800048828125,34879477587.49976
2021-02-20,90.36000061035156,19119.4,1775.800048828125,35684943309.254074
2021-02-21,90.36000061035156,19119.4,1775.800048828125,35691507174.36188
2021-02-22,90.01000213623047,19119.4,1806.699951171875,35680341193.380745
2021-02-23,90.16999816894531,19119.4,1804.4000244140625,35663843590.63172
2021-02-24,90.18000030517578,19119.4,1796.4000244140625,35686132520.35233
2021-02-25,90.12999725341797,19119.4,1774.4000244140625,35649883264.691505
2021-02-26,90.93000030517578,19119.4,1728.0999755859375,35660115104.14192
2021-02-27,90.93000030517578,19119.4,1728.0999755859375,35688328414.99307
2021-02-28,90.93000030517578,19119.4,1728.0999755859375,35723424927.55701
2021-03-01,91.04000091552734,19119.4,1722.5,36428712530.16034
2021-03-02,90.79000091552734,19375.3,1733.0999755859375,36834068247.73062
2021-03-03,90.94999694824219,19375.3,1715.300048828125,37568071548.28586
2021-03-04,91.62999725341797,19375.3,1700.199951171875,37546874037.23005
2021-03-05,91.9800033569336,19375.3,1698.0,37571058477.90493
2021-03-06,91.9800033569336,19375.3,1698.0,37572822193.52566
2021-03-07,91.9800033569336,19375.3,1698.0,37564278552.59864
2021-03-08,92.30999755859375,19375.3,1677.699951171875,37568358053.124405
2021-03-09,91.95999908447266,19375.3,1716.5999755859375,37570098634.16225
2021-03-10,91.79000091552734,19375.3,1721.5,38960652897.42162
2021-03-11,91.41999816894531,19375.3,1722.300048828125,38962462257.74265
2021-03-12,91.68000030517578,19375.3,1719.5,38954100304.17519
2021-03-13,91.68000030517578,19375.3,1719.5,38935256897.09156
2021-03-14,91.68000030517578,19375.3,1719.5,38955115213.45074
2021-03-15,91.83000183105469,19375.3,1728.9000244140625,40058442128.324905
2021-03-16,91.87000274658203,19375.3,1730.5999755859375,40560783533.55391
2021-03-17,91.4000015258789,19375.3,1726.800048828125,40558087342.74928
2021-03-18,91.8499984741211,19375.3,1732.199951171875,40568820517.78904
2021-03-19,91.91999816894531,19375.3,1741.4000244140625,40642311609.872734
2021-03-20,91.91999816894531,19375.3,1741.4000244140625,41644068753.70399
2021-03-21,91.91999816894531,19375.3,1741.4000244140625,41656263433.378654
2021-03-22,91.80000305175781,19375.3,1737.800048828125,41655021676.08661
2021-03-23,92.33999633789062,19375.3,1724.699951171875,41641442322.64032
2021-03-24,92.52999877929688,19375.3,1732.9000244140625,41629995471.9456
2021-03-25,92.87999725341797,19375.3,1724.9000244140625,41649674416.19249
2021-03-26,92.7699966430664,19375.3,1732.199951171875,41671420514.67085
2021-03-27,92.7699966430664,19375.3,1732.199951171875,42452042779.98451
2021-03-28,92.7699966430664,19375.3,1732.199951171875,42434781433.513016
2021-03-29,92.94000244140625,19375.3,1712.0999755859375,42438695555.76641
2021-03-30,93.30000305175781,19375.3,1683.9000244140625,42459985378.084045
2021-03-31,93.2300033569336,19375.3,1713.800048828125,42458781582.78793
2021-04-01,92.93000030517578,19375.3,1726.5,43731572440.72796
2021-04-02,92.93000030517578,19641.4,1726.5,43748584076.07606
2021-04-03,92.93000030517578,19641.4,1726.5,43757401811.611725
2021-04-04,92.93000030517578,19641.4,1726.5,43752707154.42413
2021-04-05,92.5999984741211,19641.4,1727.0,43745038763.53726
2021-04-06,92.33999633789062,19641.4,1741.5,44956100255.50773
2021-04-07,92.45999908447266,19641.4,1740.0999755859375,45932493596.79007
2021-04-08,92.05999755859375,19641.4,1756.800048828125,45938245706.224335
2021-04-09,92.16000366210938,19641.4,1743.300048828125,45927935237.28752
2021-04-10,92.16000366210938,19641.4,1743.300048828125,45922597558.346634
2021-04-11,92.16000366210938,19641.4,1743.300048828125,45906648724.148735
2021-04-12,92.13999938964844,19641.4,1731.199951171875,46924126408.26156
2021-04-13,91.8499984741211,19641.4,1746.199951171875,46947783801.23453
2021-04-14,91.69000244140625,19641.4,1734.9000244140625,48944622069.93824
2021-04-15,91.66999816894531,19641.4,1765.4000244140625,48997321678.17305
2021-04-16,91.55999755859375,19641.4,1779.0,50002883439.00265
2021-04-17,91.55999755859375,19641.4,1779.0,49999844626.29937
2021-04-18,91.55999755859375,19641.4,1779.0,50043697449.69184
2021-04-19,91.06999969482422,19641.4,1769.4000244140625,51997091478.97711
2021-04-20,91.23999786376953,19641.4,1777.300048828125,51997536704.16452
2021-04-21,91.16000366210938,19641.4,1792.300048828125,51954721778.61527
2021-04-22,91.33000183105469,19641.4,1781.199951171875,51951309391.122604
2021-04-23,90.86000061035156,19641.4,1777.0,51994543642.10585
2021-04-24,90.86000061035156,19641.4,1777.0,52000153894.57808
2021-04-25,90.86000061035156,19641.4,1777.0,51997150254.05137
2021-04-26,90.80999755859375,19641.4,1779.199951171875,51984829526.38024
2021-04-27,90.91000366210938,19641.4,1778.0,52000514189.36377
2021-04-28,90.61000061035156,19641.4,1773.199951171875,52492803870.602905
2021-04-29,90.61000061035156,19641.4,1768.0999755859375,52473699573.47512
2021-04-30,91.27999877929688,19874.5,1767.300048828125,53504619959.67556
2021-05-01,91.27999877929688,19874.5,1767.300048828125,53486957084.79972
2021-05-02,91.27999877929688,19874.5,1767.300048828125,53483484031.2323
2021-05-03,90.94999694824219,19874.5,1791.4000244140625,54491479045.594635
2021-05-04,91.29000091552734,19874.5,1775.800048828125,54468959393.37214
2021-05-05,91.30999755859375,19874.5,1784.0999755859375,56498228366.47272
2021-05-06,90.94999694824219,19874.5,1815.5,56477908607.28402
2021-05-07,90.2300033569336,19874.5,1831.0999755859375,56489932735.8136
2021-05-08,90.2300033569336,19874.5,1831.0999755859375,56521936313.6503
2021-05-09,90.2300033569336,19874.5,1831.0999755859375,56501603787.89324
2021-05-10,90.20999908447266,19874.5,1837.5,58498424350.39905
2021-05-11,90.13999938964844,19874.5,1835.9000244140625,58525944159.59418
2021-05-12,90.70999908447266,19874.5,1822.5999755859375,59428495671.27236
2021-05-13,90.75,19874.5,1823.800048828125,59451337886.85886
2021-05-14,90.31999969482422,19874.5,1837.9000244140625,59497464617.29625
2021-05-15,90.31999969482422,19874.5,1837.9000244140625,59459713675.11053
2021-05-16,90.31999969482422,19874.5,1837.9000244140625,59463149024.71136
2021-05-17,90.22000122070312,19874.5,1867.5,60470154997.98386
2021-05-18,89.75,19874.5,1867.800048828125,60484113433.57993
2021-05-19,90.19000244140625,19874.5,1881.300048828125,60566403478.63216
2021-05-20,89.80999755859375,19874.5,1881.800048828125,60560667819.50351
2021-05-21,90.0199966430664,19874.5,1876.699951171875,60548344111.40664
2021-05-22,90.0199966430664,19874.5,1876.699951171875,61511443283.74801
2021-05-23,90.0199966430664,19874.5,1876.699951171875,61536948009.250984
2021-05-24,89.83000183105469,19874.5,1884.5999755859375,62518744091.863594
2021-05-25,89.63999938964844,19874.5,1898.0999755859375,62505500943.3257
2021-05-26,90.04000091552734,19874.5,1901.300048828125,62526240877.477806
2021-05-27,89.97000122070312,19874.5,1895.699951171875,62504525059.7745
2021-05-28,90.02999877929688,19874.5,1902.5,63463496553.86909
2021-05-29,90.02999877929688,19874.5,1902.5,63486217525.9845
2021-05-30,90.02999877929688,19874.5,1902.5,63477099992.47441
2021-05-31,90.02999877929688,20174.1,1902.5,64464446687.206154
2021-06-01,89.83000183105469,20174.1,1902.9000244140625,64437737135.200745
2021-06-02,89.9000015258789,20174.1,1907.5,64452598666.65452
2021-06-03,90.5,20174.1,1871.199951171875,64452897343.58739
2021-06-04,90.13999938964844,20174.1,1889.800048828125,64485159348.75044
2021-06-05,90.13999938964844,20174.1,1889.800048828125,64465830469.11497
2021-06-06,90.13999938964844,20174.1,1889.800048828125,64462252183.86058
2021-06-07,89.94999694824219,20174.1,1896.800048828125,64460330638.989426
2021-06-08,90.08000183105469,20174.1,1892.199951171875,64496153575.07363
2021-06-09,90.12000274658203,20174.1,1893.199951171875,64475691460.77433
2021-06-10,90.08000183105469,20174.1,1894.199951171875,64464860116.4253
2021-06-11,90.55999755859375,20174.1,1877.4000244140625,64444922363.671326
2021-06-12,90.55999755859375,20174.1,1877.4000244140625,64451743545.48377
2021-06-13,90.55999755859375,20174.1,1877.4000244140625,64446827660.70344
2021-06-14,90.5199966430664,20174.1,1864.0,64460344197.14167
2021-06-15,90.54000091552734,20174.1,1854.5,64442077938.61346
2021-06-16,91.12999725341797,20174.1,1859.5,64428884688.78761
2021-06-17,91.88999938964844,20174.1,1773.800048828125,64441476559.23007
2021-06-18,92.2300033569336,20174.1,1767.9000244140625,64467654451.64178
2021-06-19,92.2300033569336,20174.1,1767.9000244140625,64454066772.564766
2021-06-20,92.2300033569336,20174.1,1767.9000244140625,64429597508.651794
2021-06-21,91.86000061035156,20174.1,1781.800048828125,64426064630.742874
2021-06-22,91.7300033569336,20174.1,1776.300048828125,64458219973.60892
2021-06-23,91.80000305175781,20174.1,1782.300048828125,64451056486.10893
2021-06-24,91.81999969482422,20174.1,1775.5999755859375,64440550838.71132
2021-06-25,91.80999755859375,20174.1,1776.5999755859375,64440845803.84961
2021-06-26,91.80999755859375,20174.1,1776.5999755859375,64437091815.07131
2021-06-27,91.80999755859375,20174.1,1776.5999755859375,64450500601.85918
2021-06-28,91.87999725341797,20174.1,1779.5999755859375,64450942936.58236
2021-06-29,92.05000305175781,20174.1,1762.800048828125,64444529553.86608
2021-06-30,92.44000244140625,20457.2,1770.800048828125,64452218419.77248
2021-07-01,92.5999984741211,20457.2,1775.9000244140625,64448775289.300735
2021-07-02,92.2300033569336,20457.2,1782.5999755859375,64445996884.91301
2021-07-03,92.2300033569336,20457.2,1782.5999755859375,64455779421.458405
2021-07-04,92.2300033569336,20457.2,1782.5999755859375,64443230727.599075
2021-07-05,92.2300033569336,20457.2,1782.5999755859375,64447084735.49562
2021-07-06,92.55000305175781,20457.2,1793.5,64442157181.29986
2021-07-07,92.63999938964844,20457.2,1801.5,64453178713.26456
2021-07-08,92.36000061035156,20457.2,1799.5999755859375,64437517725.53692
2021-07-09,92.12999725341797,20457.2,1810.0,64428759769.84893
2021-07-10,92.12999725341797,20457.2,1810.0,64439430341.35175
2021-07-11,92.12999725341797,20457.2,1810.0,64437461799.89401
2021-07-12,92.2300033569336,20457.2,1805.5,64436665283.16091
2021-07-13,92.75,20457.2,1809.4000244140625,64436981178.30753
2021-07-14,92.41000366210938,20457.2,1824.300048828125,64446788614.03712
2021-07-15,92.62000274658203,20457.2,1828.4000244140625,64430953712.109184
2021-07-16,92.69000244140625,20457.2,1814.5,64451715018.7362
2021-07-17,92.69000244140625,20457.2,1814.5,64453036997.30841
2021-07-18,92.69000244140625,20457.2,1814.5,64449318594.606155
2021-07-19,92.88999938964844,20457.2,1808.699951171875,64437143193.201035
2021-07-20,92.97000122070312,20457.2,1810.9000244140625,64443007348.224174
2021-07-21,92.75,20457.2,1802.9000244140625,64441373544.41152
2021-07-22,92.81999969482422,20457.2,1805.0,64440322584.490135
2021-07-23,92.91000366210938,20457.2,1801.4000244140625,64460143719.35062
2021-07-24,92.91000366210938,20457.2,1801.4000244140625,64479273760.778046
2021-07-25,92.91000366210938,20457.2,1801.4000244140625,64482254411.06048
2021-07-26,92.6500015258789,20457.2,1798.699951171875,64456705274.247734
2021-07-27,92.43000030517578,20457.2,1799.5,64456034259.81625
2021-07-28,92.31999969482422,20457.2,1799.5,64452843449.154686
2021-07-29,91.86000061035156,20457.2,1831.199951171875,64451393789.37148
2021-07-30,92.16999816894531,20457.2,1812.5999755859375,64471951820.24522
2021-07-31,92.16999816894531,20472.1,1812.5999755859375,64577192771.931854
2021-08-01,92.16999816894531,20472.1,1812.5999755859375,64559240172.67167
2021-08-02,92.05000305175781,20472.1,1818.0999755859375,64546922082.23063
2021-08-03,92.08000183105469,20472.1,1810.0999755859375,64535428260.58428
2021-08-04,92.2699966430664,20472.1,1810.5,64535545075.68786
2021-08-05,92.23999786376953,20472.1,1805.0999755859375,63564116596.9041
2021-08-06,92.80000305175781,20472.1,1760.0,63554695338.443275
2021-08-07,92.80000305175781,20472.1,1760.0,63591129779.515495
2021-08-08,92.80000305175781,20472.1,1760.0,64577751643.52713
2021-08-09,92.94999694824219,20472.1,1723.4000244140625,64538345025.22961
2021-08-10,93.05999755859375,20472.1,1728.800048828125,64552358570.620384
2021-08-11,92.91000366210938,20472.1,1750.4000244140625,64567883374.05368
2021-08-12,93.04000091552734,20472.1,1749.0,64564154319.2792
2021-08-13,92.5199966430664,20472.1,1775.199951171875,64560767444.67653
2021-08-14,92.5199966430664,20472.1,1775.199951171875,64582294394.60481
2021-08-15,92.5199966430664,20472.1,1775.199951171875,65587687126.65211
2021-08-16,92.62999725341797,20472.1,1786.9000244140625,65552960725.72643
2021-08-17,93.12999725341797,20472.1,1785.0,65534144549.63641
2021-08-18,93.13999938964844,20472.1,1781.5999755859375,65555446572.67604
2021-08-19,93.56999969482422,20472.1,1780.199951171875,65635357399.850075
2021-08-20,93.5,20472.1,1781.0,66665241986.29681
2021-08-21,93.5,20472.1,1781.0,66687535280.12778
2021-08-22,93.5,20472.1,1781.0,66685457063.665436
2021-08-23,92.95999908447266,20472.1,1803.199951171875,67653733415.98814
2021-08-24,92.88999938964844,20472.1,1805.5999755859375,67654082071.284454
2021-08-25,92.83000183105469,20472.1,1788.199951171875,67614351038.055435
2021-08-26,93.05999755859375,20472.1,1792.199951171875,67617296292.63685
2021-08-27,92.69000244140625,20472.1,1816.5999755859375,67642518463.51598
2021-08-28,92.69000244140625,20472.1,1816.5999755859375,67642592779.17999
2021-08-29,92.69000244140625,20472.1,1816.5999755859375,67644115203.31644
2021-08-30,92.6500015258789,20629.1,1809.0,67626701237.67809
2021-08-31,92.62999725341797,20629.1,1815.0,67618405578.82476
2021-09-01,92.44999694824219,20629.1,1813.0999755859375,67624945041.19496
2021-09-02,92.2300033569336,20629.1,1808.699951171875,67629577502.78236
2021-09-03,92.04000091552734,20629.1,1830.9000244140625,68629010593.37073
2021-09-04,92.04000091552734,20629.1,1830.9000244140625,68636783231.90435
2021-09-05,92.04000091552734,20629.1,1830.9000244140625,68790124905.56567
2021-09-06,92.04000091552734,20629.1,1830.9000244140625,69775328065.47093
2021-09-07,92.5199966430664,20629.1,1795.9000244140625,72042178663.90121
2021-09-08,92.6500015258789,20629.1,1790.699951171875,72013338711.87312
2021-09-09,92.4800033569336,20629.1,1797.4000244140625,72359954751.22392
2021-09-10,92.58000183105469,20629.1,1789.5999755859375,72349870726.89026
2021-09-11,92.58000183105469,20629.1,1789.5999755859375,72359930966.05293
2021-09-12,92.58000183105469,20629.1,1789.5999755859375,72353927948.42648
2021-09-13,92.62000274658203,20629.1,1792.0,72372022888.93399
2021-09-14,92.6500015258789,20629.1,1804.699951171875,72359211420.47801
2021-09-15,92.48999786376953,20629.1,1792.4000244140625,72364922977.74142
2021-09-16,92.86000061035156,20629.1,1754.5999755859375,72360782896.7241
2021-09-17,93.19999694824219,20629.1,1749.4000244140625,72346064205.83537
2021-09-18,93.19999694824219,20629.1,1749.4000244140625,72353830900.58388
2021-09-19,93.19999694824219,20629.1,1749.4000244140625,72348366247.30963
2021-09-20,93.23999786376953,20629.1,1761.800048828125,72320885072.30905
2021-09-21,93.19999694824219,20629.1,1776.0,72330774972.25223
2021-09-22,93.45999908447266,20629.1,1776.699951171875,72367659003.71062
2021-09-23,93.0999984741211,20629.1,1747.699951171875,72379972705.99947
2021-09-24,93.33000183105469,20629.1,1749.699951171875,72389687786.08081
2021-09-25,93.33000183105469,20629.1,1749.699951171875,72378603107.58669
2021-09-26,93.33000183105469,20629.1,1749.699951171875,72372415499.13899
2021-09-27,93.37999725341797,20629.1,1750.0,72360516333.42787
2021-09-28,93.7699966430664,20629.1,1735.800048828125,72345877970.89119
2021-09-29,94.33999633789062,20629.1,1721.5,72328919175.32327
2021-09-30,94.25,20843.2,1755.300048828125,72344671565.86931
2021-10-01,94.04000091552734,20843.2,1757.0,72374512280.53372
2021-10-02,94.04000091552734,20843.2,1757.0,72372971033.11447
2021-10-03,94.04000091552734,20843.2,1757.0,72379378698.97072
2021-10-04,93.80999755859375,20843.2,1766.199951171875,72368549380.08276
2021-10-05,93.9800033569336,20843.2,1759.5999755859375,72374866148.06573
2021-10-06,94.2699966430664,20843.2,1760.5,72371745602.95482
2021-10-07,94.22000122070312,20843.2,1757.9000244140625,72360924105.51143
2021-10-08,94.06999969482422,20843.2,1756.300048828125,72351011164.01472
2021-10-09,94.06999969482422,20843.2,1756.300048828125,72359972214.53273
2021-10-10,94.06999969482422,20843.2,1756.300048828125,72365181930.98268
2021-10-11,94.31999969482422,20843.2,1754.5999755859375,72360908462.6223
2021-10-12,94.5199966430664,20843.2,1758.300048828125,72336360963.61589
2021-10-13,94.08000183105469,20843.2,1793.699951171875,72344294868.17216
2021-10-14,93.95999908447266,20843.2,1796.699951171875,72348739351.36801
2021-10-15,93.94000244140625,20843.2,1767.199951171875,72321535731.96452
2021-10-16,93.94000244140625,20843.2,1767.199951171875,72338054200.73347
2021-10-17,93.94000244140625,20843.2,1767.199951171875,72341486758.0759
2021-10-18,93.94999694824219,20843.2,1764.800048828125,72330207811.80347
2021-10-19,93.79000091552734,20843.2,1769.699951171875,72352107027.90477
2021-10-20,93.55999755859375,20843.2,1784.0999755859375,72348808002.95857
2021-10-21,93.7699966430664,20843.2,1781.199951171875,72320511393.89917
2021-10-22,93.61000061035156,20843.2,1795.5,72294888901.47923
2021-10-23,93.61000061035156,20843.2,1795.5,72311807995.98195
2021-10-24,93.61000061035156,20843.2,1795.5,72314170220.06021
2021-10-25,93.80999755859375,20843.2,1806.0,72306083422.00539
2021-10-26,93.94999694824219,20843.2,1792.699951171875,72317471924.25635
2021-10-27,93.86000061035156,20843.2,1797.9000244140625,72378625825.2486
2021-10-28,93.3499984741211,20843.2,1801.5999755859375,72344098346.06094
2021-10-29,94.12000274658203,20843.2,1783.0,72330427283.25069
2021-10-30,94.12000274658203,20843.2,1783.0,72341481283.24681
2021-10-31,94.12000274658203,20984.5,1783.0,72360782042.26122
2021-11-01,93.87999725341797,20984.5,1795.0999755859375,72355589544.5193
2021-11-02,94.08999633789062,20984.5,1788.699951171875,73370065226.50682
2021-11-03,93.86000061035156,20984.5,1763.5999755859375,73352240536.63649
2021-11-04,94.3499984741211,20984.5,1793.0,74364913361.4307
2021-11-05,94.31999969482422,20984.5,1816.4000244140625,74384988535.05296
2021-11-06,94.31999969482422,20984.5,1816.4000244140625,75375698170.05893
2021-11-07,94.31999969482422,20984.5,1816.4000244140625,75371083179.03137
2021-11-08,94.05000305175781,20984.5,1827.4000244140625,77343636704.47342
2021-11-09,93.95999908447266,20984.5,1830.199951171875,77319072109.29314
2021-11-10,94.8499984741211,20984.5,1847.5999755859375,77353619699.01761
2021-11-11,95.18000030517578,20984.5,1863.199951171875,77347262733.63472
2021-11-12,95.12999725341797,20984.5,1867.9000244140625,77329857779.0147
2021-11-13,95.12999725341797,20984.5,1867.9000244140625,77330548419.54213
2021-11-14,95.12999725341797,20984.5,1867.9000244140625,77331317002.81886
2021-11-15,95.41000366210938,20984.5,1866.0999755859375,77319295519.94847
2021-11-16,95.91999816894531,20984.5,1853.5999755859375,77354437081.23264
2021-11-17,95.83000183105469,20984.5,1869.699951171875,77352631068.6778
2021-11-18,95.54000091552734,20984.5,1861.0,77352317942.1573
2021-11-19,96.06999969482422,20984.5,1851.199951171875,77378166920.45294
2021-11-20,96.06999969482422,20984.5,1851.199951171875,77374189355.14853
2021-11-21,96.06999969482422,20984.5,1851.199951171875,77392892677.81412
2021-11-22,96.5,20984.5,1806.0,77367214947.64482
2021-11-23,96.48999786376953,20984.5,1783.5,77349348662.32149
2021-11-24,96.83999633789062,20984.5,1784.0999755859375,77334579340.26724
2021-11-25,96.83999633789062,20984.5,1784.0999755859375,77359861184.62822
2021-11-26,96.08999633789062,20984.5,1785.300048828125,78358629382.31966
2021-11-27,96.08999633789062,20984.5,1785.300048828125,78363835917.21693
2021-11-28,96.08999633789062,20984.5,1785.300048828125,78360425228.40048
2021-11-29,96.33999633789062,20984.5,1782.300048828125,78380432161.95547
2021-11-30,95.98999786376953,21163.3,1773.5999755859375,77371763958.18953
2021-12-01,96.05000305175781,21163.3,1781.5999755859375,77353553882.5767
2021-12-02,96.12999725341797,21163.3,1760.699951171875,77362792995.73276
2021-12-03,96.12000274658203,21163.3,1782.0,77345839862.40567
2021-12-04,96.12000274658203,21163.3,1782.0,78398655606.16913
2021-12-05,96.12000274658203,21163.3,1782.0,79403141518.55467
2021-12-06,96.29000091552734,21163.3,1777.5,79394130121.64116
2021-12-07,96.37000274658203,21163.3,1782.5999755859375,80375017899.5749
2021-12-08,95.88999938964844,21163.3,1783.4000244140625,80377649757.68501
2021-12-09,96.2699966430664,21163.3,1774.5999755859375,80346794946.7805
2021-12-10,96.05000305175781,21163.3,1782.9000244140625,80343542378.48778
2021-12-11,96.05000305175781,21163.3,1782.9000244140625,80349874561.04495
2021-12-12,96.05000305175781,21163.3,1782.9000244140625,80352747193.69104
2021-12-13,96.31999969482422,21163.3,1786.300048828125,80340627739.36845
2021-12-14,96.56999969482422,21163.3,1770.4000244140625,80337159506.55455
2021-12-15,96.51000213623047,21163.3,1762.5999755859375,81335167641.11119
2021-12-16,96.04000091552734,21163.3,1796.5999755859375,81320574537.49776
2021-12-17,96.56999969482422,21163.3,1803.800048828125,81330608187.21394
2021-12-18,96.56999969482422,21163.3,1803.800048828125,81334051418.36977
2021-12-19,96.56999969482422,21163.3,1803.800048828125,81331519127.61255
2021-12-20,96.55000305175781,21163.3,1793.699951171875,81323642090.98308
2021-12-21,96.48999786376953,21163.3,1787.9000244140625,81329371978.84431
2021-12-22,96.08000183105469,21163.3,1801.5999755859375,81333511839.43289
2021-12-23,96.0199966430664,21163.3,1811.199951171875,80587631915.37503
2021-12-24,96.0199966430664,21163.3,1811.199951171875,80598106904.94211
2021-12-25,96.0199966430664,21163.3,1811.199951171875,80592073039.76613
2021-12-26,96.0199966430664,21163.3,1811.199951171875,80593585507.92116
2021-12-27,96.08999633789062,21163.3,1808.0999755859375,81579579795.50764
2021-12-28,96.19999694824219,21163.3,1810.199951171875,81563105519.63335
2021-12-29,95.93000030517578,21163.3,1805.0999755859375,81562256126.227
2021-12-30,95.97000122070312,21163.3,1812.699951171875,81554298187.0483
2021-12-31,95.66999816894531,21340.1,1827.5,82569082976.28218
2022-01-01,95.66999816894531,21340.1,1827.5,82570508270.2889
2022-01-02,95.66999816894531,21340.1,1827.5,82571263859.4617
2022-01-03,96.23999786376953,21340.1,1799.4000244140625,82562157224.69966
2022-01-04,96.29000091552734,21340.1,1814.0,82542241225.8098
2022-01-05,96.19000244140625,21340.1,1824.5999755859375,82557280152.31625
2022-01-06,96.25,21340.1,1788.699951171875,82546844722.80348
2022-01-07,95.73999786376953,21340.1,1797.0,81793627794.9405
2022-01-08,95.73999786376953,21340.1,1797.0,81811641414.75246
2022-01-09,95.73999786376953,21340.1,1797.0,81807368041.85771
2022-01-10,95.98999786376953,21340.1,1798.4000244140625,81815686488.74878
2022-01-11,95.62000274658203,21340.1,1818.5999755859375,81834138538.06847
2022-01-12,95.0,21340.1,1827.199951171875,81839496270.96873
2022-01-13,94.79000091552734,21340.1,1821.199951171875,81829723643.7618
2022-01-14,95.16999816894531,21340.1,1816.5,81839831906.20822
2022-01-15,95.16999816894531,21340.1,1816.5,81838687303.98064
2022-01-16,95.16999816894531,21340.1,1816.5,81886421287.53513
2022-01-17,95.16999816894531,21340.1,1816.5,81883915401.6016
2022-01-18,95.7300033569336,21340.1,1812.300048828125,81882675375.57268
2022-01-19,95.51000213623047,21340.1,1843.0999755859375,81880220918.1869
2022-01-20,95.73999786376953,21340.1,1842.5,81859849790.31023
2022-01-21,95.63999938964844,21340.1,1831.800048828125,81867222052.64516
2022-01-22,95.63999938964844,21340.1,1831.800048828125,79866648198.77153
2022-01-23,95.63999938964844,21340.1,1831.800048828125,79871507895.03094
2022-01-24,95.91999816894531,21340.1,1841.699951171875,79877711842.0305
2022-01-25,95.94999694824219,21340.1,1852.699951171875,79906303372.27155
2022-01-26,96.48999786376953,21340.1,1829.9000244140625,79890317599.61934
2022-01-27,97.26000213623047,21340.1,1793.300048828125,79863268181.7715
2022-01-28,97.2699966430664,21340.1,1784.9000244140625,79874045762.57977
2022-01-29,97.2699966430664,21340.1,1784.9000244140625,79872096978.10452
2022-01-30,97.2699966430664,21502.0,1784.9000244140625,79875234586.44267
2022-01-31,96.54000091552734,21502.0,1795.0,79886890193.5905
2022-02-01,96.38999938964844,21502.0,1800.300048828125,79888381181.7125
2022-02-02,95.94000244140625,21502.0,1809.199951171875,79894425633.56006
2022-02-03,95.37999725341797,21502.0,1803.0,79883521352.76067
2022-02-04,95.4800033569336,21502.0,1806.5999755859375,79900032354.56131
2022-02-05,95.4800033569336,21502.0,1806.5999755859375,79896198018.44038
2022-02-06,95.4800033569336,21502.0,1806.5999755859375,79890548830.11
2022-02-07,95.4000015258789,21502.0,1820.5999755859375,79903116849.4118
2022-02-08,95.63999938964844,21502.0,1826.5999755859375,79918863418.64719
2022-02-09,95.48999786376953,21502.0,1835.199951171875,79914684462.1971
2022-02-10,95.55000305175781,21502.0,1836.199951171875,80900096262.63577
2022-02-11,96.08000183105469,21502.0,1840.800048828125,80887609810.12482
2022-02-12,96.08000183105469,21502.0,1840.800048828125,80891267481.69418
2022-02-13,96.08000183105469,21502.0,1840.800048828125,80882987044.35846
2022-02-14,96.37000274658203,21502.0,1868.0,80885232394.48091
2022-02-15,95.98999786376953,21502.0,1854.800048828125,80896629956.1336
2022-02-16,95.69999694824219,21502.0,1870.199951171875,80891012328.2707
2022-02-17,95.80000305175781,21502.0,1900.699951171875,80893904067.06458
2022-02-18,96.04000091552734,21502.0,1898.5999755859375,80887282126.97896
2022-02-19,96.04000091552734,21502.0,1898.5999755859375,80879772347.48183
2022-02-20,96.04000091552734,21502.0,1898.5999755859375,80876169959.15437
2022-02-21,96.04000091552734,21502.0,1898.5999755859375,81883312653.16225
2022-02-22,96.02999877929688,21502.0,1906.0999755859375,81985760065.42116
2022-02-23,96.19000244140625,21502.0,1909.199951171875,81986380526.13843
2022-02-24,97.13999938964844,21502.0,1925.0999755859375,81978875849.01968
2022-02-25,96.62000274658203,21502.0,1886.5,81992764973.52518
2022-02-26,96.62000274658203,21502.0,1886.5,81988652355.86502
2022-02-27,96.62000274658203,21502.0,1886.5,81979440513.77116
2022-02-28,96.70999908447266,21502.0,1899.4000244140625,81971737796.8953
2022-03-01,97.41000366210938,21502.0,1942.4000244140625,81979203440.78418
2022-03-02,97.38999938964844,21646.4,1920.9000244140625,81974181564.40508
2022-03-03,97.79000091552734,21646.4,1934.4000244140625,81956188443.07635
2022-03-04,98.6500015258789,21646.4,1965.0999755859375,81962223746.60895
2022-03-05,98.6500015258789,21646.4,1965.0999755859375,81960451925.36409
2022-03-06,98.6500015258789,21646.4,1965.0999755859375,81960538133.7227
2022-03-07,99.29000091552734,21646.4,1993.9000244140625,82962079068.12633
2022-03-08,99.05999755859375,21646.4,2040.0999755859375,82956930463.58963
2022-03-09,97.97000122070312,21646.4,1985.9000244140625,82968759092.25055
2022-03-10,98.51000213623047,21646.4,1998.0999755859375,82979728734.28226
2022-03-11,99.12000274658203,21646.4,1982.699951171875,82952214508.10652
2022-03-12,99.12000274658203,21646.4,1982.699951171875,82958157720.23044
2022-03-13,99.12000274658203,21646.4,1982.699951171875,83061782671.92166
2022-03-14,99.05999755859375,21646.4,1959.5999755859375,83052488425.76735
2022-03-15,99.06999969482422,21646.4,1928.5,83069568823.38179
2022-03-16,98.37999725341797,21646.4,1908.0,83068441843.29324
2022-03-17,98.01000213623047,21646.4,1942.0999755859375,83080738930.1907
2022-03-18,98.2300033569336,21646.4,1928.199951171875,83087915353.09666
2022-03-19,98.2300033569336,21646.4,1928.199951171875,83079066033.06812
2022-03-20,98.2300033569336,21646.4,1928.199951171875,83078209686.39687
2022-03-21,98.5,21646.4,1928.5999755859375,83070033019.5197
2022-03-22,98.48999786376953,21646.4,1920.699951171875,83073500669.87532
2022-03-23,98.62000274658203,21646.4,1936.5999755859375,84071650236.14783
2022-03-24,98.79000091552734,21646.4,1961.5999755859375,84177866086.46944
2022-03-25,98.80999755859375,21646.4,1953.800048828125,84171767034.6199
2022-03-26,98.80999755859375,21646.4,1953.800048828125,84175869621.86324
2022-03-27,98.80999755859375,21646.4,1953.800048828125,84267430690.63046
2022-03-28,99.08999633789062,21646.4,1939.5999755859375,84275455580.05087
2022-03-29,98.4000015258789,21646.4,1912.0,84270838314.68704
2022-03-30,97.79000091552734,21646.4,1933.5,85262508913.99277
2022-03-31,98.30999755859375,21646.4,1949.199951171875,85263836285.39848
2022-04-01,98.62999725341797,21646.4,1919.0999755859375,85266145547.982
2022-04-02,98.62999725341797,21724.7,1919.0999755859375,85268665037.90013
2022-04-03,98.62999725341797,21724.7,1919.0999755859375,85363163107.09625
2022-04-04,98.98999786376953,21724.7,1929.199951171875,85355814971.88083
2022-04-05,99.47000122070312,21724.7,1922.9000244140625,85351496265.38258
2022-04-06,99.5999984741211,21724.7,1918.4000244140625,85344354115.35478
2022-04-07,99.75,21724.7,1933.800048828125,85343703242.0465
2022-04-08,99.80000305175781,21724.7,1941.5999755859375,85354575320.06798
2022-04-09,99.80000305175781,21724.7,1941.5999755859375,85354427438.81425
2022-04-10,99.80000305175781,21724.7,1941.5999755859375,85360649139.26514
2022-04-11,99.93000030517578,21724.7,1944.300048828125,85350811439.78596
2022-04-12,100.29000091552734,21724.7,1972.0999755859375,85350811439.78596
2022-04-13,99.87999725341797,21724.7,1981.0,85346933206.84447
2022-04-14,100.31999969482422,21724.7,1970.9000244140625,85342839267.39336
2022-04-15,100.31999969482422,21724.7,1970.9000244140625,85344886112.38274
2022-04-16,100.31999969482422,21724.7,1970.9000244140625,85346686328.51118
2022-04-17,100.31999969482422,21724.7,1970.9000244140625,85352095455.29408
2022-04-18,100.77999877929688,21724.7,1982.9000244140625,85345335231.02113
2022-04-19,100.95999908447266,21724.7,1955.699951171875,85348437168.39876
2022-04-20,100.38999938964844,21724.7,1952.300048828125,85351920395.83215
2022-04-21,100.58000183105469,21724.7,1944.9000244140625,85348989028.5247
2022-04-22,101.22000122070312,21724.7,1931.0,85445585175.53716
2022-04-23,101.22000122070312,21724.7,1931.0,85451949115.47801
2022-04-24,101.22000122070312,21724.7,1931.0,85452659160.40381
2022-04-25,101.75,21724.7,1893.199951171875,85443216861.12625
2022-04-26,102.30000305175781,21724.7,1901.4000244140625,85437360987.79054
2022-04-27,102.94999694824219,21724.7,1885.9000244140625,85438304219.05801
2022-04-28,103.62000274658203,21724.7,1888.699951171875,85438524922.19298
2022-04-29,102.95999908447266,21724.7,1909.300048828125,85437639363.34749
2022-04-30,102.95999908447266,21787.2,1909.300048828125,85452771758.93556
2022-05-01,102.95999908447266,21787.2,1909.300048828125,85437374219.97934
2022-05-02,103.73999786376953,21787.2,1861.800048828125,85426511830.77078
2022-05-03,103.47000122070312,21787.2,1868.800048828125,85418606713.84258
2022-05-04,102.58999633789062,21787.2,1867.0,85418826667.98492
2022-05-05,103.75,21787.2,1874.0,85409751624.70871
2022-05-06,103.66000366210938,21787.2,1881.199951171875,85417959334.58179
2022-05-07,103.66000366210938,21787.2,1881.199951171875,85411550454.90515
2022-05-08,103.66000366210938,21787.2,1881.199951171875,85413276632.78093
2022-05-09,103.6500015258789,21787.2,1857.0999755859375,86409688271.10406
2022-05-10,103.91999816894531,21787.2,1839.9000244140625,86398230192.07349
2022-05-11,103.8499984741211,21787.2,1852.5999755859375,86039521807.97215
2022-05-12,104.8499984741211,21787.2,1823.800048828125,83204558596.24736
2022-05-13,104.55999755859375,21787.2,1807.4000244140625,83291553833.64755
2022-05-14,104.55999755859375,21787.2,1807.4000244140625,79325052902.24893
2022-05-15,104.55999755859375,21787.2,1807.4000244140625,79334963211.76799
2022-05-16,104.19000244140625,21787.2,1813.5,79325111631.04065
2022-05-17,103.36000061035156,21787.2,1818.199951171875,79335875249.01294
2022-05-18,103.80999755859375,21787.2,1815.9000244140625,79330125630.65677
2022-05-19,102.72000122070312,21787.2,1841.199951171875,79349091757.38084
2022-05-20,103.1500015258789,21787.2,1841.800048828125,79334738788.85905
2022-05-21,103.1500015258789,21787.2,1841.800048828125,79327826586.57234
2022-05-22,103.1500015258789,21787.2,1841.800048828125,79347334155.61382
2022-05-23,102.08000183105469,21787.2,1847.800048828125,79347916452.74503
2022-05-24,101.86000061035156,21787.2,1865.0999755859375,79329126999.46826
2022-05-25,102.05999755859375,21787.2,1846.199951171875,79344976553.96281
2022-05-26,101.83000183105469,21787.2,1847.4000244140625,79340690025.33781
2022-05-27,101.66999816894531,21787.2,1851.300048828125,79337533480.43327
2022-05-28,101.66999816894531,21787.2,1851.300048828125,79346794337.7215
2022-05-29,101.66999816894531,21787.2,1851.300048828125,79351029844.24678
2022-05-30,101.66999816894531,21787.2,1851.300048828125,79374816165.56401
2022-05-31,101.75,21767.6,1842.699951171875,79370988278.60281
2022-06-01,102.55000305175781,21767.6,1843.300048828125,79362281584.33217
2022-06-02,101.7699966430664,21767.6,1866.5,79376519741.48853
2022-06-03,102.13999938964844,21767.6,1845.4000244140625,79354728851.69487
2022-06-04,102.13999938964844,21767.6,1845.4000244140625,79363915845.32765
2022-06-05,102.13999938964844,21767.6,1845.4000244140625,79365989598.42789
2022-06-06,102.44000244140625,21767.6,1839.199951171875,79368241069.82399
2022-06-07,102.31999969482422,21767.6,1847.5,79381795025.0068
2022-06-08,102.54000091552734,21767.6,1851.9000244140625,79374575701.06816
2022-06-09,103.22000122070312,21767.6,1848.800048828125,79366829164.51193
2022-06-10,104.1500015258789,21767.6,1871.5,79344521089.17683
2022-06-11,104.1500015258789,21767.6,1871.5,79342066769.34453
2022-06-12,104.1500015258789,21767.6,1871.5,79340857991.01674
2022-06-13,105.08000183105469,21767.6,1828.0,79314302224.1465
2022-06-14,105.5199966430664,21767.6,1809.5,79340661795.06883
2022-06-15,105.16000366210938,21767.6,1815.300048828125,79335632057.06583
2022-06-16,103.62999725341797,21767.6,1845.699951171875,79325615850.0193
2022-06-17,104.69999694824219,21767.6,1835.5999755859375,79340777952.71332
2022-06-18,104.69999694824219,21767.6,1835.5999755859375,79313653607.52202
2022-06-19,104.69999694824219,21767.6,1835.5999755859375,79333300198.97751
2022-06-20,104.69999694824219,21767.6,1835.5999755859375,68251821433.91822
2022-06-21,104.44000244140625,21767.6,1834.5999755859375,68266485588.20085
2022-06-22,104.19999694824219,21767.6,1834.300048828125,68255549511.52385
2022-06-23,104.43000030517578,21767.6,1825.699951171875,68271021161.88287
2022-06-24,104.19000244140625,21767.6,1826.5,68281326270.305305
2022-06-25,104.19000244140625,21767.6,1826.5,68289697577.1066
2022-06-26,104.19000244140625,21767.6,1826.5,68297941260.46897
2022-06-27,103.94000244140625,21767.6,1820.9000244140625,68265082448.46992
2022-06-28,104.51000213623047,21767.6,1817.5,68250368490.40192
2022-06-29,105.11000061035156,21767.6,1813.699951171875,68248753597.4032
2022-06-30,104.69000244140625,21717.4,1804.0999755859375,68245918146.19041
2022-07-01,105.13999938964844,21717.4,1798.9000244140625,68246995155.99682
2022-07-02,105.13999938964844,21717.4,1798.9000244140625,68243814925.90719
2022-07-03,105.13999938964844,21717.4,1798.9000244140625,67797766608.86077
2022-07-04,105.13999938964844,21717.4,1798.9000244140625,67807213484.246666
2022-07-05,106.5,21717.4,1761.800048828125,67813147644.53263
2022-07-06,107.0999984741211,21717.4,1734.9000244140625,67814087910.26399
2022-07-07,107.12999725341797,21717.4,1737.9000244140625,67830425676.949265
2022-07-08,107.01000213623047,21717.4,1740.5999755859375,67847162220.49681
2022-07-09,107.01000213623047,21717.4,1740.5999755859375,67847314038.16096
2022-07-10,107.01000213623047,21717.4,1740.5999755859375,67837622735.33293
2022-07-11,108.0199966430664,21717.4,1730.0,67817227458.04368
2022-07-12,108.06999969482422,21717.4,1723.300048828125,67808996367.92524
2022-07-13,107.95999908447266,21717.4,1734.199951171875,67819770717.98639
2022-07-14,108.54000091552734,21717.4,1704.5,67830908078.58349
2022-07-15,108.05999755859375,21717.4,1702.4000244140625,67866986450.48627
2022-07-16,108.05999755859375,21717.4,1702.4000244140625,67865272819.50383
2022-07-17,108.05999755859375,21717.4,1702.4000244140625,67861549891.89869
2022-07-18,107.37000274658203,21717.4,1709.199951171875,67868414294.41373
2022-07-19,106.68000030517578,21717.4,1710.0,67883901620.88095
2022-07-20,107.08000183105469,21717.4,1699.5,67889455076.78355
2022-07-21,106.91000366210938,21717.4,1712.699951171875,67886089725.00317
2022-07-22,106.7300033569336,21717.4,1727.0999755859375,67886528532.11317
2022-07-23,106.7300033569336,21717.4,1727.0999755859375,67888712589.33449
2022-07-24,106.7300033569336,21717.4,1727.0999755859375,67887545953.7052
2022-07-25,106.4800033569336,21717.4,1719.0,67886286979.19209
2022-07-26,107.19000244140625,21717.4,1717.699951171875,67887947705.545105
2022-07-27,106.44999694824219,21717.4,1719.0999755859375,67899437068.8875
2022-07-28,106.3499984741211,21717.4,1750.300048828125,67895631481.82537
2022-07-29,105.9000015258789,21717.4,1762.9000244140625,67905156637.27234
2022-07-30,105.9000015258789,21717.4,1762.9000244140625,67902169273.46476
2022-07-31,105.9000015258789,21646.7,1762.9000244140625,67908168478.93081
2022-08-01,105.44999694824219,21646.7,1769.0,67903505768.94096
2022-08-02,106.23999786376953,21646.7,1771.0999755859375,67894570455.992325
2022-08-03,106.51000213623047,21646.7,1758.0,68896188608.40485
2022-08-04,105.69000244140625,21646.7,1788.5,68887433118.94621
2022-08-05,106.62000274658203,21646.7,1772.9000244140625,68887453086.60242
2022-08-06,106.62000274658203,21646.7,1772.9000244140625,68893872490.28568
2022-08-07,106.62000274658203,21646.7,1772.9000244140625,68891858235.93546
2022-08-08,106.44000244140625,21646.7,1786.800048828125,68894468290.43239
2022-08-09,106.37000274658203,21646.7,1794.0,68898489975.55061
2022-08-10,105.19999694824219,21646.7,1795.5999755859375,68900856488.70757
2022-08-11,105.08999633789062,21646.7,1789.699951171875,68907514985.91904
2022-08-12,105.62999725341797,21646.7,1798.5999755859375,68914515556.55865
2022-08-13,105.62999725341797,21646.7,1798.5999755859375,68908030869.34804
2022-08-14,105.62999725341797,21646.7,1798.5999755859375,68902142139.93272
2022-08-15,106.55000305175781,21646.7,1781.4000244140625,68893742508.02751
2022-08-16,106.5,21646.7,1773.199951171875,68887907621.98485
2022-08-17,106.56999969482422,21646.7,1760.300048828125,68887011603.98593
2022-08-18,107.4800033569336,21646.7,1755.300048828125,68883410022.12833
2022-08-19,108.16999816894531,21646.7,1747.5999755859375,68883095553.74825
2022-08-20,108.16999816894531,21646.7,1747.5999755859375,68876744532.39528
2022-08-21,108.16999816894531,21646.7,1747.5999755859375,68879962625.0255
2022-08-22,109.05000305175781,21646.7,1734.0,68874213387.01393
2022-08-23,108.62000274658203,21646.7,1746.800048828125,68881581645.03806
2022-08-24,108.68000030517578,21646.7,1747.800048828125,68880465858.9727
2022-08-25,108.47000122070312,21646.7,1757.699951171875,68881207213.6994
2022-08-26,108.80000305175781,21646.7,1736.0999755859375,68883811969.19846
2022-08-27,108.80000305175781,21646.7,1736.0999755859375,68878246839.76204
2022-08-28,108.80000305175781,21646.7,1736.0999755859375,68875022191.51167
2022-08-29,108.83999633789062,21646.7,1736.5999755859375,68876635391.19165
2022-08-30,108.7699966430664,21649.2,1723.199951171875,68885532847.97102
2022-08-31,108.69999694824219,21649.2,1712.800048828125,68875485825.87885
2022-09-01,109.69000244140625,21649.2,1696.5999755859375,68878037223.97536
2022-09-02,109.52999877929688,21649.2,1709.800048828125,68884260439.83487
2022-09-03,109.52999877929688,21649.2,1709.800048828125,68883497478.05508
2022-09-04,109.52999877929688,21649.2,1709.800048828125,68880450461.71858
2022-09-05,109.52999877929688,21649.2,1709.800048828125,68877088317.30914
2022-09-06,110.20999908447266,21649.2,1700.4000244140625,68880367754.68906
2022-09-07,109.83999633789062,21649.2,1715.300048828125,68880488685.28908
2022-09-08,109.70999908447266,21649.2,1708.0,68887828637.26213
2022-09-09,109.0,21649.2,1716.199951171875,68900328730.87753
2022-09-10,109.0,21649.2,1716.199951171875,68900592914.3193
2022-09-11,109.0,21649.2,1716.199951171875,68900158067.52919
2022-09-12,108.33000183105469,21649.2,1728.0999755859375,68891987659.46896
2022-09-13,109.81999969482422,21649.2,1705.0,68880138936.38312
2022-09-14,109.66000366210938,21649.2,1696.5,68890851922.15797
2022-09-15,109.73999786376953,21649.2,1665.4000244140625,69873435100.92427
2022-09-16,109.76000213623047,21649.2,1671.699951171875,69875959481.77397
2022-09-17,109.76000213623047,21649.2,1671.699951171875,69879916114.88113
2022-09-18,109.76000213623047,21649.2,1671.699951171875,69876656106.29747
2022-09-19,109.73999786376953,21649.2,1666.199951171875,69889718194.60225
2022-09-20,110.22000122070312,21649.2,1659.699951171875,69877904308.68225
2022-09-21,110.63999938964844,21649.2,1664.5999755859375,69879401947.25597
2022-09-22,111.3499984741211,21649.2,1670.800048828125,69874854876.72983
2022-09-23,113.19000244140625,21649.2,1645.300048828125,69871449314.6386
2022-09-24,113.19000244140625,21649.2,1645.300048828125,69881854396.75002
2022-09-25,113.19000244140625,21649.2,1645.300048828125,69875553367.79625
2022-09-26,114.0999984741211,21649.2,1623.300048828125,69876308318.07817
2022-09-27,114.11000061035156,21649.2,1626.699951171875,69874031209.08067
2022-09-28,112.5999984741211,21649.2,1660.4000244140625,69874207046.54771
2022-09-29,112.25,21649.2,1658.5,69881920575.65517
2022-09-30,112.12000274658203,21641.9,1662.4000244140625,69881578498.13739
2022-10-01,112.12000274658203,21641.9,1662.4000244140625,69879663909.60963
2022-10-02,112.12000274658203,21641.9,1662.4000244140625,69878125888.13725
2022-10-03,111.75,21641.9,1692.9000244140625,69887259798.63397
2022-10-04,110.06999969482422,21641.9,1721.0999755859375,69898659155.69756
2022-10-05,111.06999969482422,21641.9,1711.4000244140625,69889436519.67856
2022-10-06,112.26000213623047,21641.9,1711.699951171875,69878360842.74342
2022-10-07,112.80000305175781,21641.9,1700.5,69875856917.14726
2022-10-08,112.80000305175781,21641.9,1700.5,69874768977.33488
2022-10-09,112.80000305175781,21641.9,1700.5,69875207869.22177
2022-10-10,113.13999938964844,21641.9,1667.300048828125,69867656544.0131
2022-10-11,113.22000122070312,21641.9,1678.699951171875,69858876439.82684
2022-10-12,113.31999969482422,21641.9,1670.300048828125,69867334235.21324
2022-10-13,112.36000061035156,21641.9,1670.0,69874757563.90024
2022-10-14,113.30999755859375,21641.9,1641.699951171875,69870936370.54398
2022-10-15,113.30999755859375,21641.9,1641.699951171875,69869837487.01913
2022-10-16,113.30999755859375,21641.9,1641.699951171875,69870954031.46767
2022-10-17,112.04000091552734,21641.9,1657.0,69870857661.45831
2022-10-18,112.12999725341797,21641.9,1649.0,69872824385.05284
2022-10-19,112.9800033569336,21641.9,1627.5,69871476429.9726
2022-10-20,112.87999725341797,21641.9,1630.800048828125,69863299353.06328
2022-10-21,112.01000213623047,21641.9,1651.0,69866288669.99806
2022-10-22,112.01000213623047,21641.9,1651.0,69868010890.59114
2022-10-23,112.01000213623047,21641.9,1651.0,69866532785.30501
2022-10-24,111.98999786376953,21641.9,1648.699951171875,70866224603.09216
2022-10-25,110.94999694824219,21641.9,1652.800048828125,70881150523.62459
2022-10-26,109.69999694824219,21641.9,1664.0,70879797337.9617
2022-10-27,110.58999633789062,21641.9,1660.699951171875,70869114636.56854
2022-10-28,110.66999816894531,21641.9,1639.5999755859375,70878497207.02731
2022-10-29,110.66999816894531,21641.9,1639.5999755859375,70884581210.06963
2022-10-30,110.66999816894531,21641.9,1639.5999755859375,70878298841.91026
2022-10-31,111.52999877929688,21541.3,1635.9000244140625,71860004641.33032
2022-11-01,111.4800033569336,21541.3,1645.0,71855521001.97775
2022-11-02,111.3499984741211,21541.3,1645.699951171875,71860424169.34805
2022-11-03,112.93000030517578,21541.3,1627.300048828125,71862450092.82219
2022-11-04,110.87999725341797,21541.3,1672.5,71869761288.80064
2022-11-05,110.87999725341797,21541.3,1672.5,71866720702.2644
2022-11-06,110.87999725341797,21541.3,1672.5,71880472327.23764
2022-11-07,110.12000274658203,21541.3,1676.5,71866767638.50352
2022-11-08,109.62000274658203,21541.3,1712.0999755859375,72959261120.39954
2022-11-09,110.55000305175781,21541.3,1710.0999755859375,72722754256.30054
2022-11-10,108.20999908447266,21541.3,1750.300048828125,72673305008.75485
2022-11-11,106.29000091552734,21541.3,1766.0,72688292103.05725
2022-11-12,106.29000091552734,21541.3,1766.0,72730020183.62192
2022-11-13,106.29000091552734,21541.3,1766.0,72746006037.06137
2022-11-14,106.66000366210938,21541.3,1773.5999755859375,72754008179.53987
2022-11-15,106.4000015258789,21541.3,1773.800048828125,72770921144.11348
2022-11-16,106.27999877929688,21541.3,1773.0,72797285575.36057
2022-11-17,106.69000244140625,21541.3,1760.800048828125,72804488069.67279
2022-11-18,106.93000030517578,21541.3,1751.9000244140625,72772197723.64055
2022-11-19,106.93000030517578,21541.3,1751.9000244140625,72777361404.14758
2022-11-20,106.93000030517578,21541.3,1751.9000244140625,72759131105.8103
2022-11-21,107.83999633789062,21541.3,1737.4000244140625,72774518473.4194
2022-11-22,107.22000122070312,21541.3,1738.300048828125,72767715450.51033
2022-11-23,106.08000183105469,21541.3,1744.9000244140625,72782378442.1727
2022-11-24,106.08000183105469,21541.3,1744.9000244140625,72805105173.24718
2022-11-25,105.95999908447266,21541.3,1753.300048828125,72820020866.07297
2022-11-26,105.95999908447266,21541.3,1753.300048828125,72820090258.81871
2022-11-27,105.95999908447266,21541.3,1753.300048828125,72823503832.55937
2022-11-28,106.68000030517578,21541.3,1740.0999755859375,72831821359.06458
2022-11-29,106.81999969482422,21541.3,1748.4000244140625,72839251365.34012
2022-11-30,105.94999694824219,21464.1,1746.0,72871497294.90326
2022-12-01,104.7300033569336,21464.1,1801.0999755859375,72868424382.26706
2022-12-02,104.55000305175781,21464.1,1795.9000244140625,72867533582.96967
2022-12-03,104.55000305175781,21464.1,1795.9000244140625,72870679210.00484
2022-12-04,104.55000305175781,21464.1,1795.9000244140625,72872282844.63289
2022-12-05,105.29000091552734,21464.1,1767.4000244140625,72864007988.59055
2022-12-06,105.58000183105469,21464.1,1769.300048828125,72861637115.91138
2022-12-07,105.0999984741211,21464.1,1785.5,72864574245.31996
2022-12-08,104.7699966430664,21464.1,1788.699951171875,72869050279.70122
2022-12-09,104.80999755859375,21464.1,1798.0999755859375,72864936305.53004
2022-12-10,104.80999755859375,21464.1,1798.0999755859375,72862120182.24055
2022-12-11,104.80999755859375,21464.1,1798.0999755859375,72867221517.86926
2022-12-12,105.12999725341797,21464.1,1780.5,72869786196.24619
2022-12-13,103.9800033569336,21464.1,1813.9000244140625,72848203497.94537
2022-12-14,103.7699966430664,21464.1,1807.5,72869240763.71548
2022-12-15,104.55999755859375,21464.1,1777.199951171875,72864759704.2694
2022-12-16,104.69999694824219,21464.1,1790.0,72868496415.26353
2022-12-17,104.69999694824219,21464.1,1790.0,72869903220.63693
2022-12-18,104.69999694824219,21464.1,1790.0,72873456218.64801
2022-12-19,104.72000122070312,21464.1,1787.699951171875,72862966841.86182
2022-12-20,103.97000122070312,21464.1,1815.9000244140625,72865880017.03893
2022-12-21,104.16000366210938,21464.1,1815.9000244140625,72865067063.66902
2022-12-22,104.43000030517578,21464.1,1787.0,72848927656.44191
2022-12-23,104.30999755859375,21464.1,1795.9000244140625,72856064142.76205
2022-12-24,104.30999755859375,21464.1,1795.9000244140625,72856176290.80905
2022-12-25,104.30999755859375,21464.1,1795.9000244140625,72852164408.21974
2022-12-26,104.30999755859375,21464.1,1795.9000244140625,72844245960.79088
2022-12-27,104.18000030517578,21464.1,1814.800048828125,72829351545.60638
2022-12-28,104.45999908447266,21464.1,1807.9000244140625,72822993358.21184
2022-12-29,103.83999633789062,21464.1,1819.5,72826437679.9134
2022-12-30,103.5199966430664,21464.1,1819.699951171875,72822990571.58525
2022-12-31,103.5199966430664,21409.4,1819.699951171875,72822346862.93991
2023-01-01,103.5199966430664,21409.4,1819.699951171875,72828769896.6957
2023-01-02,103.5199966430664,21409.4,1819.699951171875,72836567898.73856
2023-01-03,104.5199966430664,21409.4,1839.699951171875,72830360037.7539
2023-01-04,104.25,21409.4,1852.800048828125,72836320703.31622
2023-01-05,105.04000091552734,21409.4,1834.800048828125,72832951628.63771
2023-01-06,103.87999725341797,21409.4,1864.199951171875,72836167407.1093
2023-01-07,103.87999725341797,21409.4,1864.199951171875,72844636550.83072
2023-01-08,103.87999725341797,21409.4,1864.199951171875,72842458469.26392
2023-01-09,103.0,21409.4,1872.699951171875,72856950901.96068
2023-01-10,103.23999786376953,21409.4,1871.5999755859375,72867229159.38434
2023-01-11,103.19000244140625,21409.4,1874.5999755859375,72848020388.57254
2023-01-12,102.25,21409.4,1895.5,72864560625.00055
2023-01-13,102.19999694824219,21409.4,1918.4000244140625,72864173474.84093
2023-01-14,102.19999694824219,21409.4,1918.4000244140625,72865820821.57635
2023-01-15,102.19999694824219,21409.4,1918.4000244140625,72878371052.41743
2023-01-16,102.19999694824219,21409.4,1918.4000244140625,72860540854.64102
2023-01-17,102.38999938964844,21409.4,1907.199951171875,72865576914.84952
2023-01-18,102.36000061035156,21409.4,1904.4000244140625,72855742909.24135
2023-01-19,102.05999755859375,21409.4,1922.0999755859375,72858516874.97586
2023-01-20,102.01000213623047,21409.4,1926.4000244140625,72868342023.59123
2023-01-21,102.01000213623047,21409.4,1926.4000244140625,72868819488.90724
2023-01-22,102.01000213623047,21409.4,1926.4000244140625,72873221618.56252
2023-01-23,102.13999938964844,21409.4,1927.0999755859375,72865714963.58345
2023-01-24,101.91999816894531,21409.4,1933.9000244140625,72864390745.64969
2023-01-25,101.63999938964844,21409.4,1941.199951171875,72869511287.56496
2023-01-26,101.83999633789062,21409.4,1929.0999755859375,72860673921.07602
2023-01-27,101.93000030517578,21409.4,1928.5999755859375,72883994693.11574
2023-01-28,101.93000030517578,21409.4,1928.5999755859375,72873339292.11896
2023-01-29,101.93000030517578,21409.4,1928.5999755859375,72859060809.58371
2023-01-30,102.27999877929688,21293.1,1922.9000244140625,72862174660.11273
2023-01-31,102.0999984741211,21293.1,1929.5,72858793206.71613
2023-02-01,101.22000122070312,21293.1,1927.800048828125,72851400969.44864
2023-02-02,101.75,21293.1,1916.300048828125,72858323964.83812
2023-02-03,102.91999816894531,21293.1,1862.9000244140625,72852816142.02385
2023-02-04,102.91999816894531,21293.1,1862.9000244140625,72853241898.71814
2023-02-05,102.91999816894531,21293.1,1862.9000244140625,72865119637.68454
2023-02-06,103.62000274658203,21293.1,1866.199951171875,72850238163.94829
2023-02-07,103.43000030517578,21293.1,1871.699951171875,70849474511.52863
2023-02-08,103.41000366210938,21293.1,1877.4000244140625,70847528724.88951
2023-02-09,103.22000122070312,21293.1,1866.199951171875,70852744962.4335
2023-02-10,103.62999725341797,21293.1,1862.800048828125,70856199404.36679
2023-02-11,103.62999725341797,21293.1,1862.800048828125,70853770814.8706
2023-02-12,103.62999725341797,21293.1,1862.800048828125,70858101051.26028
2023-02-13,103.3499984741211,21293.1,1851.9000244140625,72894848077.36255
2023-02-14,103.2300033569336,21293.1,1854.0,72864665865.97716
2023-02-15,103.91999816894531,21293.1,1834.199951171875,72858610690.38072
2023-02-16,103.86000061035156,21293.1,1842.0,72853849644.84872
2023-02-17,103.86000061035156,21293.1,1840.4000244140625,72856615445.48613
2023-02-18,103.86000061035156,21293.1,1840.4000244140625,72857949192.19427
2023-02-19,103.86000061035156,21293.1,1840.4000244140625,72863250267.50732
2023-02-20,103.86000061035156,21293.1,1840.4000244140625,72852922487.96962
2023-02-21,104.18000030517578,21293.1,1833.0,72856064229.28853
2023-02-22,104.58999633789062,21293.1,1832.0,73849289637.98265
2023-02-23,104.5999984741211,21293.1,1818.0,73859076143.77022
2023-02-24,105.20999908447266,21293.1,1808.800048828125,73847868718.93076
2023-02-25,105.20999908447266,21293.1,1808.800048828125,73854538805.7963
2023-02-26,105.20999908447266,21293.1,1808.800048828125,73850662049.34784
2023-02-27,104.66999816894531,21293.1,1817.0,73849909861.75769
2023-02-28,104.87000274658203,21293.1,1828.9000244140625,73857055458.50233
2023-03-01,104.4800033569336,21293.1,1837.699951171875,73855629942.9617
2023-03-02,105.02999877929688,21274.0,1833.5,73851319731.92273
2023-03-03,104.5199966430664,21274.0,1847.699951171875,73852939961.59995
2023-03-04,104.5199966430664,21274.0,1847.699951171875,75851651429.29494
2023-03-05,104.5199966430664,21274.0,1847.699951171875,75850835485.77528
2023-03-06,104.3499984741211,21274.0,1847.9000244140625,75841227987.91487
2023-03-07,105.62000274658203,21274.0,1813.9000244140625,75843702533.28291
2023-03-08,105.66000366210938,21274.0,1812.699951171875,75835382399.04494
2023-03-09,105.30999755859375,21274.0,1829.300048828125,75845142497.48796
2023-03-10,104.58000183105469,21274.0,1862.0,76129434615.91896
2023-03-11,104.58000183105469,21274.0,1862.0,76440486205.43475
2023-03-12,104.58000183105469,21274.0,1862.0,76405386187.02515
2023-03-13,103.5999984741211,21274.0,1911.699951171875,76162440005.64282
2023-03-14,103.5999984741211,21274.0,1906.199951171875,78121607409.05493
2023-03-15,104.6500015258789,21274.0,1926.5999755859375,78149476158.57747
2023-03-16,104.41999816894531,21274.0,1919.0,79020404956.04083
2023-03-17,103.70999908447266,21274.0,1969.800048828125,79034339114.17865
2023-03-18,103.70999908447266,21274.0,1969.800048828125,79064613392.17267
2023-03-19,103.70999908447266,21274.0,1969.800048828125,79080866976.63298
2023-03-20,103.27999877929688,21274.0,1979.199951171875,80079593372.26286
2023-03-21,103.26000213623047,21274.0,1938.0,81053836102.0777
2023-03-22,102.3499984741211,21274.0,1946.800048828125,81045234900.4598
2023-03-23,102.52999877929688,21274.0,1993.800048828125,81977781868.69322
2023-03-24,103.12000274658203,21274.0,1982.0999755859375,82941620294.03906
2023-03-25,103.12000274658203,21274.0,1982.0999755859375,82916356396.32727
2023-03-26,103.12000274658203,21274.0,1982.0999755859375,82920436736.79059
2023-03-27,102.86000061035156,21274.0,1952.4000244140625,82878159924.75456
2023-03-28,102.43000030517578,21274.0,1972.4000244140625,82866970261.41917
2023-03-29,102.63999938964844,21274.0,1966.0999755859375,82861467765.85054
2023-03-30,102.13999938964844,21274.0,1980.300048828125,82851513140.21715
2023-03-31,102.51000213623047,21274.0,1969.0,82865958922.08183
2023-04-01,102.51000213623047,21274.0,1969.0,82878700335.4565
2023-04-02,102.51000213623047,21240.2,1969.0,82870494164.32158
2023-04-03,102.08999633789062,21240.2,1983.9000244140625,82865762508.13309
2023-04-04,101.58999633789062,21240.2,2022.199951171875,82873808797.88338
2023-04-05,101.8499984741211,21240.2,2020.9000244140625,82855118291.13481
2023-04-06,101.81999969482422,21240.2,2011.9000244140625,82882084983.65788
2023-04-07,101.81999969482422,21240.2,2011.9000244140625,82893607168.31671
2023-04-08,101.81999969482422,21240.2,2011.9000244140625,82887944065.0531
2023-04-09,101.81999969482422,21240.2,2011.9000244140625,82893794794.09277
2023-04-10,102.58000183105469,21240.2,1989.0999755859375,82905406627.56647
2023-04-11,102.19999694824219,21240.2,2004.800048828125,82922625373.38776
2023-04-12,101.5,21240.2,2010.9000244140625,82884147898.95847
2023-04-13,101.01000213623047,21240.2,2041.300048828125,82932003999.93298
2023-04-14,101.55000305175781,21240.2,2002.199951171875,83920053611.73953
2023-04-15,101.55000305175781,21240.2,2002.199951171875,83916230092.2728
2023-04-16,101.55000305175781,21240.2,2002.199951171875,83904995432.228
2023-04-17,102.0999984741211,21240.2,1994.199951171875,83898843566.44902
2023-04-18,101.75,21240.2,2007.4000244140625,83870601108.13138
2023-04-19,101.97000122070312,21240.2,1995.199951171875,83885735237.96089
2023-04-20,101.83999633789062,21240.2,2007.5999755859375,84853251768.69608
2023-04-21,101.81999969482422,21240.2,1979.5,84834384407.275
2023-04-22,101.81999969482422,21240.2,1979.5,84851230259.19476
2023-04-23,101.81999969482422,21240.2,1979.5,84845722911.32527
2023-04-24,101.3499984741211,21240.2,1989.0999755859375,84848300461.7009
2023-04-25,101.86000061035156,21240.2,1994.0,84859277569.86903
2023-04-26,101.47000122070312,21240.2,1985.699951171875,84878912588.3983
2023-04-27,101.5,21240.2,1989.9000244140625,84868968716.95613
2023-04-28,101.66999816894531,21240.2,1990.0999755859375,84902959634.11624
2023-04-29,101.66999816894531,21240.2,1990.0999755859375,84894734997.3775
2023-04-30,101.66999816894531,20942.3,1990.0999755859375,84881437253.3569
2023-05-01,102.1500015258789,20942.3,1983.4000244140625,84862615560.59491
2023-05-02,101.95999908447266,20942.3,2014.300048828125,84888995206.567
2023-05-03,101.33999633789062,20942.3,2028.5999755859375,84864257030.53087
2023-05-04,101.4000015258789,20942.3,2048.0,84882578368.38931
2023-05-05,101.20999908447266,20942.3,2017.4000244140625,84932171648.55345
2023-05-06,101.20999908447266,20942.3,2017.4000244140625,84993495623.02298
2023-05-07,101.20999908447266,20942.3,2017.4000244140625,84948006826.3517
2023-05-08,101.37000274658203,20942.3,2026.300048828125,85916047713.30687
2023-05-09,101.63999938964844,20942.3,2036.199951171875,85885282623.69421
2023-05-10,101.4800033569336,20942.3,2030.5,85911590081.49052
2023-05-11,102.05999755859375,20942.3,2014.699951171875,85878912423.9674
2023-05-12,102.68000030517578,20942.3,2014.5,85886415236.66345
2023-05-13,102.68000030517578,20942.3,2014.5,85887230285.3363
2023-05-14,102.68000030517578,20942.3,2014.5,85882486195.31992
2023-05-15,102.43000030517578,20942.3,2018.0,85864795073.4361
2023-05-16,102.55999755859375,20942.3,1988.4000244140625,85850846151.33159
2023-05-17,102.87999725341797,20942.3,1980.699951171875,85849933266.71503
2023-05-18,103.58000183105469,20942.3,1956.5,85844387147.73135
2023-05-19,103.19999694824219,20942.3,1978.699951171875,85860845687.22586
2023-05-20,103.19999694824219,20942.3,1978.699951171875,85871375142.7391
2023-05-21,103.19999694824219,20942.3,1978.699951171875,85869140645.02505
2023-05-22,103.19999694824219,20942.3,1974.800048828125,85861223584.82326
2023-05-23,103.48999786376953,20942.3,1972.4000244140625,85847443040.88748
2023-05-24,103.88999938964844,20942.3,1962.800048828125,85839465924.46791
2023-05-25,104.20999908447266,20942.3,1943.0999755859375,85847908739.98148
2023-05-26,104.20999908447266,20942.3,1944.0999755859375,85870274112.06157
2023-05-27,104.20999908447266,20942.3,1944.0999755859375,85877436104.54988
2023-05-28,104.20999908447266,20942.3,1944.0999755859375,85863043910.36006
2023-05-29,104.20999908447266,20942.3,1944.0999755859375,85866745671.27936
2023-05-30,104.16999816894531,20942.3,1958.0,85856750023.72629
2023-05-31,104.31999969482422,20758.3,1963.9000244140625,85865251189.60103
2023-06-01,103.55999755859375,20758.3,1978.0,85849570420.75166
2023-06-02,104.0199966430664,20758.3,1952.4000244140625,85871535794.33794
2023-06-03,104.0199966430664,20758.3,1952.4000244140625,85871012898.84589
2023-06-04,104.0199966430664,20758.3,1952.4000244140625,85864877531.53105
2023-06-05,104.0,20758.3,1958.0,85865451828.23096
2023-06-06,104.12999725341797,20758.3,1965.5,85858796940.48169
2023-06-07,104.0999984741211,20758.3,1942.699951171875,85848668670.72795
2023-06-08,103.33999633789062,20758.3,1963.5999755859375,85856708619.3153
2023-06-09,103.55999755859375,20758.3,1962.199951171875,85839736927.48889
2023-06-10,103.55999755859375,20758.3,1962.199951171875,85881647939.85036
2023-06-11,103.55999755859375,20758.3,1962.199951171875,85875516679.14926
2023-06-12,103.62999725341797,20758.3,1955.300048828125,86842641529.42412
2023-06-13,103.33999633789062,20758.3,1944.5999755859375,86821533995.97574
2023-06-14,103.01000213623047,20758.3,1955.300048828125,86826111402.17972
2023-06-15,102.12000274658203,20758.3,1957.800048828125,87008151453.46205
2023-06-16,102.30000305175781,20758.3,1958.4000244140625,88277760216.95006
2023-06-17,102.30000305175781,20758.3,1958.4000244140625,88300795340.86472
2023-06-18,102.30000305175781,20758.3,1958.4000244140625,88317644785.71854
2023-06-19,102.30000305175781,20758.3,1958.4000244140625,88317326196.56493
2023-06-20,102.54000091552734,20758.3,1935.5,88607154877.73091
2023-06-21,102.06999969482422,20758.3,1933.300048828125,85489593817.63214
2023-06-22,102.38999938964844,20758.3,1912.699951171875,85498124271.54147
2023-06-23,102.9000015258789,20758.3,1919.0999755859375,85538545464.70366
2023-06-24,102.9000015258789,20758.3,1919.0999755859375,85534933621.72766
2023-06-25,102.9000015258789,20758.3,1919.0999755859375,85518376814.00755
2023-06-26,102.69000244140625,20758.3,1923.699951171875,85497079271.87962
2023-06-27,102.48999786376953,20758.3,1914.0,85502377419.37123
2023-06-28,102.91000366210938,20758.3,1912.300048828125,85485610232.67798
2023-06-29,103.33999633789062,20758.3,1909.199951171875,85480379938.08853
2023-06-30,102.91000366210938,20829.6,1921.0999755859375,85474236702.18262
2023-07-01,102.91000366210938,20829.6,1921.0999755859375,85488772437.75334
2023-07-02,102.91000366210938,20829.6,1921.0999755859375,85486209791.39426
2023-07-03,102.98999786376953,20829.6,1921.699951171875,85492466448.69621
2023-07-04,102.98999786376953,20829.6,1921.699951171875,85497560937.54996
2023-07-05,103.37000274658203,20829.6,1919.5999755859375,85490088349.34131
2023-07-06,103.16999816894531,20829.6,1908.699951171875,85485573521.04018
2023-07-07,102.2699966430664,20829.6,1926.199951171875,85497842264.2377
2023-07-08,102.2699966430664,20829.6,1926.199951171875,85500893005.69261
2023-07-09,102.2699966430664,20829.6,1926.199951171875,85502648884.5459
2023-07-10,101.97000122070312,20829.6,1925.0,85499371682.03561
2023-07-11,101.7300033569336,20829.6,1931.300048828125,85491973138.11789
2023-07-12,100.5199966430664,20829.6,1956.199951171875,86483870477.23053
2023-07-13,99.7699966430664,20829.6,1959.199951171875,86515055734.85265
2023-07-14,99.91000366210938,20829.6,1960.0999755859375,86531669292.21587
2023-07-15,99.91000366210938,20829.6,1960.0999755859375,86512617408.8011
2023-07-16,99.91000366210938,20829.6,1960.0999755859375,86521465006.6991
2023-07-17,99.83999633789062,20829.6,1952.4000244140625,86500755345.47453
2023-07-18,99.94000244140625,20829.6,1977.199951171875,86501158012.19879
2023-07-19,100.27999877929688,20829.6,1977.5,86494268953.70836
2023-07-20,100.87999725341797,20829.6,1968.300048828125,86481662365.39818
2023-07-21,101.06999969482422,20829.6,1964.300048828125,86493439002.30054
2023-07-22,101.06999969482422,20829.6,1964.300048828125,86499461108.09251
2023-07-23,101.06999969482422,20829.6,1964.300048828125,86479992620.72662
2023-07-24,101.3499984741211,20829.6,1960.300048828125,86479523314.47346
2023-07-25,101.3499984741211,20829.6,1962.0999755859375,86475267258.70906
2023-07-26,100.88999938964844,20829.6,1968.9000244140625,86485673921.26895
2023-07-27,101.7699966430664,20829.6,1945.4000244140625,86466058899.36902
2023-07-28,101.62000274658203,20829.6,1960.4000244140625,86483878406.22226
2023-07-29,101.62000274658203,20829.6,1960.4000244140625,86485972984.22438
2023-07-30,101.62000274658203,20829.6,1960.4000244140625,86479179202.84781
2023-07-31,101.86000061035156,20798.9,1970.5,86476986411.48932
2023-08-01,102.30000305175781,20798.9,1940.699951171875,86441835406.45424
2023-08-02,102.58999633789062,20798.9,1937.4000244140625,86435798216.78397
2023-08-03,102.54000091552734,20798.9,1932.0,86417278958.72237
2023-08-04,102.0199966430664,20798.9,1939.5999755859375,86364415126.859
2023-08-05,102.0199966430664,20798.9,1939.5999755859375,86404572308.7859
2023-08-06,102.0199966430664,20798.9,1939.5999755859375,86347273079.86565
2023-08-07,102.05000305175781,20798.9,1933.5,86386010515.1921
2023-08-08,102.52999877929688,20798.9,1924.0999755859375,86455088093.25658
2023-08-09,102.48999786376953,20798.9,1915.4000244140625,86429138739.52733
2023-08-10,102.5199966430664,20798.9,1914.4000244140625,86395313766.44421
2023-08-11,102.83999633789062,20798.9,1912.9000244140625,86404171737.19188
2023-08-12,102.83999633789062,20798.9,1912.9000244140625,86440338878.08366
2023-08-13,102.83999633789062,20798.9,1912.9000244140625,86410701574.59789
2023-08-14,103.19000244140625,20798.9,1910.5999755859375,86417658859.95802
2023-08-15,103.20999908447266,20798.9,1902.5,86393814039.82162
2023-08-16,103.41999816894531,20798.9,1896.0999755859375,86383513927.70369
2023-08-17,103.44000244140625,20798.9,1884.0999755859375,86489774464.92885
2023-08-18,103.37999725341797,20798.9,1886.0999755859375,86466963471.65945
2023-08-19,103.37999725341797,20798.9,1886.0999755859375,86474182673.93361
2023-08-20,103.37999725341797,20798.9,1886.0999755859375,86486141798.5697
2023-08-21,103.33000183105469,20798.9,1893.300048828125,86476225659.81943
2023-08-22,103.55999755859375,20798.9,1896.4000244140625,85232533330.82906
2023-08-23,103.36000061035156,20798.9,1918.5,85274943160.44164
2023-08-24,103.9800033569336,20798.9,1918.199951171875,85262096543.5383
2023-08-25,104.08000183105469,20798.9,1911.0999755859375,85255847938.36531
2023-08-26,104.08000183105469,20798.9,1911.0999755859375,85255014588.2085
2023-08-27,104.08000183105469,20798.9,1911.0999755859375,85251244333.80455
2023-08-28,104.05999755859375,20798.9,1917.9000244140625,85231548586.32028
2023-08-29,103.55000305175781,20798.9,1936.5,85297045408.33098
2023-08-30,103.16000366210938,20792.2,1944.300048828125,85289295822.1411
2023-08-31,103.62000274658203,20792.2,1938.199951171875,85262471511.59068
2023-09-01,104.23999786376953,20792.2,1939.800048828125,85248457214.03555
2023-09-02,104.23999786376953,20792.2,1939.800048828125,85279515452.97517
2023-09-03,104.23999786376953,20792.2,1939.800048828125,85273204258.24518
2023-09-04,104.23999786376953,20792.2,1939.800048828125,85238324169.34186
2023-09-05,104.80999755859375,20792.2,1926.199951171875,85250139918.72246
2023-09-06,104.86000061035156,20792.2,1918.0999755859375,85240871107.25525
2023-09-07,105.05999755859375,20792.2,1917.5,85281754731.44968
2023-09-08,105.08999633789062,20792.2,1918.4000244140625,85263274056.06734
2023-09-09,105.08999633789062,20792.2,1918.4000244140625,85267403140.11221
2023-09-10,105.08999633789062,20792.2,1918.4000244140625,85253052728.15134
2023-09-11,104.56999969482422,20792.2,1923.300048828125,85249592277.38385
2023-09-12,104.70999908447266,20792.2,1911.300048828125,85283711553.37514
2023-09-13,104.7699966430664,20792.2,1909.0999755859375,85305371021.20566
2023-09-14,105.41000366210938,20792.2,1910.0,85322018846.42236
2023-09-15,105.31999969482422,20792.2,1923.699951171875,85296318027.58018
2023-09-16,105.31999969482422,20792.2,1923.699951171875,85310342946.7701
2023-09-17,105.31999969482422,20792.2,1923.699951171875,85292382500.73529
2023-09-18,105.19999694824219,20792.2,1931.5,85304492737.50764
2023-09-19,105.19999694824219,20792.2,1932.0,86295948048.77806
2023-09-20,105.16000366210938,20792.2,1945.5999755859375,86288848792.69058
2023-09-21,105.36000061035156,20792.2,1919.199951171875,86280148736.5393
2023-09-22,105.58000183105469,20792.2,1925.4000244140625,86282721425.08269
2023-09-23,105.58000183105469,20792.2,1925.4000244140625,86300082667.98344
2023-09-24,105.58000183105469,20792.2,1925.4000244140625,86299964648.12675
2023-09-25,106.0,20792.2,1916.5999755859375,86259480580.04749
2023-09-26,106.2300033569336,20792.2,1900.4000244140625,86235557902.84369
2023-09-27,106.66999816894531,20792.2,1871.5999755859375,86231001189.67097
2023-09-28,106.22000122070312,20792.2,1860.4000244140625,86289641035.05135
2023-09-29,106.16999816894531,20792.2,1848.0999755859375,86281173993.56357
2023-09-30,106.16999816894531,20782.0,1848.0999755859375,86291002175.98538
2023-10-01,106.16999816894531,20782.0,1848.0999755859375,86271176963.82983
2023-10-02,106.9000015258789,20782.0,1830.0,86309585962.6196
2023-10-03,107.0,20782.0,1824.5999755859375,86290584450.9697
2023-10-04,106.80000305175781,20782.0,1818.5,86299271785.17363
2023-10-05,106.33000183105469,20782.0,1816.5999755859375,86287163746.08313
2023-10-06,106.04000091552734,20782.0,1830.199951171875,86530531877.03854
2023-10-07,106.04000091552734,20782.0,1830.199951171875,86540444766.78459
2023-10-08,106.04000091552734,20782.0,1830.199951171875,86530613757.43942
2023-10-09,106.08000183105469,20782.0,1849.5,86495300412.0619
2023-10-10,105.83000183105469,20782.0,1861.0,86486123257.3523
2023-10-11,105.81999969482422,20782.0,1872.800048828125,86461462108.82372
2023-10-12,106.56999969482422,20782.0,1869.300048828125,86462593180.45715
2023-10-13,106.6500015258789,20782.0,1927.4000244140625,86488160089.13037
2023-10-14,106.6500015258789,20782.0,1927.4000244140625,86490504677.30101
2023-10-15,106.6500015258789,20782.0,1927.4000244140625,86553821483.0115
2023-10-16,106.23999786376953,20782.0,1921.0999755859375,86526431672.3983
2023-10-17,106.25,20782.0,1922.699951171875,86519512701.9905
2023-10-18,106.56999969482422,20782.0,1955.300048828125,86504671198.18813
2023-10-19,106.25,20782.0,1968.4000244140625,87532315293.94461
2023-10-20,106.16000366210938,20782.0,1982.5,87531630633.6018
2023-10-21,106.16000366210938,20782.0,1982.5,87527222052.13274
2023-10-22,106.16000366210938,20782.0,1982.5,87511441278.5043
2023-10-23,105.54000091552734,20782.0,1976.300048828125,87531800940.47314
2023-10-24,106.2699966430664,20782.0,1975.0,87489031710.16077
2023-10-25,106.52999877929688,20782.0,1984.0999755859375,87514376601.82326
2023-10-26,106.5999984741211,20782.0,1987.199951171875,87500982053.54353
2023-10-27,106.55999755859375,20782.0,1988.5999755859375,87511240638.36325
2023-10-28,106.55999755859375,20782.0,1988.5999755859375,87499518205.54518
2023-10-29,106.55999755859375,20782.0,1988.5999755859375,87516035677.94115
2023-10-30,106.12000274658203,20782.0,1996.199951171875,87526749859.39351
2023-10-31,106.66000366210938,20753.6,1985.199951171875,87526102601.02473
2023-11-01,106.87999725341797,20753.6,1978.800048828125,87518699453.3245
2023-11-02,106.12000274658203,20753.6,1985.5999755859375,87506934221.14389
2023-11-03,105.0199966430664,20753.6,1991.5,88530406526.67584
2023-11-04,105.0199966430664,20753.6,1991.5,88549107774.53934
2023-11-05,105.0199966430664,20753.6,1991.5,88544248682.24078
2023-11-06,105.22000122070312,20753.6,1981.5999755859375,88519258770.7274
2023-11-07,105.54000091552734,20753.6,1966.800048828125,88529791509.92462
2023-11-08,105.58999633789062,20753.6,1951.5,88529437000.47865
2023-11-09,105.91000366210938,20753.6,1964.199951171875,89489163989.15031
2023-11-10,105.86000061035156,20753.6,1932.5999755859375,90538387166.96416
2023-11-11,105.86000061035156,20753.6,1932.5999755859375,90552584641.11603
2023-11-12,105.86000061035156,20753.6,1932.5999755859375,90541429303.6178
2023-11-13,105.66000366210938,20753.6,1945.5,90506476624.37167
2023-11-14,104.11000061035156,20753.6,1961.800048828125,90504980615.51741
2023-11-15,104.38999938964844,20753.6,1960.0999755859375,90535245548.236
2023-11-16,104.37000274658203,20753.6,1983.9000244140625,90476004913.46712
2023-11-17,103.81999969482422,20753.6,1981.5999755859375,90513087846.73488
2023-11-18,103.81999969482422,20753.6,1981.5999755859375,90536308893.45473
2023-11-19,103.81999969482422,20753.6,1981.5999755859375,90532611987.6768
2023-11-20,103.47000122070312,20753.6,1977.699951171875,90541841364.20868
2023-11-21,103.58999633789062,20753.6,1999.300048828125,90487801942.2644
2023-11-22,103.91999816894531,20753.6,1991.4000244140625,91505416030.75047
2023-11-23,103.91999816894531,20753.6,1991.4000244140625,91492319919.38647
2023-11-24,103.4000015258789,20753.6,2002.199951171875,91542205388.30995
2023-11-25,103.4000015258789,20753.6,2002.199951171875,91524875897.18272
2023-11-26,103.4000015258789,20753.6,2002.199951171875,91503230168.872
2023-11-27,103.19999694824219,20753.6,2011.800048828125,92464136827.71344
2023-11-28,102.75,20753.6,2039.699951171875,92516414990.16466
2023-11-29,102.7699966430664,20753.6,2047.0999755859375,92494583937.45677
2023-11-30,103.5,20737.5,2038.0999755859375,92489081566.40845
2023-12-01,103.2699966430664,20737.5,2071.0,92512479618.85056
2023-12-02,103.2699966430664,20737.5,2071.0,92511852438.256
2023-12-03,103.2699966430664,20737.5,2071.0,92508769568.95245
2023-12-04,103.63999938964844,20737.5,2024.0999755859375,92443883234.19373
2023-12-05,104.05000305175781,20737.5,2018.5,92477143879.05312
2023-12-06,104.1500015258789,20737.5,2030.5,92470776989.49312
2023-12-07,103.54000091552734,20737.5,2029.9000244140625,92501262912.9496
2023-12-08,104.01000213623047,20737.5,1998.300048828125,92502968064.49551
2023-12-09,104.01000213623047,20737.5,1998.300048828125,92497598776.42365
2023-12-10,104.01000213623047,20737.5,1998.300048828125,92479686768.88124
2023-12-11,104.0999984741211,20737.5,1978.0,93412538725.72621
2023-12-12,103.87000274658203,20737.5,1977.800048828125,93426766147.03258
2023-12-13,102.87000274658203,20737.5,1982.300048828125,93501242564.43016
2023-12-14,101.95999908447266,20737.5,2030.199951171875,93487964216.78236
2023-12-15,102.55000305175781,20737.5,2021.0999755859375,93474545737.26408
2023-12-16,102.55000305175781,20737.5,2021.0999755859375,93389569297.20169
2023-12-17,102.55000305175781,20737.5,2021.0999755859375,93396354844.11702
2023-12-18,102.51000213623047,20737.5,2026.300048828125,93453340401.46684
2023-12-19,102.16999816894531,20737.5,2038.4000244140625,93426692238.44032
2023-12-20,102.41000366210938,20737.5,2034.5,93450950387.49736
2023-12-21,101.83999633789062,20737.5,2039.0999755859375,93480318968.16393
2023-12-22,101.69999694824219,20737.5,2057.10009765625,93546157537.51222
2023-12-23,101.69999694824219,20737.5,2057.10009765625,93514713625.39792
2023-12-24,101.69999694824219,20737.5,2057.10009765625,93530283130.02435
2023-12-25,101.69999694824219,20737.5,2057.10009765625,94489410263.65997
2023-12-26,101.47000122070312,20737.5,2058.199951171875,94467899600.30943
2023-12-27,100.98999786376953,20737.5,2081.89990234375,94515914720.7697
2023-12-28,101.2300033569336,20737.5,2073.89990234375,94509080202.44183
2023-12-29,101.33000183105469,20737.5,2062.39990234375,94464563067.55492
2023-12-30,101.33000183105469,20737.5,2062.39990234375,94456002176.89703
2023-12-31,101.33000183105469,20749.7,2062.39990234375,94439114868.08841
2024-01-01,101.33000183105469,20749.7,2062.39990234375,94516785886.97032
2024-01-02,102.19999694824219,20749.7,2064.39990234375,94499864169.27658
2024-01-03,102.45999908447266,20749.7,2034.199951171875,94511109926.49289
2024-01-04,102.41999816894531,20749.7,2042.300048828125,96565022504.69304
2024-01-05,102.41000366210938,20749.7,2042.4000244140625,96545167449.32777
2024-01-06,102.41000366210938,20749.7,2042.4000244140625,96498853504.25012
2024-01-07,102.41000366210938,20749.7,2042.4000244140625,96531809669.01088
2024-01-08,102.20999908447266,20749.7,2026.5999755859375,96543344317.2299
2024-01-09,102.56999969482422,20749.7,2026.4000244140625,97492552151.34285
2024-01-10,102.36000061035156,20749.7,2021.699951171875,97517005693.98335
2024-01-11,102.29000091552734,20749.7,2014.300048828125,97476977081.26921
2024-01-12,102.4000015258789,20749.7,2046.699951171875,98425792238.38857
2024-01-13,102.4000015258789,20749.7,2046.699951171875,98457428787.00739
2024-01-14,102.4000015258789,20749.7,2046.699951171875,98401458379.35843
2024-01-15,102.4000015258789,20749.7,2046.699951171875,98391125658.61234
2024-01-16,103.36000061035156,20749.7,2026.0,98455656091.03128
2024-01-17,103.44999694824219,20749.7,2002.5999755859375,98366060249.0072
2024-01-18,103.54000091552734,20749.7,2018.5999755859375,98366286455.70502
2024-01-19,103.29000091552734,20749.7,2026.5,98367606955.97649
2024-01-20,103.29000091552734,20749.7,2026.5,98377164951.17564
2024-01-21,103.29000091552734,20749.7,2026.5,98392442846.51854
2024-01-22,103.33000183105469,20749.7,2019.800048828125,98349808353.31996
2024-01-23,103.62000274658203,20749.7,2023.699951171875,98390201428.03465
2024-01-24,103.23999786376953,20749.7,2013.9000244140625,98423509848.84927
2024-01-25,103.56999969482422,20749.7,2016.9000244140625,98409835826.03372
2024-01-26,103.47000122070312,20749.7,2016.800048828125,98449664860.4603
2024-01-27,103.47000122070312,20749.7,2016.800048828125,98462970744.92451
2024-01-28,103.47000122070312,20749.7,2016.800048828125,98445839139.6846
2024-01-29,103.61000061035156,20749.7,2025.199951171875,99460871986.81734
2024-01-30,103.4000015258789,20779.9,2031.5,99455521083.69174
2024-01-31,103.2699966430664,20779.9,2048.39990234375,99390582358.86153
2024-02-01,103.05000305175781,20779.9,2053.0,99434099353.08784
2024-02-02,103.91999816894531,20779.9,2036.0999755859375,99413727906.10931
2024-02-03,103.91999816894531,20779.9,2036.0999755859375,99441293943.40341
2024-02-04,103.91999816894531,20779.9,2036.0999755859375,99417438457.8771
2024-02-05,104.44999694824219,20779.9,2025.699951171875,99334250005.11043
2024-02-06,104.18000030517578,20779.9,2034.5,99440358172.6426
2024-02-07,104.04000091552734,20779.9,2035.199951171875,99446498969.48344
2024-02-08,104.1500015258789,20779.9,2032.199951171875,99485886620.07437
2024-02-09,104.08000183105469,20779.9,2023.300048828125,99512991483.00241
2024-02-10,104.08000183105469,20779.9,2023.300048828125,99500764465.17192
2024-02-11,104.08000183105469,20779.9,2023.300048828125,99493075667.60098
2024-02-12,104.16999816894531,20779.9,2018.199951171875,99487062010.61455
2024-02-13,104.95999908447266,20779.9,1992.9000244140625,99509011164.5777
2024-02-14,104.72000122070312,20779.9,1990.300048828125,99559412249.2518
2024-02-15,104.30000305175781,20779.9,2002.0999755859375,99576991028.15817
2024-02-16,104.27999877929688,20779.9,2011.5,99524699286.81537
2024-02-17,104.27999877929688,20779.9,2011.5,99484320910.76913
2024-02-18,104.27999877929688,20779.9,2011.5,99474319048.23598
2024-02-19,104.27999877929688,20779.9,2011.5,99480606665.66658
2024-02-20,104.08000183105469,20779.9,2027.5,100478836117.12305
2024-02-21,104.01000213623047,20779.9,2022.300048828125,100451132906.38635
2024-02-22,103.95999908447266,20779.9,2019.699951171875,100394660282.07391
2024-02-23,103.94000244140625,20779.9,2038.5999755859375,101442517836.5504
2024-02-24,103.94000244140625,20779.9,2038.5999755859375,101453395762.4688
2024-02-25,103.94000244140625,20779.9,2038.5999755859375,101462221720.5294
2024-02-26,103.83000183105469,20779.9,2028.5,101548986545.94997
2024-02-27,103.83000183105469,20779.9,2034.0,101519205397.97504
2024-02-28,103.9800033569336,20779.9,2033.0,101593433358.21011
2024-02-29,104.16000366210938,20779.9,2045.699951171875,101521891936.13548
2024-03-01,103.86000061035156,20835.5,2086.89990234375,101544004762.62263
2024-03-02,103.86000061035156,20835.5,2086.89990234375,101536827232.82028
2024-03-03,103.86000061035156,20835.5,2086.89990234375,102710625965.37112
2024-03-04,103.83000183105469,20835.5,2117.699951171875,103808563752.24112
2024-03-05,103.80000305175781,20835.5,2133.5,103776657401.57114
2024-03-06,103.37000274658203,20835.5,2150.300048828125,103727785255.51596
2024-03-07,102.81999969482422,20835.5,2158.0,103835244682.46408
2024-03-08,102.73999786376953,20835.5,2178.60009765625,104898682307.52628
2024-03-09,102.73999786376953,20835.5,2178.60009765625,106888776866.08617
2024-03-10,102.73999786376953,20835.5,2178.60009765625,106763369277.6799
2024-03-11,102.87000274658203,20835.5,2182.5,106687830255.12848
2024-03-12,102.95999908447266,20835.5,2160.39990234375,106679349601.7342
2024-03-13,102.79000091552734,20835.5,2175.39990234375,106723844979.94814
2024-03-14,103.36000061035156,20835.5,2163.0,106622648346.3138
2024-03-15,103.43000030517578,20835.5,2157.300048828125,106663069264.33034
2024-03-16,103.43000030517578,20835.5,2157.300048828125,106590773862.98431
2024-03-17,103.43000030517578,20835.5,2157.300048828125,106579545482.2444
2024-03-18,103.58000183105469,20835.5,2160.699951171875,106642457090.00545
2024-03-19,103.80999755859375,20835.5,2156.300048828125,107591660178.8114
2024-03-20,103.41000366210938,20835.5,2157.89990234375,107678843063.91208
2024-03-21,104.0,20835.5,2182.39990234375,107624592022.21712
2024-03-22,104.43000030517578,20835.5,2158.10009765625,107670084525.4724
2024-03-23,104.43000030517578,20835.5,2158.10009765625,107664109058.28143
2024-03-24,104.43000030517578,20835.5,2158.10009765625,107651595520.3824
2024-03-25,104.2300033569336,20835.5,2174.800048828125,107689582034.93498
2024-03-26,104.29000091552734,20835.5,2175.60009765625,107660314106.52225
2024-03-27,104.3499984741211,20835.5,2190.60009765625,107605535417.30923
2024-03-28,104.55000305175781,20835.5,2217.39990234375,107666047067.60872
2024-03-29,104.55000305175781,20835.5,2217.39990234375,107728139953.44762
2024-03-30,104.55000305175781,20835.5,2217.39990234375,107697215105.33696
2024-03-31,104.55000305175781,20835.5,2217.39990234375,107658784795.06276
2024-04-01,105.0199966430664,20921.7,2236.5,107694893522.59048
2024-04-02,104.81999969482422,20921.7,2261.0,108830652686.02122
2024-04-03,104.25,20921.7,2294.39990234375,109842249106.09695
2024-04-04,104.12000274658203,20921.7,2288.800048828125,109856358688.63567
2024-04-05,104.30000305175781,20921.7,2325.699951171875,110841242592.08353
2024-04-06,104.30000305175781,20921.7,2325.699951171875,110826544576.6628
2024-04-07,104.30000305175781,20921.7,2325.699951171875,110775817164.31436
2024-04-08,104.13999938964844,20921.7,2331.699951171875,110778421584.4578
2024-04-09,104.1500015258789,20921.7,2343.5,110757201799.61063
2024-04-10,105.25,20921.7,2329.60009765625,110794579356.696
2024-04-11,105.27999877929688,20921.7,2354.800048828125,110815350150.78265
2024-04-12,106.04000091552734,20921.7,2356.199951171875,110849225967.42825
2024-04-13,106.04000091552734,20921.7,2356.199951171875,110968088497.84093
2024-04-14,106.04000091552734,20921.7,2356.199951171875,110925377825.01897
2024-04-15,106.20999908447266,20921.7,2365.800048828125,110845737418.76865
2024-04-16,106.26000213623047,20921.7,2390.800048828125,111837887395.91087
2024-04-17,105.94999694824219,20921.7,2371.699951171875,111784208620.93356
2024-04-18,106.1500015258789,20921.7,2382.300048828125,111862000210.51936
2024-04-19,106.1500015258789,20921.7,2398.39990234375,112852800301.98083
2024-04-20,106.1500015258789,20921.7,2398.39990234375,112846655588.72543
2024-04-21,106.1500015258789,20921.7,2398.39990234375,112821200326.06786
2024-04-22,106.08000183105469,20921.7,2332.199951171875,112858481914.88132
2024-04-23,105.69000244140625,20921.7,2327.699951171875,112804604421.9634
2024-04-24,105.86000061035156,20921.7,2324.5,112741273546.48584
2024-04-25,105.5999984741211,20921.7,2329.800048828125,112781974898.26665
2024-04-26,105.94000244140625,20921.7,2334.800048828125,112901391868.02144
2024-04-27,105.94000244140625,20921.7,2334.800048828125,112865757173.94896
2024-04-28,105.94000244140625,20921.7,2334.800048828125,112919798206.84901
2024-04-29,105.58000183105469,20921.7,2345.39990234375,112916322053.95029
2024-04-30,106.22000122070312,20965.9,2291.39990234375,112841076661.1287
2024-05-01,105.76000213623047,20965.9,2299.89990234375,112760469568.58096
2024-05-02,105.30000305175781,20965.9,2299.199951171875,112956862480.37093
2024-05-03,105.02999877929688,20965.9,2299.0,113009407703.91132
2024-05-04,105.02999877929688,20965.9,2299.0,112964808036.07576
2024-05-05,105.02999877929688,20965.9,2299.0,112961671584.4063
2024-05-06,105.05000305175781,20965.9,2321.60009765625,112939520438.77512
2024-05-07,105.41000366210938,20965.9,2315.199951171875,112958955480.2846
2024-05-08,105.55000305175781,20965.9,2313.60009765625,112899735214.23335
2024-05-09,105.2300033569336,20965.9,2332.10009765625,112941591427.0032
2024-05-10,105.30999755859375,20965.9,2367.300048828125,112931255005.0932
2024-05-11,105.30999755859375,20965.9,2367.300048828125,112923051715.50732
2024-05-12,105.30999755859375,20965.9,2367.300048828125,112883464036.90169
2024-05-13,105.22000122070312,20965.9,2336.10009765625,112932895276.0114
2024-05-14,105.01000213623047,20965.9,2353.39990234375,112890232302.58469
2024-05-15,104.3499984741211,20965.9,2388.699951171875,112946847608.45312
2024-05-16,104.45999908447266,20965.9,2380.0,113954686623.86893
2024-05-17,104.44999694824219,20965.9,2412.199951171875,113980820058.49619
2024-05-18,104.44999694824219,20965.9,2412.199951171875,113977173961.45264
2024-05-19,104.44999694824219,20965.9,2412.199951171875,113931242432.95752
2024-05-20,104.56999969482422,20965.9,2433.89990234375,113942943046.10408
2024-05-21,104.66000366210938,20965.9,2421.699951171875,114923054296.767
2024-05-22,104.94000244140625,20965.9,2389.199951171875,114848921488.47192
2024-05-23,105.11000061035156,20965.9,2335.0,114850234949.0823
2024-05-24,104.72000122070312,20965.9,2332.5,114932081100.11243
2024-05-25,104.72000122070312,20965.9,2332.5,114935050489.64735
2024-05-26,104.72000122070312,20965.9,2332.5,114909960041.5868
2024-05-27,104.72000122070312,20965.9,2332.5,114838659795.02748
2024-05-28,104.61000061035156,20965.9,2355.199951171875,114816354965.43648
2024-05-29,105.0999984741211,20965.9,2340.300048828125,114823159210.6944
2024-05-30,104.72000122070312,20965.9,2342.89990234375,114917097226.5102
2024-05-31,104.66999816894531,20955.5,2322.89990234375,114836235685.08421
2024-06-01,104.66999816894531,20955.5,2322.89990234375,114869812433.92049
2024-06-02,104.66999816894531,20955.5,2322.89990234375,114887430478.68996
2024-06-03,104.13999938964844,20955.5,2346.60009765625,114925444174.27235
2024-06-04,104.11000061035156,20955.5,2325.5,114960215897.77664
2024-06-05,104.2699966430664,20955.5,2354.10009765625,114963686154.30177
2024-06-06,104.0999984741211,20955.5,2370.300048828125,114908983040.38344
2024-06-07,104.88999938964844,20955.5,2305.199951171875,114898959047.06552
2024-06-08,104.88999938964844,20955.5,2305.199951171875,114941273171.11703
2024-06-09,104.88999938964844,20955.5,2305.199951171875,114941031807.24767
2024-06-10,105.1500015258789,20955.5,2307.699951171875,114897943935.76912
2024-06-11,105.2300033569336,20955.5,2307.5,114951081979.05492
2024-06-12,104.6500015258789,20955.5,2336.0,114914671528.01628
2024-06-13,105.19999694824219,20955.5,2300.199951171875,114895105778.08864
2024-06-14,105.55000305175781,20955.5,2331.39990234375,114876812820.24467
2024-06-15,105.55000305175781,20955.5,2331.39990234375,115882562774.34148
2024-06-16,105.55000305175781,20955.5,2331.39990234375,115877209626.7024
2024-06-17,105.31999969482422,20955.5,2312.39990234375,115903814795.64778
2024-06-18,105.26000213623047,20955.5,2330.39990234375,115889781369.0324
2024-06-19,105.26000213623047,20955.5,2330.39990234375,115898783873.54108
2024-06-20,105.58999633789062,20955.5,2353.800048828125,115879677039.89572
2024-06-21,105.80000305175781,20955.5,2316.39990234375,115888674084.32436
2024-06-22,105.80000305175781,20955.5,2316.39990234375,115887435224.1742
2024-06-23,105.80000305175781,20955.5,2316.39990234375,115881560579.87611
2024-06-24,105.47000122070312,20955.5,2330.0,115842803054.97173
2024-06-25,105.61000061035156,20955.5,2316.60009765625,115911541291.30836
2024-06-26,106.05000305175781,20955.5,2299.199951171875,115863615090.66563
2024-06-27,105.91000366210938,20955.5,2324.5,115769520418.55891
2024-06-28,105.87000274658203,20955.5,2327.699951171875,115722532995.64423
2024-06-29,105.87000274658203,20955.5,2327.699951171875,115752867579.73515
2024-06-30,105.87000274658203,21021.7,2327.699951171875,115748880777.98964
2024-07-01,105.9000015258789,21021.7,2327.60009765625,115813722815.31802
2024-07-02,105.72000122070312,21021.7,2323.0,115754418470.08488
2024-07-03,105.4000015258789,21021.7,2359.800048828125,115808547932.12502
2024-07-04,105.4000015258789,21021.7,2359.800048828125,115906677418.38176
2024-07-05,104.87999725341797,21021.7,2388.5,115945315262.91156
2024-07-06,104.87999725341797,21021.7,2388.5,115948569532.06964
2024-07-07,104.87999725341797,21021.7,2388.5,115950148807.63574
2024-07-08,105.01000213623047,21021.7,2355.199951171875,115916725242.52148
2024-07-09,105.12000274658203,21021.7,2360.10009765625,115929923623.40211
2024-07-10,105.05000305175781,21021.7,2372.199951171875,115913621826.22691
2024-07-11,104.44000244140625,21021.7,2415.0,115940655107.64664
2024-07-12,104.08999633789062,21021.7,2414.0,115966376560.6034
2024-07-13,104.08999633789062,21021.7,2414.0,115978416738.20651
2024-07-14,104.08999633789062,21021.7,2414.0,115972506804.30225
2024-07-15,104.19000244140625,21021.7,2422.89990234375,117009356417.61038
2024-07-16,104.2699966430664,21021.7,2462.39990234375,117018492185.45174
2024-07-17,103.75,21021.7,2454.800048828125,116944845919.86703
2024-07-18,104.16999816894531,21021.7,2451.800048828125,116918065286.71196
2024-07-19,104.4000015258789,21021.7,2395.5,117010636946.26897
2024-07-20,104.4000015258789,21021.7,2395.5,116983333554.674
2024-07-21,104.4000015258789,21021.7,2395.5,116948019384.58025
2024-07-22,104.30999755859375,21021.7,2392.0,117000115534.8179
2024-07-23,104.44999694824219,21021.7,2404.60009765625,116942261629.83304
2024-07-24,104.38999938964844,21021.7,2413.300048828125,116913308797.88708
2024-07-25,104.36000061035156,21021.7,2351.89990234375,116897090333.62904
2024-07-26,104.31999969482422,21021.7,2380.0,116942633086.62608
2024-07-27,104.31999969482422,21021.7,2380.0,116938875261.5698
2024-07-28,104.31999969482422,21021.7,2380.0,116927229476.38884
2024-07-29,104.55999755859375,21021.7,2377.300048828125,116922695239.7797
2024-07-30,104.55000305175781,21021.7,2405.0,116900969302.08987
2024-07-31,104.0999984741211,21070.7,2426.5,116909198825.14436
2024-08-01,104.41999816894531,21070.7,2435.0,116808410559.08553
2024-08-02,103.20999908447266,21070.7,2425.699951171875,116795718088.79665
2024-08-03,103.20999908447266,21070.7,2425.699951171875,116872278363.07784
2024-08-04,103.20999908447266,21070.7,2425.699951171875,116883759053.13213
2024-08-05,102.69000244140625,21070.7,2401.699951171875,116992169350.36842
2024-08-06,102.97000122070312,21070.7,2389.10009765625,116984049045.47775
2024-08-07,103.19999694824219,21070.7,2390.5,116947003141.17728
2024-08-08,103.20999908447266,21070.7,2422.199951171875,116949993459.62604
2024-08-09,103.13999938964844,21070.7,2432.10009765625,116982038731.57036
2024-08-10,103.13999938964844,21070.7,2432.10009765625,116956672103.48604
2024-08-11,103.13999938964844,21070.7,2432.10009765625,116940470784.74072
2024-08-12,103.13999938964844,21070.7,2462.39990234375,116948260627.50682
2024-08-13,102.55999755859375,21070.7,2466.699951171875,117975484373.65813
2024-08-14,102.56999969482422,21070.7,2439.39990234375,117951484004.1454
2024-08-15,102.9800033569336,21070.7,2453.10009765625,117950976512.33632
2024-08-16,102.45999908447266,21070.7,2498.60009765625,117951725819.74936
2024-08-17,102.45999908447266,21070.7,2498.60009765625,117936287642.01088
2024-08-18,102.20999908447266,21070.7,2498.60009765625,117944403030.86362
2024-08-19,101.88999938964844,21070.7,2501.800048828125,117972682142.662
2024-08-20,101.44000244140625,21070.7,2511.300048828125,120142051331.69482
2024-08-21,101.04000091552734,21070.7,2508.39990234375,120146353709.41426
2024-08-22,101.51000213623047,21070.7,2478.89990234375,120128363423.81604
2024-08-23,100.72000122070312,21070.7,2508.39990234375,120223384329.50581
2024-08-24,100.72000122070312,21070.7,2508.39990234375,120170294229.12132
2024-08-25,100.71099853515625,21070.7,2508.39990234375,120188663840.8521
2024-08-26,100.8499984741211,21070.7,2517.699951171875,120145849316.64442
2024-08-27,100.55000305175781,21070.7,2516.0,120160852622.07487
2024-08-28,101.08999633789062,21070.7,2501.0,120133920419.91652
2024-08-29,101.33999633789062,21070.7,2525.699951171875,120126544949.99307
2024-08-30,101.69999694824219,21098.8,2493.800048828125,120098406168.46915
2024-08-31,101.69999694824219,21098.8,2493.800048828125,120113615657.74684
2024-09-01,101.7020034790039,21098.8,2493.800048828125,120112088206.39684
2024-09-02,101.7020034790039,21098.8,2493.800048828125,120117135642.11948
2024-09-03,101.83000183105469,21098.8,2489.89990234375,120084943689.26286
2024-09-04,101.36000061035156,21098.8,2493.39990234375,120126578587.17197
2024-09-05,101.11000061035156,21098.8,2511.39990234375,120077517962.17944
2024-09-06,101.18000030517578,21098.8,2493.5,120090567571.66583
2024-09-07,101.18000030517578,21098.8,2493.5,120111607421.80244
2024-09-08,101.27300262451172,21098.8,2493.5,120129897511.24837
2024-09-09,101.55000305175781,21098.8,2501.800048828125,120133871639.89966
2024-09-10,101.62999725341797,21098.8,2512.300048828125,120120953309.53584
2024-09-11,101.68000030517578,21098.8,2512.10009765625,120136881230.67377
2024-09-12,101.37000274658203,21098.8,2551.199951171875,120118085171.88235
2024-09-13,101.11000061035156,21098.8,2581.300048828125,120204967917.58627
2024-09-14,101.11000061035156,21098.8,2581.300048828125,120149849972.52492
2024-09-15,100.81500244140625,21098.8,2581.300048828125,120121581306.46774
2024-09-16,100.76000213623047,21098.8,2580.39990234375,121094200921.306
2024-09-17,100.88999938964844,21098.8,2564.300048828125,121123253133.62215
2024-09-18,100.5999984741211,21098.8,2570.699951171875,121134569196.24844
2024-09-19,100.61000061035156,21098.8,2588.0,121297001896.94672
2024-09-20,100.72000122070312,21098.8,2619.89990234375,121244738245.2837
2024-09-21,100.72000122070312,21098.8,2619.89990234375,121358821831.50697
2024-09-22,100.7959976196289,21098.8,2619.89990234375,121270749759.09604
2024-09-23,100.91999816894531,21098.8,2626.5,121256837673.27869
2024-09-24,100.37000274658203,21098.8,2651.199951171875,121271934920.70676
2024-09-25,100.91999816894531,21098.8,2659.199951171875,121220091319.75739
2024-09-26,100.55999755859375,21098.8,2669.89990234375,121274016300.72244
2024-09-27,100.41999816894531,21098.8,2644.300048828125,121263442358.7262
2024-09-28,100.41999816894531,21098.8,2644.300048828125,121254917975.30743
2024-09-29,100.46600341796875,21098.8,2644.300048828125,121267554356.82422
2024-09-30,100.77999877929688,21191.9,2636.10009765625,121198365648.15808
2024-10-01,101.19000244140625,21191.9,2667.300048828125,121236518030.93654
2024-10-02,101.68000030517578,21191.9,2647.10009765625,121233053255.35403
2024-10-03,101.98999786376953,21191.9,2657.10009765625,121234529304.98924
2024-10-04,102.5199966430664,21191.9,2645.800048828125,121243274116.57564
2024-10-05,102.5199966430664,21191.9,2645.800048828125,121241130645.7582
2024-10-06,102.4729995727539,21191.9,2645.800048828125,121225996190.94823
2024-10-07,102.54000091552734,21191.9,2644.800048828125,121214310673.53824
2024-10-08,102.55000305175781,21191.9,2615.0,121166260670.49213
2024-10-09,102.93000030517578,21191.9,2606.0,121121050140.83392
2024-10-10,102.98999786376953,21191.9,2620.60009765625,121139060102.90932
2024-10-11,102.88999938964844,21191.9,2657.60009765625,121204483309.01855
2024-10-12,102.88999938964844,21191.9,2657.60009765625,121219020070.72908
2024-10-13,103.01399993896484,21191.9,2657.60009765625,121186083168.2756
2024-10-14,103.30000305175781,21191.9,2647.800048828125,121198746382.63188
2024-10-15,103.26000213623047,21191.9,2661.39990234375,121217431859.12404
2024-10-16,103.58999633789062,21191.9,2674.0,121219746831.84776
2024-10-17,103.83000183105469,21191.9,2691.0,121200618472.55576
2024-10-18,103.48999786376953,21191.9,2713.699951171875,121227609655.5818
2024-10-19,103.48999786376953,21191.9,2713.699951171875,121213488937.91309
2024-10-20,103.4469985961914,21191.9,2713.699951171875,121197431180.21388
2024-10-21,104.01000213623047,21191.9,2723.10009765625,121157151800.36652
2024-10-22,104.08000183105469,21191.9,2744.199951171875,121135099959.29814
2024-10-23,104.43000030517578,21191.9,2714.39990234375,121086089331.32
2024-10-24,104.05999755859375,21191.9,2734.89990234375,121135301603.8159
2024-10-25,104.26000213623047,21191.9,2740.89990234375,121000373902.73595
2024-10-26,104.26000213623047,21191.9,2740.89990234375,121057197216.09576
2024-10-27,104.55999755859375,21191.9,2740.89990234375,121072862802.1314
2024-10-28,104.31999969482422,21191.9,2742.89990234375,121137114665.1984
2024-10-29,104.27999877929688,21191.9,2768.39990234375,122182844067.00952
2024-10-30,103.98999786376953,21191.9,2788.5,122176642479.84036
2024-10-31,103.9800033569336,21275.5,2738.300048828125,122046118752.0964
2024-11-01,104.27999877929688,21275.5,2738.60009765625,122158637396.4298
2024-11-02,104.27999877929688,21275.5,2738.60009765625,122172548636.20464
2024-11-03,103.70500183105469,21275.5,2738.60009765625,122148606387.23122
2024-11-04,103.88999938964844,21275.5,2736.10009765625,122134857083.53516
2024-11-05,103.41999816894531,21275.5,2740.300048828125,122212616354.21
2024-11-06,105.08999633789062,21275.5,2667.60009765625,122822135637.9357
2024-11-07,104.51000213623047,21275.5,2698.39990234375,122801853143.16864
2024-11-08,105.0,21275.5,2687.5,123800000335.75038
2024-11-09,105.0,21275.5,2687.5,124760538035.00554
2024-11-10,105.0979995727539,21275.5,2687.5,124811926164.3198
2024-11-11,105.54000091552734,21275.5,2611.199951171875,126854251643.10287
2024-11-12,106.0199966430664,21275.5,2600.0,126832029507.97945
2024-11-13,106.4800033569336,21275.5,2580.800048828125,127875194623.0694
2024-11-14,106.66999816894531,21275.5,2568.199951171875,129736141466.70416
2024-11-15,106.69000244140625,21275.5,2565.699951171875,129741916321.98328
2024-11-16,106.69000244140625,21275.5,2565.699951171875,129766312078.40828
2024-11-17,106.66500091552734,21275.5,2565.699951171875,129719905587.49857
2024-11-18,106.27999877929688,21275.5,2610.60009765625,129442699634.025
2024-11-19,106.20999908447266,21275.5,2627.10009765625,131035552073.70552
2024-11-20,106.68000030517578,21275.5,2648.199951171875,131973907996.00893
2024-11-21,106.97000122070312,21275.5,2672.10009765625,131965012483.07803
2024-11-22,107.48999786376953,21275.5,2709.89990234375,132974872775.85684
2024-11-23,107.48999786376953,21275.5,2709.89990234375,135961885521.45128
2024-11-24,106.95500183105469,21275.5,2709.89990234375,135949544112.25175
2024-11-25,106.81999969482422,21275.5,2616.800048828125,135821069775.29828
2024-11-26,107.01000213623047,21275.5,2620.300048828125,135777322998.4014
2024-11-27,106.08000183105469,21275.5,2639.89990234375,136256232004.41504
2024-11-28,106.08000183105469,21275.5,2639.89990234375,136092198316.52432
2024-11-29,105.73999786376953,21275.5,2657.0,137147662886.2114
2024-11-30,105.73999786376953,21336.7,2657.0,137148472656.57536
2024-12-01,106.27999877929688,21336.7,2657.0,137167257316.73547
2024-12-02,106.44999694824219,21336.7,2634.89990234375,138108669805.74268
2024-12-03,106.37000274658203,21336.7,2644.699951171875,138176410494.1686
2024-12-04,106.33999633789062,21336.7,2653.800048828125,138316835292.48395
2024-12-05,105.70999908447266,21336.7,2626.60009765625,139282161730.86813
2024-12-06,105.97000122070312,21336.7,2638.60009765625,141338163670.68707
2024-12-07,105.97000122070312,21336.7,2638.60009765625,141197535101.61685
2024-12-08,106.19200134277344,21336.7,2638.60009765625,141148222481.11557
2024-12-09,106.1500015258789,21336.7,2664.89990234375,141135472697.189
2024-12-10,106.4000015258789,21336.7,2697.60009765625,141164497108.84464
2024-12-11,106.70999908447266,21336.7,2733.800048828125,142187419095.98312
2024-12-12,106.95999908447266,21336.7,2687.5,143352168799.3119
2024-12-13,107.0,21336.7,2656.0,143335470404.4432
2024-12-14,107.0,21336.7,2656.0,143280500331.10648
2024-12-15,106.84300231933594,21336.7,2656.0,143221740108.64148
2024-12-16,106.86000061035156,21336.7,2651.39990234375,143357557507.04977
2024-12-17,106.95999908447266,21336.7,2644.39990234375,143324534485.7566
2024-12-18,108.02999877929688,21336.7,2636.5,143249875455.39847
2024-12-19,108.41000366210938,21336.7,2592.199951171875,143187078709.57663
2024-12-20,107.62000274658203,21336.7,2628.699951171875,143263142468.54556
2024-12-21,107.62000274658203,21336.7,2628.699951171875,143235660837.43628
2024-12-22,107.70999908447266,21336.7,2628.699951171875,143168557561.75327
2024-12-23,108.04000091552734,21336.7,2612.300048828125,143145789569.6973
2024-12-24,108.26000213623047,21336.7,2620.0,143222778858.19684
2024-12-25,108.26000213623047,21336.7,2620.0,143194090050.31903
2024-12-26,108.12999725341797,21336.7,2638.800048828125,143143811058.5887
2024-12-27,108.0,21336.7,2617.199951171875,143091789501.7472
2024-12-28,108.0,21336.7,2617.199951171875,143048142364.35135
2024-12-29,107.98999786376953,21336.7,2617.199951171875,143057210804.93033
2024-12-30,108.12999725341797,21336.7,2606.10009765625,141045316770.48236
2024-12-31,108.48999786376953,21454.8,2629.199951171875,141031317999.88168
2025-01-01,108.48999786376953,21454.8,2629.199951171875,141013344422.0295
2025-01-02,109.38999938964844,21454.8,2658.89990234375,141157974505.9508
2025-01-03,108.94999694824219,21454.8,2645.0,141266349302.0103
2025-01-04,108.94999694824219,21454.8,2645.0,141293014973.5469
2025-01-05,108.8759994506836,21454.8,2645.0,141278203672.65128
2025-01-06,108.26000213623047,21454.8,2638.39990234375,141369860445.4535
2025-01-07,108.54000091552734,21454.8,2656.699951171875,141299431828.79984
2025-01-08,109.08999633789062,21454.8,2664.5,141281536910.90573
2025-01-09,109.18000030517578,21454.8,2683.800048828125,141311530140.33142
2025-01-10,109.6500015258789,21454.8,2708.5,141295680647.26297
2025-01-11,109.6500015258789,21454.8,2708.5,141270032112.49524
2025-01-12,109.93599700927734,21454.8,2708.5,141242668032.221
2025-01-13,109.95999908447266,21454.8,2673.5,141258716889.23615
2025-01-14,109.2699966430664,21454.8,2677.5,141269001033.9399
2025-01-15,109.08999633789062,21454.8,2712.5,141336781150.45255
2025-01-16,108.95999908447266,21454.8,2746.39990234375,141321514465.9065
2025-01-17,109.3499984741211,21454.8,2744.300048828125,141375967137.8318
2025-01-18,109.3499984741211,21454.8,2744.300048828125,141113727012.39615
2025-01-19,109.09200286865234,21454.8,2744.300048828125,141181152612.1252
2025-01-20,109.09200286865234,21454.8,2744.300048828125,141163324844.2468
2025-01-21,108.05999755859375,21454.8,2755.0,141330249786.79233
2025-01-22,108.16999816894531,21454.8,2767.60009765625,141396192598.99622
2025-01-23,108.05000305175781,21454.8,2763.10009765625,141473117522.22342
2025-01-24,107.44000244140625,21454.8,2777.300048828125,141460020428.01593
2025-01-25,107.44000244140625,21454.8,2777.300048828125,141429223375.78113
2025-01-26,107.7249984741211,21454.8,2777.300048828125,141406274725.9755
2025-01-27,107.33999633789062,21454.8,2737.5,141424183682.12366
2025-01-28,107.87000274658203,21454.8,2766.800048828125,141366542655.9834
2025-01-29,108.0,21454.8,2769.10009765625,142470928642.3612
2025-01-30,107.80000305175781,21487.6,2823.0,142465018263.75467
2025-01-31,108.37000274658203,21487.6,2812.5,142454679214.9443
2025-02-01,108.37000274658203,21487.6,2812.5,142429125730.75497
2025-02-02,109.74099731445312,21487.6,2812.5,142439235476.24808
2025-02-03,108.98999786376953,21487.6,2833.89990234375,142672959779.5634
2025-02-04,107.95999908447266,21487.6,2853.300048828125,143466505907.61
2025-02-05,107.58000183105469,21487.6,2871.60009765625,143442923634.94678
2025-02-06,107.69000244140625,21487.6,2856.0,143465417349.03543
2025-02-07,108.04000091552734,21487.6,2867.300048828125,143467199808.86676
2025-02-08,108.04000091552734,21487.6,2867.300048828125,143492713259.89548
2025-02-09,108.28299713134766,21487.6,2867.300048828125,143468355513.1555
2025-02-10,108.31999969482422,21487.6,2914.300048828125,143482633651.9566
2025-02-11,107.95999908447266,21487.6,2912.5,143430195806.3278
2025-02-12,107.94000244140625,21487.6,2909.0,143486741260.3748
2025-02-13,107.30999755859375,21487.6,2925.89990234375,143463458121.52454
2025-02-14,106.56999969482422,21487.6,2883.60009765625,143461738295.04132
2025-02-15,106.56999969482422,21487.6,2883.60009765625,143471969896.05884
2025-02-16,106.68900299072266,21487.6,2883.60009765625,143460009551.96008
2025-02-17,106.68900299072266,21487.6,2883.60009765625,143445462896.02475
2025-02-18,107.05000305175781,21487.6,2931.60009765625,144361283150.82944
2025-02-19,107.16999816894531,21487.6,2919.39990234375,144446136867.35345
2025-02-20,106.33999633789062,21487.6,2940.0,144466523597.47336
2025-02-21,106.61000061035156,21487.6,2937.60009765625,144367993046.69937
2025-02-22,106.61000061035156,21487.6,2937.60009765625,144469126204.5024
2025-02-23,106.21900177001953,21487.6,2937.60009765625,144423835901.8421
2025-02-24,106.5999984741211,21487.6,2947.89990234375,144393191318.0382
2025-02-25,106.30999755859375,21487.6,2904.5,144300770585.30963
2025-02-26,106.41999816894531,21487.6,2916.800048828125,144226751697.04233
2025-02-27,107.23999786376953,21487.6,2883.199951171875,144263902697.85187
2025-02-28,107.61000061035156,21487.6,2836.800048828125,143355522193.6331
2025-03-01,107.61000061035156,21487.6,2836.800048828125,143405561785.69708
2025-03-02,107.21299743652344,21539.2,2836.800048828125,144458022266.3324
2025-03-03,106.75,21539.2,2890.199951171875,144338165617.97153
2025-03-04,105.73999786376953,21539.2,2909.60009765625,144398448157.28568
2025-03-05,105.73999786376953,21539.2,2915.300048828125,144435613493.64035
2025-03-06,104.05999755859375,21539.2,2916.60009765625,144430100238.79245
2025-03-07,103.83999633789062,21539.2,2904.699951171875,144395101059.4296
2025-03-08,103.83999633789062,21539.2,2904.699951171875,144407982319.42358
2025-03-09,103.88400268554688,21539.2,2904.699951171875,144387971974.11057
2025-03-10,103.91000366210938,21539.2,2891.0,144353613838.90622
2025-03-11,103.44000244140625,21539.2,2912.89990234375,144423241122.16553
2025-03-12,103.61000061035156,21539.2,2939.10009765625,144399883279.2032
2025-03-13,103.83000183105469,21539.2,2984.300048828125,144365829906.9722
2025-03-14,103.72000122070312,21539.2,2994.5,144437110007.18903
2025-03-15,103.72000122070312,21539.2,2994.5,144429081871.51462
2025-03-16,103.71499633789062,21539.2,2994.5,144400804103.20535
2025-03-17,103.37000274658203,21539.2,3000.0,144762093650.92194
2025-03-18,103.23999786376953,21539.2,3035.10009765625,144723614415.4482
2025-03-19,103.43000030517578,21539.2,3035.89990234375,145804214467.5718
2025-03-20,103.8499984741211,21539.2,3040.0,145677623971.9993
2025-03-21,104.08999633789062,21539.2,3018.199951171875,145714055270.6542
2025-03-22,104.08999633789062,21539.2,3018.199951171875,145760762648.74673
2025-03-23,104.15499877929688,21539.2,3018.199951171875,145769057977.25378
2025-03-24,104.26000213623047,21539.2,3013.10009765625,145792070913.34146
2025-03-25,104.18000030517578,21539.2,3023.699951171875,145806004179.74615
2025-03-26,104.55000305175781,21539.2,3020.89990234375,145768512611.0739
2025-03-27,104.06999969482422,21539.2,3060.199951171875,145738120112.9219
2025-03-28,104.04000091552734,21539.2,3086.5,146689487579.02344
2025-03-29,104.04000091552734,21539.2,3086.5,146694469132.35733
2025-03-30,103.86900329589844,21539.2,3086.5,146726647845.41632
2025-03-31,104.20999908447266,21539.2,3122.800048828125,147728184081.29904
2025-04-01,104.26000213623047,21539.2,3118.89990234375,147756255250.25485
2025-04-02,103.80999755859375,21607.2,3139.89990234375,147695854548.821
2025-04-03,102.06999969482422,21607.2,3097.0,147688267510.74313
2025-04-04,103.0199966430664,21607.2,3012.0,147695019795.45563
2025-04-05,103.0199966430664,21607.2,3012.0,147684287219.51205
2025-04-06,102.94100189208984,21607.2,3012.0,147631829969.623
2025-04-07,103.26000213623047,21607.2,2951.300048828125,147704576823.50543
2025-04-08,102.95999908447266,21607.2,2968.39990234375,147585969499.94034
2025-04-09,102.9000015258789,21607.2,3056.5,148666985973.22028
2025-04-10,100.87000274658203,21607.2,3155.199951171875,148656073453.1597
2025-04-11,99.77999877929688,21607.2,3222.199951171875,148677669421.42468
2025-04-12,99.77999877929688,21607.2,3222.199951171875,147925534244.44714
2025-04-13,99.66600036621094,21607.2,3222.199951171875,147889782878.18542
2025-04-14,99.63999938964844,21607.2,3204.800048828125,147926086230.74487
2025-04-15,100.22000122070312,21607.2,3218.699951171875,147890422795.03104
2025-04-16,99.37999725341797,21607.2,3326.60009765625,147924639470.0899
2025-04-17,99.37999725341797,21607.2,3308.699951171875,147927526511.00717
2025-04-18,99.37999725341797,21607.2,3308.699951171875,147901077253.6216
2025-04-19,99.37999725341797,21607.2,3308.699951171875,147895855335.98853
2025-04-20,98.2979965209961,21607.2,3308.699951171875,147894748244.85547
2025-04-21,98.27999877929688,21607.2,3406.199951171875,147403613916.62167
2025-04-22,98.91999816894531,21607.2,3400.800048828125,148466907373.67896
2025-04-23,99.83999633789062,21607.2,3276.300048828125,148487557530.7588
2025-04-24,99.29000091552734,21607.2,3332.0,148476635561.50644
2025-04-25,99.47000122070312,21607.2,3282.39990234375,148499789484.43387
2025-04-26,99.47000122070312,21607.2,3282.39990234375,148428368509.0314
2025-04-27,99.6449966430664,21607.2,3282.39990234375,148443113790.7213
2025-04-28,99.01000213623047,21607.2,3332.5,149434162511.8847
2025-04-29,99.23999786376953,21607.2,3318.800048828125,151427342061.47137
2025-04-30,99.47000122070312,21684.1,3305.0,151421684383.21744
2025-05-01,100.25,21684.1,3210.0,151450399700.31104
2025-05-02,100.0,21684.1,3231.89990234375,151462889924.8406
2025-05-03,100.0,21684.1,3231.89990234375,151420890564.60245
2025-05-04,99.74700164794922,21684.1,3231.89990234375,151389498496.50885
2025-05-05,99.83000183105469,21684.1,3311.300048828125,152381635672.6889
2025-05-06,99.23999786376953,21684.1,3411.39990234375,152396954592.87943
2025-05-07,99.61000061035156,21684.1,3381.39990234375,153431609926.57578
2025-05-08,100.63999938964844,21684.1,3296.60009765625,153372086407.9237
2025-05-09,100.33999633789062,21684.1,3335.39990234375,153402901188.3271
2025-05-10,100.33999633789062,21684.1,3335.39990234375,153358901799.22333
2025-05-11,100.5459976196289,21684.1,3335.39990234375,153406549134.90976
2025-05-12,101.79000091552734,21684.1,3220.0,153373441947.3748
2025-05-13,101.0,21684.1,3240.300048828125,153420707719.07373
2025-05-14,101.04000091552734,21684.1,3181.39990234375,153386949025.20712
2025-05-15,100.87999725341797,21684.1,3220.699951171875,155384830419.08688
2025-05-16,101.08999633789062,21684.1,3182.0,155437293316.31128
2025-05-17,101.08999633789062,21684.1,3182.0,155451396207.75552
2025-05-18,100.83100128173828,21684.1,3182.0,155342972515.30917
2025-05-19,100.43000030517578,21684.1,3228.89990234375,155416276000.28445
2025-05-20,100.12000274658203,21684.1,3280.300048828125,155441541878.0019
2025-05-21,99.55999755859375,21684.1,3309.300048828125,155934058490.1429
2025-05-22,99.95999908447266,21684.1,3292.300048828125,155924780243.60077
2025-05-23,99.11000061035156,21684.1,3363.60009765625,155899663245.05264
2025-05-24,99.11000061035156,21684.1,3363.60009765625,155939602162.33105
2025-05-25,98.7770004272461,21684.1,3363.60009765625,155935075106.67584
2025-05-26,98.93000030517578,21684.1,3341.0,155932432634.41833
2025-05-27,99.5199966430664,21684.1,3299.10009765625,155949231089.6632
2025-05-28,99.87999725341797,21684.1,3293.60009765625,155856025856.8218
2025-05-29,99.27999877929688,21684.1,3317.10009765625,155887695278.46338
2025-05-30,99.33000183105469,21684.1,3288.89990234375,155949209778.67023
2025-05-31,99.33000183105469,21770.9,3288.89990234375,155965367403.33447
2025-06-01,99.28099822998047,21770.9,3288.89990234375,155959386262.28845
2025-06-02,98.69999694824219,21770.9,3370.60009765625,155948259638.67245
2025-06-03,99.25,21770.9,3350.199951171875,155992240744.9473
2025-06-04,98.79000091552734,21770.9,3373.5,155979788982.4726
2025-06-05,98.73999786376953,21770.9,3350.699951171875,155978255985.43777
2025-06-06,99.19000244140625,21770.9,3322.699951171875,156012213663.88727
2025-06-07,99.19000244140625,21770.9,3322.699951171875,155976924910.81546
2025-06-08,99.04299926757812,21770.9,3322.699951171875,155967910197.80774
2025-06-09,98.94000244140625,21770.9,3332.10009765625,156867190420.14127
2025-06-10,99.05000305175781,21770.9,3320.89990234375,156898404824.27884
2025-06-11,98.62999725341797,21770.9,3321.300048828125,156932678805.84433
2025-06-12,97.91999816894531,21770.9,3380.89990234375,156955647244.1476
2025-06-13,98.18000030517578,21770.9,3431.199951171875,156955639883.03555
2025-06-14,98.18000030517578,21770.9,3431.199951171875,156934053278.39688
2025-06-15,98.35299682617188,21770.9,3431.199951171875,156898480576.49985
2025-06-16,98.0,21770.9,3396.39990234375,156994576739.88712
2025-06-17,98.81999969482422,21770.9,3386.60009765625,156904760839.8112
2025-06-18,98.91000366210938,21770.9,3389.800048828125,157686130963.1448
2025-06-19,98.55500030517578,21770.9,3371.800048828125,157669792933.36105
2025-06-20,98.70999908447266,21770.9,3368.10009765625,157685800539.7753
2025-06-21,98.70999908447266,21770.9,3368.10009765625,157784110483.17163
2025-06-22,99.03299713134766,21770.9,3368.10009765625,159693153857.24823
2025-06-23,98.41999816894531,21770.9,3377.699951171875,159774357489.58005
2025-06-24,97.86000061035156,21770.9,3317.39990234375,159714758919.9774
2025-06-25,97.68000030517578,21770.9,3327.10009765625,159731660360.2903
2025-06-26,97.1500015258789,21770.9,3333.5,159728925207.25104
2025-06-27,97.4000015258789,21770.9,3273.699951171875,159737378110.4348
2025-06-28,97.4000015258789,21770.9,3273.699951171875,159718001038.4062
2025-06-29,97.24500274658203,21770.9,3273.699951171875,159672507589.61893
2025-06-30,96.87999725341797,21836.2,3294.39990234375,159682151463.48523
2025-07-01,96.81999969482422,21836.2,3336.699951171875,159696098591.75174
2025-07-02,96.77999877929688,21836.2,3348.0,159705046552.84933
2025-07-03,97.18000030517578,21836.2,3331.60009765625,160698153405.2959
2025-07-04,96.98600006103516,21836.2,3332.5,160693286737.34915
2025-07-05,96.98600006103516,21836.2,3332.5,160689254989.65036
2025-07-06,97.09200286865234,21836.2,3332.5,160675596096.57605
2025-07-07,97.4800033569336,21836.2,3332.199951171875,160640122015.70053
2025-07-08,97.51000213623047,21836.2,3307.0,160681477985.5601
2025-07-09,97.47000122070312,21836.2,3311.60009765625,160738084040.49344
2025-07-10,97.6500015258789,21836.2,3317.39990234375,161680883016.47885
2025-07-11,97.8499984741211,21836.2,3356.0,161706738729.36597
2025-07-12,97.8499984741211,21836.2,3356.0,161682227166.24744
2025-07-13,97.9209976196289,21836.2,3356.0,161716261840.2393
2025-07-14,98.08000183105469,21836.2,3351.5,161670380990.21127
2025-07-15,98.62000274658203,21836.2,3329.800048828125,161664335766.4536
2025-07-16,98.38999938964844,21836.2,3352.5,163711173254.97684
2025-07-17,98.7300033569336,21836.2,3340.10009765625,164771388902.39777
2025-07-18,98.4800033569336,21836.2,3353.0,164790815922.04593
2025-07-19,98.4800033569336,21836.2,3353.0,164707015782.14047
2025-07-20,98.44000244140625,21836.2,3353.0,164680963620.00217
2025-07-21,97.8499984741211,21836.2,3401.89990234375,164695736658.57776
2025-07-22,97.38999938964844,21836.2,3439.199951171875,164720364871.7749
2025-07-23,97.20999908447266,21836.2,3394.10009765625,164705964785.9392
2025-07-24,97.37999725341797,21836.2,3371.0,166745623832.66928
2025-07-25,97.6500015258789,21836.2,3334.0,166657171292.6788
2025-07-26,97.6500015258789,21836.2,3334.0,166686002138.5541
2025-07-27,97.59100341796875,21836.2,3334.0,166685904824.11368
2025-07-28,98.66000366210938,21836.2,3309.10009765625,167628852193.04355
2025-07-29,98.91000366210938,21836.2,3323.39990234375,167605449763.6406
2025-07-30,99.94000244140625,21836.2,3295.800048828125,167585483204.69693
2025-07-31,100.02999877929688,21942.7,3293.199951171875,167591553869.3642
2025-08-01,98.69000244140625,21942.7,3347.699951171875,167541846193.28488
2025-08-02,98.69000244140625,21942.7,3347.699951171875,167516572173.75403
2025-08-03,98.74800109863281,21942.7,3347.699951171875,167625084710.7372
2025-08-04,98.77999877929688,21942.7,3374.39990234375,167604892652.54956
2025-08-05,98.77999877929688,21942.7,3381.89990234375,167580393377.34286
2025-08-06,98.18000030517578,21942.7,3380.0,167630385873.95844
2025-08-07,98.4000015258789,21942.7,3400.300048828125,167653509483.7694
2025-08-08,98.18000030517578,21942.7,3439.10009765625,167610620303.71057
2025-08-09,98.18000030517578,21942.7,3439.10009765625,167647141869.6883
2025-08-10,98.05400085449219,21942.7,3439.10009765625,167617742422.6631
2025-08-11,98.5199966430664,21942.7,3353.10009765625,167588215953.70316
2025-08-12,98.0999984741211,21942.7,3348.89990234375,167513048822.74097
2025-08-13,97.83999633789062,21942.7,3358.699951171875,167662416132.36417
2025-08-14,98.25,21942.7,3335.199951171875,167702820586.68124
2025-08-15,97.8499984741211,21942.7,3336.0,168673658187.0798
2025-08-16,97.8499984741211,21942.7,3336.0,168678976928.45
2025-08-17,97.86399841308594,21942.7,3336.0,168671995082.3008
2025-08-18,98.16999816894531,21942.7,3331.699951171875,168663623016.54858
2025-08-19,98.2699966430664,21942.7,3313.39990234375,168577204924.05072
2025-08-20,98.22000122070312,21942.7,3343.39990234375,169576976902.9211
2025-08-21,98.62000274658203,21942.7,3336.89990234375,169553293544.57535
2025-08-22,97.72000122070312,21942.7,3374.39990234375,169502502344.7718
2025-08-23,97.72000122070312,21942.7,3374.39990234375,169424683335.0338
2025-08-24,97.86000061035156,21942.7,3374.39990234375,169516265224.35443
2025-08-25,98.43000030517578,21942.7,3373.800048828125,169588477947.67288
2025-08-26,98.2300033569336,21942.7,3388.60009765625,169580436620.2398
2025-08-27,98.2300033569336,21942.7,3404.60009765625,170550385908.46353
2025-08-28,97.80999755859375,21942.7,3431.800048828125,171556621481.77896
2025-08-29,97.7699966430664,21942.7,3473.699951171875,171559637929.08255
2025-08-30,97.7699966430664,22025.5,3473.699951171875,172559975639.6551
2025-08-31,97.6989974975586,22025.5,3473.699951171875,172551139092.9127
2025-09-01,97.6989974975586,22025.5,3473.699951171875,172526795894.22153
2025-09-02,98.4000015258789,22025.5,3549.39990234375,172545786540.98828
2025-09-03,98.13999938964844,22025.5,3593.199951171875,172612901061.99475
2025-09-04,98.3499984741211,22025.5,3565.800048828125,174561862802.6823
2025-09-05,97.7699966430664,22025.5,3613.199951171875,174561195631.99823
2025-09-06,97.7699966430664,22025.5,3613.199951171875,174591853824.06952
2025-09-07,97.86499786376953,22025.5,3613.199951171875,174546665937.10947
2025-09-08,97.44999694824219,22025.5,3638.10009765625,174557569929.6858
2025-09-09,97.79000091552734,22025.5,3643.300048828125,174528577776.18347
2025-09-10,97.77999877929688,22025.5,3643.60009765625,174569005765.99457
2025-09-11,97.54000091552734,22025.5,3636.89990234375,174595447723.05927
2025-09-12,97.55000305175781,22025.5,3649.39990234375,175610582063.70624
2025-09-13,97.55000305175781,22025.5,3649.39990234375,175635781456.02927
2025-09-14,97.5989990234375,22025.5,3649.39990234375,176607970042.74615
2025-09-15,97.30000305175781,22025.5,3682.199951171875,176588190268.73532
2025-09-16,96.62999725341797,22025.5,3688.89990234375,174605389179.108
2025-09-17,96.87000274658203,22025.5,3681.800048828125,174594532393.4426
2025-09-18,97.3499984741211,22025.5,3643.699951171875,174954347969.4645
2025-09-19,97.63999938964844,22025.5,3671.5,175976326772.25305
2025-09-20,97.63999938964844,22025.5,3671.5,175986593705.435
2025-09-21,97.78199768066406,22025.5,3671.5,175992858269.79532
2025-09-22,97.33000183105469,22025.5,3740.699951171875,177013496237.93945
2025-09-23,97.26000213623047,22025.5,3780.60009765625,176927140518.016
2025-09-24,97.87000274658203,22025.5,3732.10009765625,176950128495.09235
2025-09-25,98.55000305175781,22025.5,3736.89990234375,177957430601.38983
2025-09-26,98.1500015258789,22025.5,3775.300048828125,177981523857.45755
2025-09-27,98.1500015258789,22025.5,3775.300048828125,178974594547.97568
2025-09-28,97.95500183105469,22025.5,3775.300048828125,178932279778.23672
2025-09-29,97.91000366210938,22025.5,3820.89990234375,178988815793.64548
2025-09-30,97.7699966430664,22092.5,3840.800048828125,178904241176.65256
2025-10-01,97.70999908447266,22092.5,3867.5,178963946501.91473
2025-10-02,97.8499984741211,22092.5,3839.699951171875,181002295420.2756
2025-10-03,97.72000122070312,22092.5,3880.800048828125,180968304846.08664
2025-10-04,97.72000122070312,22092.5,3880.800048828125,180925996466.6758
2025-10-05,98.06500244140625,22092.5,3880.800048828125,180898486068.64127
2025-10-06,98.11000061035156,22092.5,3948.5,180923356494.09607
2025-10-07,98.58000183105469,22092.5,3976.60009765625,180951106002.2255
2025-10-08,98.8499984741211,22092.5,4043.300048828125,180893067482.18033
2025-10-09,99.54000091552734,22092.5,3946.300048828125,180926717520.92807
2025-10-10,98.9800033569336,22092.5,3975.89990234375,182221430283.2752
2025-10-11,98.9800033569336,22092.5,3975.89990234375,182039008733.46695
2025-10-12,98.91600036621094,22092.5,3975.89990234375,181986844077.88077
2025-10-13,99.2699966430664,22092.5,4108.60009765625,182984507724.683
2025-10-14,99.05000305175781,22092.5,4138.7001953125,182906927566.46927
2025-10-15,98.79000091552734,22092.5,4176.89990234375,183924918029.37344
2025-10-16,98.38999938964844,22092.5,4280.2001953125,183850882483.00705
2025-10-17,98.43000030517578,22092.5,4189.89990234375,183894537674.02045
2025-10-18,98.43000030517578,22092.5,4189.89990234375,184879498697.16296
2025-10-19,98.43800354003906,22092.5,4189.89990234375,184901550469.65594
2025-10-20,98.58999633789062,22092.5,4336.39990234375,184867071033.3135
2025-10-21,98.93000030517578,22092.5,4087.699951171875,185901461636.20816
2025-10-22,98.9000015258789,22092.5,4044.39990234375,185765078919.30847
2025-10-23,98.94000244140625,22092.5,4125.5,185874664736.03564
2025-10-24,98.94999694824219,22092.5,4118.39990234375,185839903860.54584
2025-10-25,98.94999694824219,22092.5,4118.39990234375,185824606409.974
2025-10-26,98.93399810791016,22092.5,4118.39990234375,185830748885.3169
2025-10-27,98.77999877929688,22092.5,4001.89990234375,185768115855.74777
2025-10-28,98.69000244140625,22092.5,3966.199951171875,185822452625.15063
2025-10-29,99.22000122070312,22092.5,3983.699951171875,185813944228.24023
2025-10-30,99.52999877929688,22092.5,4001.300048828125,185745413282.02048
2025-10-31,99.80000305175781,22176.1,3982.199951171875,185720806205.95532
2025-11-01,99.80000305175781,22176.1,3982.199951171875,185696279977.97375
2025-11-02,99.75,22176.1,3982.199951171875,185663838826.54657
2025-11-03,99.87000274658203,22176.1,4000.300048828125,185710018160.30743
2025-11-04,100.22000122070312,22176.1,3947.699951171875,185756767823.64975
2025-11-05,100.19999694824219,22176.1,3980.300048828125,185752231959.11417
2025-11-06,99.7300033569336,22176.1,3979.89990234375,185648882799.2296
2025-11-07,99.5999984741211,22176.1,3999.39990234375,185685931720.59872
2025-11-08,99.5999984741211,22176.1,3999.39990234375,185687918455.6186
2025-11-09,99.61599731445312,22176.1,3999.39990234375,185688994463.48407
2025-11-10,99.62000274658203,22176.1,4111.7998046875,186680919967.392
2025-11-11,99.45999908447266,22176.1,4106.7998046875,186668014537.44537
2025-11-12,99.4800033569336,22176.1,4204.39990234375,186713646294.4437
2025-11-13,99.18000030517578,22176.1,4186.89990234375,186601779170.98776
2025-11-14,99.2699966430664,22176.1,4087.60009765625,186543191091.1281
2025-11-15,99.2699966430664,22176.1,4087.60009765625,186593795360.9463
2025-11-16,99.41000366210938,22176.1,4087.60009765625,186584040397.16583
2025-11-17,99.58999633789062,22176.1,4068.300048828125,186491131754.3375
2025-11-18,99.55000305175781,22176.1,4061.300048828125,186621838891.96625
2025-11-19,100.2300033569336,22176.1,4077.699951171875,186537927120.108
2025-11-20,100.16000366210938,22176.1,4056.5,186488907869.9936
2025-11-21,100.18000030517578,22176.1,4076.699951171875,186588083703.12665
2025-11-22,100.18000030517578,22176.1,4076.699951171875,186607745552.6964
2025-11-23,100.15799713134766,22176.1,4076.699951171875,186634896974.0739
2025-11-24,100.13999938964844,22176.1,4091.89990234375,186658828763.25653
2025-11-25,99.66000366210938,22176.1,4139.2001953125,186654695439.64465
2025-11-26,99.5999984741211,22176.1,4165.2001953125,186657258225.0268
2025-11-27,99.5999984741211,22176.1,4165.2001953125,186672360180.08987
2025-11-28,99.45999908447266,22176.1,4218.2998046875,186718814104.1102
2025-11-29,99.45999908447266,22176.1,4218.2998046875,186738292539.03
2025-11-30,99.43599700927734,22249.8,4218.2998046875,186681805487.84995
2025-12-01,99.41000366210938,22249.8,4239.2998046875,186702034293.77548
2025-12-02,99.36000061035156,22249.8,4186.60009765625,187743489109.56137
2025-12-03,98.8499984741211,22249.8,4199.2998046875,187714861451.22095
2025-12-04,98.98999786376953,22249.8,4211.7998046875,187725739493.4731
2025-12-05,98.98999786376953,22249.8,4212.89990234375,187717565456.71567
2025-12-06,98.98999786376953,22249.8,4212.89990234375,187725543656.678
2025-12-07,98.8949966430664,22249.8,4212.89990234375,187701934517.31064
2025-12-08,99.08999633789062,22249.8,4187.2001953125,188700272326.97345
2025-12-09,99.22000122070312,22249.8,4206.7001953125,188693031732.59476
2025-12-10,98.79000091552734,22249.8,4196.39990234375,188724802384.56668
2025-12-11,98.3499984741211,22249.8,4285.5,188721308339.69055
2025-12-12,98.4000015258789,22249.8,4300.10009765625,188706858048.1824
2025-12-13,98.4000015258789,22249.8,4300.10009765625,188712474467.80536
2025-12-14,98.38700103759766,22249.8,4300.10009765625,188702421031.90668
2025-12-15,98.1500015258789,22249.8,4306.7001953125,188633555947.85968
2025-12-16,98.1500015258789,22249.8,4304.5,188631727549.57684
2025-12-17,98.37000274658203,22249.8,4347.5,188590323403.12384
2025-12-18,98.43000030517578,22249.8,4339.5,188552055537.77637
2025-12-19,98.5999984741211,22249.8,4361.39990234375,188572063100.3118
2025-12-20,98.5999984741211,22249.8,4361.39990234375,188588771504.46793
2025-12-21,98.5979995727539,22249.8,4361.39990234375,188609379292.68127
2025-12-22,98.29000091552734,22249.8,4444.60009765625,188534025621.00784
2025-12-23,97.94000244140625,22249.8,4482.7998046875,188516663560.9933
2025-12-24,97.9800033569336,22249.8,4480.60009765625,188525166966.63104
2025-12-25,97.9800033569336,22249.8,4480.60009765625,188570599347.24667
2025-12-26,98.0199966430664,22249.8,4529.10009765625,188521051488.70108
2025-12-27,98.0199966430664,22249.8,4529.10009765625,188531709072.0572
2025-12-28,98.06900024414062,22249.8,4529.10009765625,188515046659.2868
2025-12-29,98.04000091552734,22249.8,4325.10009765625,188412311814.03967
2025-12-30,98.23999786376953,22249.8,4370.10009765625,189474074744.5516
2025-12-31,98.27999877929688,22279.8,4325.60009765625,189342515471.75208
2026-01-01,98.27999877929688,22279.8,4325.60009765625,189424233574.70523
2026-01-02,98.41999816894531,22279.8,4314.39990234375,189603791170.0872
2026-01-03,98.41999816894531,22279.8,4314.39990234375,189573079120.55807
2026-01-04,98.73500061035156,22279.8,4314.39990234375,189583895129.30057
2026-01-05,98.2699966430664,22279.8,4436.89990234375,189673997454.7172
2026-01-06,98.58000183105469,22279.8,4482.2001953125,189577951583.9673
2026-01-07,98.68000030517578,22279.8,4449.2998046875,189470326247.08124
2026-01-08,98.93000030517578,22279.8,4449.7001953125,189524299846.8788
2026-01-09,99.12999725341797,22279.8,4490.2998046875,190383747554.91644
2026-01-10,99.12999725341797,22279.8,4490.2998046875,190321715543.05905
2026-01-11,99.0199966430664,22279.8,4490.2998046875,190302140878.73544
2026-01-12,98.86000061035156,22279.8,4604.2998046875,190384458729.14264
2026-01-13,99.12999725341797,22279.8,4589.2001953125,190547155398.16144
2026-01-14,99.12999725341797,22279.8,4626.2998046875,190579496143.30338
2026-01-15,99.31999969482422,22279.8,4616.2998046875,190478181611.366
2026-01-16,99.38999938964844,22279.8,4588.39990234375,190476371153.64807
2026-01-17,99.38999938964844,22279.8,4588.39990234375,190481170727.22217
2026-01-18,99.13099670410156,22279.8,4588.39990234375,190499311582.44748
2026-01-19,99.13099670410156,22279.8,4588.39990234375,191175685470.8936
2026-01-20,98.63999938964844,22279.8,4759.60009765625,189090747257.35544
2026-01-21,98.76000213623047,22279.8,4831.7998046875,189144992656.43683
2026-01-22,98.36000061035156,22279.8,4908.7998046875,189101317118.12885
2026-01-23,97.5999984741211,22279.8,4976.2001953125,189064189160.98135
2026-01-24,97.5999984741211,22279.8,4976.2001953125,189007864056.54227
2026-01-25,97.10700225830078,22279.8,4976.2001953125,189075234643.53287
2026-01-26,97.04000091552734,22279.8,5079.7001953125,189089983690.5727
2026-01-27,96.22000122070312,22279.8,5079.89990234375,189072473880.92548
2026-01-28,96.44999694824219,22279.8,5301.60009765625,189013052560.8336
2026-01-29,96.27999877929688,22279.8,5318.39990234375,189006031763.4998
2026-01-30,96.98999786376953,22355.3,4713.89990234375,188969410022.15552
2026-01-31,96.98999786376953,22355.3,4713.89990234375,189061785216.48315
2026-02-01,96.98999786376953,22355.3,4713.89990234375,189154542299.07343
2026-02-02,97.61000061035156,22355.3,4622.5,189145869495.40176
2026-02-03,97.44000244140625,22355.3,4903.7001953125,189090571395.0522
2026-02-04,97.62000274658203,22355.3,4920.39990234375,189858656180.5431
2026-02-05,97.81999969482422,22355.3,4861.39990234375,189967544997.1564
2026-02-06,97.62999725341797,22355.3,4951.2001953125,191196200642.78815
2026-02-07,97.62999725341797,22355.3,4951.2001953125,191176008493.3217
2026-02-08,97.56600189208984,22355.3,4951.2001953125,191186497085.2474
2026-02-09,96.81999969482422,22355.3,5050.89990234375,191196436471.51465
2026-02-10,96.80000305175781,22355.3,5003.7998046875,187670326333.8612
2026-02-11,96.83000183105469,22355.3,5071.60009765625,187647771770.01663
2026-02-12,96.93000030517578,22355.3,4923.7001953125,187610768568.67737
2026-02-13,96.87999725341797,22355.3,5022.0,187673070150.3857
2026-02-14,96.87999725341797,22355.3,5022.0,187687495851.33832
2026-02-15,96.9800033569336,22355.3,5022.0,187661736551.20828
2026-02-16,96.9800033569336,22355.3,5022.0,187674635528.7188
2026-02-17,97.16000366210938,22355.3,4882.89990234375,187675216177.5425
2026-02-18,97.69999694824219,22355.3,4986.5,187660590502.94107
2026-02-19,97.93000030517578,22355.3,4975.89990234375,187685493718.10208
2026-02-20,97.80000305175781,22355.3,5059.2998046875,187691261572.92816
2026-02-21,97.80000305175781,22355.3,5059.2998046875,187718232496.32285
2026-02-22,97.4749984741211,22355.3,5059.2998046875,187674693823.0716
2026-02-23,97.69999694824219,22355.3,5204.7001953125,187703393889.55304
2026-02-24,97.87999725341797,22355.3,5155.7998046875,187777662165.01395
2026-02-25,97.69999694824219,22355.3,5206.39990234375,187772986842.584
2026-02-26,97.79000091552734,22355.3,5176.5,187771714066.3213
2026-02-27,97.61000061035156,22355.3,5230.5,187741886969.4288
2026-02-28,97.61000061035156,22355.3,5230.5,187759137668.0825
2026-03-01,97.87999725341797,22355.3,5230.5,187745518485.35757
2026-03-02,98.37999725341797,22420.1,5294.39990234375,187784122782.04816
2026-03-03,99.05000305175781,22420.1,5107.39990234375,187757489617.4608
2026-03-04,98.7699966430664,22420.1,5120.2001953125,187796235560.43848
2026-03-05,99.31999969482422,22420.1,5065.2998046875,187773248364.31757
2026-03-06,98.98999786376953,22420.1,5146.10009765625,187748137124.66843
2026-03-07,98.98999786376953,22420.1,5146.10009765625,187748145263.9436
2026-03-08,99.61499786376953,22420.1,5146.10009765625,187750668653.062
2026-03-09,99.18000030517578,22420.1,5091.5,187770133841.82605
2026-03-10,98.83000183105469,22420.1,5229.7001953125,187784823650.43225
2026-03-11,99.2300033569336,22420.1,5167.39990234375,188770851362.518
2026-03-12,99.73999786376953,22420.1,5115.7998046875,188744853373.33005
2026-03-13,100.36000061035156,22420.1,5052.5,188781292308.7433
2026-03-14,100.36000061035156,22420.1,5052.5,188774153563.69617
2026-03-15,100.23400115966797,22420.1,5052.5,188777171045.78067
2026-03-16,99.70999908447266,22420.1,4994.0,188774915254.08115
2026-03-17,99.58000183105469,22420.1,5001.0,188820474982.14944
2026-03-18,100.08999633789062,22420.1,4889.89990234375,188734735356.82248
2026-03-19,99.2300033569336,22420.1,4600.7001953125,188752908843.03775
2026-03-20,99.6500015258789,22420.1,4570.39990234375,188721266379.4052
2026-03-21,99.6500015258789,22420.1,4570.39990234375,188739567738.17383
2026-03-22,99.67400360107422,22420.1,4570.39990234375,188696529404.9796
2026-03-23,98.94999694824219,22420.1,4404.10009765625,188677171373.91727
2026-03-24,99.43000030517578,22420.1,4399.2998046875,188665418981.32703
2026-03-25,99.5999984741211,22420.1,4549.7998046875,188676194686.31448
2026-03-26,99.9000015258789,22420.1,4375.5,188600939967.38855
2026-03-27,100.1500015258789,22420.1,4492.0,188596229813.99527
2026-03-28,100.1500015258789,22420.1,4492.0,188589861015.13223
2026-03-29,100.0979995727539,22420.1,4492.0,188582617467.67636
2026-03-30,100.51000213623047,22420.1,4526.0,188576774166.7424
2026-03-31,99.95999908447266,22420.1,4647.60009765625,188545499442.71457
2026-04-01,99.6500015258789,22420.1,4783.2001953125,188724917175.43713
2026-04-02,100.02999877929688,22620.3,4651.5,188720444944.5986
2026-04-03,100.02999877929688,22620.3,4651.5,188713027510.98648
2026-04-04,100.02999877929688,22620.3,4651.5,188692725639.28345
2026-04-05,100.02799987792969,22620.3,4651.5,188666790189.4268
2026-04-06,99.9800033569336,22620.3,4656.7998046875,188704001148.54132
2026-04-07,99.63999938964844,22620.3,4657.10009765625,188698984484.74026
2026-04-08,99.12999725341797,22620.3,4749.5,188726306251.07303
2026-04-09,98.81999969482422,22620.3,4792.2001953125,188722046461.04544
2026-04-10,98.6500015258789,22620.3,4761.89990234375,188769464775.09464
2026-04-11,98.6500015258789,22620.3,4761.89990234375,188782078595.0297
2026-04-12,99.01100158691406,22620.3,4761.89990234375,188701459951.9994
2026-04-13,98.37000274658203,22620.3,4742.39990234375,188733650935.8369
2026-04-14,98.12000274658203,22620.3,4825.0,188788806389.19205
2026-04-15,98.05999755859375,22620.3,4800.0,188745499444.10056
2026-04-16,98.22000122070312,22620.3,4785.39990234375,188722862644.97552
2026-04-17,98.0999984741211,22620.3,4857.60009765625,188752488461.0124
2026-04-18,98.0999984741211,22620.3,4857.60009765625,189769924121.71823
2026-04-19,98.28399658203125,22620.3,4857.60009765625,189756061576.0716
2026-04-20,98.05000305175781,22620.3,4806.60009765625,189751899842.3163
2026-04-21,98.41000366210938,22620.3,4698.39990234375,190715665410.318
2026-04-22,98.58999633789062,22620.3,4732.5,190757777130.64612
2026-04-23,98.80000305175781,22620.3,4705.10009765625,192099955283.5928
2026-04-24,98.51000213623047,22620.3,4722.2998046875,192133610207.80432
2026-04-25,98.51000213623047,22620.3,4722.2998046875,192091112502.30316
2026-04-26,98.43099975585938,22620.3,4722.2998046875,192084175874.2873
2026-04-27,98.4800033569336,22620.3,4675.39990234375,192026720747.0001
2026-04-28,98.62000274658203,22620.3,4591.5,191989769322.4027
2026-04-29,98.91999816894531,22620.3,4545.2001953125,191954421100.40927
2026-04-30,98.08000183105469,22676.1,4614.7001953125,192937323723.23596
2026-05-01,98.20999908447266,22676.1,4629.89990234375,193011714446.4181
2026-05-02,98.20999908447266,22676.1,4629.89990234375,193028944273.67892
2026-05-03,98.01000213623047,22676.1,4629.89990234375,193000908959.6121
2026-05-04,98.47000122070312,22676.1,4519.5,193984707919.23425
2026-05-05,98.4800033569336,22676.1,4555.7998046875,194000085512.11963
2026-05-06,98.0199966430664,22676.1,4681.89990234375,194014301061.94284
2026-05-07,98.25,22676.1,4699.7998046875,194005375393.4808
2026-05-08,97.83999633789062,22676.1,4720.39990234375,192012294131.2536
2026-05-09,97.83999633789062,22676.1,4720.39990234375,191983802420.08923
2026-05-10,98.10199737548828,22676.1,4720.39990234375,191988132872.0364
2026-05-11,97.94000244140625,22676.1,4718.7001953125,192966500327.97147
2026-05-12,98.29000091552734,22676.1,4677.60009765625,192984401999.6891
2026-05-13,98.4800033569336,22676.1,4697.7001953125,192943276155.9732
2026-05-14,98.87999725341797,22676.1,4678.10009765625,193005893118.79105
2026-05-15,99.2699966430664,22676.1,4555.7998046875,192889114241.24683
2026-05-16,99.2699966430664,22676.1,4555.7998046875,192921549865.84167
2026-05-17,99.3219985961914,22676.1,4555.7998046875,192985405768.20267
2026-05-18,98.97000122070312,22676.1,4552.5,192876618631.05704
2026-05-19,99.30000305175781,22676.1,4506.2998046875,192835000224.42505
2026-05-20,99.11000061035156,22676.1,4531.2998046875,192822384355.9195
2026-05-21,99.19000244140625,22676.1,4539.7998046875,192825353279.23087
2026-05-22,99.31999969482422,22676.1,4521.0,192778987617.92072
2026-05-23,99.31999969482422,22676.1,4521.0,192764466941.01068
2026-05-24,99.04199981689453,22676.1,4521.0,192770591540.5232
2026-05-25,99.04199981689453,22676.1,4521.0,192822285021.2586
2026-05-26,99.16999816894531,22676.1,4500.39990234375,192725087199.31512
2026-05-27,99.20999908447266,22676.1,4447.5,192688012033.99963
2026-05-28,99.0199966430664,22676.1,4499.2998046875,192732615882.6963
2026-05-29,98.91000366210938,22676.1,4560.5,192741542567.552
2026-05-30,98.91000366210938,22676.1,4560.5,192721583648.06912
2026-05-31,99.06700134277344,22799.9,4560.5,192715879801.35605
2026-06-01,99.19999694824219,22799.9,4475.2001953125,192739638777.60367
2026-06-02,99.22000122070312,22799.9,4489.10009765625,192723987821.94687
2026-06-03,99.52999877929688,22799.9,4436.7001953125,192711593423.75266
2026-06-04,99.41000366210938,22799.9,4475.7998046875,192775861094.94675
2026-06-05,100.06999969482422,22799.9,4337.10009765625,192930536256.1272
2026-06-06,100.06999969482422,22799.9,4337.10009765625,192880793530.89236
2026-06-07,100.02899932861328,22799.9,4337.10009765625,192887483135.12823
2026-06-08,100.05000305175781,22799.9,4335.89990234375,192964566218.82785
2026-06-09,99.91000366210938,22799.9,4260.0,192853322704.3952
2026-06-10,99.94999694824219,22799.9,4108.2001953125,192810097453.9676
2026-06-11,99.86000061035156,22799.9,4090.300048828125,192776120541.65015
2026-06-12,99.75,22799.9,4215.0,192877784795.18958
2026-06-13,99.75,22799.9,4215.0,192907531532.54016
2026-06-14,99.51100158691406,22799.9,4215.0,192879230918.91705
2026-06-15,99.62999725341797,22799.9,4328.0,192830180411.97824
2026-06-16,99.54000091552734,22799.9,4330.89990234375,192777461979.36176
2026-06-17,100.08999633789062,22799.9,4358.89990234375,192790733574.42273
2026-06-18,100.8499984741211,22799.9,4224.10009765625,192747131341.5753
2026-06-19,100.8499984741211,22799.9,4224.10009765625,192795741935.62708
2026-06-20,100.8499984741211,22799.9,4224.10009765625,192741927015.6299
2026-06-21,100.90499877929688,22799.9,4224.10009765625,192734157027.33044
2026-06-22,101.0199966430664,22799.9,4181.89990234375,192737966909.76767
2026-06-23,101.41000366210938,22799.9,4129.89990234375,192714541743.2308
2026-06-24,101.61000061035156,22799.9,3990.300048828125,192656833977.78256
2026-06-25,101.43000030517578,22799.9,4030.5,192667078733.18063
2026-06-26,101.36000061035156,22799.9,4078.699951171875,192673811531.4
2026-06-27,101.36000061035156,22799.9,4078.699951171875,192673626856.36523
2026-06-28,101.36900329589844,22799.9,4078.699951171875,192652754705.49265
2026-06-29,101.11000061035156,22799.9,4022.300048828125,192705064813.4991
2026-06-30,101.19000244140625,23055.6,4022.89990234375,192648611351.23407
2026-07-01,101.38999938964844,23055.6,4068.300048828125,192721470336.21777
2026-07-02,100.86000061035156,23055.6,4112.7001953125,192705713839.1016
2026-07-03,100.86000061035156,23055.6,4112.7001953125,192752437355.1592
2026-07-04,100.86000061035156,23055.6,4112.7001953125,192770759837.85803
2026-07-05,100.95899963378906,23055.6,4112.7001953125,192756563290.63568
2026-07-06,100.8499984741211,23055.6,4155.10009765625,192820103589.0702
2026-07-07,101.13999938964844,23055.6,4145.2998046875,187814759355.84012
2026-07-08,101.05000305175781,23055.6,4070.89990234375,187781095427.558
2026-07-09,100.94000244140625,23055.6,4130.60009765625,188784062930.09067
2026-07-10,100.97000122070312,23055.6,4104.10009765625,188812708598.57095
2026-07-11,100.97000122070312,23055.6,4104.10009765625,188817705237.21945
2026-07-12,101.12100219726562,23055.6,4104.10009765625,188805582663.65475
2026-07-13,101.27999877929688,23055.6,3997.0,188686985076.83923
2026-07-14,100.94000244140625,23055.6,4061.10009765625,188800095874.472
2026-07-15,100.5,23055.6,4044.0,188812104284.50864
2026-07-16,100.7300033569336,23055.6,3985.60009765625,188764198202.83533
2026-07-17,100.75,23055.6,4012.699951171875,188812886525.524
2026-07-18,100.75,23055.6,4012.699951171875,188812652450.07
2026-07-19,100.71700286865234,23055.6,4012.699951171875,188802226230.42123
2026-07-20,100.98999786376953,23055.6,4010.300048828125,188801438618.83112
2026-07-21,101.18000030517578,23055.6,4071.10009765625,188811964234.47787
2026-07-22,101.13999938964844,23055.6,4146.89990234375,188843198514.84967
2026-07-23,101.43000030517578,23055.6,4046.60009765625,188783107864.52496
2026-07-24,101.47000122070312,23055.6,4067.60009765625,188748536708.59232
2026-07-25,101.47000122070312,23055.6,4067.60009765625,188759588220.18683
2026-07-26,101.20899963378906,23055.6,4067.60009765625,188752239207.61716
2026-07-27,101.51000213623047,23055.6,4074.5,188753997903.07184
2026-07-28,101.37999725341797,23055.6,4036.300048828125,188672347883.95007
2026-07-29,100.80000305175781,23055.6,4034.699951171875,188665858005.01605
2026-07-30,100.01000213623047,23055.6,4100.10009765625,188775836642.12387
2026-07-31,99.80000305175781,23155.2,4049.10009765625,188739392328.226
2026-08-01,99.80000305175781,23155.2,4049.10009765625,188745503226.9594
2026-08-02,99.73699951171875,23155.2,4049.10009765625,188710752054.54633
2026-08-03,99.95999908447266,23155.2,4033.699951171875,188741947491.25665
2026-08-04,99.88999938964844,23155.2,4095.39990234375,188787506075.47684
2026-08-05,99.69000244140625,23155.2,4245.7998046875,188735016091.13135
2026-08-06,99.97000122070312,23155.2,4242.0,188744934959.3844
2026-08-07,99.5999984741211,23155.2,4340.7001953125,188820557545.04117
2026-08-08,99.5999984741211,23155.2,4340.7001953125,188753325334.65063
2026-08-09,99.71600341796875,23155.2,4340.7001953125,188780088274.46295
2026-08-10,99.80999755859375,23155.2,4361.7998046875,187979839325.44
2026-08-11,99.81999969482422,23155.2,4383.0,187992085280.33292
2026-08-12,100.01000213623047,23155.2,4408.89990234375,187950107833.17105
2026-08-13,99.95999908447266,23155.2,4363.60009765625,187984785789.6245
2026-08-14,99.66999816894531,23155.2,4380.39990234375,187970994241.52347
2026-08-15,99.66999816894531,23155.2,4380.39990234375,187967221596.08087
