time,asset,CapMVRVCur,SplyCur
2015-01-01,btc,0.98274685,13675714.78521033
2015-01-02,btc,0.98668726,13679839.78521033
2015-01-03,btc,0.89443575,13683889.78496462
2015-01-04,btc,0.826303,13688189.78496462
2015-01-05,btc,0.86470946,13692089.78496462
2015-01-06,btc,0.90423431,13696039.78496462
2015-01-07,btc,0.93577843,13699539.78496462
2015-01-08,btc,0.89651769,13703214.78496462
2015-01-09,btc,0.9241025,13706714.78496462
2015-01-10,btc,0.87375367,13710389.78496462
2015-01-11,btc,0.85069708,13714264.78496462
2015-01-12,btc,0.85146752,13717814.78496462
2015-01-13,btc,0.71350593,13720989.78496462
2015-01-14,btc,0.56357972,13724614.78496462
2015-01-15,btc,0.68179854,13728389.78463702
2015-01-16,btc,0.66753485,13731864.78463702
2015-01-17,btc,0.64325099,13735314.78463702
2015-01-18,btc,0.68000493,13739139.78463702
2015-01-19,btc,0.69895138,13742739.78463702
2015-01-20,btc,0.68366065,13745689.78463702
2015-01-21,btc,0.73912676,13749414.78463701
2015-01-22,btc,0.75789177,13752789.78463701
2015-01-23,btc,0.75661441,13755889.78463701
2015-01-24,btc,0.8081469,13759039.78463701
2015-01-25,btc,0.8258294,13762164.78463701
2015-01-26,btc,0.89147229,13765339.78463701
2015-01-27,btc,0.86202293,13769064.78463701
2015-01-28,btc,0.76846781,13773164.78463701
2015-01-29,btc,0.76357085,13777264.78463701
2015-01-30,btc,0.74804548,13780714.78463701
2015-01-31,btc,0.71163625,13784864.78463701
2015-02-01,btc,0.74387279,13788739.78463701
2015-02-02,btc,0.78676033,13792714.78463701
2015-02-03,btc,0.74694335,13795889.78463701
2015-02-04,btc,0.7443882,13799864.78463701
2015-02-05,btc,0.71333929,13803839.78463701
2015-02-06,btc,0.73237364,13808264.78463699
2015-02-07,btc,0.75214553,13812239.78463699
2015-02-08,btc,0.73731062,13815539.78463699
2015-02-09,btc,0.72729218,13819564.77463699
2015-02-10,btc,0.72810409,13823164.77463699
2015-02-11,btc,0.72439005,13827114.77463699
2015-02-12,btc,0.73482642,13830089.77463699
2015-02-13,btc,0.78098836,13833739.77463699
2015-02-14,btc,0.85038033,13837739.77463699
2015-02-15,btc,0.7743708,13841239.77463699
2015-02-16,btc,0.77684571,13845164.77463699
2015-02-17,btc,0.80607357,13848889.77463699
2015-02-18,btc,0.78023417,13853064.77463699
2015-02-19,btc,0.80139075,13857214.77430939
2015-02-20,btc,0.81236962,13861164.77414559
2015-02-21,btc,0.81269734,13864714.77365419
2015-02-22,btc,0.78366869,13868489.77349039
2015-02-23,btc,0.79211394,13872039.77349039
2015-02-24,btc,0.79522354,13875264.77349039
2015-02-25,btc,0.79086428,13879239.77349039
2015-02-26,btc,0.78721981,13882989.77349039
2015-02-27,btc,0.8470053,13886789.77349039
2015-02-28,btc,0.84675657,13890339.77349039
2015-03-01,btc,0.86514949,13893839.77168859
2015-03-02,btc,0.91679724,13897789.77168859
2015-03-03,btc,0.9391453,13901739.77168859
2015-03-04,btc,0.90841341,13905239.77168859
2015-03-05,btc,0.91835146,13908539.77168859
2015-03-06,btc,0.90850025,13912239.77168859
2015-03-07,btc,0.91980286,13915739.77168859
2015-03-08,btc,0.91749265,13919639.77168859
2015-03-09,btc,0.96777239,13923239.77152479
2015-03-10,btc,0.9731036,13927039.77152479
2015-03-11,btc,0.98702529,13930889.77152479
2015-03-12,btc,0.98143882,13934164.77152479
2015-03-13,btc,0.95005909,13937814.77152479
2015-03-14,btc,0.94250473,13941089.77152479
2015-03-15,btc,0.95476771,13944664.77136099
2015-03-16,btc,0.96883474,13948139.77136099
2015-03-17,btc,0.94842564,13951339.77136098
2015-03-18,btc,0.85686576,13955164.77136098
2015-03-19,btc,0.87346947,13958589.77136098
2015-03-20,btc,0.87674824,13961989.77136098
2015-03-21,btc,0.87101347,13965764.77136098
2015-03-22,btc,0.89689624,13969314.77136098
2015-03-23,btc,0.89015559,13972939.77136098
2015-03-24,btc,0.8245462,13977264.77136098
2015-03-25,btc,0.82488492,13981314.77136098
2015-03-26,btc,0.834809,13985014.77136098
2015-03-27,btc,0.82811622,13989289.77136098
2015-03-28,btc,0.84785463,13992989.77136098
2015-03-29,btc,0.81383575,13996814.77136098
2015-03-30,btc,0.83226724,14000364.77136098
2015-03-31,btc,0.82051756,14004114.77136098
2015-04-01,btc,0.83080879,14007414.77136098
2015-04-02,btc,0.85233643,14011564.77136098
2015-04-03,btc,0.85676268,14015214.77136098
2015-04-04,btc,0.85381712,14019039.77095148
2015-04-05,btc,0.87790912,14022739.77095148
2015-04-06,btc,0.86213123,14025889.77095148
2015-04-07,btc,0.85722526,14029689.77095148
2015-04-08,btc,0.82735719,14032814.77095148
2015-04-09,btc,0.82153081,14036139.77095148
2015-04-10,btc,0.7967323,14039939.77095148
2015-04-11,btc,0.80216867,14043439.77095148
2015-04-12,btc,0.80176151,14046639.77095148
2015-04-13,btc,0.76357046,14050539.77095148
2015-04-14,btc,0.74489185,14054264.77090148
2015-04-15,btc,0.75926768,14057314.77090148
2015-04-16,btc,0.77719921,14060764.77090148
2015-04-17,btc,0.75827898,14063914.77090148
2015-04-18,btc,0.76055574,14067564.77090148
2015-04-19,btc,0.76035314,14071189.77090148
2015-04-20,btc,0.76631946,14075039.77090148
2015-04-21,btc,0.80085177,14078864.77090148
2015-04-22,btc,0.79730639,14082664.77090148
2015-04-23,btc,0.80445024,14085914.77090148
2015-04-24,btc,0.78956794,14089014.77090148
2015-04-25,btc,0.77276772,14093089.77090148
2015-04-26,btc,0.75294572,14096689.77089602
2015-04-27,btc,0.77665961,14100114.77089602
2015-04-28,btc,0.77087913,14103939.77089602
2015-04-29,btc,0.77154151,14107114.77089602
2015-04-30,btc,0.80792304,14110464.77089602
2015-05-01,btc,0.7959527,14114164.77089602
2015-05-02,btc,0.80559481,14117839.77089602
2015-05-03,btc,0.8223728,14121364.77089602
2015-05-04,btc,0.81741779,14124564.77089602
2015-05-05,btc,0.80768013,14128414.77089602
2015-05-06,btc,0.78562752,14132439.77089602
2015-05-07,btc,0.81202047,14135964.77089602
2015-05-08,btc,0.83681725,14139714.77089602
2015-05-09,btc,0.83113721,14142939.77089602
2015-05-10,btc,0.82457424,14146164.77069602
2015-05-11,btc,0.83050336,14150114.77069602
2015-05-12,btc,0.83069449,14153864.77069602
2015-05-13,btc,0.81161902,14157914.77069602
2015-05-14,btc,0.81336253,14161764.77069602
2015-05-15,btc,0.81536167,14165439.77069602
2015-05-16,btc,0.80981981,14168739.77069602
2015-05-17,btc,0.81389832,14173014.77069602
2015-05-18,btc,0.80026593,14176614.77069602
2015-05-19,btc,0.79745588,14179864.77069602
2015-05-20,btc,0.80520035,14183489.77059602
2015-05-21,btc,0.81004487,14187364.77049602
2015-05-22,btc,0.82662537,14190814.77049602
2015-05-23,btc,0.8221977,14193614.77049602
2015-05-24,btc,0.82826864,14197264.77039602
2015-05-25,btc,0.81597835,14200789.77039602
2015-05-26,btc,0.8155281,14204389.77039602
2015-05-27,btc,0.81731823,14207839.77039602
2015-05-28,btc,0.81693429,14211139.77039602
2015-05-29,btc,0.81601049,14214989.76889602
2015-05-30,btc,0.80519424,14218389.76889602
2015-05-31,btc,0.79414393,14222089.76889602
2015-06-01,btc,0.77376466,14225389.76889602
2015-06-02,btc,0.78141163,14229139.76889602
2015-06-03,btc,0.781559,14232689.76889602
2015-06-04,btc,0.77606861,14236214.76889602
2015-06-05,btc,0.78040202,14239664.76884602
2015-06-06,btc,0.78204257,14244114.76884602
2015-06-07,btc,0.77660755,14247839.76884602
2015-06-08,btc,0.79532581,14251764.76884602
2015-06-09,btc,0.79751177,14255539.76884601
2015-06-10,btc,0.79522298,14259764.768846
2015-06-11,btc,0.79912895,14263139.76835459
2015-06-12,btc,0.79991673,14266689.76834858
2015-06-13,btc,0.81144066,14270664.76834857
2015-06-14,btc,0.80992401,14274364.76834857
2015-06-15,btc,0.8248878,14277964.76834857
2015-06-16,btc,0.87513216,14280914.76834857
2015-06-17,btc,0.86325931,14284864.76802097
2015-06-18,btc,0.86709753,14288764.76802095
2015-06-19,btc,0.85251691,14292439.76801545
2015-06-20,btc,0.85520736,14295789.76801544
2015-06-21,btc,0.85070324,14298889.76785584
2015-06-22,btc,0.86017515,14302714.76763204
2015-06-23,btc,0.85051054,14306214.76733197
2015-06-24,btc,0.8379559,14310114.76733194
2015-06-25,btc,0.8448489,14313914.76733189
2015-06-26,btc,0.84717268,14317764.7673306
2015-06-27,btc,0.87686139,14320989.76733058
2015-06-28,btc,0.86825845,14324514.76733054
2015-06-29,btc,0.89447788,14328014.76733051
2015-06-30,btc,0.91895089,14331639.76733049
2015-07-01,btc,0.89877462,14335014.76733042
2015-07-02,btc,0.88759905,14338864.76691191
2015-07-03,btc,0.89360593,14342889.7668119
2015-07-04,btc,0.90895603,14346689.76681171
2015-07-05,btc,0.94652746,14350239.76680168
2015-07-06,btc,0.93879668,14354764.76680159
2015-07-07,btc,0.92913382,14358114.76680146
2015-07-08,btc,0.94328042,14362139.76680146
2015-07-09,btc,0.94097662,14365464.76680142
2015-07-10,btc,0.99548676,14369314.76675142
2015-07-11,btc,1.02415822,14373014.76669132
2015-07-12,btc,1.08367916,14376389.76669132
2015-07-13,btc,1.0183322,14380089.76669129
2015-07-14,btc,1.00130096,14383689.76669119
2015-07-15,btc,0.9949258,14387514.76669114
2015-07-16,btc,0.96964467,14390864.76669114
2015-07-17,btc,0.97483547,14394539.76669114
2015-07-18,btc,0.96571539,14398264.76669114
2015-07-19,btc,0.95860718,14402064.76669091
2015-07-20,btc,0.97272012,14405964.76669081
2015-07-21,btc,0.96438518,14409139.76669037
2015-07-22,btc,0.96830559,14412989.76669009
2015-07-23,btc,0.96492102,14416489.76669006
2015-07-24,btc,1.00796633,14420714.76667983
2015-07-25,btc,1.00828547,14424564.76667982
2015-07-26,btc,1.02127006,14428164.76667962
2015-07-27,btc,1.02492676,14431889.76667941
2015-07-28,btc,1.02815783,14435289.76667941
2015-07-29,btc,1.00910193,14439089.76665941
2015-07-30,btc,1.00375693,14442439.76648561
2015-07-31,btc,0.99098704,14446214.76648561
2015-08-01,btc,0.98089158,14450089.76648561
2015-08-02,btc,0.98353023,14453864.7663218
2015-08-03,btc,0.98277599,14457789.7663218
2015-08-04,btc,0.99397021,14461189.76631634
2015-08-05,btc,0.98382413,14464514.76614708
2015-08-06,btc,0.97232925,14468089.76614708
2015-08-07,btc,0.97419688,14471514.76614708
2015-08-08,btc,0.91166096,14475539.76614708
2015-08-09,btc,0.93317694,14479089.76598323
2015-08-10,btc,0.92856137,14483264.76598323
2015-08-11,btc,0.95127646,14487314.76581943
2015-08-12,btc,0.93998135,14490464.76581943
2015-08-13,btc,0.92822959,14494139.76581943
2015-08-14,btc,0.93435614,14497689.76581943
2015-08-15,btc,0.91933993,14501114.76581942
2015-08-16,btc,0.90950511,14504564.76532802
2015-08-17,btc,0.90668516,14508239.76532802
2015-08-18,btc,0.76798027,14511764.76532802
2015-08-19,btc,0.80186184,14515664.76532802
2015-08-20,btc,0.83203851,14519414.76450902
2015-08-21,btc,0.82326318,14523539.76352622
2015-08-22,btc,0.81611734,14527489.76352619
2015-08-23,btc,0.8092317,14530839.76352619
2015-08-24,btc,0.75213176,14534714.76352619
2015-08-25,btc,0.79407506,14538089.76319859
2015-08-26,btc,0.80814493,14542114.76314126
2015-08-27,btc,0.80418084,14545539.76297625
2015-08-28,btc,0.82998858,14549414.76277625
2015-08-29,btc,0.82198826,14553414.76277625
2015-08-30,btc,0.81927215,14557164.76277625
2015-08-31,btc,0.82540167,14561089.75252711
2015-09-01,btc,0.81598508,14564939.75232711
2015-09-02,btc,0.82188383,14568939.74262711
2015-09-03,btc,0.81397546,14572589.74108889
2015-09-04,btc,0.82872426,14576489.72948887
2015-09-05,btc,0.8456626,14580164.72948887
2015-09-06,btc,0.86322379,14583764.72917249
2015-09-07,btc,0.86259401,14587564.72855611
2015-09-08,btc,0.87516289,14590964.72755611
2015-09-09,btc,0.85581756,14594689.39563973
2015-09-10,btc,0.85661875,14598963.98623973
2015-09-11,btc,0.86421443,14602912.28733973
2015-09-12,btc,0.84831164,14606286.28543973
2015-09-13,btc,0.82782905,14610061.21063972
2015-09-14,btc,0.82963832,14613861.16283971
2015-09-15,btc,0.82794791,14617861.16283971
2015-09-16,btc,0.82333716,14621411.16283425
2015-09-17,btc,0.83834106,14625011.16282879
2015-09-18,btc,0.83835706,14628686.16282879
2015-09-19,btc,0.83518355,14631811.16282879
2015-09-20,btc,0.83222368,14635011.16262878
2015-09-21,btc,0.81585049,14638311.16232232
2015-09-22,btc,0.82986426,14642236.1621568
2015-09-23,btc,0.82892525,14646186.1621568
2015-09-24,btc,0.84398148,14649686.16214042
2015-09-25,btc,0.8484784,14653786.16204042
2015-09-26,btc,0.84518839,14657461.16199128
2015-09-27,btc,0.84044962,14661186.16199128
2015-09-28,btc,0.86502832,14664761.16199128
2015-09-29,btc,0.85547192,14669111.16199126
2015-09-30,btc,0.85345406,14672811.16139126
2015-10-01,btc,0.85908051,14676536.16139126
2015-10-02,btc,0.85804128,14679986.16139126
2015-10-03,btc,0.86449878,14683611.16128576
2015-10-04,btc,0.86381713,14687436.16128576
2015-10-05,btc,0.86904243,14691261.16128575
2015-10-06,btc,0.89045639,14694811.16128556
2015-10-07,btc,0.87953074,14698136.16128556
2015-10-08,btc,0.87738611,14701636.16126918
2015-10-09,btc,0.88249178,14704786.16126918
2015-10-10,btc,0.88802862,14708786.16126918
2015-10-11,btc,0.89733993,14712436.16126915
2015-10-12,btc,0.88965466,14715986.16126915
2015-10-13,btc,0.9052258,14719411.16125274
2015-10-14,btc,0.91550869,14723211.1612427
2015-10-15,btc,0.92101163,14727361.1612427
2015-10-16,btc,0.94954679,14730961.15944267
2015-10-17,btc,0.98206419,14734361.13954267
2015-10-18,btc,0.9516082,14737986.13914257
2015-10-19,btc,0.95474467,14742111.13564251
2015-10-20,btc,0.97727168,14745311.13564243
2015-10-21,btc,0.96713256,14748911.13564233
2015-10-22,btc,0.99332361,14752611.13564227
2015-10-23,btc,1.00428416,14756336.13564224
2015-10-24,btc,1.02166516,14759961.13564217
2015-10-25,btc,1.02981363,14763836.13564202
2015-10-26,btc,1.03170839,14767936.13564168
2015-10-27,btc,1.06222316,14771611.13564153
2015-10-28,btc,1.09230955,14775086.13544113
2015-10-29,btc,1.12707436,14778861.13544093
2015-10-30,btc,1.17145113,14783136.1354408
2015-10-31,btc,1.11900853,14786811.13544078
2015-11-01,btc,1.17301764,14790636.13544076
2015-11-02,btc,1.29040009,14794461.13544069
2015-11-03,btc,1.40849617,14798336.13544067
2015-11-04,btc,1.41400867,14802211.13543059
2015-11-05,btc,1.33554498,14805861.13542978
2015-11-06,btc,1.29585462,14809486.13542975
2015-11-07,btc,1.33922357,14813286.13542967
2015-11-08,btc,1.29084893,14816761.13541325
2015-11-09,btc,1.31634235,14820486.13541277
2015-11-10,btc,1.1732578,14824136.13539571
2015-11-11,btc,1.07637834,14828336.13527895
2015-11-12,btc,1.17484219,14832361.1352761
2015-11-13,btc,1.17320189,14836361.13527581
2015-11-14,btc,1.15846495,14839911.13527567
2015-11-15,btc,1.113692,14843911.1352747
2015-11-16,btc,1.15257372,14848236.13527453
2015-11-17,btc,1.16708912,14851961.13526879
2015-11-18,btc,1.16637111,14855786.13525778
2015-11-19,btc,1.13381269,14859186.13525741
2015-11-20,btc,1.11922908,14863361.13525728
2015-11-21,btc,1.13292142,14867711.13524075
2015-11-22,btc,1.12503742,14872011.13524056
2015-11-23,btc,1.12274649,14876086.13524023
2015-11-24,btc,1.11232756,14879986.13524011
2015-11-25,btc,1.14323112,14883686.13523992
2015-11-26,btc,1.23571942,14888086.13523984
2015-11-27,btc,1.24471977,14891411.13515748
2015-11-28,btc,1.23492724,14895261.13483732
2015-11-29,btc,1.28597204,14898986.1348373
2015-11-30,btc,1.30285581,14903036.13483719
2015-12-01,btc,1.25175777,14907211.13482619
2015-12-02,btc,1.2400996,14911236.13482609
2015-12-03,btc,1.24663471,14914786.13482596
2015-12-04,btc,1.25296246,14918611.13482583
2015-12-05,btc,1.34032565,14922986.13479302
2015-12-06,btc,1.35140208,14926961.13458208
2015-12-07,btc,1.35604281,14930636.13452083
2015-12-08,btc,1.41573376,14935011.13404066
2015-12-09,btc,1.4230962,14939211.1340406
2015-12-10,btc,1.4147374,14944611.13404054
2015-12-11,btc,1.53766856,14948611.13394046
2015-12-12,btc,1.47529212,14952661.13393043
2015-12-13,btc,1.46917519,14956211.1339303
2015-12-14,btc,1.49347951,14961086.1339301
2015-12-15,btc,1.5607304,14965661.13385338
2015-12-16,btc,1.52430436,14969736.13382056
2015-12-17,btc,1.52913908,14973611.13382042
2015-12-18,btc,1.54887254,14977836.13382039
2015-12-19,btc,1.5407991,14981761.13382033
2015-12-20,btc,1.47646827,14985886.13376031
2015-12-21,btc,1.46115451,14989611.13376028
2015-12-22,btc,1.45244997,14993361.13376013
2015-12-23,btc,1.47498552,14997286.13375983
2015-12-24,btc,1.51648924,15000736.13375977
2015-12-25,btc,1.51327284,15004786.13375975
2015-12-26,btc,1.39046843,15009061.13375974
2015-12-27,btc,1.40524438,15014186.13375937
2015-12-28,btc,1.39984175,15017961.13375936
2015-12-29,btc,1.43330598,15021936.13375907
2015-12-30,btc,1.41549314,15026061.13375896
2015-12-31,btc,1.42597532,15029611.13374743
2016-01-01,btc,1.44202141,15032986.13374194
2016-01-02,btc,1.44085731,15036611.1337419
2016-01-03,btc,1.42578556,15040236.13374189
2016-01-04,btc,1.4358758,15044761.13374178
2016-01-05,btc,1.43257229,15048686.13374084
2016-01-06,btc,1.42542709,15052211.13373527
2016-01-07,btc,1.51365061,15055886.13373498
2016-01-08,btc,1.49531085,15060211.1337344
2016-01-09,btc,1.48063286,15063986.13373428
2016-01-10,btc,1.47362064,15068361.13373425
2016-01-11,btc,1.4731839,15072611.13373418
2016-01-12,btc,1.44857001,15076861.13373409
2016-01-13,btc,1.41794151,15080561.13373393
2016-01-14,btc,1.4098903,15083886.13373384
2016-01-15,btc,1.21085056,15086936.13371737
2016-01-16,btc,1.2771992,15090486.13371732
2016-01-17,btc,1.25902054,15094261.13371728
2016-01-18,btc,1.26741248,15098586.1336572
2016-01-19,btc,1.24584593,15101911.13365166
2016-01-20,btc,1.3822596,15105711.13365161
2016-01-21,btc,1.34524409,15109136.13365142
2016-01-22,btc,1.25973209,15113536.13364037
2016-01-23,btc,1.27705234,15118011.13364031
2016-01-24,btc,1.33208711,15122286.13364025
2016-01-25,btc,1.29373682,15126336.13363995
2016-01-26,btc,1.29079002,15130336.13363976
2016-01-27,btc,1.3020216,15134211.13363768
2016-01-28,btc,1.25165178,15137861.13363757
2016-01-29,btc,1.2534027,15142086.13331554
2016-01-30,btc,1.24726247,15146761.13329498
2016-01-31,btc,1.21190019,15151286.13329493
2016-02-01,btc,1.23041296,15155311.13329469
2016-02-02,btc,1.236387,15159811.13323951
2016-02-03,btc,1.22129665,15164286.13323562
2016-02-04,btc,1.29128531,15168486.13323537
2016-02-05,btc,1.27387646,15173186.13321332
2016-02-06,btc,1.24218056,15178186.13321324
2016-02-07,btc,1.24380766,15182586.13321261
2016-02-08,btc,1.23006764,15186286.13321241
2016-02-09,btc,1.23955252,15190686.13321208
2016-02-10,btc,1.25743769,15194786.13321104
2016-02-11,btc,1.25239109,15199586.13319756
2016-02-12,btc,1.26735993,15203861.13319725
2016-02-13,btc,1.29090383,15207761.13319695
2016-02-14,btc,1.34395157,15211911.13319691
2016-02-15,btc,1.32080872,15215711.13319645
2016-02-16,btc,1.34439265,15219161.13319615
2016-02-17,btc,1.36891644,15223036.13317928
2016-02-18,btc,1.387065,15227261.13317911
2016-02-19,btc,1.37990407,15230886.13317875
2016-02-20,btc,1.44479793,15234636.13317828
2016-02-21,btc,1.43896168,15237836.13317822
2016-02-22,btc,1.43388713,15241011.13317801
2016-02-23,btc,1.37701655,15244411.13317739
2016-02-24,btc,1.38888584,15247361.13317653
2016-02-25,btc,1.38869889,15251236.13279608
2016-02-26,btc,1.4125491,15254736.13247588
2016-02-27,btc,1.41577688,15258411.13247562
2016-02-28,btc,1.41489813,15261761.13247535
2016-02-29,btc,1.42718873,15265086.13247483
2016-03-01,btc,1.40836687,15268611.13247454
2016-03-02,btc,1.37665947,15272536.13237389
2016-03-03,btc,1.36370699,15275911.1323733
2016-03-04,btc,1.32762119,15279786.11391517
2016-03-05,btc,1.29300875,15283536.11391432
2016-03-06,btc,1.31351951,15287236.11391378
2016-03-07,btc,1.34309201,15290561.11391307
2016-03-08,btc,1.33712484,15294411.11390712
2016-03-09,btc,1.3411659,15298611.11390652
2016-03-10,btc,1.35270133,15302486.11387569
2016-03-11,btc,1.36229072,15306486.11387504
2016-03-12,btc,1.33231582,15310086.11387486
2016-03-13,btc,1.33700014,15313411.11385472
2016-03-14,btc,1.34667706,15317211.11385454
2016-03-15,btc,1.34702813,15321236.11385364
2016-03-16,btc,1.3520056,15325036.1138526
2016-03-17,btc,1.35638731,15328561.11359194
2016-03-18,btc,1.32505057,15331961.11358966
2016-03-19,btc,1.32598423,15335361.11357959
2016-03-20,btc,1.33522284,15339011.11355934
2016-03-21,btc,1.33302131,15342486.113559
2016-03-22,btc,1.34807127,15346186.11350809
2016-03-23,btc,1.35020487,15349911.11350743
2016-03-24,btc,1.33729801,15353586.11350703
2016-03-25,btc,1.34555077,15357236.11350662
2016-03-26,btc,1.34628144,15361061.11350654
2016-03-27,btc,1.37287033,15364586.11350649
2016-03-28,btc,1.36375683,15368836.11103397
2016-03-29,btc,1.3408893,15372761.11101347
2016-03-30,btc,1.3308193,15376436.11101238
2016-03-31,btc,1.34039332,15379536.11101189
2016-04-01,btc,1.3439179,15383361.11101152
2016-04-02,btc,1.35165651,15386836.11100266
2016-04-03,btc,1.35223224,15390386.11100263
2016-04-04,btc,1.35014818,15394536.11100255
2016-04-05,btc,1.35890201,15398411.11100242
2016-04-06,btc,1.35566372,15402336.11099215
2016-04-07,btc,1.35117853,15405811.11093126
2016-04-08,btc,1.34214463,15409411.11040104
2016-04-09,btc,1.34233375,15413461.11036093
2016-04-10,btc,1.35084023,15417786.11036084
2016-04-11,btc,1.35449753,15421611.11036076
2016-04-12,btc,1.36654458,15425311.11036026
2016-04-13,btc,1.35807492,15429411.11036009
2016-04-14,btc,1.36084658,15433511.10858908
2016-04-15,btc,1.37555561,15436986.10858875
2016-04-16,btc,1.37971516,15440436.10858863
2016-04-17,btc,1.37038391,15444386.10858858
2016-04-18,btc,1.37101446,15447736.1085881
2016-04-19,btc,1.39507656,15451486.10858544
2016-04-20,btc,1.41003606,15455611.10854901
2016-04-21,btc,1.43844551,15459386.10853941
2016-04-22,btc,1.42445756,15462961.10853681
2016-04-23,btc,1.44126699,15466561.10853654
2016-04-24,btc,1.46984701,15469861.10853271
2016-04-25,btc,1.47288881,15473036.10852984
2016-04-26,btc,1.48393742,15476811.10768392
2016-04-27,btc,1.40953828,15480036.10767344
2016-04-28,btc,1.4252343,15483411.10767311
2016-04-29,btc,1.44285983,15487361.10764661
2016-04-30,btc,1.42025882,15491011.10764657
2016-05-01,btc,1.43481218,15494886.10763954
2016-05-02,btc,1.40306525,15498811.10763895
2016-05-03,btc,1.42352585,15502586.10763859
2016-05-04,btc,1.41279571,15506761.10568555
2016-05-05,btc,1.41534562,15510636.1056852
2016-05-06,btc,1.45231269,15514686.10568457
2016-05-07,btc,1.45028008,15518436.10568453
2016-05-08,btc,1.44965118,15522636.10568446
2016-05-09,btc,1.45525025,15526911.10568239
2016-05-10,btc,1.41626148,15530861.10568231
2016-05-11,btc,1.42414735,15534186.10567516
2016-05-12,btc,1.42876187,15537661.10567268
2016-05-13,btc,1.43336991,15541461.10567254
2016-05-14,btc,1.43505829,15545061.10567245
2016-05-15,btc,1.44303466,15548536.1056724
2016-05-16,btc,1.42545539,15552061.10567182
2016-05-17,btc,1.41546718,15555586.10565159
2016-05-18,btc,1.41776705,15559411.1056484
2016-05-19,btc,1.36583656,15562411.10542638
2016-05-20,btc,1.37946798,15566136.10542637
2016-05-21,btc,1.38433791,15569661.10542637
2016-05-22,btc,1.37324466,15574261.10542637
2016-05-23,btc,1.38378129,15578761.1054163
2016-05-24,btc,1.38792754,15582436.10541627
2016-05-25,btc,1.40185071,15585886.10541622
2016-05-26,btc,1.41287581,15589261.10541617
2016-05-27,btc,1.46115986,15592736.10541607
2016-05-28,btc,1.63473944,15596061.10541607
2016-05-29,btc,1.61944736,15599736.10541607
2016-05-30,btc,1.63256643,15603336.10541601
2016-05-31,btc,1.62098355,15606511.10541596
2016-06-01,btc,1.63749336,15610086.10541191
2016-06-02,btc,1.63594156,15613536.10518488
2016-06-03,btc,1.72607424,15617086.10507888
2016-06-04,btc,1.73508921,15620061.10497886
2016-06-05,btc,1.73449123,15624311.10497886
2016-06-06,btc,1.76124697,15628561.10497868
2016-06-07,btc,1.73648602,15632061.10491857
2016-06-08,btc,1.74643017,15635661.10491854
2016-06-09,btc,1.7262705,15639786.10476847
2016-06-10,btc,1.73124783,15643386.1047584
2016-06-11,btc,1.80308386,15647286.1047584
2016-06-12,btc,1.97978904,15650936.10475839
2016-06-13,btc,2.05438766,15654961.10475837
2016-06-14,btc,1.99146107,15658261.10475831
2016-06-15,btc,2.00817303,15662061.10475819
2016-06-16,btc,2.18424554,15665786.10475409
2016-06-17,btc,2.12593041,15669511.10475401
2016-06-18,btc,2.14155867,15673461.10475401
2016-06-19,btc,2.15941186,15677886.10475399
2016-06-20,btc,2.03279428,15681986.10475398
2016-06-21,btc,1.88290437,15685711.10475393
2016-06-22,btc,1.68209991,15688936.10475389
2016-06-23,btc,1.77191858,15692436.10475383
2016-06-24,btc,1.86988311,15695661.1047538
2016-06-25,btc,1.87909186,15699711.10475378
2016-06-26,btc,1.7731205,15703361.10474378
2016-06-27,btc,1.83085813,15707036.10474376
2016-06-28,btc,1.81560781,15710736.10474373
2016-06-29,btc,1.79144978,15714386.10474368
2016-06-30,btc,1.88463722,15718136.10474153
2016-07-01,btc,1.89054098,15722011.10474151
2016-07-02,btc,1.95662702,15725736.10474144
2016-07-03,btc,1.84470645,15729586.10474144
2016-07-04,btc,1.89000024,15733361.10474141
2016-07-05,btc,1.85502138,15736986.10474131
2016-07-06,btc,1.87853142,15740486.10474131
2016-07-07,btc,1.77579285,15743911.10474124
2016-07-08,btc,1.8419359,15747536.10474122
2016-07-09,btc,1.80354226,15750598.60474103
2016-07-10,btc,1.79645545,15752548.60474103
2016-07-11,btc,1.79504742,15754336.10474101
2016-07-12,btc,1.84676287,15756123.60474093
2016-07-13,btc,1.81377039,15757736.10473786
2016-07-14,btc,1.81967435,15759498.60473785
2016-07-15,btc,1.83455167,15761186.10473783
2016-07-16,btc,1.82935184,15763148.60473783
2016-07-17,btc,1.86895135,15765011.10473783
2016-07-18,btc,1.8515086,15766861.10473576
2016-07-19,btc,1.8472273,15768461.10473572
2016-07-20,btc,1.82663887,15770336.10473565
2016-07-21,btc,1.82456417,15771998.60473559
2016-07-22,btc,1.7803472,15773611.10473554
2016-07-23,btc,1.79860084,15775248.60473554
2016-07-24,btc,1.80565737,15776798.60473553
2016-07-25,btc,1.78771375,15778436.10473552
2016-07-26,btc,1.78522608,15780048.6047354
2016-07-27,btc,1.78796338,15781648.6047354
2016-07-28,btc,1.78683669,15783348.60473536
2016-07-29,btc,1.78935642,15785186.10473531
2016-07-30,btc,1.78228347,15786673.60473531
2016-07-31,btc,1.7008979,15788598.60473531
2016-08-01,btc,1.6531908,15790511.1047353
2016-08-02,btc,1.44664432,15792436.1047343
2016-08-03,btc,1.56457026,15794511.10473128
2016-08-04,btc,1.59778327,15796423.60472027
2016-08-05,btc,1.59141223,15798536.10472011
2016-08-06,btc,1.61723105,15800611.10472011
2016-08-07,btc,1.62732927,15802461.10472011
2016-08-08,btc,1.6187062,15804311.10472
2016-08-09,btc,1.6089797,15805861.1047177
2016-08-10,btc,1.61532499,15807748.60471745
2016-08-11,btc,1.61439329,15809623.60471729
2016-08-12,btc,1.60770275,15811486.10471726
2016-08-13,btc,1.60245343,15813523.60471723
2016-08-14,btc,1.56450982,15815561.10471723
2016-08-15,btc,1.55189891,15817386.1047172
2016-08-16,btc,1.58343489,15819073.6047172
2016-08-17,btc,1.5706748,15820611.10471718
2016-08-18,btc,1.56943471,15822536.10471717
2016-08-19,btc,1.57097556,15824461.10471714
2016-08-20,btc,1.58942926,15826398.60471611
2016-08-21,btc,1.5862522,15828436.10471611
2016-08-22,btc,1.5971444,15830411.10441064
2016-08-23,btc,1.5907111,15832248.60441063
2016-08-24,btc,1.58033884,15834148.60441062
2016-08-25,btc,1.5702844,15835773.60429061
2016-08-26,btc,1.57746065,15837423.60429061
2016-08-27,btc,1.55410904,15839223.60429061
2016-08-28,btc,1.56720759,15841123.60429059
2016-08-29,btc,1.56317394,15842986.10429051
2016-08-30,btc,1.56851349,15845036.10429048
2016-08-31,btc,1.55808288,15846711.10429039
2016-09-01,btc,1.55789624,15848461.10429038
2016-09-02,btc,1.57001279,15850373.60429024
2016-09-03,btc,1.63244029,15851948.60429024
2016-09-04,btc,1.65865731,15854186.10429024
2016-09-05,btc,1.64951295,15855936.10429023
2016-09-06,btc,1.66267259,15857636.10429014
2016-09-07,btc,1.6686166,15859536.10428909
2016-09-08,btc,1.70667998,15861336.10428901
2016-09-09,btc,1.68507108,15863111.1042889
2016-09-10,btc,1.68900378,15865048.6042889
2016-09-11,btc,1.64409449,15867098.60428889
2016-09-12,btc,1.64235516,15869136.10428784
2016-09-13,btc,1.64324029,15871198.60428572
2016-09-14,btc,1.64445893,15873148.60428549
2016-09-15,btc,1.63757095,15875073.60428497
2016-09-16,btc,1.63843679,15876811.10428491
2016-09-17,btc,1.63684292,15878848.60413484
2016-09-18,btc,1.64735892,15880661.10413482
2016-09-19,btc,1.63980889,15882323.60403371
2016-09-20,btc,1.63608322,15884211.10403367
2016-09-21,btc,1.60558003,15886286.10403355
2016-09-22,btc,1.60186568,15888048.60403349
2016-09-23,btc,1.61963842,15889748.60402794
2016-09-24,btc,1.62065676,15891823.60402793
2016-09-25,btc,1.61373559,15894136.10402793
2016-09-26,btc,1.62933517,15896048.6040279
2016-09-27,btc,1.62414841,15898136.10402783
2016-09-28,btc,1.62251024,15899986.10392779
2016-09-29,btc,1.62353046,15901773.60392776
2016-09-30,btc,1.63296882,15903548.60392773
2016-10-01,btc,1.64973693,15905511.10392773
2016-10-02,btc,1.63963562,15907273.60392773
2016-10-03,btc,1.64023485,15909161.10392764
2016-10-04,btc,1.63178451,15911136.10392757
2016-10-05,btc,1.63673816,15913223.6039275
2016-10-06,btc,1.63502177,15915236.10392743
2016-10-07,btc,1.65057413,15917023.60392732
2016-10-08,btc,1.65345115,15919136.1039273
2016-10-09,btc,1.6471487,15921136.10392728
2016-10-10,btc,1.64905635,15922686.10392695
2016-10-11,btc,1.71172286,15924423.60392684
2016-10-12,btc,1.69165254,15926223.60391672
2016-10-13,btc,1.68770306,15927823.60391644
2016-10-14,btc,1.69764855,15929523.60391639
2016-10-15,btc,1.6909697,15931298.60391639
2016-10-16,btc,1.70485941,15932923.60391639
2016-10-17,btc,1.69213973,15934486.10391538
2016-10-18,btc,1.6808924,15936423.60390499
2016-10-19,btc,1.66452177,15937986.10389491
2016-10-20,btc,1.66126571,15939661.10386459
2016-10-21,btc,1.66533193,15941711.10385451
2016-10-22,btc,1.72581278,15943573.60385451
2016-10-23,btc,1.71807394,15945373.60383451
2016-10-24,btc,1.71141678,15947161.10377447
2016-10-25,btc,1.72432365,15948898.60341442
2016-10-26,btc,1.77111563,15950623.60341442
2016-10-27,btc,1.79615707,15952648.60334332
2016-10-28,btc,1.80415758,15954548.60334313
2016-10-29,btc,1.8651885,15956411.1033431
2016-10-30,btc,1.8226058,15958511.10334308
2016-10-31,btc,1.81838639,15960348.60326279
2016-11-01,btc,1.89570499,15962148.60321279
2016-11-02,btc,1.91748494,15963811.10321259
2016-11-03,btc,1.78730294,15965748.60320243
2016-11-04,btc,1.82526343,15967198.60319222
2016-11-05,btc,1.82779984,15969036.10319218
2016-11-06,btc,1.84962453,15970948.60319216
2016-11-07,btc,1.82330887,15972773.60319169
2016-11-08,btc,1.83441017,15974886.10318125
2016-11-09,btc,1.85565551,15976723.60318101
2016-11-10,btc,1.83311387,15978823.60318049
2016-11-11,btc,1.83712016,15980861.10317047
2016-11-12,btc,1.80622068,15982961.10317045
2016-11-13,btc,1.80498214,15984736.10317045
2016-11-14,btc,1.80858594,15986886.10317038
2016-11-15,btc,1.82341234,15988836.10316028
2016-11-16,btc,1.89261677,15990973.60305011
2016-11-17,btc,1.87204522,15992961.10288997
2016-11-18,btc,1.90458043,15994811.10275978
2016-11-19,btc,1.90689799,15996586.10264975
2016-11-20,btc,1.85356329,15998186.10261974
2016-11-21,btc,1.86694042,15999923.60261964
2016-11-22,btc,1.89259128,16001598.60261964
2016-11-23,btc,1.86965336,16003436.10261958
2016-11-24,btc,1.85483303,16005461.10260949
2016-11-25,btc,1.85929274,16007361.10260938
2016-11-26,btc,1.84525241,16009273.60259934
2016-11-27,btc,1.82681448,16011073.60246933
2016-11-28,btc,1.83082068,16013123.60242917
2016-11-29,btc,1.83343351,16014986.10237892
2016-11-30,btc,1.85741761,16016761.10234862
2016-12-01,btc,1.88258493,16018586.10227622
2016-12-02,btc,1.92399804,16020373.60227622
2016-12-03,btc,1.89395129,16022523.60220592
2016-12-04,btc,1.89327742,16024373.60212792
2016-12-05,btc,1.85781173,16026273.60206787
2016-12-06,btc,1.87197007,16028148.60206779
2016-12-07,btc,1.88398255,16030323.60197774
2016-12-08,btc,1.88724567,16032286.10190764
2016-12-09,btc,1.89591358,16033973.60187762
2016-12-10,btc,1.90150182,16035623.60179759
2016-12-11,btc,1.8880226,16037961.10160758
2016-12-12,btc,1.90486371,16039911.10156203
2016-12-13,btc,1.90337593,16042136.1014919
2016-12-14,btc,1.89626794,16043873.60144439
2016-12-15,btc,1.89136263,16045461.10144435
2016-12-16,btc,1.90373524,16047123.60144429
2016-12-17,btc,1.91920336,16048923.60144428
2016-12-18,btc,1.91892195,16050686.10143428
2016-12-19,btc,1.91635095,16052573.60135417
2016-12-20,btc,1.93543766,16054298.6013341
2016-12-21,btc,1.99546268,16056286.10133407
2016-12-22,btc,2.05790608,16058273.601294
2016-12-23,btc,2.17751843,16060173.60127399
2016-12-24,btc,2.11635351,16061886.10121397
2016-12-25,btc,2.12388831,16063948.60106397
2016-12-26,btc,2.13574409,16065723.60098396
2016-12-27,btc,2.18144466,16067673.60091394
2016-12-28,btc,2.2923126,16069723.6008239
2016-12-29,btc,2.26582772,16071598.60077382
2016-12-30,btc,2.23030531,16073561.10070381
2016-12-31,btc,2.2443903,16075411.10057381
2017-01-01,btc,2.30193946,16077361.10040376
2017-01-02,btc,2.33524167,16079348.60038371
2017-01-03,btc,2.35770988,16081398.60035364
2017-01-04,btc,2.55770131,16083311.10035356
2017-01-05,btc,2.23704042,16085061.10035311
2017-01-06,btc,2.00164999,16087073.60031267
2017-01-07,btc,2.0252978,16088798.60031227
2017-01-08,btc,2.04304794,16090886.10018194
2017-01-09,btc,2.02053011,16092586.10014191
2017-01-10,btc,2.02492109,16094586.10013187
2017-01-11,btc,1.76845775,16096498.60011181
2017-01-12,btc,1.81077416,16098648.59994176
2017-01-13,btc,1.85366729,16100523.59975171
2017-01-14,btc,1.83889611,16102673.59962168
2017-01-15,btc,1.84823542,16104761.09960157
2017-01-16,btc,1.86155157,16106873.59950151
2017-01-17,btc,2.0228738,16108848.59939031
2017-01-18,btc,1.96641888,16110723.59934002
2017-01-19,btc,2.01003826,16112898.59919661
2017-01-20,btc,1.99263298,16115261.09903648
2017-01-21,btc,2.05421871,16117523.59895642
2017-01-22,btc,2.04635127,16119698.59895609
2017-01-23,btc,2.03609568,16121423.598956
2017-01-24,btc,1.96451725,16123286.09895584
2017-01-25,btc,1.97868447,16125148.59893561
2017-01-26,btc,2.02100235,16127086.09884539
2017-01-27,btc,2.02710253,16129211.098835
2017-01-28,btc,2.03067894,16131111.09882497
2017-01-29,btc,2.00928142,16133198.59882495
2017-01-30,btc,2.01726706,16134998.59882487
2017-01-31,btc,2.11732767,16136811.09882471
2017-02-01,btc,2.1532295,16139211.09878458
2017-02-02,btc,2.19051199,16141173.5987845
2017-02-03,btc,2.19895326,16143036.09878438
2017-02-04,btc,2.23392412,16144836.09878436
2017-02-05,btc,2.18915215,16146823.59878433
2017-02-06,btc,2.20253705,16148386.09878432
2017-02-07,btc,2.25911131,16150273.59878425
2017-02-08,btc,2.25075614,16152098.5987822
2017-02-09,btc,2.10032332,16154211.0987711
2017-02-10,btc,2.12395089,16156048.59873996
2017-02-11,btc,2.15345527,16157786.09873994
2017-02-12,btc,2.14002159,16159536.09873789
2017-02-13,btc,2.12270941,16161573.59868583
2017-02-14,btc,2.14502476,16163686.09868578
2017-02-15,btc,2.14664641,16165423.59868566
2017-02-16,btc,2.19057597,16167311.09868552
2017-02-17,btc,2.22822443,16169198.59868544
2017-02-18,btc,2.22851853,16171086.09868541
2017-02-19,btc,2.22135058,16172761.09868541
2017-02-20,btc,2.27876692,16174611.09868534
2017-02-21,btc,2.35331243,16176336.09868522
2017-02-22,btc,2.3431243,16178061.09868515
2017-02-23,btc,2.45151251,16179936.0986851
2017-02-24,btc,2.42731203,16181973.59868503
2017-02-25,btc,2.35507801,16184061.09866502
2017-02-26,btc,2.41199874,16186286.09866499
2017-02-27,btc,2.42985611,16188086.09866491
2017-02-28,btc,2.41245373,16189998.59866475
2017-03-01,btc,2.48115883,16191798.59866461
2017-03-02,btc,2.53571034,16193761.09866456
2017-03-03,btc,2.57132568,16195648.59866437
2017-03-04,btc,2.52422599,16197298.59866431
2017-03-05,btc,2.53213829,16199136.09866426
2017-03-06,btc,2.53275359,16200911.09866417
2017-03-07,btc,2.43376828,16202823.59866404
2017-03-08,btc,2.27006537,16204598.59866386
2017-03-09,btc,2.34691879,16206448.59860357
2017-03-10,btc,2.16260738,16208398.59860345
2017-03-11,btc,2.31121876,16210261.09860343
2017-03-12,btc,2.41252703,16212198.59860341
2017-03-13,btc,2.41079093,16214011.09854876
2017-03-14,btc,2.41809563,16215961.09854864
2017-03-15,btc,2.43048179,16217736.09854854
2017-03-16,btc,2.27079494,16219648.5984084
2017-03-17,btc,2.07020764,16221573.59840831
2017-03-18,btc,1.86260387,16223536.09840687
2017-03-19,btc,1.97134108,16225598.59840686
2017-03-20,btc,2.00477708,16227298.59840683
2017-03-21,btc,2.1395375,16229073.59840678
2017-03-22,btc,1.99485875,16231061.09840667
2017-03-23,btc,1.97800188,16232911.09840638
2017-03-24,btc,1.8009221,16235111.09840637
2017-03-25,btc,1.86294639,16236773.59840636
2017-03-26,btc,1.85054884,16238848.59840634
2017-03-27,btc,1.99869446,16240498.59840625
2017-03-28,btc,1.9993941,16242436.09840615
2017-03-29,btc,1.98727297,16244161.09840603
2017-03-30,btc,1.98163667,16246211.09840588
2017-03-31,btc,2.0572416,16247898.59840576
2017-04-01,btc,2.06862352,16249548.59840573
2017-04-02,btc,2.09581972,16251523.59840571
2017-04-03,btc,2.16252803,16253723.59827566
2017-04-04,btc,2.15325451,16255286.09827559
2017-04-05,btc,2.13735782,16257311.09827556
2017-04-06,btc,2.23959041,16259148.5982755
2017-04-07,btc,2.22647362,16261173.59827543
2017-04-08,btc,2.21001181,16262886.09827542
2017-04-09,btc,2.2586269,16264873.59827541
2017-04-10,btc,2.24975256,16266711.09827534
2017-04-11,btc,2.27711178,16268798.59801882
2017-04-12,btc,2.24625621,16270573.59800866
2017-04-13,btc,2.16504122,16272161.09800859
2017-04-14,btc,2.16522828,16273898.59800848
2017-04-15,btc,2.1659084,16275773.59776844
2017-04-16,btc,2.16125164,16277598.59776841
2017-04-17,btc,2.18766073,16279323.59776834
2017-04-18,btc,2.20166725,16281148.59776821
2017-04-19,btc,2.21134437,16282936.09776807
2017-04-20,btc,2.25276621,16284661.09776791
2017-04-21,btc,2.26940479,16286748.59776784
2017-04-22,btc,2.26016436,16288561.09776778
2017-04-23,btc,2.26874872,16290473.59776771
2017-04-24,btc,2.27570599,16292023.59776769
2017-04-25,btc,2.3093693,16293873.59776745
2017-04-26,btc,2.33216845,16295786.09776734
2017-04-27,btc,2.4099622,16297623.59576723
2017-04-28,btc,2.40107994,16299323.59576713
2017-04-29,btc,2.41223986,16301486.09567707
2017-04-30,btc,2.44637619,16303373.59567704
2017-05-01,btc,2.52560356,16305248.59567638
2017-05-02,btc,2.55708418,16307223.59567634
2017-05-03,btc,2.6373993,16308873.59566627
2017-05-04,btc,2.64748386,16310973.59557622
2017-05-05,btc,2.61101197,16312586.09551617
2017-05-06,btc,2.6710611,16314686.09551609
2017-05-07,btc,2.58516798,16316773.59551607
2017-05-08,btc,2.82026827,16319023.59549604
2017-05-09,btc,2.8500152,16320961.095476
2017-05-10,btc,2.92992045,16322811.09546587
2017-05-11,btc,2.98180004,16324498.59546586
2017-05-12,btc,2.75847679,16326423.59546569
2017-05-13,btc,2.86505128,16328398.59546552
2017-05-14,btc,2.87984317,16330448.59546548
2017-05-15,btc,2.77569902,16332573.59546544
2017-05-16,btc,2.7951762,16334223.59546538
2017-05-17,btc,2.85141326,16336161.09544538
2017-05-18,btc,2.96696988,16337936.09543524
2017-05-19,btc,3.05210147,16339986.09543516
2017-05-20,btc,3.14988555,16342048.5954349
2017-05-21,btc,3.12275546,16343886.09543484
2017-05-22,btc,3.12461059,16345711.09543484
2017-05-23,btc,3.32739524,16347811.09543468
2017-05-24,btc,3.49513899,16349736.09443461
2017-05-25,btc,3.29706174,16351773.59443457
2017-05-26,btc,3.20703848,16353686.09443452
2017-05-27,btc,2.87538901,16355786.09443448
2017-05-28,btc,3.1100624,16357848.59443447
2017-05-29,btc,3.1715195,16359736.09443446
2017-05-30,btc,2.99605054,16361973.59443444
2017-05-31,btc,3.14282004,16364023.59443441
2017-06-01,btc,3.24185226,16366148.5944344
2017-06-02,btc,3.32189022,16367973.59440437
2017-06-03,btc,3.38499502,16370373.59440434
2017-06-04,btc,3.33016911,16372386.09440431
2017-06-05,btc,3.49837338,16374436.09440428
2017-06-06,btc,3.68734337,16376323.59440426
2017-06-07,btc,3.45563714,16378386.09440422
2017-06-08,btc,3.54000799,16380448.5937442
2017-06-09,btc,3.50908106,16382336.09373987
2017-06-10,btc,3.60375711,16384098.59373957
2017-06-11,btc,3.64019441,16385923.59373957
2017-06-12,btc,3.22800548,16387761.09373894
2017-06-13,btc,3.24114582,16389523.59373871
2017-06-14,btc,2.919798,16391273.59373857
2017-06-15,btc,2.87371971,16393186.09373833
2017-06-16,btc,2.93413098,16395036.09373818
2017-06-17,btc,3.1272984,16396848.59373815
2017-06-18,btc,2.93677553,16398661.09373267
2017-06-19,btc,3.00723619,16400548.59373263
2017-06-20,btc,3.14552423,16402273.59373259
2017-06-21,btc,3.02520974,16404023.59373245
2017-06-22,btc,3.0574306,16405761.09373232
2017-06-23,btc,3.04158628,16407761.09373219
2017-06-24,btc,2.89910643,16409586.09373217
2017-06-25,btc,2.82389576,16411111.09373217
2017-06-26,btc,2.74177101,16412886.09373207
2017-06-27,btc,2.84709982,16414523.59373195
2017-06-28,btc,2.86973355,16416486.09373182
2017-06-29,btc,2.83338619,16417986.09372168
2017-06-30,btc,2.7235698,16419911.09372154
2017-07-01,btc,2.67604439,16421961.09362143
2017-07-02,btc,2.78455696,16424311.09362141
2017-07-03,btc,2.8067694,16426436.09362129
2017-07-04,btc,2.84851858,16428348.59362107
2017-07-05,btc,2.84213614,16430211.09361094
2017-07-06,btc,2.82784137,16431986.09361081
2017-07-07,btc,2.70091753,16433836.09361069
2017-07-08,btc,2.7563821,16435898.59361057
2017-07-09,btc,2.70314378,16437623.59361045
2017-07-10,btc,2.50667922,16440086.09361043
2017-07-11,btc,2.5040635,16442248.5936104
2017-07-12,btc,2.5607933,16444461.09361037
2017-07-13,btc,2.52324473,16446423.59361033
2017-07-14,btc,2.38547763,16448161.09361031
2017-07-15,btc,2.15162881,16449748.5936103
2017-07-16,btc,2.0725336,16451786.09361029
2017-07-17,btc,2.38704005,16453636.09361026
2017-07-18,btc,2.47286929,16455698.59361023
2017-07-19,btc,2.41800668,16457561.09361021
2017-07-20,btc,2.98008325,16459586.09361018
2017-07-21,btc,2.80324324,16461511.09361016
2017-07-22,btc,2.956705,16463511.09361014
2017-07-23,btc,2.86830102,16465661.09361012
2017-07-24,btc,2.8571688,16467886.0936101
2017-07-25,btc,2.63175728,16469736.09360999
2017-07-26,btc,2.58755545,16471573.59360997
2017-07-27,btc,2.70895213,16473498.59360995
2017-07-28,btc,2.77596935,16475373.59357994
2017-07-29,btc,2.65045335,16477336.09357981
2017-07-30,btc,2.63429117,16479173.5935797
2017-07-31,btc,2.66440296,16480986.0935797
2017-08-01,btc,2.51234417,16482848.59357968
2017-08-02,btc,2.45667542,16484748.59357967
2017-08-03,btc,2.51633659,16486473.59356965
2017-08-04,btc,2.52690325,16488711.09356963
2017-08-05,btc,2.8058202,16490923.59356962
2017-08-06,btc,2.74360243,16492673.59356961
2017-08-07,btc,2.8173808,16494586.0935696
2017-08-08,btc,2.79701154,16496636.09356959
2017-08-09,btc,2.70304955,16498361.09356956
2017-08-10,btc,2.74911842,16500036.09356953
2017-08-11,btc,2.89608699,16501836.09356403
2017-08-12,btc,3.02040239,16503523.59356403
2017-08-13,btc,3.12865374,16505373.59356402
2017-08-14,btc,3.25544228,16506998.59356402
2017-08-15,btc,3.11536106,16508898.59356402
2017-08-16,btc,3.22936466,16510523.59356402
2017-08-17,btc,3.14349195,16512761.09356396
2017-08-18,btc,2.97541172,16514623.59356395
2017-08-19,btc,2.97749577,16516511.09356393
2017-08-20,btc,2.88932289,16518136.09356391
2017-08-21,btc,2.8086644,16519573.59356389
2017-08-22,btc,2.84203031,16520686.09356387
2017-08-23,btc,2.86484514,16522673.59356305
2017-08-24,btc,2.96780825,16523936.09274545
2017-08-25,btc,2.96751747,16525198.59274545
2017-08-26,btc,2.94348577,16526511.09274545
2017-08-27,btc,2.93116239,16528448.59274539
2017-08-28,btc,2.93365297,16530061.09274537
2017-08-29,btc,3.03875355,16531923.59274533
2017-08-30,btc,3.00669499,16534023.59274531
2017-08-31,btc,3.06677185,16536061.09271528
2017-09-01,btc,3.14249768,16538236.09270525
2017-09-02,btc,2.91990917,16540286.09270522
2017-09-03,btc,2.92473488,16542211.09270519
2017-09-04,btc,2.75162247,16544398.59268517
2017-09-05,btc,2.78742564,16546861.09268515
2017-09-06,btc,2.86204183,16548886.09268512
2017-09-07,btc,2.84583752,16551086.0926851
2017-09-08,btc,2.66619471,16553273.59268506
2017-09-09,btc,2.65540041,16555386.09268504
2017-09-10,btc,2.59879339,16557111.09268503
2017-09-11,btc,2.56454296,16559286.092685
2017-09-12,btc,2.53102364,16561636.09268497
2017-09-13,btc,2.36797159,16564011.09268494
2017-09-14,btc,1.99521056,16566186.09268491
2017-09-15,btc,2.26320938,16568436.09267488
2017-09-16,btc,2.26588756,16570548.59267485
2017-09-17,btc,2.26478555,16572748.59267484
2017-09-18,btc,2.47915064,16574336.09267484
2017-09-19,btc,2.38109715,16576286.09266477
2017-09-20,btc,2.3596557,16577748.59265475
2017-09-21,btc,2.19309389,16579948.59263472
2017-09-22,btc,2.19168978,16581686.09263471
2017-09-23,btc,2.28253357,16583761.09263469
2017-09-24,btc,2.22242941,16585573.59263468
2017-09-25,btc,2.34287282,16587136.09263466
2017-09-26,btc,2.32052467,16588861.09263465
2017-09-27,btc,2.4968666,16590698.59263461
2017-09-28,btc,2.47501585,16592911.09263458
2017-09-29,btc,2.44954557,16595023.59260456
2017-09-30,btc,2.54204123,16596748.59260453
2017-10-01,btc,2.56194858,16598373.59260452
2017-10-02,btc,2.55136556,16600248.5926045
2017-10-03,btc,2.49742904,16602536.09260447
2017-10-04,btc,2.44055834,16604211.09260444
2017-10-05,btc,2.48286744,16605773.59260441
2017-10-06,btc,2.50112549,16607761.09260439
2017-10-07,btc,2.535902,16609736.09260439
2017-10-08,btc,2.61523452,16612011.09260439
2017-10-09,btc,2.68982061,16614023.59260437
2017-10-10,btc,2.65170924,16616023.59260434
2017-10-11,btc,2.68235621,16617761.0923043
2017-10-12,btc,2.9735157,16619673.59180429
2017-10-13,btc,3.05039678,16621373.59180429
2017-10-14,btc,3.12159957,16623136.09170422
2017-10-15,btc,3.05072713,16625573.59160422
2017-10-16,btc,3.05813234,16627748.59150419
2017-10-17,btc,2.95026635,16629798.59149415
2017-10-18,btc,2.93164856,16631686.09149411
2017-10-19,btc,2.96891932,16633911.09059408
2017-10-20,btc,3.09805688,16636148.59039406
2017-10-21,btc,3.09579617,16638061.08969403
2017-10-22,btc,3.04834116,16640336.08909403
2017-10-23,btc,2.93951363,16642473.58899401
2017-10-24,btc,2.73999189,16644561.088794
2017-10-25,btc,2.83167233,16646873.58867213
2017-10-26,btc,2.89701261,16649123.58847211
2017-10-27,btc,2.82258819,16650423.58847211
2017-10-28,btc,2.81072114,16651486.08847207
2017-10-29,btc,2.99284618,16653411.08737205
2017-10-30,btc,2.94639905,16655248.58693202
2017-10-31,btc,3.07051562,16656973.58692201
2017-11-01,btc,3.17194342,16658923.58659198
2017-11-02,btc,3.26783421,16660798.58659196
2017-11-03,btc,3.2996631,16662286.08629195
2017-11-04,btc,3.37458714,16663911.08629192
2017-11-05,btc,3.31955857,16665673.5862919
2017-11-06,btc,3.12842422,16667336.08625459
2017-11-07,btc,3.16064437,16669286.08625456
2017-11-08,btc,3.2777098,16671086.08625455
2017-11-09,btc,3.10220792,16672998.58625453
2017-11-10,btc,2.86889448,16674498.58625451
2017-11-11,btc,2.7353594,16675498.58625451
2017-11-12,btc,2.4696982,16676498.58625451
2017-11-13,btc,2.72664306,16678248.58625446
2017-11-14,btc,2.74071229,16679848.58625443
2017-11-15,btc,2.97614814,16681748.58622711
2017-11-16,btc,3.15562228,16683648.58622709
2017-11-17,btc,3.06551771,16685736.08622707
2017-11-18,btc,3.06748215,16687436.08622705
2017-11-19,btc,3.12664738,16689436.08622703
2017-11-20,btc,3.18401839,16691623.58622701
2017-11-21,btc,3.07693153,16693786.08622699
2017-11-22,btc,3.11368282,16695636.08622697
2017-11-23,btc,3.0255203,16697598.58622695
2017-11-24,btc,3.04932356,16699461.08622693
2017-11-25,btc,3.19796528,16701411.08622691
2017-11-26,btc,3.34857257,16703323.58622689
2017-11-27,btc,3.43189779,16705448.58622688
2017-11-28,btc,3.42405668,16707398.58622686
2017-11-29,btc,3.31618599,16709561.08622612
2017-11-30,btc,3.33958212,16711648.5862061
2017-12-01,btc,3.55287307,16713936.08620608
2017-12-02,btc,3.54526509,16715948.58620607
2017-12-03,btc,3.59996863,16718148.58620606
2017-12-04,btc,3.65371219,16720411.08620604
2017-12-05,btc,3.65310274,16722636.08620602
2017-12-06,btc,4.21096815,16724986.086206
2017-12-07,btc,4.7166582,16726886.086206
2017-12-08,btc,4.34686442,16728836.08620599
2017-12-09,btc,3.96460494,16731011.08620595
2017-12-10,btc,4.00840979,16733061.08620594
2017-12-11,btc,4.25607302,16735198.58620594
2017-12-12,btc,4.23927385,16737148.58620593
2017-12-13,btc,3.93575963,16739473.58620592
2017-12-14,btc,3.8994793,16741786.08620591
2017-12-15,btc,4.07868942,16743898.58620511
2017-12-16,btc,4.43076633,16746036.08620509
2017-12-17,btc,4.25193445,16748348.58620507
2017-12-18,btc,4.12995773,16750623.58620507
2017-12-19,btc,3.80550806,16752373.58620507
2017-12-20,btc,3.49226172,16754073.58620506
2017-12-21,btc,3.30154348,16755723.58620505
2017-12-22,btc,3.01016272,16757661.08620503
2017-12-23,btc,3.11960008,16759398.586205
2017-12-24,btc,2.92511724,16761298.58618499
2017-12-25,btc,2.92950297,16762986.08618499
2017-12-26,btc,3.23788307,16764761.08618497
2017-12-27,btc,3.13118795,16766711.08618495
2017-12-28,btc,2.90015736,16768573.58618493
2017-12-29,btc,2.94080172,16770636.08618492
2017-12-30,btc,2.60242905,16772461.08618491
2017-12-31,btc,2.78726716,16774498.58618491
2018-01-01,btc,2.69423548,16776448.58618491
2018-01-02,btc,2.92544313,16778586.0861849
2018-01-03,btc,2.96026687,16780548.58618488
2018-01-04,btc,2.94402195,16782648.58618486
2018-01-05,btc,3.26196426,16784436.08618409
2018-01-06,btc,3.24692954,16786536.08618407
2018-01-07,btc,3.04278121,16788561.08618405
2018-01-08,btc,2.80152545,16790636.08612404
2018-01-09,btc,2.69017079,16792686.08610402
2018-01-10,btc,2.73334467,16794761.086094
2018-01-11,btc,2.45400706,16797173.58609399
2018-01-12,btc,2.55762013,16799398.58608398
2018-01-13,btc,2.63127775,16801261.08608397
2018-01-14,btc,2.52606465,16803198.58608395
2018-01-15,btc,2.50804935,16805073.58608393
2018-01-16,btc,2.12079726,16807061.08608391
2018-01-17,btc,2.07376393,16809148.58608389
2018-01-18,btc,2.09352287,16811311.08608388
2018-01-19,btc,2.129939,16813373.58608387
2018-01-20,btc,2.37080852,16815598.58608385
2018-01-21,btc,2.12617327,16817936.08608383
2018-01-22,btc,2.00268788,16820023.58608351
2018-01-23,btc,2.02766184,16822236.08608349
2018-01-24,btc,2.09753554,16824436.08608348
2018-01-25,btc,2.08000559,16826411.08608316
2018-01-26,btc,2.05791562,16828348.58598315
2018-01-27,btc,2.10883443,16830311.08598303
2018-01-28,btc,2.15410037,16832286.08598302
2018-01-29,btc,2.06552658,16834136.08598281
2018-01-30,btc,1.85916763,16836223.58598251
2018-01-31,btc,1.87794381,16837686.0859825
2018-02-01,btc,1.69691999,16839686.08598229
2018-02-02,btc,1.66151934,16841786.08598227
2018-02-03,btc,1.72878243,16843761.08598225
2018-02-04,btc,1.56184746,16845986.08598194
2018-02-05,btc,1.30831891,16848298.58598108
2018-02-06,btc,1.48101152,16850423.58598086
2018-02-07,btc,1.46484643,16852186.08598064
2018-02-08,btc,1.58085047,16853823.58598053
2018-02-09,btc,1.6660923,16855511.08598012
2018-02-10,btc,1.64139497,16857298.5859795
2018-02-11,btc,1.55971533,16859186.0859795
2018-02-12,btc,1.71364615,16861261.08597948
2018-02-13,btc,1.64241903,16863311.08594926
2018-02-14,btc,1.81957973,16865548.58594924
2018-02-15,btc,1.93482187,16867186.08594922
2018-02-16,btc,1.9474862,16869148.5859492
2018-02-17,btc,2.11360732,16871011.08594919
2018-02-18,btc,1.99108492,16873036.08594919
2018-02-19,btc,2.11485368,16875061.08594907
2018-02-20,btc,2.12780635,16876823.58594906
2018-02-21,btc,1.97827013,16878936.08594893
2018-02-22,btc,1.84607258,16880798.58592881
2018-02-23,btc,1.89577059,16882648.58592879
2018-02-24,btc,1.8093287,16884461.08591877
2018-02-25,btc,1.7940982,16886598.58591876
2018-02-26,btc,1.92409125,16888361.08591856
2018-02-27,btc,1.98459986,16890361.08591844
2018-02-28,btc,1.91774992,16892298.58589749
2018-03-01,btc,2.0275908,16894361.08589657
2018-03-02,btc,2.0411051,16896311.08589546
2018-03-03,btc,2.11464502,16898561.08589524
2018-03-04,btc,2.11715719,16900411.08589442
2018-03-05,btc,2.124487,16902273.5858937
2018-03-06,btc,1.96727059,16904223.58589279
2018-03-07,btc,1.82720774,16906186.08589167
2018-03-08,btc,1.72480924,16908211.0858914
2018-03-09,btc,1.72471755,16910036.0858902
2018-03-10,btc,1.6363096,16911786.085889
2018-03-11,btc,1.76958222,16913698.5858879
2018-03-12,btc,1.70331347,16915711.0858879
2018-03-13,btc,1.70702426,16917686.0858879
2018-03-14,btc,1.53691592,16919486.0858879
2018-03-15,btc,1.54749227,16921286.0858876
2018-03-16,btc,1.56958433,16923236.0858872
2018-03-17,btc,1.47896206,16925098.5858872
2018-03-18,btc,1.5372127,16926986.0858871
2018-03-19,btc,1.60262445,16928923.5858871
2018-03-20,btc,1.66984764,16930511.0858871
2018-03-21,btc,1.66685407,16932411.0858871
2018-03-22,btc,1.6366036,16934198.5858868
2018-03-23,btc,1.64830412,16935861.08588536
2018-03-24,btc,1.61787156,16937811.08588536
2018-03-25,btc,1.58785272,16939498.58588536
2018-03-26,btc,1.54056226,16941373.58588535
2018-03-27,btc,1.47972397,16943273.58588535
2018-03-28,btc,1.49995286,16944961.08588535
2018-03-29,btc,1.34902071,16946861.08586535
2018-03-30,btc,1.30076662,16948886.08586535
2018-03-31,btc,1.31875342,16950486.08586535
2018-04-01,btc,1.29804435,16952511.08586535
2018-04-02,btc,1.34269917,16954461.08586515
2018-04-03,btc,1.41752889,16956498.58586515
2018-04-04,btc,1.29795987,16958336.08586475
2018-04-05,btc,1.30312944,16960286.08586455
2018-04-06,btc,1.26963243,16962011.08586455
2018-04-07,btc,1.32349168,16964261.08586455
2018-04-08,btc,1.34758367,16966273.58586455
2018-04-09,btc,1.29733763,16968111.08584445
2018-04-10,btc,1.3143587,16970161.08584425
2018-04-11,btc,1.33919481,16972173.58584425
2018-04-12,btc,1.52215846,16974098.58584425
2018-04-13,btc,1.52369622,16976161.08584425
2018-04-14,btc,1.54037773,16977873.58584425
2018-04-15,btc,1.60406337,16979911.08584425
2018-04-16,btc,1.54777167,16981673.58584425
2018-04-17,btc,1.51791712,16983698.58584425
2018-04-18,btc,1.57002305,16985698.58584425
2018-04-19,btc,1.58612722,16987923.58584425
2018-04-20,btc,1.69131108,16989636.08584415
2018-04-21,btc,1.69378446,16991623.58584415
2018-04-22,btc,1.68092587,16993623.58583415
2018-04-23,btc,1.70339486,16995536.08582415
2018-04-24,btc,1.83531084,16997523.58582415
2018-04-25,btc,1.68455575,16999061.08582415
2018-04-26,btc,1.75708104,17000823.58582405
2018-04-27,btc,1.70402847,17002598.58582395
2018-04-28,btc,1.77091583,17004198.58582395
2018-04-29,btc,1.78054751,17006173.58582395
2018-04-30,btc,1.74740041,17008111.08582395
2018-05-01,btc,1.71724649,17010086.08581849
2018-05-02,btc,1.7386519,17011836.08581839
2018-05-03,btc,1.83904816,17013723.58581839
2018-05-04,btc,1.82662477,17015448.58581839
2018-05-05,btc,1.84393794,17017461.08579839
2018-05-06,btc,1.80577797,17019173.58579839
2018-05-07,btc,1.75762436,17021048.58579819
2018-05-08,btc,1.73387152,17022786.08579735
2018-05-09,btc,1.74723256,17024786.08579735
2018-05-10,btc,1.69887071,17026711.08579735
2018-05-11,btc,1.58493865,17028298.58579735
2018-05-12,btc,1.5974431,17030361.08579735
2018-05-13,btc,1.63680889,17032211.08579735
2018-05-14,btc,1.62361239,17033861.08579735
2018-05-15,btc,1.58958164,17035686.08576995
2018-05-16,btc,1.56132079,17037923.58576985
2018-05-17,btc,1.50426871,17039573.58576975
2018-05-18,btc,1.5392871,17041423.58574245
2018-05-19,btc,1.53821787,17043348.58574245
2018-05-20,btc,1.59036292,17045148.58574235
2018-05-21,btc,1.56883389,17047111.08574235
2018-05-22,btc,1.49717102,17048998.58574225
2018-05-23,btc,1.40810171,17051023.58574225
2018-05-24,btc,1.41826534,17052811.08574215
2018-05-25,btc,1.39150485,17055011.08574205
2018-05-26,btc,1.37360478,17057036.08574205
2018-05-27,btc,1.37644815,17059086.08574135
2018-05-28,btc,1.33597351,17061036.08571405
2018-05-29,btc,1.40088628,17062773.58571395
2018-05-30,btc,1.38664652,17064948.58568665
2018-05-31,btc,1.40689168,17067073.58565935
2018-06-01,btc,1.41524122,17069148.58565935
2018-06-02,btc,1.43730299,17071048.58565935
2018-06-03,btc,1.44919617,17073086.08565935
2018-06-04,btc,1.40952829,17075373.58563205
2018-06-05,btc,1.43371987,17077561.08560475
2018-06-06,btc,1.44133056,17079398.58557668
2018-06-07,btc,1.44450247,17081186.08554928
2018-06-08,btc,1.43712165,17082992.33552198
2018-06-09,btc,1.42518183,17084779.83552127
2018-06-10,btc,1.27551954,17086367.33552127
2018-06-11,btc,1.29750932,17088117.33549324
2018-06-12,btc,1.23858038,17089929.83546594
2018-06-13,btc,1.20092906,17091717.33543784
2018-06-14,btc,1.2632478,17093629.83540978
2018-06-15,btc,1.22097074,17095542.33540832
2018-06-16,btc,1.23955794,17097617.33540832
2018-06-17,btc,1.23172728,17099579.83540756
2018-06-18,btc,1.28056779,17101629.83538026
2018-06-19,btc,1.28664559,17103567.33537952
2018-06-20,btc,1.29123078,17105504.83537873
2018-06-21,btc,1.28466547,17107629.83412755
2018-06-22,btc,1.16113556,17109517.33410025
2018-06-23,btc,1.18384639,17111517.33410025
2018-06-24,btc,1.17963703,17113654.83409953
2018-06-25,btc,1.19907224,17115617.33409953
2018-06-26,btc,1.17183193,17117442.33409953
2018-06-27,btc,1.19000509,17118954.83407223
2018-06-28,btc,1.13776355,17120917.33404493
2018-06-29,btc,1.20834141,17122804.83401763
2018-06-30,btc,1.23851505,17124567.33401689
2018-07-01,btc,1.23860628,17126404.83401612
2018-07-02,btc,1.28633397,17128167.33401612
2018-07-03,btc,1.26579418,17129617.33390629
2018-07-04,btc,1.28137705,17131292.33390629
2018-07-05,btc,1.27324533,17133004.83387826
2018-07-06,btc,1.28661278,17135004.83379718
2018-07-07,btc,1.31378163,17136954.83379718
2018-07-08,btc,1.30865599,17138929.83379718
2018-07-09,btc,1.30098801,17140629.83376909
2018-07-10,btc,1.2330456,17142492.33368776
2018-07-11,btc,1.24746562,17144179.83366046
2018-07-12,btc,1.20621817,17145942.33363316
2018-07-13,btc,1.21722522,17147729.83349486
2018-07-14,btc,1.22667095,17149392.33349486
2018-07-15,btc,1.24480827,17151054.83349486
2018-07-16,btc,1.31568081,17152554.83346756
2018-07-17,btc,1.43309368,17154542.33344026
2018-07-18,btc,1.44339934,17156717.33341148
2018-07-19,btc,1.46018625,17158854.83338348
2018-07-20,btc,1.43265396,17160779.83335618
2018-07-21,btc,1.44833778,17162492.33335618
2018-07-22,btc,1.44583406,17164767.33335618
2018-07-23,btc,1.50619599,17166842.33332888
2018-07-24,btc,1.63581402,17168829.83330082
2018-07-25,btc,1.59635249,17171042.3332728
2018-07-26,btc,1.5404035,17173104.8332728
2018-07-27,btc,1.58953743,17175192.33327127
2018-07-28,btc,1.59195773,17177004.83327054
2018-07-29,btc,1.59809411,17179129.83316199
2018-07-30,btc,1.5863148,17180804.83316199
2018-07-31,btc,1.50002457,17182642.33315121
2018-08-01,btc,1.47548838,17184517.33311234
2018-08-02,btc,1.46550321,17186429.83261354
2018-08-03,btc,1.44098379,17188504.83253624
2018-08-04,btc,1.36290424,17190704.83253624
2018-08-05,btc,1.36894032,17192704.83229624
2018-08-06,btc,1.35040999,17194342.33226815
2018-08-07,btc,1.31126727,17196229.83224085
2018-08-08,btc,1.22457474,17198192.33222845
2018-08-09,btc,1.28263103,17200054.83222299
2018-08-10,btc,1.20148237,17202254.83203226
2018-08-11,btc,1.23709272,17204379.83203226
2018-08-12,btc,1.237715,17206317.33203152
2018-08-13,btc,1.22859486,17208192.33203076
2018-08-14,btc,1.21462636,17209892.33203076
2018-08-15,btc,1.23272558,17211904.83202991
2018-08-16,btc,1.23701888,17213879.83202991
2018-08-17,btc,1.28997856,17215779.83202445
2018-08-18,btc,1.25820087,17217779.83181445
2018-08-19,btc,1.27574994,17219592.33156289
2018-08-20,btc,1.23354388,17221467.33110289
2018-08-21,btc,1.27272294,17223317.33110221
2018-08-22,btc,1.25162869,17225317.33110071
2018-08-23,btc,1.28108729,17227179.83107268
2018-08-24,btc,1.31632801,17229004.83104538
2018-08-25,btc,1.32478942,17230692.33104538
2018-08-26,btc,1.31333891,17232854.83104323
2018-08-27,btc,1.34163355,17235167.33088593
2018-08-28,btc,1.38993223,17237079.83085863
2018-08-29,btc,1.37670606,17238817.33083133
2018-08-30,btc,1.36359134,17240742.33080327
2018-08-31,btc,1.37493819,17242679.83077441
2018-09-01,btc,1.40711254,17244567.33077441
2018-09-02,btc,1.42507788,17246367.33077364
2018-09-03,btc,1.41924297,17248167.33074558
2018-09-04,btc,1.43842941,17249742.33071828
2018-09-05,btc,1.32907873,17251392.3304288
2018-09-06,btc,1.27139307,17253267.33040071
2018-09-07,btc,1.25683206,17255167.33037341
2018-09-08,btc,1.21428401,17257042.33037341
2018-09-09,btc,1.22689803,17259079.83037341
2018-09-10,btc,1.23657997,17260767.33034611
2018-09-11,btc,1.23448848,17262529.83034611
2018-09-12,btc,1.24485106,17264629.8303345
2018-09-13,btc,1.27856168,17266479.8303337
2018-09-14,btc,1.27941999,17268129.8303064
2018-09-15,btc,1.28532707,17269879.8303064
2018-09-16,btc,1.28016559,17271617.33030562
2018-09-17,btc,1.23381568,17273304.8302947
2018-09-18,btc,1.25024052,17275079.8302474
2018-09-19,btc,1.25910583,17277029.8302201
2018-09-20,btc,1.28206545,17278954.8301928
2018-09-21,btc,1.3314931,17280754.83016477
2018-09-22,btc,1.32462421,17282692.330164
2018-09-23,btc,1.32411544,17284567.330164
2018-09-24,btc,1.29944603,17286417.3301367
2018-09-25,btc,1.26947306,17288529.8301094
2018-09-26,btc,1.27892467,17290267.3300821
2018-09-27,btc,1.3210537,17292054.83005479
2018-09-28,btc,1.31014502,17293979.82997749
2018-09-29,btc,1.30289231,17295879.82996749
2018-09-30,btc,1.3069717,17297917.32996749
2018-10-01,btc,1.29942083,17299892.32994019
2018-10-02,btc,1.28953035,17301604.82991289
2018-10-03,btc,1.2814305,17303417.32988559
2018-10-04,btc,1.29764795,17305292.32985829
2018-10-05,btc,1.30556584,17306917.32985829
2018-10-06,btc,1.298913,17308479.82985829
2018-10-07,btc,1.30175802,17310254.82985759
2018-10-08,btc,1.30960738,17311942.32985759
2018-10-09,btc,1.30696334,17313567.32983029
2018-10-10,btc,1.29493068,17315367.32979299
2018-10-11,btc,1.22741162,17317354.82976569
2018-10-12,btc,1.23438108,17319004.82973839
2018-10-13,btc,1.23595286,17320767.32973839
2018-10-14,btc,1.23348719,17322192.32973839
2018-10-15,btc,1.28526524,17324217.32971109
2018-10-16,btc,1.28989252,17325904.82968379
2018-10-17,btc,1.28666145,17327629.82965649
2018-10-18,btc,1.27802221,17329354.82962919
2018-10-19,btc,1.2749913,17331129.82960189
2018-10-20,btc,1.28642152,17332917.32960189
2018-10-21,btc,1.28793139,17334642.32960189
2018-10-22,btc,1.28689576,17336579.82957459
2018-10-23,btc,1.28492912,17338504.82954649
2018-10-24,btc,1.2887609,17339917.32951919
2018-10-25,btc,1.28694965,17341629.82949189
2018-10-26,btc,1.28863398,17343417.32946459
2018-10-27,btc,1.28980748,17345117.32946459
2018-10-28,btc,1.28937475,17346867.32946459
2018-10-29,btc,1.26107732,17348692.32943729
2018-10-30,btc,1.26329155,17350617.32943729
2018-10-31,btc,1.27073654,17352654.82940999
2018-11-01,btc,1.27883905,17354579.82940999
2018-11-02,btc,1.27995054,17356367.32940999
2018-11-03,btc,1.276901,17358379.82940925
2018-11-04,btc,1.29459494,17359917.32940925
2018-11-05,btc,1.29123581,17361717.32940925
2018-11-06,btc,1.2989943,17363317.32938195
2018-11-07,btc,1.31084446,17364942.32935391
2018-11-08,btc,1.29195817,17366454.82932661
2018-11-09,btc,1.2768824,17368042.32929931
2018-11-10,btc,1.28133653,17369679.82929931
2018-11-11,btc,1.27781403,17371504.82929931
2018-11-12,btc,1.27501457,17373254.82927201
2018-11-13,btc,1.26499475,17374754.82924471
2018-11-14,btc,1.12750028,17376442.32924471
2018-11-15,btc,1.12835655,17378029.8291894
2018-11-16,btc,1.12138354,17379604.8291621
2018-11-17,btc,1.12295891,17381417.3291621
2018-11-18,btc,1.13432294,17382954.8291621
2018-11-19,btc,0.98256686,17384529.8291348
2018-11-20,btc,0.89259762,17386179.8291075
2018-11-21,btc,0.94205218,17387492.3290802
2018-11-22,btc,0.89310508,17389017.3290529
2018-11-23,btc,0.89181194,17390579.8290256
2018-11-24,btc,0.79317203,17392367.3290256
2018-11-25,btc,0.82453777,17393954.8290256
2018-11-26,btc,0.77562836,17395342.3289983
2018-11-27,btc,0.7940544,17396979.8289983
2018-11-28,btc,0.88549955,17398454.82796581
2018-11-29,btc,0.89130855,17399767.32793851
2018-11-30,btc,0.8373706,17401029.82791121
2018-12-01,btc,0.8734641,17402579.82791121
2018-12-02,btc,0.86368527,17404004.82791121
2018-12-03,btc,0.80763958,17405429.82788391
2018-12-04,btc,0.81335924,17407154.82785661
2018-12-05,btc,0.78473772,17408779.82782931
2018-12-06,btc,0.74841821,17410467.32780201
2018-12-07,btc,0.72100902,17411892.32777471
2018-12-08,btc,0.72908961,17413479.82777471
2018-12-09,btc,0.75773343,17415079.82777471
2018-12-10,btc,0.73200608,17416629.82774741
2018-12-11,btc,0.7222971,17418192.32771934
2018-12-12,btc,0.73845418,17419692.32769204
2018-12-13,btc,0.7044642,17421329.82766474
2018-12-14,btc,0.69277432,17423154.82763744
2018-12-15,btc,0.69048064,17425017.32763744
2018-12-16,btc,0.69338644,17426454.82763744
2018-12-17,btc,0.75972613,17428454.82761014
2018-12-18,btc,0.79650093,17430054.82758283
2018-12-19,btc,0.80573894,17431917.32755549
2018-12-20,btc,0.88611656,17433604.82752819
2018-12-21,btc,0.8376707,17435354.82750089
2018-12-22,btc,0.86519497,17437542.32750089
2018-12-23,btc,0.86090691,17439742.32750089
2018-12-24,btc,0.88260111,17441642.32747359
2018-12-25,btc,0.82260882,17443629.82747359
2018-12-26,btc,0.83308567,17445592.32747359
2018-12-27,btc,0.78552581,17447767.32744629
2018-12-28,btc,0.85252346,17449854.8274135
2018-12-29,btc,0.84031284,17451579.82740804
2018-12-30,btc,0.8415034,17453779.82740804
2018-12-31,btc,0.81213582,17455717.32738074
2019-01-01,btc,0.8391035,17457579.82738074
2019-01-02,btc,0.85907301,17459467.32735344
2019-01-03,btc,0.83487141,17461404.82732614
2019-01-04,btc,0.8447265,17463267.32729884
2019-01-05,btc,0.83856669,17465304.82729884
2019-01-06,btc,0.89346662,17467067.32729884
2019-01-07,btc,0.8841578,17468829.82727154
2019-01-08,btc,0.88278743,17470942.32724424
2019-01-09,btc,0.88542141,17472992.32720693
2019-01-10,btc,0.80976747,17474942.32717963
2019-01-11,btc,0.80976244,17476792.32715233
2019-01-12,btc,0.80855945,17478517.32715233
2019-01-13,btc,0.784834,17480229.82715233
2019-01-14,btc,0.82050798,17482092.32712503
2019-01-15,btc,0.80090242,17483742.32709773
2019-01-16,btc,0.80691139,17485404.82707043
2019-01-17,btc,0.81482992,17486992.32704313
2019-01-18,btc,0.80838072,17488717.32701583
2019-01-19,btc,0.82616434,17490379.82701583
2019-01-20,btc,0.79319975,17492342.32701583
2019-01-21,btc,0.79297133,17494217.32701583
2019-01-22,btc,0.80398567,17495842.32701583
2019-01-23,btc,0.79874618,17497667.32701583
2019-01-24,btc,0.80256605,17499692.32701504
2019-01-25,btc,0.80172488,17501417.32701504
2019-01-26,btc,0.8011809,17503292.32701504
2019-01-27,btc,0.79718191,17505004.82701504
2019-01-28,btc,0.77522856,17506817.32701504
2019-01-29,btc,0.76708054,17508642.32699504
2019-01-30,btc,0.77747695,17510342.32699504
2019-01-31,btc,0.77173662,17512279.82699504
2019-02-01,btc,0.78014383,17514254.82699504
2019-02-02,btc,0.78422167,17516054.82699504
2019-02-03,btc,0.77343528,17517779.82699504
2019-02-04,btc,0.77384742,17519617.32699504
2019-02-05,btc,0.77765737,17521454.82699504
2019-02-06,btc,0.76510945,17523504.82699504
2019-02-07,btc,0.76378864,17525679.82699504
2019-02-08,btc,0.8216013,17527717.32698958
2019-02-09,btc,0.82367897,17529592.32698958
2019-02-10,btc,0.8284814,17531342.32698958
2019-02-11,btc,0.81717159,17533154.82698958
2019-02-12,btc,0.81707553,17534754.82698412
2019-02-13,btc,0.81622357,17536667.32697866
2019-02-14,btc,0.81324408,17538429.8269732
2019-02-15,btc,0.81432592,17540017.32696774
2019-02-16,btc,0.81951471,17541892.32696774
2019-02-17,btc,0.82849268,17543879.82696774
2019-02-18,btc,0.88420768,17545817.32696228
2019-02-19,btc,0.89133025,17547767.32695682
2019-02-20,btc,0.89885411,17549392.32695136
2019-02-21,btc,0.89047082,17550879.8269459
2019-02-22,btc,0.90331002,17552904.82694044
2019-02-23,btc,0.94072884,17554692.32694044
2019-02-24,btc,0.8599356,17556404.82694044
2019-02-25,btc,0.87606044,17558192.32693498
2019-02-26,btc,0.87035678,17560204.82692952
2019-02-27,btc,0.8713884,17561967.32692331
2019-02-28,btc,0.87032071,17563842.32691785
2019-03-01,btc,0.87459349,17565867.32691239
2019-03-02,btc,0.87461492,17567517.32691239
2019-03-03,btc,0.86848471,17569342.32691239
2019-03-04,btc,0.85007558,17571054.82690693
2019-03-05,btc,0.88264283,17572917.32690147
2019-03-06,btc,0.88556451,17574517.32690147
2019-03-07,btc,0.88659022,17576292.32689601
2019-03-08,btc,0.88315552,17578117.32689601
2019-03-09,btc,0.89955742,17579842.32687417
2019-03-10,btc,0.89825462,17581542.32687417
2019-03-11,btc,0.88665284,17583317.32686871
2019-03-12,btc,0.88880804,17585104.82686871
2019-03-13,btc,0.88736975,17586792.32686325
2019-03-14,btc,0.88808394,17588729.82685724
2019-03-15,btc,0.89930632,17590642.32685178
2019-03-16,btc,0.92006352,17592679.82685178
2019-03-17,btc,0.91484274,17594504.82685178
2019-03-18,btc,0.91560369,17596517.32684577
2019-03-19,btc,0.92168535,17598692.32684031
2019-03-20,btc,0.92967286,17600704.82683485
2019-03-21,btc,0.91748018,17602492.32682939
2019-03-22,btc,0.9194745,17604504.82670847
2019-03-23,btc,0.91913227,17606317.32670847
2019-03-24,btc,0.91670464,17608192.32670847
2019-03-25,btc,0.90273487,17610042.32670301
2019-03-26,btc,0.90526912,17611717.32669209
2019-03-27,btc,0.93039612,17613579.82668663
2019-03-28,btc,0.92674903,17615404.82666117
2019-03-29,btc,0.94438915,17617242.32664571
2019-03-30,btc,0.944965,17618979.82664571
2019-03-31,btc,0.94641855,17620717.32664461
2019-04-01,btc,0.95655086,17622417.32663915
2019-04-02,btc,1.12892016,17624379.82663369
2019-04-03,btc,1.14051964,17626154.82662823
2019-04-04,btc,1.12838804,17627904.82662823
2019-04-05,btc,1.15614507,17629879.82661731
2019-04-06,btc,1.15841744,17631617.32661731
2019-04-07,btc,1.19121228,17633379.82661731
2019-04-08,btc,1.21179209,17635229.82661185
2019-04-09,btc,1.19099798,17636879.82660639
2019-04-10,btc,1.21651316,17638729.82460093
2019-04-11,btc,1.15695368,17640692.32459547
2019-04-12,btc,1.16368455,17642579.82459001
2019-04-13,btc,1.16156591,17644267.32459001
2019-04-14,btc,1.18135304,17645792.32459001
2019-04-15,btc,1.15555322,17647604.82458455
2019-04-16,btc,1.19224124,17649417.32457909
2019-04-17,btc,1.1961381,17651142.32457308
2019-04-18,btc,1.20765693,17653004.82457308
2019-04-19,btc,1.20719787,17654904.82456762
2019-04-20,btc,1.21246475,17656542.32456762
2019-04-21,btc,1.20835451,17658567.32456762
2019-04-22,btc,1.22794551,17660242.32456762
2019-04-23,btc,1.2632969,17661692.32456216
2019-04-24,btc,1.238908,17663729.8245567
2019-04-25,btc,1.17030753,17665517.3245567
2019-04-26,btc,1.17673094,17667404.82455124
2019-04-27,btc,1.18413668,17669117.32455124
2019-04-28,btc,1.17650667,17671154.82455124
2019-04-29,btc,1.17708337,17673192.32454578
2019-04-30,btc,1.20333737,17674942.32454032
2019-05-01,btc,1.21799733,17677079.82454032
2019-05-02,btc,1.23567987,17679379.82453486
2019-05-03,btc,1.2951638,17681279.8244194
2019-05-04,btc,1.32099457,17682929.8244194
2019-05-05,btc,1.30956777,17684542.3244194
2019-05-06,btc,1.29939268,17686429.82441394
2019-05-07,btc,1.32870246,17688017.32440848
2019-05-08,btc,1.35126305,17689917.32440302
2019-05-09,btc,1.39928506,17691792.32439756
2019-05-10,btc,1.44472955,17693354.82439756
2019-05-11,btc,1.6543368,17694979.82439756
2019-05-12,btc,1.56569495,17696954.8243915
2019-05-13,btc,1.74753483,17699042.32438604
2019-05-14,btc,1.77133721,17700942.32438058
2019-05-15,btc,1.81667469,17702804.82438058
2019-05-16,btc,1.72799889,17704629.82438058
2019-05-17,btc,1.61073752,17706517.32438048
2019-05-18,btc,1.59950822,17708429.82437492
2019-05-19,btc,1.80201739,17710467.32437492
2019-05-20,btc,1.74723194,17712479.82436936
2019-05-21,btc,1.74497388,17714392.32436936
2019-05-22,btc,1.67542929,17716479.82435844
2019-05-23,btc,1.72268374,17718454.82435298
2019-05-24,btc,1.73899884,17720367.32434752
2019-05-25,btc,1.75307893,17722117.32434752
2019-05-26,btc,1.89396436,17724179.82434752
2019-05-27,btc,1.90714924,17726267.32434206
2019-05-28,btc,1.88105961,17728317.3243366
2019-05-29,btc,1.84071984,17730492.32433104
2019-05-30,btc,1.75787076,17732492.32433104
2019-05-31,btc,1.81476063,17733954.82433104
2019-06-01,btc,1.81246057,17735842.32432548
2019-06-02,btc,1.8504971,17737479.82432002
2019-06-03,btc,1.72701182,17738967.32431992
2019-06-04,btc,1.62636908,17740892.32431992
2019-06-05,btc,1.65612566,17742892.32431446
2019-06-06,btc,1.651342,17744854.82431436
2019-06-07,btc,1.70183629,17746829.82431436
2019-06-08,btc,1.6835165,17748379.82431436
2019-06-09,btc,1.61842434,17750217.32431436
2019-06-10,btc,1.69111483,17752179.82431436
2019-06-11,btc,1.67511723,17753967.32431436
2019-06-12,btc,1.72008481,17755604.82431436
2019-06-13,btc,1.73649236,17757492.32431436
2019-06-14,btc,1.82901577,17759604.82431436
2019-06-15,btc,1.85878621,17761429.82431436
2019-06-16,btc,1.88896018,17763054.82431436
2019-06-17,btc,1.9511578,17764717.32431436
2019-06-18,btc,1.88755922,17766754.82431426
2019-06-19,btc,1.93150882,17768967.32431416
2019-06-20,btc,1.98086596,17770767.32431416
2019-06-21,btc,2.08422475,17772429.82431416
2019-06-22,btc,2.19688103,17774192.32431416
2019-06-23,btc,2.2136737,17776454.82431406
2019-06-24,btc,2.24706654,17778667.32431406
2019-06-25,btc,2.37982686,17780492.32431406
2019-06-26,btc,2.57176389,17782554.82431406
2019-06-27,btc,2.21524309,17784329.82431406
2019-06-28,btc,2.44168454,17786367.32431406
2019-06-29,btc,2.35329242,17788542.32431406
2019-06-30,btc,2.13021037,17790442.32431396
2019-07-01,btc,2.07558255,17792229.82431386
2019-07-02,btc,2.11000412,17794204.82431386
2019-07-03,btc,2.33157806,17796354.82431386
2019-07-04,btc,2.17425127,17798442.32416642
2019-07-05,btc,2.13840364,17800804.82404084
2019-07-06,btc,2.17712562,17803029.82404084
2019-07-07,btc,2.22256119,17804942.32403538
2019-07-08,btc,2.37905472,17807167.32403538
2019-07-09,btc,2.41917807,17809092.32395348
2019-07-10,btc,2.31328701,17810704.82394802
2019-07-11,btc,2.15704038,17812317.32364226
2019-07-12,btc,2.24857787,17814367.32362588
2019-07-13,btc,2.15890911,17816129.82349484
2019-07-14,btc,1.95875859,17817942.32349484
2019-07-15,btc,2.07837284,17819767.32349484
2019-07-16,btc,1.80452153,17821792.32349474
2019-07-17,btc,1.84011447,17823454.82335824
2019-07-18,btc,2.02312657,17824967.32331456
2019-07-19,btc,1.9920017,17826442.3232545
2019-07-20,btc,2.0519756,17828654.8232544
2019-07-21,btc,1.99813946,17830517.3232544
2019-07-22,btc,1.94697902,17832492.3232544
2019-07-23,btc,1.86302934,17834279.82314518
2019-07-24,btc,1.84274782,17836017.32314518
2019-07-25,btc,1.86177246,17837892.32303598
2019-07-26,btc,1.84937883,17839967.3230195
2019-07-27,btc,1.7764295,17841867.32301948
2019-07-28,btc,1.79184692,17844054.82301948
2019-07-29,btc,1.75506806,17846154.82289936
2019-07-30,btc,1.76975529,17847929.82289936
2019-07-31,btc,1.85482085,17850067.32289936
2019-08-01,btc,1.91516898,17851842.32289936
2019-08-02,btc,1.93668955,17853954.82289936
2019-08-03,btc,1.98633631,17856117.3227574
2019-08-04,btc,2.0166431,17858204.8227574
2019-08-05,btc,2.15209305,17859992.3227574
2019-08-06,btc,2.07763358,17862004.82275739
2019-08-07,btc,2.16935722,17863917.32275739
2019-08-08,btc,2.15713659,17865692.32275739
2019-08-09,btc,2.13982687,17867529.82262079
2019-08-10,btc,2.03923311,17869417.32262079
2019-08-11,btc,2.07768124,17871329.82254971
2019-08-12,btc,2.04944243,17872992.32254415
2019-08-13,btc,1.95417056,17874954.82254405
2019-08-14,btc,1.8019476,17876854.82254405
2019-08-15,btc,1.85280853,17878817.32254405
2019-08-16,btc,1.86332594,17880654.82254405
2019-08-17,btc,1.83353888,17882254.82243485
2019-08-18,btc,1.85527013,17883829.82243485
2019-08-19,btc,1.95283046,17885867.32243485
2019-08-20,btc,1.92992501,17887779.82243485
2019-08-21,btc,1.80967076,17889479.82243485
2019-08-22,btc,1.81392145,17891242.32242939
2019-08-23,btc,1.85888092,17893154.82242939
2019-08-24,btc,1.81099778,17895154.82242939
2019-08-25,btc,1.8021966,17897092.32232939
2019-08-26,btc,1.8474094,17898804.82232939
2019-08-27,btc,1.81156248,17900492.32232939
2019-08-28,btc,1.73309226,17902379.82232939
2019-08-29,btc,1.69107373,17904442.32232939
2019-08-30,btc,1.70811556,17906442.32224839
2019-08-31,btc,1.71310224,17908517.32219925
2019-09-01,btc,1.7403943,17910304.82219925
2019-09-02,btc,1.84745992,17912167.32219925
2019-09-03,btc,1.88765943,17914217.32219925
2019-09-04,btc,1.87870879,17915917.32219379
2019-09-05,btc,1.8773914,17917979.82217195
2019-09-06,btc,1.81873604,17919954.82217195
2019-09-07,btc,1.84632204,17921829.82215557
2019-09-08,btc,1.83013043,17924042.32215557
2019-09-09,btc,1.81652807,17925867.32215557
2019-09-10,btc,1.77328813,17928142.32215557
2019-09-11,btc,1.77786135,17930442.32210557
2019-09-12,btc,1.82231036,17932417.32210557
2019-09-13,btc,1.81108514,17934292.32210557
2019-09-14,btc,1.813611,17936229.82210557
2019-09-15,btc,1.80307986,17938067.32210557
2019-09-16,btc,1.79436332,17940104.82210557
2019-09-17,btc,1.78283665,17941954.82210557
2019-09-18,btc,1.77473473,17944129.82210557
2019-09-19,btc,1.79282081,17945979.82209557
2019-09-20,btc,1.77523927,17947867.32208465
2019-09-21,btc,1.74318445,17949942.32208465
2019-09-22,btc,1.7535283,17952017.32208465
2019-09-23,btc,1.69241697,17953442.32208465
2019-09-24,btc,1.5076985,17955404.82207373
2019-09-25,btc,1.47778949,17957354.82207373
2019-09-26,btc,1.42454001,17959492.32206827
2019-09-27,btc,1.44132571,17961142.32206827
2019-09-28,btc,1.44491153,17963129.82206827
2019-09-29,btc,1.42120643,17964829.82206827
2019-09-30,btc,1.45994759,17966454.82206827
2019-10-01,btc,1.46687818,17968242.32206827
2019-10-02,btc,1.47560342,17970092.32203627
2019-10-03,btc,1.45721375,17971929.82203627
2019-10-04,btc,1.44209083,17973767.32203081
2019-10-05,btc,1.43793767,17975742.32202535
2019-10-06,btc,1.38789488,17977604.82202535
2019-10-07,btc,1.45350223,17979542.32202535
2019-10-08,btc,1.44711351,17981567.32200351
2019-10-09,btc,1.5187746,17983292.32200351
2019-10-10,btc,1.51523934,17985317.32200351
2019-10-11,btc,1.4650268,17987267.32198713
2019-10-12,btc,1.47085893,17988929.82195437
2019-10-13,btc,1.46532541,17990704.82195437
2019-10-14,btc,1.46837588,17992392.32194891
2019-10-15,btc,1.43701211,17994304.82194345
2019-10-16,btc,1.41022441,17996092.32193794
2019-10-17,btc,1.42275851,17997967.32193248
2019-10-18,btc,1.40337963,17999967.32192702
2019-10-19,btc,1.40147566,18001742.32192701
2019-10-20,btc,1.4480022,18003567.321927
2019-10-21,btc,1.44819078,18005554.82192154
2019-10-22,btc,1.41660892,18007667.32188878
2019-10-23,btc,1.31849373,18009767.32188878
2019-10-24,btc,1.32043974,18011429.82185602
2019-10-25,btc,1.53033296,18013154.82182326
2019-10-26,btc,1.63052996,18014904.82182326
2019-10-27,btc,1.68313273,18016342.32182326
2019-10-28,btc,1.63844571,18018017.32180779
2019-10-29,btc,1.65571824,18019679.82177503
2019-10-30,btc,1.61181743,18021354.82176957
2019-10-31,btc,1.60646394,18023004.82176411
2019-11-01,btc,1.62077063,18024629.82176411
2019-11-02,btc,1.62876338,18026304.82176411
2019-11-03,btc,1.61294847,18028029.82176411
2019-11-04,btc,1.64848919,18029679.82175865
2019-11-05,btc,1.63757092,18031479.82171589
2019-11-06,btc,1.64148312,18033129.82168313
2019-11-07,btc,1.61571232,18034817.32167767
2019-11-08,btc,1.54350145,18036417.32167221
2019-11-09,btc,1.54712396,18038217.32167221
2019-11-10,btc,1.58742033,18040292.32167221
2019-11-11,btc,1.52978275,18042179.82166675
2019-11-12,btc,1.5426696,18043867.32166129
2019-11-13,btc,1.5361222,18045554.82165583
2019-11-14,btc,1.51523438,18047667.32165037
2019-11-15,btc,1.48420069,18049642.32164491
2019-11-16,btc,1.48640991,18051492.32164491
2019-11-17,btc,1.4912036,18053417.32164491
2019-11-18,btc,1.43585132,18055167.32163945
2019-11-19,btc,1.42462588,18057004.82163399
2019-11-20,btc,1.41836156,18058779.82163399
2019-11-21,btc,1.33896278,18060492.32162853
2019-11-22,btc,1.28344958,18062142.32162307
2019-11-23,btc,1.29339001,18064304.82162307
2019-11-24,btc,1.22636138,18065942.32162307
2019-11-25,btc,1.26222308,18067504.82162307
2019-11-26,btc,1.26841696,18069029.82162307
2019-11-27,btc,1.33297166,18070767.32161215
2019-11-28,btc,1.31736129,18072804.82160669
2019-11-29,btc,1.37249236,18074504.82160669
2019-11-30,btc,1.33947241,18076079.82160668
2019-12-01,btc,1.31531292,18077817.32160668
2019-12-02,btc,1.29871273,18079629.82160122
2019-12-03,btc,1.29767248,18081604.82160122
2019-12-04,btc,1.28246605,18083692.32159576
2019-12-05,btc,1.31656246,18085504.8215903
2019-12-06,btc,1.34019312,18087317.32158484
2019-12-07,btc,1.33632666,18089254.82158484
2019-12-08,btc,1.33937263,18091104.82158484
2019-12-09,btc,1.30638835,18092954.82157938
2019-12-10,btc,1.28784015,18094804.82154116
2019-12-11,btc,1.28292787,18096454.8215357
2019-12-12,btc,1.28218893,18098117.32153024
2019-12-13,btc,1.29164777,18100017.32152478
2019-12-14,btc,1.26106197,18101904.82151478
2019-12-15,btc,1.26826677,18103454.82144478
2019-12-16,btc,1.22841184,18105417.32143932
2019-12-17,btc,1.18120445,18107179.82143386
2019-12-18,btc,1.30300236,18108854.8214284
2019-12-19,btc,1.27839546,18110817.32142294
2019-12-20,btc,1.28507153,18112767.32141748
2019-12-21,btc,1.27731542,18114967.32141748
2019-12-22,btc,1.33772206,18117079.82141748
2019-12-23,btc,1.30974111,18118867.32141202
2019-12-24,btc,1.29430833,18120429.82140656
2019-12-25,btc,1.28852354,18122029.82140656
2019-12-26,btc,1.28945009,18124117.32140656
2019-12-27,btc,1.29743017,18125929.8214011
2019-12-28,btc,1.30991222,18127792.3214011
2019-12-29,btc,1.32663778,18129729.8214011
2019-12-30,btc,1.29751611,18131804.82139564
2019-12-31,btc,1.28681852,18133617.32139018
2020-01-01,btc,1.28743526,18135792.32139018
2020-01-02,btc,1.24755453,18137554.82135472
2020-01-03,btc,1.31328518,18139667.32134926
2020-01-04,btc,1.31850725,18141767.32134926
2020-01-05,btc,1.31891454,18143804.82134926
2020-01-06,btc,1.39343235,18145492.3213438
2020-01-07,btc,1.45871525,18147692.32133834
2020-01-08,btc,1.44434936,18149467.32133834
2020-01-09,btc,1.40023893,18151429.82132742
2020-01-10,btc,1.45520178,18153292.32132196
2020-01-11,btc,1.43755242,18155329.82132196
2020-01-12,btc,1.46084233,18157217.32132196
2020-01-13,btc,1.45276596,18159004.82132196
2020-01-14,btc,1.57463765,18160817.3213165
2020-01-15,btc,1.56868373,18162704.82130558
2020-01-16,btc,1.55078627,18164692.32130012
2020-01-17,btc,1.58368313,18166679.82129466
2020-01-18,btc,1.58583813,18168329.82129466
2020-01-19,btc,1.54314165,18170204.82129466
2020-01-20,btc,1.53413892,18172104.8212692
2020-01-21,btc,1.5503965,18174017.3212692
2020-01-22,btc,1.53544323,18175967.32126374
2020-01-23,btc,1.48547764,18177954.82126374
2020-01-24,btc,1.49494018,18179854.82125828
2020-01-25,btc,1.4807681,18181904.82125828
2020-01-26,btc,1.52095733,18183692.32125828
2020-01-27,btc,1.5779271,18185304.82125828
2020-01-28,btc,1.64585254,18187079.82125282
2020-01-29,btc,1.64528656,18189079.82125282
2020-01-30,btc,1.67702648,18191029.82124736
2020-01-31,btc,1.64732688,18192829.82124736
2020-02-01,btc,1.650978,18194717.3212419
2020-02-02,btc,1.64356756,18196504.8212419
2020-02-03,btc,1.6319591,18198354.8212419
2020-02-04,btc,1.61069803,18200004.8212409
2020-02-05,btc,1.69086813,18201992.3212109
2020-02-06,btc,1.70571675,18203679.8212109
2020-02-07,btc,1.7097118,18205417.32121089
2020-02-08,btc,1.72664271,18207154.82121089
2020-02-09,btc,1.76640757,18209067.32121089
2020-02-10,btc,1.71346985,18210592.32121089
2020-02-11,btc,1.7792319,18212442.32121089
2020-02-12,btc,1.79208365,18214217.32121089
2020-02-13,btc,1.76851563,18215979.82121089
2020-02-14,btc,1.7883096,18217667.32121089
2020-02-15,btc,1.71075719,18219442.32121089
2020-02-16,btc,1.71695434,18221217.32121089
2020-02-17,btc,1.67061779,18223179.82121089
2020-02-18,btc,1.75425426,18225054.82121089
2020-02-19,btc,1.65794069,18226817.32121089
2020-02-20,btc,1.65435215,18228392.32121089
2020-02-21,btc,1.66881312,18230317.32121089
2020-02-22,btc,1.66379813,18232167.32120809
2020-02-23,btc,1.71384131,18233942.32120809
2020-02-24,btc,1.65765413,18235704.82120809
2020-02-25,btc,1.60369037,18237504.82120263
2020-02-26,btc,1.51151916,18239204.82120263
2020-02-27,btc,1.50901158,18241042.32120263
2020-02-28,btc,1.50435395,18243017.32120263
2020-02-29,btc,1.47581569,18244754.8212026
2020-03-01,btc,1.46928146,18246967.32120187
2020-03-02,btc,1.53109223,18248829.82116911
2020-03-03,btc,1.50704354,18250742.32116365
2020-03-04,btc,1.50859699,18252829.82115819
2020-03-05,btc,1.56090164,18254867.32115273
2020-03-06,btc,1.57478419,18256804.82114727
2020-03-07,btc,1.53210003,18258767.32114727
2020-03-08,btc,1.39731984,18260742.32114727
2020-03-09,btc,1.36296685,18262617.32111181
2020-03-10,btc,1.3667676,18264267.32111181
2020-03-11,btc,1.37532279,18265754.82111181
2020-03-12,btc,0.87746909,18267642.32111181
2020-03-13,btc,1.00230839,18269204.82111181
2020-03-14,btc,0.91943052,18270804.82107905
2020-03-15,btc,0.9586443,18272292.32107905
2020-03-16,btc,0.9005596,18273779.82107905
2020-03-17,btc,0.97465625,18275317.32107359
2020-03-18,btc,0.97098752,18276567.32104359
2020-03-19,btc,1.11612479,18277904.82103267
2020-03-20,btc,1.11275432,18279267.32100537
2020-03-21,btc,1.11317824,18280817.32099991
2020-03-22,btc,1.05120625,18282404.82099991
2020-03-23,btc,1.16908967,18283804.82099991
2020-03-24,btc,1.21902362,18285454.82099991
2020-03-25,btc,1.20405859,18286604.82099991
2020-03-26,btc,1.21539093,18288604.82096715
2020-03-27,btc,1.168733,18290542.32096169
2020-03-28,btc,1.12273873,18292229.82096169
2020-03-29,btc,1.06488351,18294117.32096169
2020-03-30,btc,1.16111925,18295954.82095623
2020-03-31,btc,1.16086021,18297942.32092347
2020-04-01,btc,1.20232747,18299854.82092347
2020-04-02,btc,1.2293196,18301767.32089617
2020-04-03,btc,1.22207588,18303417.32089071
2020-04-04,btc,1.24154011,18305379.82089071
2020-04-05,btc,1.22896481,18307567.32089071
2020-04-06,btc,1.31870276,18309167.32088525
2020-04-07,btc,1.29919781,18311267.32085239
2020-04-08,btc,1.33180003,18313067.32084693
2020-04-09,btc,1.3184332,18314992.32084693
2020-04-10,btc,1.24393645,18317029.82084693
2020-04-11,btc,1.24828502,18319017.32084693
2020-04-12,btc,1.26554137,18320929.82084693
2020-04-13,btc,1.24500204,18323067.32084693
2020-04-14,btc,1.24727346,18325167.32084693
2020-04-15,btc,1.20252464,18327279.82081963
2020-04-16,btc,1.29329091,18329204.82081895
2020-04-17,btc,1.28483033,18330792.32081895
2020-04-18,btc,1.31739282,18332767.32081895
2020-04-19,btc,1.29699559,18334667.32081895
2020-04-20,btc,1.24397211,18336679.82081895
2020-04-21,btc,1.2473842,18338542.32081895
2020-04-22,btc,1.29301523,18340179.82081895
2020-04-23,btc,1.35798226,18341954.82081895
2020-04-24,btc,1.3603772,18343754.82081895
2020-04-25,btc,1.36573263,18345454.82081895
2020-04-26,btc,1.39182404,18347167.32081895
2020-04-27,btc,1.40592618,18348929.82081895
2020-04-28,btc,1.40416612,18350854.82081895
2020-04-29,btc,1.57124906,18352667.32081895
2020-04-30,btc,1.54783671,18354354.82081895
2020-05-01,btc,1.58149669,18356117.32081895
2020-05-02,btc,1.60183196,18357967.32081895
2020-05-03,btc,1.58639791,18360067.32081895
2020-05-04,btc,1.58241067,18362042.32079165
2020-05-05,btc,1.59959352,18364017.32079165
2020-05-06,btc,1.64574813,18365942.32079165
2020-05-07,btc,1.76246608,18367779.82079165
2020-05-08,btc,1.73504927,18369492.32079165
2020-05-09,btc,1.68527866,18371192.32078165
2020-05-10,btc,1.53444392,18373317.32078165
2020-05-11,btc,1.51427708,18375098.57078164
2020-05-12,btc,1.55398556,18376011.07078164
2020-05-13,btc,1.64026769,18376754.82078164
2020-05-14,btc,1.72149026,18377467.32078164
2020-05-15,btc,1.63770129,18378248.57078164
2020-05-16,btc,1.64923495,18379036.07078164
2020-05-17,btc,1.69855053,18379673.57078164
2020-05-18,btc,1.7030904,18380473.57078164
2020-05-19,btc,1.70545218,18381192.32078164
2020-05-20,btc,1.66337697,18381911.07078164
2020-05-21,btc,1.58611169,18382729.82077618
2020-05-22,btc,1.60231403,18383423.57077071
2020-05-23,btc,1.60568496,18384167.32076525
2020-05-24,btc,1.54008682,18384892.32076525
2020-05-25,btc,1.55903037,18385673.57076525
2020-05-26,btc,1.54624899,18386448.57076525
2020-05-27,btc,1.60359036,18387311.07074865
2020-05-28,btc,1.67222784,18388129.82074308
2020-05-29,btc,1.64770853,18388923.57074308
2020-05-30,btc,1.69215433,18389898.57073751
2020-05-31,btc,1.64704955,18390836.07073751
2020-06-01,btc,1.77456298,18391673.57071021
2020-06-02,btc,1.65555855,18392479.82071021
2020-06-03,btc,1.67699652,18393348.57070464
2020-06-04,btc,1.70498933,18394292.32069918
2020-06-05,btc,1.67491159,18395411.07069918
2020-06-06,btc,1.67895972,18396636.07068826
2020-06-07,btc,1.69210512,18397629.82066096
2020-06-08,btc,1.6929366,18398642.32066096
2020-06-09,btc,1.69357425,18399642.32066096
2020-06-10,btc,1.71128591,18400667.32063366
2020-06-11,btc,1.60651966,18401823.57060636
2020-06-12,btc,1.63695561,18402842.32057906
2020-06-13,btc,1.63756141,18403829.82057906
2020-06-14,btc,1.61687359,18404892.32057906
2020-06-15,btc,1.63326898,18405754.82057906
2020-06-16,btc,1.64602728,18406692.32057906
2020-06-17,btc,1.63347313,18407554.82057906
2020-06-18,btc,1.61930293,18408323.57057906
2020-06-19,btc,1.601515,18409217.32057906
2020-06-20,btc,1.61343538,18410073.57057906
2020-06-21,btc,1.6005863,18410986.07056268
2020-06-22,btc,1.66795041,18411879.82056268
2020-06-23,btc,1.65453862,18412867.32056268
2020-06-24,btc,1.60043802,18413736.07056268
2020-06-25,btc,1.59283584,18414617.32056268
2020-06-26,btc,1.57369557,18415642.32053538
2020-06-27,btc,1.5467905,18416504.82053538
2020-06-28,btc,1.56486434,18417442.32053538
2020-06-29,btc,1.57752462,18418348.57053537
2020-06-30,btc,1.56990039,18419267.32053537
2020-07-01,btc,1.5861884,18420279.82050807
2020-07-02,btc,1.56106575,18421304.82048077
2020-07-03,btc,1.5561961,18422323.57048077
2020-07-04,btc,1.56620843,18423304.82048077
2020-07-05,btc,1.55815127,18424323.57048075
2020-07-06,btc,1.60183713,18425286.07048075
2020-07-07,btc,1.58667765,18426292.32044799
2020-07-08,btc,1.61561301,18427236.07044799
2020-07-09,btc,1.58050888,18428261.07044799
2020-07-10,btc,1.58940706,18429267.32044799
2020-07-11,btc,1.58104284,18430242.32044799
2020-07-12,btc,1.58969582,18431192.32044799
2020-07-13,btc,1.58057885,18432111.07044799
2020-07-14,btc,1.58381858,18433011.07042069
2020-07-15,btc,1.57234112,18433873.57040977
2020-07-16,btc,1.56130786,18434723.57040977
2020-07-17,btc,1.56536628,18435461.07037701
2020-07-18,btc,1.56854068,18436273.57037155
2020-07-19,btc,1.57544863,18437092.32037155
2020-07-20,btc,1.56656719,18437973.57037155
2020-07-21,btc,1.6036542,18438754.82035517
2020-07-22,btc,1.62670582,18439654.82031695
2020-07-23,btc,1.6387837,18440504.82031149
2020-07-24,btc,1.62771038,18441511.04295689
2020-07-25,btc,1.6530963,18442398.46415089
2020-07-26,btc,1.69125357,18443385.90973289
2020-07-27,btc,1.87222939,18444317.12879289
2020-07-28,btc,1.84950049,18445223.37879289
2020-07-29,btc,1.87484925,18446148.37875467
2020-07-30,btc,1.87475515,18446992.12875467
2020-07-31,btc,1.90517626,18447948.37875467
2020-08-01,btc,1.97908671,18448804.62875467
2020-08-02,btc,1.8599879,18449685.87873375
2020-08-03,btc,1.87772343,18450698.37871637
2020-08-04,btc,1.87038652,18451604.62871091
2020-08-05,btc,1.95126913,18452410.87871091
2020-08-06,btc,1.95155359,18453385.87871091
2020-08-07,btc,1.91764781,18454335.87870545
2020-08-08,btc,1.93742923,18455223.37870545
2020-08-09,btc,1.92470744,18456198.37870545
2020-08-10,btc,1.95320633,18457054.62870545
2020-08-11,btc,1.87194792,18458017.12870545
2020-08-12,btc,1.89982911,18458998.37870545
2020-08-13,btc,1.92924287,18459917.12870112
2020-08-14,btc,1.9265623,18460960.87865277
2020-08-15,btc,1.93989709,18461935.87865277
2020-08-16,btc,1.94366153,18462885.87865277
2020-08-17,btc,2.00437877,18463667.12865277
2020-08-18,btc,1.95013602,18464542.12865277
2020-08-19,btc,1.90751141,18465404.62862001
2020-08-20,btc,1.92666487,18466317.12861455
2020-08-21,btc,1.86965642,18467285.87857087
2020-08-22,btc,1.89433444,18468135.87855438
2020-08-23,btc,1.89095764,18469117.12855438
2020-08-24,btc,1.90603293,18470048.37854892
2020-08-25,btc,1.83853818,18470848.37854892
2020-08-26,btc,1.8556766,18471735.87854892
2020-08-27,btc,1.82960462,18472542.12854892
2020-08-28,btc,1.86186629,18473560.87852162
2020-08-29,btc,1.85563351,18474473.37852162
2020-08-30,btc,1.88762446,18475267.12852162
2020-08-31,btc,1.88187726,18476204.62852162
2020-09-01,btc,1.92471346,18477167.12852162
2020-09-02,btc,1.83478767,18478067.12852162
2020-09-03,btc,1.65212902,18478873.37852162
2020-09-04,btc,1.68560929,18479717.12852162
2020-09-05,btc,1.63131545,18480598.37849432
2020-09-06,btc,1.65140122,18481535.87849432
2020-09-07,btc,1.67005527,18482629.62849432
2020-09-08,btc,1.62894233,18483598.37849432
2020-09-09,btc,1.64757745,18484529.6284834
2020-09-10,btc,1.66531058,18485517.12847248
2020-09-11,btc,1.67381361,18486379.62847248
2020-09-12,btc,1.68190081,18487442.12847248
2020-09-13,btc,1.66341746,18488454.62847248
2020-09-14,btc,1.71735678,18489554.62847248
2020-09-15,btc,1.7348274,18490529.62847248
2020-09-16,btc,1.76292263,18491498.37846702
2020-09-17,btc,1.75667708,18492610.87846702
2020-09-18,btc,1.75269523,18493642.12846213
2020-09-19,btc,1.77573693,18494573.37844029
2020-09-20,btc,1.75066035,18495460.87782331
2020-09-21,btc,1.67690819,18496367.12781785
2020-09-22,btc,1.68568673,18497173.37781785
2020-09-23,btc,1.64062817,18498060.87781785
2020-09-24,btc,1.72053475,18498917.12781785
2020-09-25,btc,1.71066582,18499973.37744111
2020-09-26,btc,1.71935636,18500910.87720381
2020-09-27,btc,1.72167524,18501860.87680381
2020-09-28,btc,1.71621999,18502667.12650381
2020-09-29,btc,1.73140353,18503548.37650381
2020-09-30,btc,1.71995233,18504523.37650371
2020-10-01,btc,1.69356781,18505298.37650371
2020-10-02,btc,1.68748627,18506148.37649825
2020-10-03,btc,1.68506329,18507092.12649825
2020-10-04,btc,1.70216949,18508079.62649825
2020-10-05,btc,1.71835152,18508954.62649825
2020-10-06,btc,1.69012311,18509767.12649825
2020-10-07,btc,1.70039927,18510710.87649825
2020-10-08,btc,1.73638098,18511723.37649825
2020-10-09,btc,1.76179817,18512609.88549825
2020-10-10,btc,1.79700041,18513503.11999825
2020-10-11,btc,1.80770338,18514375.70034825
2020-10-12,btc,1.83284911,18515305.2681668
2020-10-13,btc,1.81348383,18516342.24390416
2020-10-14,btc,1.80880169,18517273.47788756
2020-10-15,btc,1.82050458,18518217.22786026
2020-10-16,btc,1.7940757,18519185.97786026
2020-10-17,btc,1.79732641,18520167.22786026
2020-10-18,btc,1.81665683,18520917.22786026
2020-10-19,btc,1.85166488,18521698.47786026
2020-10-20,btc,1.87699868,18522598.47786026
2020-10-21,btc,2.013415,18523410.97786026
2020-10-22,btc,2.02018679,18524267.22786026
2020-10-23,btc,2.00849858,18525083.98986026
2020-10-24,btc,2.02902772,18526033.98986026
2020-10-25,btc,2.01568826,18526765.23986026
2020-10-26,btc,2.01954164,18527452.73986026
2020-10-27,btc,2.10370037,18528071.48986026
2020-10-28,btc,2.04049323,18528696.48986026
2020-10-29,btc,2.06357066,18529371.48986026
2020-10-30,btc,2.0801745,18530065.23986026
2020-10-31,btc,2.10747626,18530771.4793548
2020-11-01,btc,2.09316771,18531552.69451533
2020-11-02,btc,2.06586073,18532146.44451533
2020-11-03,btc,2.09497527,18533021.44450987
2020-11-04,btc,2.10823433,18534015.19447165
2020-11-05,btc,2.30749272,18534933.94446619
2020-11-06,btc,2.29919169,18535890.19446619
2020-11-07,btc,2.18711473,18536802.69446619
2020-11-08,btc,2.26976446,18537665.19446619
2020-11-09,btc,2.23751677,18538821.44446619
2020-11-10,btc,2.23228692,18539740.19446619
2020-11-11,btc,2.28563276,18540658.94446619
2020-11-12,btc,2.35643005,18541658.94446073
2020-11-13,btc,2.35455292,18542527.69444435
2020-11-14,btc,2.317866766319,18543415.19444435
2020-11-15,btc,2.29883051,18544352.69444435
2020-11-16,btc,2.39979607,18545352.69444435
2020-11-17,btc,2.51738625,18546333.94441705
2020-11-18,btc,2.51023261,18547390.19441705
2020-11-19,btc,2.504430386254,18548246.44441705
2020-11-20,btc,2.596127396527,18549296.44441705
2020-11-21,btc,2.589987418208,18550352.69441705
2020-11-22,btc,2.55377715,18551440.19441705
2020-11-23,btc,2.52775968,18552358.94441705
2020-11-24,btc,2.61774563,18553208.94441159
2020-11-25,btc,2.555478063978,18554177.69432969
2020-11-26,btc,2.326869284941,18555115.19365265
2020-11-27,btc,2.31953985,18556077.69336873
2020-11-28,btc,2.40313103,18557040.19336873
2020-11-29,btc,2.45853128,18557977.69336327
2020-11-30,btc,2.63721867,18558683.94336327
2020-12-01,btc,2.51290662,18559633.94335235
2020-12-02,btc,2.55197705,18560452.69335235
2020-12-03,btc,2.57495934,18561433.94332505
2020-12-04,btc,2.47230116,18562333.94329229
2020-12-05,btc,2.51909742,18563233.94323769
2020-12-06,btc,2.54722977,18564083.94323769
2020-12-07,btc,2.51748691,18565021.44323769
2020-12-08,btc,2.40341294,18565921.44319947
2020-12-09,btc,2.422360712922,18566790.19319947
2020-12-10,btc,2.38235433,18567602.69303395
2020-12-11,btc,2.34803699,18568465.19291929
2020-12-12,btc,2.43833504,18569290.19269543
2020-12-13,btc,2.46411643,18570265.19261899
2020-12-14,btc,2.474236613553,18571171.44259715
2020-12-15,btc,2.48407194,18572046.44259715
2020-12-16,btc,2.70395115,18572940.19259715
2020-12-17,btc,2.838980097189,18573746.44259715
2020-12-18,btc,2.82221791,18574727.69259715
2020-12-19,btc,2.906877174893,18575715.19255893
2020-12-20,btc,2.850832494921,18576658.94252071
2020-12-21,btc,2.76690892,18577508.94250433
2020-12-22,btc,2.831513764707,18578402.69249341
2020-12-23,btc,2.75180066,18579365.19248795
2020-12-24,btc,2.77320466,18580152.69248795
2020-12-25,btc,2.87742129,18581052.69248795
2020-12-26,btc,3.06732801,18581908.94247703
2020-12-27,btc,3.033869719213,18582833.94247703
2020-12-28,btc,3.03336124,18583833.94247703
2020-12-29,btc,3.00690895,18584783.94247703
2020-12-30,btc,3.14848763,18585858.94247703
2020-12-31,btc,3.140996404211,18586896.44247703
2021-01-01,btc,3.145922773591,18587827.69247703
2021-01-02,btc,3.36183826,18588771.44247703
2021-01-03,btc,3.43360474,18589758.94247703
2021-01-04,btc,3.2392637,18590840.19247703
2021-01-05,btc,3.40781574,18591821.44241151
2021-01-06,btc,3.60095708,18592927.69241151
2021-01-07,btc,3.742047073313,18593977.69238421
2021-01-08,btc,3.78863874,18594902.69238421
2021-01-09,btc,3.6883279,18595771.44238421
2021-01-10,btc,3.47615243,18596765.19238421
2021-01-11,btc,3.17723254,18597727.69238421
2021-01-12,btc,3.024579234512,18598652.69235145
2021-01-13,btc,3.31893271605,18599602.69235145
2021-01-14,btc,3.43968572,18600521.44232415
2021-01-15,btc,3.21691863,18601490.19232415
2021-01-16,btc,3.16002808,18602408.94228047
2021-01-17,btc,3.14208979,18603240.19158081
2021-01-18,btc,3.16789734,18604146.44158081
2021-01-19,btc,3.12779915,18605077.69158081
2021-01-20,btc,3.05640832,18605958.94155351
2021-01-21,btc,2.671999724485,18606765.19154805
2021-01-22,btc,2.83570647,18607646.44154805
2021-01-23,btc,2.75080418,18608621.44154805
2021-01-24,btc,2.763770318383,18609490.19154805
2021-01-25,btc,2.777191691556,18610365.19154805
2021-01-26,btc,2.79160837,18611371.44153713
2021-01-27,btc,2.58416695,18612258.94153713
2021-01-28,btc,2.83537151,18613165.19153713
2021-01-29,btc,2.87127647,18614115.19153712
2021-01-30,btc,2.878188037248,18614965.19153712
2021-01-31,btc,2.77012967,18615865.19153712
2021-02-01,btc,2.798474060738,18616608.94150982
2021-02-02,btc,2.95247741,18617565.19150436
2021-02-03,btc,3.10161426,18618502.69150435
2021-02-04,btc,3.046232040351,18619502.69150435
2021-02-05,btc,3.09428668,18620558.89630735
2021-02-06,btc,3.18428793,18621552.52046635
2021-02-07,btc,3.141200247585,18622527.52046635
2021-02-08,btc,3.65741696,18623540.02046635
2021-02-09,btc,3.61855022,18624433.77046635
2021-02-10,btc,3.46683384,18625327.52046635
2021-02-11,btc,3.64585169,18626133.77046635
2021-02-12,btc,3.57975153,18627021.25844379
2021-02-13,btc,3.54773666,18627999.91744133
2021-02-14,btc,3.65475277,18628921.36853781
2021-02-15,btc,3.56148121,18629869.49477421
2021-02-16,btc,3.6125173,18630624.85277421
2021-02-17,btc,3.79432537,18631485.96697421
2021-02-18,btc,3.70969063,18632339.87172421
2021-02-19,btc,3.90986635,18633296.08170618
2021-02-20,btc,3.87796973,18634208.55512618
2021-02-21,btc,3.95810037,18635089.27512617
2021-02-22,btc,3.68695731,18635920.52512617
2021-02-23,btc,3.28933195,18636714.27512617
2021-02-24,btc,3.32994398,18637707.40012617
2021-02-25,btc,3.17682646,18638682.40012617
2021-02-26,btc,3.06572143,18639551.13009887
2021-02-27,btc,3.04478896,18640532.38009887
2021-02-28,btc,3.00886446,18641351.13009877
2021-03-01,btc,3.269931,18642163.63009877
2021-03-02,btc,3.17061495,18643057.38009877
2021-03-03,btc,3.3135168,18644007.38009877
2021-03-04,btc,3.161905493951,18644807.38007147
2021-03-05,btc,3.17106851,18645738.63007147
2021-03-06,btc,3.175929809802,18646688.63007147
2021-03-07,btc,3.30549961,18647601.13007147
2021-03-08,btc,3.35002291,18648569.88007147
2021-03-09,btc,3.49855563203,18649444.88006601
2021-03-10,btc,3.56293331,18650376.13006601
2021-03-11,btc,3.63177042,18651201.13006601
2021-03-12,btc,3.570586382096,18652138.63006601
2021-03-13,btc,3.78957634,18653032.38006601
2021-03-14,btc,3.68484058,18654013.630066
2021-03-15,btc,3.43735753,18654938.630066
2021-03-16,btc,3.44231318,18655869.88006054
2021-03-17,btc,3.55383882,18656719.88006054
2021-03-18,btc,3.48651656,18657669.88006054
2021-03-19,btc,3.50341884,18658594.88006054
2021-03-20,btc,3.49731896,18659557.38006054
2021-03-21,btc,3.440164039174,18660532.38005508
2021-03-22,btc,3.25092326,18661476.13005508
2021-03-23,btc,3.23614304,18662482.38005508
2021-03-24,btc,3.11041886,18663432.38005508
2021-03-25,btc,3.03612207,18664394.88004862
2021-03-26,btc,3.20883079,18665244.88004862
2021-03-27,btc,3.26897077,18666238.63004862
2021-03-28,btc,3.24472988,18667232.38004862
2021-03-29,btc,3.33795673,18668176.13004862
2021-03-30,btc,3.38330063,18669088.63004316
2021-03-31,btc,3.375535019449,18670069.87932678
2021-04-01,btc,3.35598363,18670976.12932678
2021-04-02,btc,3.35413045,18671851.12932678
2021-04-03,btc,3.25187507,18672669.87932678
2021-04-04,btc,3.298301283114,18673582.37932678
2021-04-05,btc,3.32023402,18674557.37932678
2021-04-06,btc,3.22914317,18675457.37932678
2021-04-07,btc,3.12214094,18676438.62932678
2021-04-08,btc,3.2057806,18677276.12932678
2021-04-09,btc,3.203576140634,18678226.12932678
2021-04-10,btc,3.27565104,18679207.37932132
2021-04-11,btc,3.28353702,18680113.62932132
2021-04-12,btc,3.26759859,18681013.55832031
2021-04-13,btc,3.43453079,18681901.00252031
2021-04-14,btc,3.37622405,18682744.71851931
2021-04-15,btc,3.37419883,18683819.50551931
2021-04-16,btc,3.27664917,18684463.25551931
2021-04-17,btc,3.19962738,18685032.00551931
2021-04-18,btc,2.959841879616,18685807.00551931
2021-04-19,btc,2.92575459,18686413.25551931
2021-04-20,btc,2.95532944,18687213.25551931
2021-04-21,btc,2.82653587,18687844.50551931
2021-04-22,btc,2.70960708,18688738.25551931
2021-04-23,btc,2.65915763,18689582.00551385
2021-04-24,btc,2.61911452,18690487.98110839
2021-04-25,btc,2.54988868,18691369.23110839
2021-04-26,btc,2.79947785,18692081.63110839
2021-04-27,btc,2.84255929,18692969.13110839
2021-04-28,btc,2.82520447,18693856.63110839
2021-04-29,btc,2.75289848,18694619.13110839
2021-04-30,btc,2.9509244,18695525.38110838
2021-05-01,btc,2.95232813,18696394.13110838
2021-05-02,btc,2.88247785,18697550.38110838
2021-05-03,btc,2.90918692,18698656.54793575
2021-05-04,btc,2.72676307,18699787.79793575
2021-05-05,btc,2.90068009,18700769.04793575
2021-05-06,btc,2.845644398322,18701831.54793575
2021-05-07,btc,2.86911512,18702906.54793575
2021-05-08,btc,2.93389162,18703975.29793575
2021-05-09,btc,2.90472472,18705137.79793575
2021-05-10,btc,2.78208874,18706262.79793575
2021-05-11,btc,2.81280636,18707337.79793575
2021-05-12,btc,2.528710162627,18708412.79793575
2021-05-13,btc,2.4489477,18709419.04793575
2021-05-14,btc,2.47934018,18710256.54793575
2021-05-15,btc,2.33381396,18711025.29793575
2021-05-16,btc,2.2838578,18711850.29793575
2021-05-17,btc,2.16428882,18712606.54793575
2021-05-18,btc,2.13179763,18713231.54793575
2021-05-19,btc,1.88892076,18714012.79793575
2021-05-20,btc,2.05205637,18714712.79793575
2021-05-21,btc,1.87448768,18715400.29793575
2021-05-22,btc,1.90162942,18716125.29793575
2021-05-23,btc,1.75890282,18716869.04793575
2021-05-24,btc,1.94867935,18717656.29293575
2021-05-25,btc,1.93329011,18718425.04293575
2021-05-26,btc,1.97886373,18719187.54293575
2021-05-27,btc,1.94636165,18719918.79293575
2021-05-28,btc,1.80279078,18720662.54293575
2021-05-29,btc,1.75819515,18721387.54293575
2021-05-30,btc,1.80573948,18722287.54293575
2021-05-31,btc,1.88939041,18723168.79293575
2021-06-01,btc,1.85490761,18724056.29293575
2021-06-02,btc,1.905098964141,18725093.79293575
2021-06-03,btc,1.9791401,18726012.54293575
2021-06-04,btc,1.866853639007,18726831.29293575
2021-06-05,btc,1.79378368,18727650.0429314
2021-06-06,btc,1.81038933,18728587.5429314
2021-06-07,btc,1.71255578,18729418.7929314
2021-06-08,btc,1.7042113,18730350.0429314
2021-06-09,btc,1.89766024,18731137.5429314
2021-06-10,btc,1.87120729,18731875.0429314
2021-06-11,btc,1.88860664,18732531.2929314
2021-06-12,btc,1.81254069,18733356.2929314
2021-06-13,btc,1.976225,18734181.2929314
2021-06-14,btc,2.04984505,18735025.0429314
2021-06-15,btc,2.03798688,18735843.7929314
2021-06-16,btc,1.937890111061,18736612.5429314
2021-06-17,btc,1.927486814795,18737425.0429314
2021-06-18,btc,1.812458657444,18738200.0429314
2021-06-19,btc,1.805038478086,18738843.7929314
2021-06-20,btc,1.807459745287,18739500.0429314
2021-06-21,btc,1.615498500377,18740156.2929314
2021-06-22,btc,1.651499802307,18740725.0429314
2021-06-23,btc,1.713698226674,18741356.2929314
2021-06-24,btc,1.766672167447,18742012.5429314
2021-06-25,btc,1.630917169218,18742700.0429314
2021-06-26,btc,1.643033945428,18743256.2929314
2021-06-27,btc,1.776255857109,18743618.7929314
2021-06-28,btc,1.769776037417,18744168.7929314
2021-06-29,btc,1.849675862855,18744731.2929314
2021-06-30,btc,1.805586334557,18745281.2929314
2021-07-01,btc,1.727368166727,18745881.2929314
2021-07-02,btc,1.746141242195,18746443.7929314
2021-07-03,btc,1.787452030946,18747237.5429314
2021-07-04,btc,1.8265447061,18747956.2929314
2021-07-05,btc,1.752492211228,18748781.2929314
2021-07-06,btc,1.763785729615,18749668.7929314
2021-07-07,btc,1.753796589122,18750437.5429314
2021-07-08,btc,1.697989573018,18751306.2929314
2021-07-09,btc,1.754049012631,18752125.0429314
2021-07-10,btc,1.738516988105,18753131.2929314
2021-07-11,btc,1.771750243299,18753912.5429314
2021-07-12,btc,1.713116506244,18754700.04292919
2021-07-13,btc,1.688811469688,18755550.04292919
2021-07-14,btc,1.697934967437,18756612.54292919
2021-07-15,btc,1.643649164372,18757412.54292917
2021-07-16,btc,1.63221452573,18758350.04292917
2021-07-17,btc,1.630400402935,18759243.79292917
2021-07-18,btc,1.639258220118,18760143.79292917
2021-07-19,btc,1.597725750094,18761206.29292917
2021-07-20,btc,1.540648215719,18761968.79292917
2021-07-21,btc,1.661721371109,18762875.04292917
2021-07-22,btc,1.670492594499,18763831.29292371
2021-07-23,btc,1.732406654257,18764675.04290733
2021-07-24,btc,1.769606297066,18765637.54290733
2021-07-25,btc,1.81848487747,18766593.79290733
2021-07-26,btc,1.93010945385,18767531.29289095
2021-07-27,btc,2.001791162085,18768593.79284727
2021-07-28,btc,2.033833059073,18769575.04284727
2021-07-29,btc,2.017407304464,18770575.04284181
2021-07-30,btc,2.099162197424,18771612.54282543
2021-07-31,btc,2.098153113059,18772600.04282543
2021-08-01,btc,2.006838470091,18773562.54282542
2021-08-02,btc,1.972933571383,18774456.29282542
2021-08-03,btc,1.922865034712,18775512.5428145
2021-08-04,btc,1.995697932518,18776362.5428145
2021-08-05,btc,2.052274774394,18777362.54279812
2021-08-06,btc,2.140827816615,18778356.29279812
2021-08-07,btc,2.222890074166,18779400.04279812
2021-08-08,btc,2.195821362505,18780387.54279812
2021-08-09,btc,2.303684409546,18781337.54278174
2021-08-10,btc,2.261488524708,18782368.79278174
2021-08-11,btc,2.268172978331,18783287.54277628
2021-08-12,btc,2.20343699514,18784231.29277628
2021-08-13,btc,2.362590119037,18785118.79277628
2021-08-14,btc,2.327809478249,18786143.79277628
2021-08-15,btc,2.323985756424,18787281.29277628
2021-08-16,btc,2.268193061802,18788287.54277082
2021-08-17,btc,2.204708913004,18789362.54277082
2021-08-18,btc,2.213680687968,18790206.29276536
2021-08-19,btc,2.293129661764,18791168.79275444
2021-08-20,btc,2.414499299985,18792168.79275444
2021-08-21,btc,2.403261370099,18793231.29275444
2021-08-22,btc,2.414996575605,18794256.29275444
2021-08-23,btc,2.420040085444,18795487.54263694
2021-08-24,btc,2.33794635096,18796450.04263148
2021-08-25,btc,2.379019545564,18797450.04262602
2021-08-26,btc,2.287786761638,18798362.54260418
2021-08-27,btc,2.375147501066,18799275.04259326
2021-08-28,btc,2.363961726236,18800156.29259326
2021-08-29,btc,2.367277866365,18801131.29259326
2021-08-30,btc,2.277961082403,18801975.04259326
2021-08-31,btc,2.280110865221,18802875.04259326
2021-09-01,btc,2.346384601556,18803731.2925878
2021-09-02,btc,2.375035051723,18804662.5425878
2021-09-03,btc,2.395390356338,18805587.54258234
2021-09-04,btc,2.395772281636,18806556.29258234
2021-09-05,btc,2.480946695916,18807581.29258234
2021-09-06,btc,2.51931377876,18808656.29258234
2021-09-07,btc,2.245742480847,18809612.54258234
2021-09-08,btc,2.213572688033,18810500.04258234
2021-09-09,btc,2.222094260363,18811356.29258234
2021-09-10,btc,2.142454311237,18812206.29258234
2021-09-11,btc,2.157808262825,18813131.29249204
2021-09-12,btc,2.208217016174,18814050.04249204
2021-09-13,btc,2.151863481078,18815043.79249204
2021-09-14,btc,2.245175277381,18816093.79248658
2021-09-15,btc,2.293761212961,18816981.29248658
2021-09-16,btc,2.273981867172,18817831.29248658
2021-09-17,btc,2.244949537952,18818750.04248658
2021-09-18,btc,2.290426705637,18819718.79248658
2021-09-19,btc,2.242941684172,18820718.79248658
2021-09-20,btc,2.040586287582,18821743.79247566
2021-09-21,btc,1.933233183973,18822512.54247566
2021-09-22,btc,2.075944471859,18823350.04247566
2021-09-23,btc,2.135308888042,18824381.29247566
2021-09-24,btc,2.038939778388,18825306.29247566
2021-09-25,btc,2.035666539997,18826206.29247566
2021-09-26,btc,2.040529522117,18827075.04247566
2021-09-27,btc,2.010425564687,18828043.79247566
2021-09-28,btc,1.951689041262,18828993.79247546
2021-09-29,btc,1.962665363543,18829806.29247546
2021-09-30,btc,2.069864321133,18830875.04247
2021-10-01,btc,2.26565626698,18831750.04246454
2021-10-02,btc,2.248711046277,18832925.04246454
2021-10-03,btc,2.266397740964,18833862.54246454
2021-10-04,btc,2.31284262096,18834837.54246454
2021-10-05,btc,2.411845063946,18835862.54246454
2021-10-06,btc,2.572944325306,18836681.29246454
2021-10-07,btc,2.490026710036,18837562.54246454
2021-10-08,btc,2.492000787508,18838312.54245908
2021-10-09,btc,2.538238578635,18839250.04245908
2021-10-10,btc,2.520123658863,18840243.79245908
2021-10-11,btc,2.631558646637,18841156.29245908
2021-10-12,btc,2.574418652958,18841993.79244924
2021-10-13,btc,2.620098281333,18843050.04244924
2021-10-14,btc,2.613922367304,18843906.29244378
2021-10-15,btc,2.783786506255,18844787.54244378
2021-10-16,btc,2.755061819188,18845618.79244378
2021-10-17,btc,2.775039217832,18846618.79244378
2021-10-18,btc,2.778276503838,18847543.79243407
2021-10-19,btc,2.86843851115,18848512.54243407
2021-10-20,btc,2.928317326688,18849443.79242861
2021-10-21,btc,2.756592260011,18850368.79242861
2021-10-22,btc,2.683021944048,18851356.29242861
2021-10-23,btc,2.702488997272,18852262.54242861
2021-10-24,btc,2.679080716831,18853218.79242861
2021-10-25,btc,2.761945352578,18854356.29242861
2021-10-26,btc,2.643400963823,18855293.79242861
2021-10-27,btc,2.563731148388,18856275.04242861
2021-10-28,btc,2.64447556709,18857231.29242861
2021-10-29,btc,2.709231626512,18858300.04242861
2021-10-30,btc,2.6854484387,18859268.79242861
2021-10-31,btc,2.660031269082,18860137.54242861
2021-11-01,btc,2.639313472843,18861062.54242861
2021-11-02,btc,2.705646798155,18862050.04242861
2021-11-03,btc,2.692667749587,18863056.29242861
2021-11-04,btc,2.624435938698,18863950.04240677
2021-11-05,btc,2.601770640962,18864918.79240131
2021-11-06,btc,2.617491647791,18865881.29239585
2021-11-07,btc,2.682304638596,18866837.54238493
2021-11-08,btc,2.854649564891,18867681.29235763
2021-11-09,btc,2.82534877502,18868631.29235763
2021-11-10,btc,2.721054645529,18869562.54235217
2021-11-11,btc,2.723236415073,18870550.04234217
2021-11-12,btc,2.650242500833,18871437.54234217
2021-11-13,btc,2.661045965713,18872393.79234217
2021-11-14,btc,2.684880108371,18873375.04232217
2021-11-15,btc,2.626068388319,18874318.79229487
2021-11-16,btc,2.481173720882,18875256.29229487
2021-11-17,btc,2.470657927214,18876187.54229487
2021-11-18,btc,2.337640428663,18877087.54229487
2021-11-19,btc,2.386216999692,18877943.79229487
2021-11-20,btc,2.455017801074,18878850.04229487
2021-11-21,btc,2.424879879847,18879675.04229487
2021-11-22,btc,2.319018826324,18880556.29229487
2021-11-23,btc,2.368765838495,18881381.29229487
2021-11-24,btc,2.346842971087,18882362.54229487
2021-11-25,btc,2.404923210419,18883175.04229487
2021-11-26,btc,2.198435955413,18884000.04229487
2021-11-27,btc,2.23272965194,18884893.79229487
2021-11-28,btc,2.336711996385,18885762.54229487
2021-11-29,btc,2.35943908323,18886656.29228941
2021-11-30,btc,2.324578694477,18887493.79228941
2021-12-01,btc,2.324286205718,18888350.04228941
2021-12-02,btc,2.300196624281,18889318.79228941
2021-12-03,btc,2.184991514137,18890368.79228941
2021-12-04,btc,2.009166960477,18891337.54228941
2021-12-05,btc,2.016818310956,18892375.04228941
2021-12-06,btc,2.067537537544,18893450.04228941
2021-12-07,btc,2.064377234197,18894412.54228395
2021-12-08,btc,2.06171865801,18895462.54168395
2021-12-09,btc,1.960546627964,18896481.29158394
2021-12-10,btc,1.941373722658,18897456.29157302
2021-12-11,btc,2.016910635367,18898400.04157302
2021-12-12,btc,2.049751176277,18899275.04157302
2021-12-13,btc,1.915299897932,18900156.29156756
2021-12-14,btc,1.974877505476,18901081.29156756
2021-12-15,btc,1.995926977652,18901962.54156756
2021-12-16,btc,1.94871973203,18902681.29156756
2021-12-17,btc,1.896526938461,18903612.54156756
2021-12-18,btc,1.919525855516,18904412.54156756
2021-12-19,btc,1.918249189772,18905343.7915621
2021-12-20,btc,1.922187343668,18906243.79155118
2021-12-21,btc,2.007205377658,18907250.04155118
2021-12-22,btc,1.990870317874,18908175.0415348
2021-12-23,btc,2.070150565572,18909125.04151842
2021-12-24,btc,2.071634649338,18910068.79150204
2021-12-25,btc,2.064057745187,18910987.54150204
2021-12-26,btc,2.071542317446,18911825.04150204
2021-12-27,btc,2.070718360007,18912750.04150204
2021-12-28,btc,1.945824586517,18913587.54146382
2021-12-29,btc,1.898459995686,18914493.79143106
2021-12-30,btc,1.923609297095,18915237.54143106
2021-12-31,btc,1.893385603418,18916168.79143106
2022-01-01,btc,1.941966039424,18917243.79143106
2022-01-02,btc,1.933497096507,18918231.29143106
2022-01-03,btc,1.897502355497,18919106.29142014
2022-01-04,btc,1.876886228678,18920025.04140376
2022-01-05,btc,1.782277170897,18920962.541371
2022-01-06,btc,1.768057798633,18921875.04133824
2022-01-07,btc,1.704571291459,18922750.0413164
2022-01-08,btc,1.71699299406,18923650.0413164
2022-01-09,btc,1.72082066082,18924531.2913164
2022-01-10,btc,1.718638590786,18925418.79130548
2022-01-11,btc,1.758039861455,18926406.29127818
2022-01-12,btc,1.805597050184,18927275.04123996
2022-01-13,btc,1.752041588022,18928393.79122904
2022-01-14,btc,1.771675205411,18929387.5412072
2022-01-15,btc,1.775752274618,18930425.0412072
2022-01-16,btc,1.774015355513,18931518.79120174
2022-01-17,btc,1.73630676024,18932525.04117444
2022-01-18,btc,1.745911520714,18933375.04116898
2022-01-19,btc,1.721981468557,18934456.29114714
2022-01-20,btc,1.681574639726,18935512.54111984
2022-01-21,btc,1.514790775018,18936350.04108254
2022-01-22,btc,1.455165902925,18937187.54107708
2022-01-23,btc,1.508378975549,18938068.79106616
2022-01-24,btc,1.526343091945,18939006.29103886
2022-01-25,btc,1.538880544803,18939956.29101156
2022-01-26,btc,1.534660000135,18940768.79099518
2022-01-27,btc,1.543763850705,18941587.54096788
2022-01-28,btc,1.576577931046,18942550.04093512
2022-01-29,btc,1.592485103381,18943481.29091874
2022-01-30,btc,1.589486377439,18944393.79091328
2022-01-31,btc,1.609690053329,18945287.54090782
2022-02-01,btc,1.61452774476,18946250.04088598
2022-02-02,btc,1.539179072383,18947206.29086414
2022-02-03,btc,1.544771260316,18948125.04082046
2022-02-04,btc,1.709053357873,18948937.54080408
2022-02-05,btc,1.726159971835,18949681.29079862
2022-02-06,btc,1.760874145144,18950656.29079862
2022-02-07,btc,1.821609827046,18951506.2907877
2022-02-08,btc,1.831529736531,18952468.79077678
2022-02-09,btc,1.840095004198,18953343.79075494
2022-02-10,btc,1.806667830508,18954262.54074948
2022-02-11,btc,1.754236923972,18955150.0407331
2022-02-12,btc,1.745950590083,18956315.09959684
2022-02-13,btc,1.746704565079,18957302.59959684
2022-02-14,btc,1.765131690456,18958258.84958046
2022-02-15,btc,1.839746953131,18959352.59955316
2022-02-16,btc,1.820760197081,18960327.59953132
2022-02-17,btc,1.680750155719,18961308.84950948
2022-02-18,btc,1.658393382535,18962142.18177205
2022-02-19,btc,1.660632849962,18963073.43176113
2022-02-20,btc,1.597672365828,18963973.43176113
2022-02-21,btc,1.53935959409,18964742.18175567
2022-02-22,btc,1.585255941769,18965692.18172837
2022-02-23,btc,1.548559725335,18966629.68169015
2022-02-24,btc,1.589005849792,18967454.68166434
2022-02-25,btc,1.632120546767,18968292.18162065
2022-02-26,btc,1.621580052318,18969073.43159881
2022-02-27,btc,1.564733720961,18969923.43158243
2022-02-28,btc,1.785886675274,18970885.93155513
2022-03-01,btc,1.831088158538,18971898.43154967
2022-03-02,btc,1.815856076135,18972748.43151145
2022-03-03,btc,1.753487692697,18973673.43147869
2022-03-04,btc,1.617160596022,18974542.18146231
2022-03-05,btc,1.62862859109,18975310.93144047
2022-03-06,btc,1.588284555745,18976129.68142409
2022-03-07,btc,1.578754463552,18977054.68140771
2022-03-08,btc,1.603838311539,18977979.68139133
2022-03-09,btc,1.735654059064,18978842.18134765
2022-03-10,btc,1.630630592506,18979748.43133127
2022-03-11,btc,1.605299073538,18980610.93132035
2022-03-12,btc,1.610487025913,18981585.93129851
2022-03-13,btc,1.563583025151,18982529.68129305
2022-03-14,btc,1.638923579978,18983485.93127667
2022-03-15,btc,1.62739184969,18984354.68125483
2022-03-16,btc,1.697348146346,18985323.43121391
2022-03-17,btc,1.69308040701,18986317.18120845
2022-03-18,btc,1.727490580808,18987210.93119753
2022-03-19,btc,1.742021306446,18988179.68118661
2022-03-20,btc,1.705071792374,18989142.18118661
2022-03-21,btc,1.695351371558,18990098.43116477
2022-03-22,btc,1.748109505852,18991029.68112655
2022-03-23,btc,1.761428760821,18991935.93106649
2022-03-24,btc,1.810651634482,18992829.68105557
2022-03-25,btc,1.816863848057,18993804.68105011
2022-03-26,btc,1.823441620909,18994810.93105011
2022-03-27,btc,1.912928867709,18995629.68104465
2022-03-28,btc,1.926069685862,18996623.43103373
2022-03-29,btc,1.931857269809,18997567.18101735
2022-03-30,btc,1.916462997871,18998410.93100097
2022-03-31,btc,1.854211355144,18999273.43099005
2022-04-01,btc,1.880179566094,19000154.68097367
2022-04-02,btc,1.867666383452,19000998.43097367
2022-04-03,btc,1.886983002157,19001867.18095729
2022-04-04,btc,1.894586551764,19002854.68088631
2022-04-05,btc,1.855218925189,19003760.93088631
2022-04-06,btc,1.760916830916,19004698.43078085
2022-04-07,btc,1.771822948566,19005560.93075355
2022-04-08,btc,1.718699748527,19006398.43074263
2022-04-09,btc,1.737109234767,19007354.68074263
2022-04-10,btc,1.720498052487,19008229.68073171
2022-04-11,btc,1.612532718343,19009085.93072625
2022-04-12,btc,1.633029961572,19010042.18071533
2022-04-13,btc,1.6754481725,19010917.18070441
2022-04-14,btc,1.624100214604,19011779.68070441
2022-04-15,btc,1.648615453539,19012767.18067165
2022-04-16,btc,1.645198704281,19013604.68066619
2022-04-17,btc,1.615563193564,19014635.93066619
2022-04-18,btc,1.660587322655,19015473.43066073
2022-04-19,btc,1.68715900189,19016248.43063343
2022-04-20,btc,1.683056618589,19017248.43062251
2022-04-21,btc,1.642192379664,19018304.68059521
2022-04-22,btc,1.614479409264,19019148.43058975
2022-04-23,btc,1.608260125691,19020167.18058975
2022-04-24,btc,1.60550883035,19021235.92958975
2022-04-25,btc,1.644601591866,19022248.42957337
2022-04-26,btc,1.549627067302,19023123.42956245
2022-04-27,btc,1.596095580203,19024185.92955153
2022-04-28,btc,1.617507844772,19025010.92955153
2022-04-29,btc,1.572635096383,19025948.42954607
2022-04-30,btc,1.537292898922,19026885.92952423
2022-05-01,btc,1.567381909459,19027929.67951289
2022-05-02,btc,1.573983130319,19028929.67950743
2022-05-03,btc,1.540983434257,19029867.17949105
2022-05-04,btc,1.618770611892,19030779.67948559
2022-05-05,btc,1.493350506698,19031760.92948013
2022-05-06,btc,1.476077962977,19032648.42946921
2022-05-07,btc,1.454866736249,19033542.17945829
2022-05-08,btc,1.397053307677,19034510.92945283
2022-05-09,btc,1.25746370058,19035479.67945283
2022-05-10,btc,1.282199871846,19036435.92943099
2022-05-11,btc,1.198898869373,19037342.17943099
2022-05-12,btc,1.211574517788,19038185.92943099
2022-05-13,btc,1.224580870454,19039135.92941461
2022-05-14,btc,1.254528110725,19040017.17940369
2022-05-15,btc,1.301371234936,19040779.67939823
2022-05-16,btc,1.248816594441,19041804.67935455
2022-05-17,btc,1.272635339124,19042723.42932179
2022-05-18,btc,1.204897921252,19043560.92928903
2022-05-19,btc,1.268265640482,19044323.42926719
2022-05-20,btc,1.226785298597,19045123.42923443
2022-05-21,btc,1.235285942059,19045967.17922897
2022-05-22,btc,1.273331088604,19046729.67921805
2022-05-23,btc,1.22293867204,19047729.67920167
2022-05-24,btc,1.246431579256,19048479.67917437
2022-05-25,btc,1.244237310755,19049379.67914707
2022-05-26,btc,1.235100855496,19050260.92914707
2022-05-27,btc,1.20688817198,19051123.42914161
2022-05-28,btc,1.225163407756,19052048.42914161
2022-05-29,btc,1.241234457517,19052979.67913615
2022-05-30,btc,1.337557348648,19053942.17911617
2022-05-31,btc,1.340327318645,19054854.67909193
2022-06-01,btc,1.258203816602,19055704.67905797
2022-06-02,btc,1.289506254729,19056485.92904159
2022-06-03,btc,1.255277674265,19057379.67903067
2022-06-04,btc,1.261962571345,19058248.42902401
2022-06-05,btc,1.26746929363,19059160.92902401
2022-06-06,btc,1.32794694055,19060098.42900763
2022-06-07,btc,1.322740859864,19061110.92891928
2022-06-08,btc,1.283418736198,19062223.4289029
2022-06-09,btc,1.278193263932,19063135.92889198
2022-06-10,btc,1.237117043464,19064054.67888106
2022-06-11,btc,1.208249128114,19065017.17888106
2022-06-12,btc,1.144614146671,19065810.92886106
2022-06-13,btc,0.962386955567,19066642.17881922
2022-06-14,btc,0.958749419408,19067554.67879738
2022-06-15,btc,0.982571637347,19068585.92876462
2022-06-16,btc,0.89010384052,19069329.67873186
2022-06-17,btc,0.900449527228,19070004.67871548
2022-06-18,btc,0.839761069586,19070979.67871548
2022-06-19,btc,0.905122908176,19071810.92868548
2022-06-20,btc,0.909413901996,19072635.9286691
2022-06-21,btc,0.916201262025,19073573.42863818
2022-06-22,btc,0.887627935977,19074379.6785718
2022-06-23,btc,0.936392381423,19075329.67854996
2022-06-24,btc,0.946260674502,19076135.9285445
2022-06-25,btc,0.953541799671,19077079.6784845
2022-06-26,btc,0.93595363596,19077942.1784845
2022-06-27,btc,0.92317584654,19078792.17847358
2022-06-28,btc,0.902427057507,19079704.6784572
2022-06-29,btc,0.895265183982,19080648.42829544
2022-06-30,btc,0.865015984997,19081717.17826714
2022-07-01,btc,0.866810006703,19082554.67825076
2022-07-02,btc,0.862322030966,19083417.1782453
2022-07-03,btc,0.864908319377,19084385.92823984
2022-07-04,btc,0.907445950743,19085279.67821254
2022-07-05,btc,0.906388103368,19086017.1781634
2022-07-06,btc,0.924592307191,19086810.92815248
2022-07-07,btc,0.973646516264,19087792.17814156
2022-07-08,btc,0.981374953634,19088717.17811416
2022-07-09,btc,0.97256585657,19089554.67810324
2022-07-10,btc,0.938937826789,19090510.92809232
2022-07-11,btc,0.903257154365,19091279.67807048
2022-07-12,btc,0.875464077465,19092223.42804318
2022-07-13,btc,0.91248166822,19092910.92798858
2022-07-14,btc,0.931267482062,19093685.92797766
2022-07-15,btc,0.947404727073,19094573.42795582
2022-07-16,btc,0.963942951894,19095498.42795582
2022-07-17,btc,0.947388315858,19096273.42793944
2022-07-18,btc,1.014380417157,19097092.17790122
2022-07-19,btc,1.064015965884,19097954.677863
2022-07-20,btc,1.059545792317,19098742.17784116
2022-07-21,btc,1.055572042956,19099610.9278084
2022-07-22,btc,1.037202359622,19100435.9278084
2022-07-23,btc,1.027767986307,19101398.4278084
2022-07-24,btc,1.035693112787,19102379.6778084
2022-07-25,btc,0.984744106523,19103267.17776472
2022-07-26,btc,0.970493939661,19104267.17773742
2022-07-27,btc,1.048530886503,19105298.42765552
2022-07-28,btc,1.090974652069,19106179.67761184
2022-07-29,btc,1.096121570662,19107092.1775627
2022-07-30,btc,1.08119685014,19107898.42752448
2022-07-31,btc,1.06930792552,19108848.42748626
2022-08-01,btc,1.068081818605,19109698.42744804
2022-08-02,btc,1.054827227962,19110667.17738252
2022-08-03,btc,1.044976588452,19111573.4273443
2022-08-04,btc,1.037537603272,19112398.42727878
2022-08-05,btc,1.065899475533,19113335.92721326
2022-08-06,btc,1.054367720796,19114342.17717504
2022-08-07,btc,1.061585802404,19115335.92710952
2022-08-08,btc,1.091208903728,19116235.92703308
2022-08-09,btc,1.064322658536,19117129.6769621
2022-08-10,btc,1.097349862382,19118054.6768802
2022-08-11,btc,1.098103095757,19118929.6767983
2022-08-12,btc,1.118913448413,19119892.17675461
2022-08-13,btc,1.120303000575,19120760.92613532
2022-08-14,btc,1.1152866103,19121592.1760971
2022-08-15,btc,1.105125221321,19122498.42602066
2022-08-16,btc,1.095336349684,19123423.4259606
2022-08-17,btc,1.071575714816,19124229.67589508
2022-08-18,btc,1.066480347068,19125129.67281305
2022-08-19,btc,0.962223516455,19126242.17273661
2022-08-20,btc,0.97348633387,19127173.42265471
2022-08-21,btc,0.99226378976,19128085.92259465
2022-08-22,btc,0.981225385052,19128992.17250729
2022-08-23,btc,0.992293505064,19130067.17246907
2022-08-24,btc,0.987637310218,19130979.67239263
2022-08-25,btc,0.995543286361,19131973.42231073
2022-08-26,btc,0.934524032452,19133073.42226705
2022-08-27,btc,0.925756657439,19133979.67221791
2022-08-28,btc,0.908751979889,19134985.92216423
2022-08-29,btc,0.936300029003,19135967.17209417
2022-08-30,btc,0.91691540216,19136979.67202319
2022-08-31,btc,0.926540201628,19137892.17192491
2022-09-01,btc,0.930819103606,19138754.67183744
2022-09-02,btc,0.924346524698,19139560.92166686
2022-09-03,btc,0.917781321543,19140479.6715677
2022-09-04,btc,0.924996509034,19141529.67149126
2022-09-05,btc,0.917682178845,19142485.92139844
2022-09-06,btc,0.874858544608,19143373.42131108
2022-09-07,btc,0.895970446823,19144285.92120723
2022-09-08,btc,0.897686434169,19145079.67110895
2022-09-09,btc,0.991990113442,19145998.42104343
2022-09-10,btc,1.008276774233,19146979.67098883
2022-09-11,btc,1.00926214108,19148123.42095061
2022-09-12,btc,1.038445934441,19149079.67086225
2022-09-13,btc,0.939370352409,19149935.92080219
2022-09-14,btc,0.944134275318,19150729.67072575
2022-09-15,btc,0.919794265144,19151648.42066023
2022-09-16,btc,0.922172305414,19152448.42060563
2022-09-17,btc,0.939999035144,19153510.92054557
2022-09-18,btc,0.907953496893,19154473.42049643
2022-09-19,btc,0.914684111914,19155285.92039269
2022-09-20,btc,0.88338246827,19156235.92029441
2022-09-21,btc,0.86699153682,19157117.17022889
2022-09-22,btc,0.909510592046,19157917.17015245
2022-09-23,btc,0.90563544045,19158760.92009239
2022-09-24,btc,0.886975013788,19159673.42005963
2022-09-25,btc,0.881057004179,19160592.17002687
2022-09-26,btc,0.900322536822,19161529.66995043
2022-09-27,btc,0.896561719809,19162335.91985761
2022-09-28,btc,0.913487552122,19163273.41981939
2022-09-29,btc,0.917870607279,19164167.16973749
2022-09-30,btc,0.91356153704,19165223.41967197
2022-10-01,btc,0.907912672634,19166354.66963921
2022-10-02,btc,0.894190083633,19167335.91957081
2022-10-03,btc,0.923308111571,19168298.4194235
2022-10-04,btc,0.956568501176,19169317.16933614
2022-10-05,btc,0.948163366006,19170410.91925424
2022-10-06,btc,0.938866609583,19171404.6692051
2022-10-07,btc,0.919983246052,19172473.41912866
2022-10-08,btc,0.914595870208,19173567.16906542
2022-10-09,btc,0.915262738221,19174554.6690272
2022-10-10,btc,0.902773565181,19175604.66898898
2022-10-11,btc,0.897697758664,19176585.91892892
2022-10-12,btc,0.904197086018,19177442.16884156
2022-10-13,btc,0.915299590894,19178335.91877058
2022-10-14,btc,0.905697877908,19179310.91870506
2022-10-15,btc,0.900728724487,19180260.91866684
2022-10-16,btc,0.909910910294,19181160.91863408
2022-10-17,btc,0.924678135264,19182098.41855218
2022-10-18,btc,0.91398573907,19182985.91843752
2022-10-19,btc,0.904610705933,19183929.668372
2022-10-20,btc,0.900242542303,19184835.91832412
2022-10-21,btc,0.907143363442,19185810.91824852
2022-10-22,btc,0.909318069409,19186660.91818846
2022-10-23,btc,0.926261633178,19187629.66814478
2022-10-24,btc,0.915784798173,19188479.6680738
2022-10-25,btc,0.951195313284,19189242.16801374
2022-10-26,btc,0.983939477562,19190210.91793184
2022-10-27,btc,0.959624512348,19191054.6678554
2022-10-28,btc,0.975004031923,19192048.41781718
2022-10-29,btc,0.98443454901,19192942.16777896
2022-10-30,btc,0.975832100659,19193785.9177462
2022-10-31,btc,0.97009674747,19194867.16770252
2022-11-01,btc,0.970049689813,19195767.16765884
2022-11-02,btc,0.954490976446,19196529.66759332
2022-11-03,btc,0.956986021054,19197554.6675551
2022-11-04,btc,1.000981821699,19198360.91751142
2022-11-05,btc,1.007111287598,19199304.66746774
2022-11-06,btc,0.991409279364,19200160.91743498
2022-11-07,btc,0.976088727485,19201060.917364
2022-11-08,btc,0.880744871078,19202079.66732578
2022-11-09,btc,0.753958696179,19203010.9172821
2022-11-10,btc,0.839903712816,19203929.66724934
2022-11-11,btc,0.811340136624,19204767.1671729
2022-11-12,btc,0.806378353685,19205810.91706008
2022-11-13,btc,0.785273663056,19206617.1669891
2022-11-14,btc,0.801361740695,19207385.91691782
2022-11-15,btc,0.81368542899,19208354.66683046
2022-11-16,btc,0.806089820633,19209292.16678132
2022-11-17,btc,0.81024033294,19210154.6667431
2022-11-18,btc,0.818509642211,19211023.4167158
2022-11-19,btc,0.820610369081,19211942.16666119
2022-11-20,btc,0.799184425512,19212873.41662843
2022-11-21,btc,0.777592696604,19213679.66657383
2022-11-22,btc,0.79805211183,19214467.16653015
2022-11-23,btc,0.817451445016,19215348.41649193
2022-11-24,btc,0.81837142484,19216154.66645361
2022-11-25,btc,0.816011276502,19216923.41642085
2022-11-26,btc,0.812740435671,19217604.66634441
2022-11-27,btc,0.812332752733,19218454.66631165
2022-11-28,btc,0.802349876662,19219323.41626251
2022-11-29,btc,0.814147810046,19220142.16622429
2022-11-30,btc,0.850801464317,19221004.66615331
2022-12-01,btc,0.840529289057,19221960.91609325
2022-12-02,btc,0.84670015577,19222742.16603319
2022-12-03,btc,0.838232388894,19223560.91598951
2022-12-04,btc,0.84968361727,19224435.91595128
2022-12-05,btc,0.84468600446,19225348.4159076
2022-12-06,btc,0.850384196971,19226192.16585846
2022-12-07,btc,0.839503933452,19227267.1658257
2022-12-08,btc,0.858945882155,19228310.9157711
2022-12-09,btc,0.854978591377,19229260.91573834
2022-12-10,btc,0.854415449082,19230223.4150067
2022-12-11,btc,0.853211507586,19231142.12327845
2022-12-12,btc,0.858539391858,19232035.83823839
2022-12-13,btc,0.887729303381,19233067.05195517
2022-12-14,btc,0.890254354657,19233992.02406511
2022-12-15,btc,0.86728278142,19234860.74344143
2022-12-16,btc,0.830992951979,19235673.20322591
2022-12-17,btc,0.839657772493,19236535.66296085
2022-12-18,btc,0.839875774864,19237441.87068242
2022-12-19,btc,0.823536056851,19238291.82952578
2022-12-20,btc,0.847633081501,19239166.79033799
2022-12-21,btc,0.843195618816,19240060.49750977
2022-12-22,btc,0.844194325117,19240904.20660089
2022-12-23,btc,0.842886604017,19241729.1664071
2022-12-24,btc,0.84590101132,19242285.39006796
2022-12-25,btc,0.845706555551,19243166.62385341
2022-12-26,btc,0.848591013908,19243972.84912565
2022-12-27,btc,0.8399359586,19244691.56963517
2022-12-28,btc,0.83299277844,19245741.52108695
2022-12-29,btc,0.838526883526,19246622.72788417
2022-12-30,btc,0.836965256607,19247610.18309141
2022-12-31,btc,0.835246001939,19248585.14586753
2023-01-01,btc,0.839542831106,19249553.85600931
2023-01-02,btc,0.843780085391,19250528.80721017
2023-01-03,btc,0.843211245785,19251491.26394741
2023-01-04,btc,0.852695347503,19252384.97170235
2023-01-05,btc,0.851818124476,19253366.18267459
2023-01-06,btc,0.858998530318,19254491.14012137
2023-01-07,btc,0.858446501208,19255453.59558269
2023-01-08,btc,0.864443193289,19256409.82965493
2023-01-09,btc,0.870777665108,19257359.79479625
2023-01-10,btc,0.883951640903,19258416.00422303
2023-01-11,btc,0.904886150128,19259334.72075027
2023-01-12,btc,0.956915395927,19260278.43770103
2023-01-13,btc,1.006737285894,19261272.15113735
2023-01-14,btc,1.063923229924,19262340.86699913
2023-01-15,btc,1.056945343653,19263359.58610591
2023-01-16,btc,1.071886746547,19264278.30960177
2023-01-17,btc,1.071274656024,19265253.28127717
2023-01-18,btc,1.047738862359,19266128.25060941
2023-01-19,btc,1.066296173366,19267034.46881981
2023-01-20,btc,1.145445917644,19267859.43892205
2023-01-21,btc,1.152147571819,19268721.90708291
2023-01-22,btc,1.147415859687,19269665.64488826
2023-01-23,btc,1.157946337765,19270653.10749456
2023-01-24,btc,1.14168583391,19271459.3286451
2023-01-25,btc,1.166238508234,19272553.04504998
2023-01-26,btc,1.161820741319,19273521.76581441
2023-01-27,btc,1.165635900125,19274484.23846005
2023-01-28,btc,1.162375118008,19275534.20128317
2023-01-29,btc,1.200618353218,19276540.41143432
2023-01-30,btc,1.15137768201,19277402.87019857
2023-01-31,btc,1.167609671158,19278121.59051949
2023-02-01,btc,1.196241930423,19278977.80878799
2023-02-02,btc,1.184795889398,19279884.02447344
2023-02-03,btc,1.181415746292,19280715.24520696
2023-02-04,btc,1.176437733184,19281565.21323545
2023-02-05,btc,1.156408398602,19282515.19257359
2023-02-06,btc,1.145679319019,19283440.16082709
2023-02-07,btc,1.171652534251,19284327.62505593
2023-02-08,btc,1.154986688723,19285190.09179011
2023-02-09,btc,1.099040577212,19286202.54184259
2023-02-10,btc,1.089446116412,19287121.25095429
2023-02-11,btc,1.101770368949,19288046.21257187
2023-02-12,btc,1.097210551986,19289058.67387569
2023-02-13,btc,1.09866674955,19290033.6358573
2023-02-14,btc,1.119923157609,19290996.09163937
2023-02-15,btc,1.22364317031,19292014.79354679
2023-02-16,btc,1.195012046683,19293133.49263214
2023-02-17,btc,1.237767811543,19294164.69635749
2023-02-18,btc,1.239058645614,19295214.52710183
2023-02-19,btc,1.225347760367,19296227.01282949
2023-02-20,btc,1.246658143379,19297145.7099958
2023-02-21,btc,1.226544841574,19298189.39352537
2023-02-22,btc,1.214898364016,19299064.31604459
2023-02-23,btc,1.20196788302,19300132.95520284
2023-02-24,btc,1.165447448567,19300976.6106817
2023-02-25,btc,1.164771417267,19301645.29052475
2023-02-26,btc,1.183865293006,19302695.20087476
2023-02-27,btc,1.181751158136,19303570.11962878
2023-02-28,btc,1.165088210397,19304426.2895077
2023-03-01,btc,1.188892073095,19305488.68136532
2023-03-02,btc,1.181929202448,19306388.58083239
2023-03-03,btc,1.126016843463,19307438.46114988
2023-03-04,btc,1.125231451633,19308388.36119328
2023-03-05,btc,1.130220819242,19309357.06303656
2023-03-06,btc,1.130223291427,19310181.97860168
2023-03-07,btc,1.122035533533,19311213.09324048
2023-03-08,btc,1.098460296734,19312044.23126562
2023-03-09,btc,1.031092147146,19312887.88651131
2023-03-10,btc,1.026171253096,19313737.80210951
2023-03-11,btc,1.043781214381,19314768.93361194
2023-03-12,btc,1.118453254664,19315775.07145146
2023-03-13,btc,1.222477139001,19316756.21059554
2023-03-14,btc,1.252017069531,19317668.61691925
2023-03-15,btc,1.233259096934,19318587.27431244
2023-03-16,btc,1.264318230866,19319424.68510582
2023-03-17,btc,1.381709504388,19320343.33921469
2023-03-18,btc,1.357927080335,19321355.72015879
2023-03-19,btc,1.41718434858,19322280.70872038
2023-03-20,btc,1.398348824456,19323243.20868762
2023-03-21,btc,1.413889214116,19324149.4586494
2023-03-22,btc,1.371700451034,19325143.20861664
2023-03-23,btc,1.421886913625,19326286.95858388
2023-03-24,btc,1.375231386162,19327299.45855112
2023-03-25,btc,1.376280144651,19328205.7085129
2023-03-26,btc,1.403671575252,19329105.70847468
2023-03-27,btc,1.357098415255,19330030.70842007
2023-03-28,btc,1.363066939643,19330868.20838185
2023-03-29,btc,1.417071461284,19331786.95834363
2023-03-30,btc,1.420441511641,19332755.70826653
2023-03-31,btc,1.443820674085,19333636.95822831
2023-04-01,btc,1.442211549223,19334511.95818462
2023-04-02,btc,1.425206305097,19335443.2081464
2023-04-03,btc,1.409099995135,19336261.95810817
2023-04-04,btc,1.4219430768,19337274.45807541
2023-04-05,btc,1.424960408187,19338143.20803173
2023-04-06,btc,1.41726242259,19339143.20799351
2023-04-07,btc,1.411891341659,19340030.70795529
2023-04-08,btc,1.413111240664,19340949.45791706
2023-04-09,btc,1.432780320048,19341861.9578843
2023-04-10,btc,1.498410626119,19342630.70784062
2023-04-11,btc,1.524007596955,19343593.2078024
2023-04-12,btc,1.506773205338,19344593.20776964
2023-04-13,btc,1.528589539867,19345480.70772596
2023-04-14,btc,1.531450017782,19346355.70768228
2023-04-15,btc,1.525286478334,19347343.20763314
2023-04-16,btc,1.523487449103,19348118.20760038
2023-04-17,btc,1.481199761253,19349086.95755124
2023-04-18,btc,1.524898878521,19350124.45750755
2023-04-19,btc,1.445557031038,19350993.20745841
2023-04-20,btc,1.418296444501,19351824.45742565
2023-04-21,btc,1.370138666353,19352730.70737651
2023-04-22,btc,1.396814023725,19353661.95734374
2023-04-23,btc,1.385375480736,19354580.70731098
2023-04-24,btc,1.381178300296,19355461.95725092
2023-04-25,btc,1.420027669157,19356243.20719632
2023-04-26,btc,1.423548393886,19357055.7071581
2023-04-27,btc,1.477024680925,19357868.20711442
2023-04-28,btc,1.470212541775,19358786.95705436
2023-04-29,btc,1.463534273428,19359643.20691614
2023-04-30,btc,1.470402257877,19360568.20688327
2023-05-01,btc,1.408272273073,19361705.70684505
2023-05-02,btc,1.436592482997,19362511.95681229
2023-05-03,btc,1.45181633614,19363393.20677407
2023-05-04,btc,1.442232154866,19364305.70675768
2023-05-05,btc,1.476466635695,19365049.45674676
2023-05-06,btc,1.443843173393,19365980.70670801
2023-05-07,btc,1.429877064919,19366849.45670255
2023-05-08,btc,1.378067479397,19367705.70670255
2023-05-09,btc,1.374090435543,19368649.45669163
2023-05-10,btc,1.374436923429,19369711.95669163
2023-05-11,btc,1.341912915639,19370655.70667524
2023-05-12,btc,1.331264514159,19371536.95667524
2023-05-13,btc,1.334669775407,19372443.20666432
2023-05-14,btc,1.338338944895,19373530.70666432
2023-05-15,btc,1.352469393563,19374449.45665886
2023-05-16,btc,1.341803499909,19375405.7066534
2023-05-17,btc,1.360182926857,19376405.70663702
2023-05-18,btc,1.332798511609,19377286.95661518
2023-05-19,btc,1.335285312277,19378224.45660426
2023-05-20,btc,1.345668504663,19379043.20660416
2023-05-21,btc,1.329584607553,19379986.95659869
2023-05-22,btc,1.331796174941,19380886.95659869
2023-05-23,btc,1.349756710174,19381849.45658765
2023-05-24,btc,1.306148991112,19382730.70658765
2023-05-25,btc,1.312302574122,19383674.45658218
2023-05-26,btc,1.323951129649,19384630.70658218
2023-05-27,btc,1.330559181986,19385536.95657672
2023-05-28,btc,1.391560954233,19386536.95657672
2023-05-29,btc,1.374801000798,19387549.45657042
2023-05-30,btc,1.371662586882,19388511.95657042
2023-05-31,btc,1.347122513076,19389393.20656496
2023-06-01,btc,1.32755818548,19390218.2065595
2023-06-02,btc,1.348499664123,19391243.2045595
2023-06-03,btc,1.339845350422,19392055.70354857
2023-06-04,btc,1.343716524322,19392980.70254856
2023-06-05,btc,1.276417765634,19393843.2015431
2023-06-06,btc,1.3462357416,19394786.95153218
2023-06-07,btc,1.303228127244,19395630.69877126
2023-06-08,btc,1.312170481703,19396593.19290972
2023-06-09,btc,1.309627647538,19397649.4407988
2023-06-10,btc,1.279906228962,19398611.9397788
2023-06-11,btc,1.282204028842,19399630.68877334
2023-06-12,btc,1.282415132209,19400611.92776242
2023-06-13,btc,1.281288526881,19401530.67774604
2023-06-14,btc,1.242758133707,19402286.92574603
2023-06-15,btc,1.265794710232,19403211.92474055
2023-06-16,btc,1.303742036635,19404168.17368485
2023-06-17,btc,1.312806147734,19405043.17167839
2023-06-18,btc,1.304485514887,19405986.91167839
2023-06-19,btc,1.326002267293,19406874.40967293
2023-06-20,btc,1.401058308786,19407724.40761833
2023-06-21,btc,1.487688159529,19408480.6357296
2023-06-22,btc,1.479224774259,19409336.8825696
2023-06-23,btc,1.511461032551,19410118.13156414
2023-06-24,btc,1.506266238891,19411030.62956414
2023-06-25,btc,1.501725462895,19411986.87851847
2023-06-26,btc,1.490477217783,19412899.37651846
2023-06-27,btc,1.508993136561,19413774.37449651
2023-06-28,btc,1.480047953676,19414449.3734965
2023-06-29,btc,1.4974352167,19415361.87248547
2023-06-30,btc,1.497404119431,19416349.37046277
2023-07-01,btc,1.500071404388,19417180.61931102
2023-07-02,btc,1.500295120753,19418249.36931102
2023-07-03,btc,1.525922363387,19419105.61930554
2023-07-04,btc,1.509148391226,19419986.86828916
2023-07-05,btc,1.494037535141,19420961.8682837
2023-07-06,btc,1.470491737414,19421830.61628349
2023-07-07,btc,1.487208780434,19422924.35627257
2023-07-08,btc,1.483788128844,19424036.8562671
2023-07-09,btc,1.478660537861,19425093.10626164
2023-07-10,btc,1.489525354536,19426055.60526164
2023-07-11,btc,1.499536522954,19426899.35424526
2023-07-12,btc,1.487755265888,19427799.35423434
2023-07-13,btc,1.538500113181,19428549.35322888
2023-07-14,btc,1.483457241083,19429411.85122857
2023-07-15,btc,1.482403144167,19430274.34822311
2023-07-16,btc,1.480253300626,19431243.09722311
2023-07-17,btc,1.475399676867,19432093.09621765
2023-07-18,btc,1.45985580542,19433105.59521218
2023-07-19,btc,1.463037215762,19434030.59320671
2023-07-20,btc,1.457534391178,19434830.58946748
2023-07-21,btc,1.463442609814,19435530.58843908
2023-07-22,btc,1.453936935337,19436368.08843907
2023-07-23,btc,1.470319604139,19437286.83643361
2023-07-24,btc,1.427138509577,19438224.3354336
2023-07-25,btc,1.42923855151,19439086.83342257
2023-07-26,btc,1.436080716187,19439986.83241699
2023-07-27,btc,1.429632064392,19440849.33140607
2023-07-28,btc,1.440164978549,19441724.32938379
2023-07-29,btc,1.442211649973,19442549.32837833
2023-07-30,btc,1.437384415792,19443599.32737833
2023-07-31,btc,1.435482408871,19444480.57635069
2023-08-01,btc,1.449024030947,19445349.32633966
2023-08-02,btc,1.432048628755,19446311.82533966
2023-08-03,btc,1.434367776395,19447255.57532874
2023-08-04,btc,1.427652983063,19448011.82532874
2023-08-05,btc,1.427408392655,19448974.32532326
2023-08-06,btc,1.427044043698,19449999.32532326
2023-08-07,btc,1.432710437146,19450911.82455677
2023-08-08,btc,1.46267267691,19451693.07455677
2023-08-09,btc,1.452750656477,19452705.57455131
2023-08-10,btc,1.445222004734,19453499.32252903
2023-08-11,btc,1.443460117805,19454443.07252357
2023-08-12,btc,1.444002195989,19455486.82252357
2023-08-13,btc,1.437480909277,19456330.57251811
2023-08-14,btc,1.443311936754,19457399.32251254
2023-08-15,btc,1.43140313407,19458468.07050708
2023-08-16,btc,1.411251226179,19459486.82040961
2023-08-17,btc,1.309597789983,19460461.82038766
2023-08-18,btc,1.279955274829,19461330.56938765
2023-08-19,btc,1.282875825078,19462205.56938219
2023-08-20,btc,1.287026193244,19463218.06937219
2023-08-21,btc,1.285209423972,19464249.31936116
2023-08-22,btc,1.278234400958,19465143.06934478
2023-08-23,btc,1.301640510691,19466030.56933932
2023-08-24,btc,1.286264498958,19466899.31933932
2023-08-25,btc,1.282530939849,19467743.06930749
2023-08-26,btc,1.280910484603,19468599.31930649
2023-08-27,btc,1.284719699038,19469324.31930082
2023-08-28,btc,1.285785965076,19470061.81930082
2023-08-29,btc,1.3631929159,19471049.31929536
2023-08-30,btc,1.344866297954,19471836.81929535
2023-08-31,btc,1.279294333561,19472736.81827897
2023-09-01,btc,1.272142442172,19473680.56824577
2023-09-02,btc,1.275429178013,19474630.56824577
2023-09-03,btc,1.280178738226,19475618.06824031
2023-09-04,btc,1.272295663234,19476549.31824031
2023-09-05,btc,1.271797475869,19477324.31822939
2023-09-06,btc,1.270666304167,19478168.06822939
2023-09-07,btc,1.293153415402,19479080.56822393
2023-09-08,btc,1.278230950625,19479911.81721846
2023-09-09,btc,1.277871761676,19480855.567213
2023-09-10,btc,1.274805713565,19481774.317213
2023-09-11,btc,1.240998802155,19482768.06720754
2023-09-12,btc,1.276849786407,19483649.3171964
2023-09-13,btc,1.294929881704,19484568.04739079
2023-09-14,btc,1.31072461763,19485580.54739079
2023-09-15,btc,1.316247721823,19486755.54738533
2023-09-16,btc,1.31045230781,19487724.29738533
2023-09-17,btc,1.30778359727,19488655.54737986
2023-09-18,btc,1.320321096515,19489630.54736894
2023-09-19,btc,1.341491282124,19490499.29524153
2023-09-20,btc,1.337531751739,19491411.79524153
2023-09-21,btc,1.310046276386,19492274.29518607
2023-09-22,btc,1.310529519075,19493080.54518061
2023-09-23,btc,1.310250960634,19494055.54517515
2023-09-24,btc,1.296058458113,19494968.03517515
2023-09-25,btc,1.296187807462,19495874.28505082
2023-09-26,btc,1.291644411828,19496724.28504082
2023-09-27,btc,1.298711354638,19497705.53503481
2023-09-28,btc,1.332826815107,19498618.03503481
2023-09-29,btc,1.326653306014,19499536.78501742
2023-09-30,btc,1.329742814001,19500399.28501742
2023-10-01,btc,1.377331393995,19501280.53500196
2023-10-02,btc,1.35843524556,19502261.78500196
2023-10-03,btc,1.351957092666,19503286.78494104
2023-10-04,btc,1.369035570095,19504105.53494104
2023-10-05,btc,1.350981968888,19504986.78492465
2023-10-06,btc,1.37581058469,19505986.78492465
2023-10-07,btc,1.376921632645,19507055.53391919
2023-10-08,btc,1.375035048808,19507980.53391919
2023-10-09,btc,1.357643501831,19508955.53381373
2023-10-10,btc,1.349224905545,19509968.03381373
2023-10-11,btc,1.320267435058,19510968.03380827
2023-10-12,btc,1.316151935393,19511999.28353827
2023-10-13,btc,1.321220609655,19512861.78352188
2023-10-14,btc,1.321559699731,19513774.28252188
2023-10-15,btc,1.334644980263,19514818.03251642
2023-10-16,btc,1.401484702482,19515699.28251642
2023-10-17,btc,1.397569787083,19516711.7825055
2023-10-18,btc,1.392147247637,19517618.0324782
2023-10-19,btc,1.410163206398,19518493.03246182
2023-10-20,btc,1.458847579295,19519330.53243997
2023-10-21,btc,1.469157536053,19520268.03243451
2023-10-22,btc,1.471860430263,19521224.28243451
2023-10-23,btc,1.613500605985,19522205.53242902
2023-10-24,btc,1.654397557736,19522993.03242901
2023-10-25,btc,1.681601781377,19523893.03242355
2023-10-26,btc,1.663662918099,19524830.53240151
2023-10-27,btc,1.648793504518,19525793.03239602
2023-10-28,btc,1.65738945553,19526793.03239598
2023-10-29,btc,1.679987904494,19527649.2823905
2023-10-30,btc,1.674700476949,19528624.28239007
2023-10-31,btc,1.679986208289,19529593.03238398
2023-11-01,btc,1.715331297044,19530524.28237621
2023-11-02,btc,1.687432786238,19531424.28232469
2023-11-03,btc,1.677473281454,19532274.28231819
2023-11-04,btc,1.695198047921,19533324.28231745
2023-11-05,btc,1.69531363252,19534343.03231134
2023-11-06,btc,1.690062847822,19535136.78229968
2023-11-07,btc,1.707693280842,19535968.03228795
2023-11-08,btc,1.724477503,19536899.28228701
2023-11-09,btc,1.762200964364,19537793.03227018
2023-11-10,btc,1.792853668717,19538755.53226972
2023-11-11,btc,1.773581111946,19539755.53225825
2023-11-12,btc,1.776498366314,19540761.78225779
2023-11-13,btc,1.751221714879,19541518.03225147
2023-11-14,btc,1.705402061503,19542380.53225089
2023-11-15,btc,1.810152914492,19543305.53223946
2023-11-16,btc,1.729237075753,19544230.53223902
2023-11-17,btc,1.747806543208,19545168.03222224
2023-11-18,btc,1.74769689693,19546099.28222189
2023-11-19,btc,1.78814575059,19547161.7822161
2023-11-20,btc,1.789732455017,19548199.28221029
2023-11-21,btc,1.717720966087,19549149.28218361
2023-11-22,btc,1.780655097435,19550036.78218325
2023-11-23,btc,1.775570834214,19550955.53217752
2023-11-24,btc,1.793664605571,19552005.5321772
2023-11-25,btc,1.796938311512,19552999.28217154
2023-11-26,btc,1.781247130023,19553911.7821613
2023-11-27,btc,1.768699884325,19554724.28215563
2023-11-28,btc,1.795694998493,19555643.03215545
2023-11-29,btc,1.794443185541,19556493.03214977
2023-11-30,btc,1.787790724759,19557330.53214963
2023-12-01,btc,1.831958430263,19558386.78214399
2023-12-02,btc,1.866562636124,19559180.53214366
2023-12-03,btc,1.88957149278,19560211.7821325
2023-12-04,btc,1.974157660867,19561180.53213206
2023-12-05,btc,2.070210110876,19562043.03212622
2023-12-06,btc,2.049004981703,19562893.03212585
2023-12-07,btc,2.024192806038,19563611.78212008
2023-12-08,btc,2.063554127808,19564455.53211968
2023-12-09,btc,2.040603828859,19565436.78211944
2023-12-10,btc,2.039126541822,19566311.7821184
2023-12-11,btc,1.920421604102,19567299.2821182
2023-12-12,btc,1.928403638971,19568199.28211442
2023-12-13,btc,1.994507456072,19569130.53211368
2023-12-14,btc,1.997076014934,19570043.03211355
2023-12-15,btc,1.945584187067,19571061.78211341
2023-12-16,btc,1.954587603816,19572011.78211322
2023-12-17,btc,1.918432937883,19572949.28211309
2023-12-18,btc,1.970997560336,19573999.28211291
2023-12-19,btc,1.952266717846,19575011.78205268
2023-12-20,btc,2.010355157868,19575918.03205239
2023-12-21,btc,2.02055347695,19576830.53205018
2023-12-22,btc,2.024349186253,19577880.53204999
2023-12-23,btc,2.012046953684,19578880.53204988
2023-12-24,btc,1.978993772604,19579949.28204977
2023-12-25,btc,2.002168071468,19580818.03204967
2023-12-26,btc,1.947666354666,19581686.78204955
2023-12-27,btc,1.98454282113,19582493.03204946
2023-12-28,btc,1.948191066046,19583249.28204935
2023-12-29,btc,1.915289168243,19584192.99589623
2023-12-30,btc,1.923525954915,19585099.24589619
2023-12-31,btc,1.923147103068,19586074.24589616
2024-01-01,btc,2.005011405976,19587042.99589609
2024-01-02,btc,2.041843744783,19587861.74589597
2024-01-03,btc,1.941607815328,19588849.24589465
2024-01-04,btc,1.991280476371,19589911.74589451
2024-01-05,btc,1.983754393826,19590774.24589445
2024-01-06,btc,1.972626827535,19591649.24589436
2024-01-07,btc,1.968589392178,19592386.74589408
2024-01-08,btc,2.105199604079,19593155.49589401
2024-01-09,btc,2.061111820714,19594105.49589394
2024-01-10,btc,2.090437479903,19594936.7458919
2024-01-11,btc,2.06755309096,19596017.99589184
2024-01-12,btc,1.910157143573,19597067.99588868
2024-01-13,btc,1.911017344621,19598061.74588858
2024-01-14,btc,1.868072683047,19598861.74588853
2024-01-15,btc,1.895817002527,19599574.24588579
2024-01-16,btc,1.915131498731,19600355.49588569
2024-01-17,btc,1.892920670298,19601111.74588458
2024-01-18,btc,1.826405496575,19601999.24588451
2024-01-19,btc,1.840326498572,19602824.24588441
2024-01-20,btc,1.842828285649,19603717.99588432
2024-01-21,btc,1.836787376079,19604592.99588423
2024-01-22,btc,1.750703117876,19605592.99588416
2024-01-23,btc,1.75685238167,19606555.49587864
2024-01-24,btc,1.769398537471,19607492.99587857
2024-01-25,btc,1.759912897525,19608624.244873
2024-01-26,btc,1.843658004535,19609574.24487293
2024-01-27,btc,1.854538165179,19610642.9948698
2024-01-28,btc,1.847823938144,19611642.99486977
2024-01-29,btc,1.900281404617,19612617.99486426
2024-01-30,btc,1.884454643724,19613517.99476277
2024-01-31,btc,1.865776569305,19614336.7445918
2024-02-01,btc,1.883692689819,19615292.99455433
2024-02-02,btc,1.888479126867,19616467.99455428
2024-02-03,btc,1.880647419447,19617411.74454332
2024-02-04,btc,1.862423695961,19618380.49453234
2024-02-05,btc,1.863325630825,19619355.4945323
2024-02-06,btc,1.881777313878,19620417.99453229
2024-02-07,btc,1.929905898886,19621417.99453227
2024-02-08,btc,1.974244701407,19622280.49453222
2024-02-09,btc,2.050894304805,19623317.99453217
2024-02-10,btc,2.075743628106,19624267.99453216
2024-02-11,btc,2.091679256465,19625124.24452782
2024-02-12,btc,2.163451148703,19626242.99451125
2024-02-13,btc,2.144571750971,19627086.74447811
2024-02-14,btc,2.227481564237,19627955.49447146
2024-02-15,btc,2.227672856945,19628936.74445056
2024-02-16,btc,2.233361065632,19629774.24444057
2024-02-17,btc,2.211108586549,19630711.74443719
2024-02-18,btc,2.229209056718,19631467.99443716
2024-02-19,btc,2.207720044105,19632317.99442621
2024-02-20,btc,2.226411177484,19633199.24442615
2024-02-21,btc,2.199223255693,19634061.7444261
2024-02-22,btc,2.176256754311,19634905.49442602
2024-02-23,btc,2.151044247173,19635899.24440955
2024-02-24,btc,2.182874558495,19636755.4944095
2024-02-25,btc,2.188723304731,19637780.49437124
2024-02-26,btc,2.30035580813,19638611.74437117
2024-02-27,btc,2.39296751458,19639417.99437111
2024-02-28,btc,2.578804516452,19640349.24436558
2024-02-29,btc,2.523625575021,19641180.49434917
2024-03-01,btc,2.552193764104,19642142.99432728
2024-03-02,btc,2.530515094253,19642936.74432721
2024-03-03,btc,2.564912446775,19643905.49431723
2024-03-04,btc,2.751198902437,19644711.74430514
2024-03-05,btc,2.565781926711,19645755.494305
2024-03-06,btc,2.612226371577,19646630.49430491
2024-03-07,btc,2.630694305772,19647755.49427749
2024-03-08,btc,2.663773784415,19648717.99427193
2024-03-09,btc,2.664446669894,19649736.74426524
2024-03-10,btc,2.673324643842,19650630.49424315
2024-03-11,btc,2.776042557045,19651692.99423977
2024-03-12,btc,2.732831670246,19652574.24421644
2024-03-13,btc,2.746836537171,19653574.24420429
2024-03-14,btc,2.676637138189,19654455.49419763
2024-03-15,btc,2.593181988006,19655249.24419096
2024-03-16,btc,2.443363523614,19656149.24418545
2024-03-17,btc,2.541969044316,19657061.74418201
2024-03-18,btc,2.51875351754,19657961.74415137
2024-03-19,btc,2.30649799611,19658942.99414585
2024-03-20,btc,2.517432122856,19659874.24412035
2024-03-21,btc,2.425056482588,19660624.24410392
2024-03-22,btc,2.347242779085,19661467.993082
2024-03-23,btc,2.355130916016,19662442.99308194
2024-03-24,btc,2.459089042138,19663505.49308191
2024-03-25,btc,2.531973278125,19664330.49307314
2024-03-26,btc,2.529858023857,19665167.9930425
2024-03-27,btc,2.497305617703,19666017.9930282
2024-03-28,btc,2.542320039061,19666967.99301939
2024-03-29,btc,2.50681430136,19667867.99301605
2024-03-30,btc,2.495980095994,19668836.74301601
2024-03-31,btc,2.54947270434,19669692.99300506
2024-04-01,btc,2.483865174687,19670630.49299956
2024-04-02,btc,2.325824861038,19671555.49299954
2024-04-03,btc,2.343574739079,19672442.99299949
2024-04-04,btc,2.422340254314,19673305.49297218
2024-04-05,btc,2.401839662162,19674230.49293393
2024-04-06,btc,2.442327543695,19675199.24290541
2024-04-07,btc,2.449775072637,19676261.74288233
2024-04-08,btc,2.52594267686,19677249.24284075
2024-04-09,btc,2.431151797828,19678161.74280136
2024-04-10,btc,2.480887886464,19679105.49278382
2024-04-11,btc,2.459930871341,19679930.49278382
2024-04-12,btc,2.355699837214,19680780.49277836
2024-04-13,btc,2.266724603585,19681805.49276744
2024-04-14,btc,2.303797513539,19682786.74276744
2024-04-15,btc,2.224653591762,19683667.99275647
2024-04-16,btc,2.235583060627,19684699.24275641
2024-04-17,btc,2.150115532828,19685555.4927367
2024-04-18,btc,2.223657090198,19686461.74273122
2024-04-19,btc,2.229521797353,19687392.99271483
2024-04-20,btc,2.268874228093,19687799.24271483
2024-04-21,btc,2.270178573833,19688236.74271483
2024-04-22,btc,2.336371416788,19688711.74270937
2024-04-23,btc,2.315430605828,19689236.74270937
2024-04-24,btc,2.229186378145,19689721.11769845
2024-04-25,btc,2.239412644798,19690167.99269845
2024-04-26,btc,2.213395882136,19690583.61769845
2024-04-27,btc,2.200293292653,19691021.11769845
2024-04-28,btc,2.182739504636,19691458.61769844
2024-04-29,btc,2.213049963714,19691867.99269843
2024-04-30,btc,2.099491659604,19692308.61769843
2024-05-01,btc,2.01516295818,19692721.11769297
2024-05-02,btc,2.050901531028,19693174.24267659
2024-05-03,btc,2.180678249434,19693577.36767659
2024-05-04,btc,2.210725676775,19694017.99266567
2024-05-05,btc,2.216655067084,19694452.36766567
2024-05-06,btc,2.186202853853,19694833.61766567
2024-05-07,btc,2.157205469069,19695214.86765475
2024-05-08,btc,2.110540935051,19695611.74265472
2024-05-09,btc,2.175223560734,19696064.8676547
2024-05-10,btc,2.102988744981,19696517.99264919
2024-05-11,btc,2.100448702876,19697014.86764918
2024-05-12,btc,2.119745795365,19697427.36764917
2024-05-13,btc,2.168233271084,19697886.7426437
2024-05-14,btc,2.121406641577,19698311.74263277
2024-05-15,btc,2.275705533512,19698752.36763277
2024-05-16,btc,2.238813737175,19699196.11762728
2024-05-17,btc,2.293532882786,19699680.49262727
2024-05-18,btc,2.293351817746,19700080.49262727
2024-05-19,btc,2.267741433359,19700561.74262181
2024-05-20,btc,2.430732575262,19701049.24261848
2024-05-21,btc,2.392177115696,19701480.49261845
2024-05-22,btc,2.350508549105,19701958.61760751
2024-05-23,btc,2.30342600975,19702486.74257751
2024-05-24,btc,2.329942400919,19702986.74256659
2024-05-25,btc,2.351755247843,19703486.74255113
2024-05-26,btc,2.321857258415,19704011.74255105
2024-05-27,btc,2.349289009693,19704396.11754556
2024-05-28,btc,2.276025405912,19704814.86754006
2024-05-29,btc,2.249666771523,19705242.99254002
2024-05-30,btc,2.274593932765,19705627.36754001
2024-05-31,btc,2.240434640049,19706089.86751266
2024-06-01,btc,2.250811711614,19706530.49250719
2024-06-02,btc,2.252890611825,19706967.99250718
2024-06-03,btc,2.282844084426,19707458.61712567
2024-06-04,btc,2.336035028633,19707877.36709835
2024-06-05,btc,2.350051564625,19708261.74209288
2024-06-06,btc,2.333807126267,19708677.36709285
2024-06-07,btc,2.283767499815,19709121.11707542
2024-06-08,btc,2.281753656488,19709658.61707541
2024-06-09,btc,2.291783692164,19710136.74207538
2024-06-10,btc,2.284430208974,19710571.11703716
2024-06-11,btc,2.210797104332,19710955.49203714
2024-06-12,btc,2.236528862009,19711411.74203711
2024-06-13,btc,2.189193919128,19711864.86702071
2024-06-14,btc,2.162288948988,19712264.8670207
2024-06-15,btc,2.168574282271,19712683.6170207
2024-06-16,btc,2.181700780897,19713192.99199885
2024-06-17,btc,2.17600767278,19713630.49199884
2024-06-18,btc,2.131170120016,19714105.49199881
2024-06-19,btc,2.122527340691,19714533.61697697
2024-06-20,btc,2.122824344632,19714949.24197697
2024-06-21,btc,2.094841851078,19715386.74197697
2024-06-22,btc,2.094393635978,19715861.74197151
2024-06-23,btc,2.064629768046,19716211.74197148
2024-06-24,btc,1.965852605759,19716686.74197148
2024-06-25,btc,2.013824808421,19717074.24196055
2024-06-26,btc,1.983142815892,19717452.36696053
2024-06-27,btc,2.00449611147,19717858.61696053
2024-06-28,btc,1.963323618484,19718280.49194415
2024-06-29,btc,1.982090071071,19718771.11694415
2024-06-30,btc,2.04224535277,19719149.24194414
2024-07-01,btc,2.04314593286,19719589.86693321
2024-07-02,btc,2.017079157971,19720052.36693319
2024-07-03,btc,1.956495892684,19720505.49192773
2024-07-04,btc,1.867131113244,19720942.99191134
2024-07-05,btc,1.84216706331,19721321.11691133
2024-07-06,btc,1.891715119434,19721836.74191132
2024-07-07,btc,1.82212870475,19722277.36689043
2024-07-08,btc,1.84231499501,19722774.2418795
2024-07-09,btc,1.882826099963,19723255.49186956
2024-07-10,btc,1.873671456415,19723680.49186079
2024-07-11,btc,1.860391707754,19724117.99185086
2024-07-12,btc,1.877696697499,19724586.74173565
2024-07-13,btc,1.924461076714,19725067.99172466
2024-07-14,btc,1.978252221421,19725589.86670117
2024-07-15,btc,2.094337235781,19726067.99166178
2024-07-16,btc,2.10249498714,19726527.36664754
2024-07-17,btc,2.0722141993,19727024.24161113
2024-07-18,btc,2.063284607936,19727427.36657918
2024-07-19,btc,2.146794861585,19727886.7415737
2024-07-20,btc,2.159544550027,19728402.36657367
2024-07-21,btc,2.186185421436,19728930.49154719
2024-07-22,btc,2.167482354881,19729489.86647783
2024-07-23,btc,2.109594621683,19730017.9914679
2024-07-24,btc,2.091076478928,19730455.49142156
2024-07-25,btc,2.101052278672,19730964.8664161
2024-07-26,btc,2.167988897972,19731464.8664161
2024-07-27,btc,2.17149524018,19731946.11639955
2024-07-28,btc,2.173689504641,19732408.61638863
2024-07-29,btc,2.130351323441,19732964.866382
2024-07-30,btc,2.10753663783,19733433.61637869
2024-07-31,btc,2.060104597961,19733874.24136445
2024-08-01,btc,2.073446664875,19734311.74135899
2024-08-02,btc,1.958129492294,19734702.36635898
2024-08-03,btc,1.931910948089,19735124.24134891
2024-08-04,btc,1.85658107668,19735571.11634013
2024-08-05,btc,1.734614783702,19736058.61633134
2024-08-06,btc,1.790105908673,19736496.11628981
2024-08-07,btc,1.76102665944,19736877.36627343
2024-08-08,btc,1.974027468759,19737280.49125374
2024-08-09,btc,1.934847151042,19737686.74125373
2024-08-10,btc,1.937094140148,19738089.86623947
2024-08-11,btc,1.872742222889,19738592.99123943
2024-08-12,btc,1.890144044639,19739021.11623942
2024-08-13,btc,1.926417221684,19739486.74122304
2024-08-14,btc,1.87350048326,19739899.24122303
2024-08-15,btc,1.835793831991,19740399.241223
2024-08-16,btc,1.876508258409,19740842.99121208
2024-08-17,btc,1.891903199321,19741308.61621206
2024-08-18,btc,1.871999609436,19741796.11621206
2024-08-19,btc,1.891279440638,19742202.36620113
2024-08-20,btc,1.882426600371,19742671.11620112
2024-08-21,btc,1.945233846186,19743130.49120111
2024-08-22,btc,1.921170694846,19743630.49119564
2024-08-23,btc,2.035903975825,19744142.99119548
2024-08-24,btc,2.032046751517,19744621.11619545
2024-08-25,btc,2.046583028581,19745036.74118453
2024-08-26,btc,1.998001382993,19745455.49118453
2024-08-27,btc,1.891971799295,19745899.24113451
2024-08-28,btc,1.875827072948,19746402.36612904
2024-08-29,btc,1.883349152914,19746814.86612355
2024-08-30,btc,1.876982694923,19747258.61610169
2024-08-31,btc,1.87073697854,19747717.99109622
2024-09-01,btc,1.820019010688,19748161.74109074
2024-09-02,btc,1.877143284457,19748683.61607434
2024-09-03,btc,1.829729699885,19749149.24106341
2024-09-04,btc,1.841861370616,19749621.11604703
2024-09-05,btc,1.781930708989,19750105.49104703
2024-09-06,btc,1.710811543806,19750558.61604639
2024-09-07,btc,1.718206634267,19751052.36604087
2024-09-08,btc,1.743469313486,19751574.24104087
2024-09-09,btc,1.814072811646,19752027.36603539
2024-09-10,btc,1.830850569033,19752455.49102993
2024-09-11,btc,1.822802476165,19752792.99102992
2024-09-12,btc,1.844923692611,19753267.99102987
2024-09-13,btc,1.918166417135,19753652.36601894
2024-09-14,btc,1.901061522523,19754086.74101892
2024-09-15,btc,1.873189573393,19754558.61601892
2024-09-16,btc,1.844209085413,19754949.24101345
2024-09-17,btc,1.906555569386,19755417.99101343
2024-09-18,btc,1.938486988135,19755849.24099158
2024-09-19,btc,1.989407371018,19756230.49095334
2024-09-20,btc,1.991251479392,19756683.61595331
2024-09-21,btc,1.997224680189,19757105.4909533
2024-09-22,btc,2.00309504051,19757530.4909533
2024-09-23,btc,1.993210662996,19757986.740926
2024-09-24,btc,2.02322807255,19758439.86592598
2024-09-25,btc,1.980828516174,19758889.86592598
2024-09-26,btc,2.040909822528,19759296.11591505
2024-09-27,btc,2.061133588941,19759724.24090959
2024-09-28,btc,2.059734897491,19760127.36590413
2024-09-29,btc,2.054377793402,19760611.74090413
2024-09-30,btc,1.980655974681,19761039.8659041
2024-10-01,btc,1.906306811115,19761530.49089476
2024-10-02,btc,1.901135632078,19762014.86483653
2024-10-03,btc,1.903667765594,19762508.61481409
2024-10-04,btc,1.942653036999,19763036.73978672
2024-10-05,btc,1.941600018448,19763508.61478671
2024-10-06,btc,1.964736190677,19763983.61478667
2024-10-07,btc,1.952455630153,19764467.9897812
2024-10-08,btc,1.926780183281,19764989.86473206
2024-10-09,btc,1.880158282942,19765386.73972658
2024-10-10,btc,1.868650690361,19765871.11472103
2024-10-11,btc,1.931911669891,19766308.61470463
2024-10-12,btc,1.953970337674,19766755.48970459
2024-10-13,btc,1.939547429605,19767186.7396991
2024-10-14,btc,2.039522213226,19767621.11469362
2024-10-15,btc,2.060181206339,19768108.61468267
2024-10-16,btc,2.079852586869,19768549.23967718
2024-10-17,btc,2.067823405287,19769039.8646717
2024-10-18,btc,2.097751626956,19769464.86466077
2024-10-19,btc,2.095293659588,19770005.48965524
2024-10-20,btc,2.110307256847,19770546.1146388
2024-10-21,btc,2.056928495458,19771080.48953557
2024-10-22,btc,2.0548573040083666,19771511.73952461
2024-10-23,btc,2.030149964645596,19771983.61450366
2024-10-24,btc,2.0735534317639304,19772442.98945587
2024-10-25,btc,2.015882390039284,19772921.11445039
2024-10-26,btc,2.038385405545456,19773377.36445039
2024-10-27,btc,2.0672450714484363,19773880.48945036
2024-10-28,btc,2.12079659111609,19774405.4894449
2024-10-29,btc,2.199387577615285,19774896.11444483
2024-10-30,btc,2.1895048875101897,19775424.23943382
2024-10-31,btc,2.1253164193551783,19775917.98941723
2024-11-01,btc,2.096717117505966,19776396.11441125
2024-11-02,btc,2.088469515716,19776836.73940964
2024-11-03,btc,2.072996077959187,19777249.23940946
2024-11-04,btc,2.0421715913323313,19777721.11439293
2024-11-05,btc,2.0934035678438234,19778155.48938731
2024-11-06,btc,2.265383861200003,19778633.61438602
2024-11-07,btc,2.268079148113374,19779121.11438028
2024-11-08,btc,2.2784564278185018,19779564.86435818
2024-11-09,btc,2.285490807522989,19779999.23935142
2024-11-10,btc,2.386299165227104,19780461.73934022
2024-11-11,btc,2.6147362044216913,19780886.73931287
2024-11-12,btc,2.574402718870185,19781342.98929098
2024-11-13,btc,2.6237625094988872,19781774.2392854
2024-11-14,btc,2.5169171310403327,19782171.11427343
2024-11-15,btc,2.6166281818489865,19782639.86418062
2024-11-16,btc,2.5963251574245816,19783130.48914509
2024-11-17,btc,2.570045957525609,19783599.2391384
2024-11-18,btc,2.586767436063493,19784086.73913822
2024-11-19,btc,2.616096692148944,19784633.61411426
2024-11-20,btc,2.6545840511759584,19785092.98823511
2024-11-21,btc,2.7357035205093947,19785542.9868657
2024-11-22,btc,2.7268624607806946,19785989.86100384
2024-11-23,btc,2.682475835762373,19786421.11082408
2024-11-24,btc,2.684190145202477,19786839.86060396
2024-11-25,btc,2.5509368688261986,19787367.98557194
2024-11-26,btc,2.504171774475637,19787802.3603786
2024-11-27,btc,2.606953545179931,19788217.98530596
2024-11-28,btc,2.593738763868712,19788661.73523034
2024-11-29,btc,2.6309948422566616,19789039.85990686
2024-11-30,btc,2.6035102735918114,19789552.34398553
2024-12-01,btc,2.627590012401485,19790046.07813313
2024-12-02,btc,2.572610271286454,19790442.94740718
2024-12-03,btc,2.5714581344527,19790933.51298461
2024-12-04,btc,2.637537468218781,19791392.8080724
2024-12-05,btc,2.5624396365200885,19791877.12482239
2024-12-06,btc,2.619701356628037,19792302.10743335
2024-12-07,btc,2.6172416537051104,19792745.81862795
2024-12-08,btc,2.635830347444721,19793202.04336046
2024-12-09,btc,2.528321562198401,19793723.89738428
2024-12-10,btc,2.5042559556430377,19794205.12409209
2024-12-11,btc,2.607825988676539,19794648.84459111
2024-12-12,btc,2.5725090268010704,19795111.21182003
2024-12-13,btc,2.5964143923269845,19795642.41641123
2024-12-14,btc,2.5956011229498386,19796139.18299872
2024-12-15,btc,2.671579602981782,19796567.29775711
2024-12-16,btc,2.6904870242055368,19797029.76713727
2024-12-17,btc,2.6825053486643022,19797454.74843723
2024-12-18,btc,2.5337669288940026,19797904.73223539
2024-12-19,btc,2.449250681750823,19798357.83271974
2024-12-20,btc,2.438923701718572,19798829.70078425
2024-12-21,btc,2.4247953422211608,19799282.82203878
2024-12-22,btc,2.3683246829858304,19799767.19451128
2024-12-23,btc,2.3466031181287983,19800201.56258799
2024-12-24,btc,2.432547289582645,19800614.0601588
2024-12-25,btc,2.4457574461003446,19801085.92806539
2024-12-26,btc,2.3548963638187823,19801495.29761646
2024-12-27,btc,2.316536046291274,19801989.04041662
2024-12-28,btc,2.3373921900161463,19802435.90899522
2024-12-29,btc,2.2939806186069815,19802929.65099519
2024-12-30,btc,2.264447243535571,19803426.51700902
2024-12-31,btc,2.2808124449322915,19803829.6240934
2025-01-01,btc,2.3030404933089104,19804267.11404725
2025-01-02,btc,2.3578841474857937,19804788.97841898
2025-01-03,btc,2.3862905574570155,19805232.70427525
2025-01-04,btc,2.3875160097101222,19805698.31429955
2025-01-05,btc,2.3909658600988406,19806185.7957105
2025-01-06,btc,2.477062799747396,19806601.40750046
2025-01-07,btc,2.346702783421937,19807020.1377164
2025-01-08,btc,2.2986659046669535,19807410.75363998
2025-01-09,btc,2.233820238836667,19807885.73248988
2025-01-10,btc,2.290082536703305,19808329.46759886
2025-01-11,btc,2.285501707170164,19808760.71631881
2025-01-12,btc,2.278657758123868,19809298.20835871
2025-01-13,btc,2.2779845089607442,19809698.20317314
2025-01-14,btc,2.3280580564665416,19810179.44583192
2025-01-15,btc,2.4095410827754344,19810613.81645165
2025-01-16,btc,2.3989108291075403,19811013.81097578
2025-01-17,btc,2.495913169030756,19811482.55425549
2025-01-18,btc,2.4946785705686336,19811888.80029538
2025-01-19,btc,2.410672870086662,19812357.54644438
2025-01-20,btc,2.445056132753733,19812832.54293092
2025-01-21,btc,2.5188589005093247,19813248.1656208
2025-01-22,btc,2.459018475131256,19813716.91363797
2025-01-23,btc,2.455447281433525,19814141.90542135
2025-01-24,btc,2.4651832101972833,19814579.38727566
2025-01-25,btc,2.4670204525538764,19814979.38377799
2025-01-26,btc,2.418361700134125,19815407.50747697
2025-01-27,btc,2.3934124984483267,19815895.00560923
2025-01-28,btc,2.373287118165897,19816357.50459816
2025-01-29,btc,2.436318963363576,19816841.87530066
2025-01-30,btc,2.457756213004062,19817294.99742512
2025-01-31,btc,2.3926271926371023,19817685.61779669
2025-02-01,btc,2.353296238999732,19818260.61111899
2025-02-02,btc,2.2785882985362735,19818794.97909532
2025-02-03,btc,2.371727104993572,19819273.09623779
2025-02-04,btc,2.280750094282139,19819682.46882179
2025-02-05,btc,2.246535583279113,19820132.46375376
2025-02-06,btc,2.243314171452448,19820585.58427882
2025-02-07,btc,2.2387599646519223,19821126.2000898
2025-02-08,btc,2.2429885869544703,19821626.19378163
2025-02-09,btc,2.232532160927027,19822073.06223539
2025-02-10,btc,2.2560105134383015,19822507.43074098
2025-02-11,btc,2.2178405166069126,19822894.92809454
2025-02-12,btc,2.261466528982128,19823310.54614802
2025-02-13,btc,2.2326518009087044,19823804.28829496
2025-02-14,btc,2.25166232416674,19824279.2809251
2025-02-15,btc,2.254483790385446,19824779.27431535
2025-02-16,btc,2.221961475316798,19825251.14105045
2025-02-17,btc,2.212551004856131,19825679.26066042
2025-02-18,btc,2.2037234329299973,19826116.7472204
2025-02-19,btc,2.2304732158403096,19826510.48629836
2025-02-20,btc,2.269163375900631,19826916.72818671
2025-02-21,btc,2.2145337837142764,19827319.84583575
2025-02-22,btc,2.2259723481715947,19827754.2113292
2025-02-23,btc,2.213616967746432,19828157.32517917
2025-02-24,btc,2.1164194813823665,19828563.56379784
2025-02-25,btc,2.045057192561317,19829022.93427864
2025-02-26,btc,1.937156888282904,19829513.54557975
2025-02-27,btc,1.951252300853544,19829982.28192984
2025-02-28,btc,1.9428821960052791,19830469.77944628
2025-03-01,btc,1.979772195615528,19830919.77817533
2025-03-02,btc,2.1723352788786894,19831313.52299381
2025-03-03,btc,1.9890487557357124,19831782.26242224
2025-03-04,btc,2.011926611190173,19832238.51079673
2025-03-05,btc,2.085499742580572,19832657.25345893
2025-03-06,btc,2.074588033844596,19833188.49809435
2025-03-07,btc,1.990605455895191,19833632.23824098
2025-03-08,btc,1.9817025600012967,19834060.3616429
2025-03-09,btc,1.8553174468191107,19834557.23055726
2025-03-10,btc,1.8183074680565463,19835038.47608533
2025-03-11,btc,1.9029557814450992,19835469.72605551
2025-03-12,btc,1.921883426993698,19835947.84578215
2025-03-13,btc,1.864334615532672,19836444.71864683
2025-03-14,btc,1.932035459333313,19836888.46507507
2025-03-15,btc,1.9374873260847636,19837300.96369563
2025-03-16,btc,1.894746119450727,19837754.08766151
2025-03-17,btc,1.929602895545638,19838191.58565153
2025-03-18,btc,1.8989060236861497,19838635.33370501
2025-03-19,btc,1.9911932421344407,19839110.3317466
2025-03-20,btc,1.9298268037808353,19839554.07872113
2025-03-21,btc,1.9281651540140552,19840007.20270222
2025-03-22,btc,1.9223588315764384,19840475.94273762
2025-03-23,btc,1.966380986053732,19840963.43976163
2025-03-24,btc,2.0008793939408274,19841444.68753153
2025-03-25,btc,2.0026741040033817,19841910.31104373
2025-03-26,btc,1.9885114032158293,19842385.30950609
2025-03-27,btc,1.9967090941768977,19842847.80873067
2025-03-28,btc,1.928282346209128,19843329.05742965
2025-03-29,btc,1.8872433668233977,19843769.68171961
2025-03-30,btc,1.8812161854306808,19844197.80611996
2025-03-31,btc,1.887088049301776,19844660.30453595
2025-04-01,btc,1.950076686214192,19845082.17772405
2025-04-02,btc,1.8882773504046595,19845619.67412857
2025-04-03,btc,1.8941542618128036,19846094.66498855
2025-04-04,btc,1.9126673444102584,19846657.16238412
2025-04-05,btc,1.9016833447333796,19847169.65940218
2025-04-06,btc,1.780124063587888,19847622.78330522
2025-04-07,btc,1.8128169226747144,19848075.9075672
2025-04-08,btc,1.7439655745926916,19848554.03181368
2025-04-09,btc,1.887230963523962,19848963.40626122
2025-04-10,btc,1.8147281216378452,19849413.40516973
2025-04-11,btc,1.9005276237422863,19849875.90300781
2025-04-12,btc,1.9432833469455524,19850325.90175683
2025-04-13,btc,1.9039218772421993,19850863.39879054
2025-04-14,btc,1.9262023235820704,19851329.02176633
2025-04-15,btc,1.907137055165662,19851779.01835727
2025-04-16,btc,1.9172708051026968,19852241.51758029
2025-04-17,btc,1.9396573992306128,19852719.64043287
2025-04-18,btc,1.9277993169752448,19853144.64028952
2025-04-19,btc,1.943457271715672,19853579.01218784
2025-04-20,btc,1.9426378432392224,19853963.38402997
2025-04-21,btc,1.9927995689339313,19854357.13198692
2025-04-22,btc,2.1282639230663345,19854841.50212034
2025-04-23,btc,2.1261098636422497,19855197.75012697
2025-04-24,btc,2.126194044694234,19855638.37310508
2025-04-25,btc,2.1396892285629945,19856088.37048136
2025-04-26,btc,2.1368454882429617,19856503.99538397
2025-04-27,btc,2.1163030783471615,19856925.86845264
2025-04-28,btc,2.1414599497479094,19857366.4933841
2025-04-29,btc,2.1164915940420426,19857822.7422359
2025-04-30,btc,2.117664419217392,19858235.24088683
2025-05-01,btc,2.1635056908519745,19858657.11484803
2025-05-02,btc,2.1700257371132774,19859153.98960692
2025-05-03,btc,2.1488276411481815,19859666.48887791
2025-05-04,btc,2.1136160468529854,19860100.86307036
2025-05-05,btc,2.1198315170018898,19860647.73754278
2025-05-06,btc,2.1566030190508583,19861078.98632881
2025-05-07,btc,2.164177587122982,19861550.86025732
2025-05-08,btc,2.2908345636251917,19862047.7320949
2025-05-09,btc,2.2831068959043845,19862485.22816211
2025-05-10,btc,2.317993015404475,19862953.9781219
2025-05-11,btc,2.30314847924649,19863419.60241787
2025-05-12,btc,2.276547512358493,19863872.72726223
2025-05-13,btc,2.2970209363653464,19864278.97693762
2025-05-14,btc,2.281735209781493,19864728.9766771
2025-05-15,btc,2.2793299047250057,19865185.22654822
2025-05-16,btc,2.272925986368772,19865610.22528842
2025-05-17,btc,2.263971398372875,19866057.09968716
2025-05-18,btc,2.324070467635384,19866563.3485357
2025-05-19,btc,2.3094629533855167,19867003.97333178
2025-05-20,btc,2.3328187609635207,19867466.47291531
2025-05-21,btc,2.387132485847717,19867916.47279327
2025-05-22,btc,2.419114869272548,19868385.22231008
2025-05-23,btc,2.325244185229265,19868869.59700965
2025-05-24,btc,2.33752306327879,19869310.22183811
2025-05-25,btc,2.357588378582445,19869782.09646027
2025-05-26,btc,2.3615409622706878,19870260.22083733
2025-05-27,btc,2.3483230152239982,19870700.84569245
2025-05-28,btc,2.3195657659140596,19871213.34525168
2025-05-29,btc,2.269515917375292,19871710.21876614
2025-05-30,btc,2.2301710388100866,19872194.59351097
2025-05-31,btc,2.2453195179282552,19872697.71831411
2025-06-01,btc,2.266824485425617,19873113.34311615
2025-06-02,btc,2.2631740322455194,19873528.96776052
2025-06-03,btc,2.249049850630191,19873978.96763072
2025-06-04,btc,2.2306295386760513,19874372.71713886
2025-06-05,btc,2.164421975716304,19874791.46574495
2025-06-06,btc,2.221377259248508,19875210.21573494
2025-06-07,btc,2.246857184421021,19875657.09035296
2025-06-08,btc,2.2465926766265145,19876135.21478822
2025-06-09,btc,2.3383291419548384,19876572.71399197
2025-06-10,btc,2.331994320703792,19877100.8386734
2025-06-11,btc,2.299464902547621,19877541.4634359
2025-06-12,btc,2.2419620475504862,19878003.96211326
2025-06-13,btc,2.2394272436628913,19878457.08684579
2025-06-14,btc,2.227143824699812,19878928.96129285
2025-06-15,btc,2.227219971359887,19879353.96064281
2025-06-16,btc,2.2587719122318566,19879810.20991244
2025-06-17,btc,2.203207202646305,19880178.95961965
2025-06-18,btc,2.20581725377894,19880616.45850964
2025-06-19,btc,2.202308074044105,19881013.33336677
2025-06-20,btc,2.1712340906871987,19881485.20777738
2025-06-21,btc,2.1341088047568837,19881925.8325973
2025-06-22,btc,2.119915228385861,19882260.2073716
2025-06-23,btc,2.2134869832042123,19882594.58211129
2025-06-24,btc,2.220349702793955,19882960.20681027
2025-06-25,btc,2.2450664068043222,19883407.08158785
2025-06-26,btc,2.234143825279254,19883897.70610327
2025-06-27,btc,2.2307257878946083,19884257.08105605
2025-06-28,btc,2.2355962704995864,19884710.20583045
2025-06-29,btc,2.2551487868683586,19885238.33053762
2025-06-30,btc,2.224449219216365,19885691.45545754
2025-07-01,btc,2.190371437932748,19886110.20512658
2025-07-02,btc,2.2572933277993874,19886588.32973747
2025-07-03,btc,2.268221095554169,19887060.20463724
2025-07-04,btc,2.215345083660493,19887557.07962176
2025-07-05,btc,2.218074557692169,19888047.70454165
2025-07-06,btc,2.2363339967768048,19888547.70435433
2025-07-07,btc,2.2137003448829926,19889019.57916882
2025-07-08,btc,2.2241472452865456,19889463.3289624
2025-07-09,btc,2.268230580456622,19889975.8287024
2025-07-10,btc,2.354601798397052,19890510.20352689
2025-07-11,btc,2.38212290459618,19890978.9534219
2025-07-12,btc,2.37341147249211,19891444.57829192
2025-07-13,btc,2.4017092198498973,19891872.70218098
2025-07-14,btc,2.4125084332311304,19892325.82695938
2025-07-15,btc,2.364195114922196,19892838.32682504
2025-07-16,btc,2.3688751245334454,19893247.70163102
2025-07-17,btc,2.374985804949236,19893672.70128858
2025-07-18,btc,2.340384009446915,19894122.70082487
2025-07-19,btc,2.336414214135971,19894566.45067739
2025-07-20,btc,2.3233701383205516,19895032.07548858
2025-07-21,btc,2.3218439654227243,19895500.82536427
2025-07-22,btc,2.3670956161477066,19895969.57501957
2025-07-23,btc,2.334400354595592,19896407.07248054
2025-07-24,btc,2.3257901969225423,19896866.44726607
2025-07-25,btc,2.304027155259395,19897366.4469454
2025-07-26,btc,2.3118305041157874,19897844.57177667
2025-07-27,btc,2.338853962335245,19898272.69660724
2025-07-28,btc,2.3084821087206895,19898725.82142083
2025-07-29,btc,2.3014237166265827,19899075.82120082
2025-07-30,btc,2.2955727612124828,19899503.94583748
2025-07-31,btc,2.2576734658479,19899985.19576901
2025-08-01,btc,2.2070884136924738,19900457.07063855
2025-08-02,btc,2.192314956363128,19900910.19550347
2025-08-03,btc,2.2240971442941064,19901394.57031818
2025-08-04,btc,2.2406311051894656,19901928.94523624
2025-08-05,btc,2.2178999959543493,19902360.19504508
2025-08-06,btc,2.2349723954934775,19902810.19467278
2025-08-07,btc,2.2781308995532936,19903313.31945593
2025-08-08,btc,2.2621480824612368,19903741.44432498
2025-08-09,btc,2.2569920501462186,19904103.94401947
2025-08-10,btc,2.307419605120224,19904525.81879206
2025-08-11,btc,2.296376996154095,19904985.19355745
2025-08-12,btc,2.3206476200119286,19905413.31796475
2025-08-13,btc,2.379739102823155,19905900.81745489
2025-08-14,btc,2.282416006210002,19906407.067023
2025-08-15,btc,2.2576928997517896,19906825.81640664
2025-08-16,btc,2.2532741501991906,19907300.81600595
2025-08-17,btc,2.2553050008051305,19907775.81541859
2025-08-18,btc,2.2296562377042366,19908257.06522726
2025-08-19,btc,2.1624059611427886,19908675.81464288
2025-08-20,btc,2.187593393945847,19909116.43922556
2025-08-21,btc,2.1500922222394157,19909582.06361869
2025-08-22,btc,2.2309603181709265,19910038.31327144
2025-08-23,btc,2.201272176719621,19910513.31266958
2025-08-24,btc,2.167328504514984,19911016.8124341
2025-08-25,btc,2.101608862718138,19911457.43728359
2025-08-26,btc,2.1348985660008872,19911926.18644571
2025-08-27,btc,2.1218251202374474,19912394.93570583
2025-08-28,btc,2.142789122023943,19912891.81040165
2025-08-29,btc,2.0585239707912053,19913407.43506369
2025-08-30,btc,2.063022252855391,19913901.18485216
2025-08-31,btc,2.054653984489101,19914313.68392839
2025-09-01,btc,2.066472278033613,19914816.80858685
2025-09-02,btc,2.106133166120609,19915326.18210888
2025-09-03,btc,2.117352868701102,19915754.30613677
2025-09-04,btc,2.0988399671512,19916191.80554179
2025-09-05,btc,2.0909910896315393,19916638.6799903
2025-09-06,btc,2.081547548704114,19917076.17954741
2025-09-07,btc,2.1007955085878978,19917557.42915028
2025-09-08,btc,2.114485395928852,19918057.42893734
2025-09-09,btc,2.1019000165432096,19918579.3031611
2025-09-10,btc,2.145924375428194,19919110.55137479
2025-09-11,btc,2.171828406012249,19919579.30121742
2025-09-12,btc,2.1834524058125826,19919954.30107904
2025-09-13,btc,2.178678922337634,19920394.92564128
2025-09-14,btc,2.1673601179200923,19920873.04963312
2025-09-15,btc,2.1656665085615017,19921382.42404674
2025-09-16,btc,2.1888797241350617,19921882.4236011
2025-09-17,btc,2.1818070259413114,19922282.42355741
2025-09-18,btc,2.188425256780357,19922776.17312867
2025-09-19,btc,2.1584515968726663,19923301.17200279
2025-09-20,btc,2.1600824520314994,19923779.29684702
2025-09-21,btc,2.151199242305393,19924285.54658358
2025-09-22,btc,2.1030843290113816,19924754.29597328
2025-09-23,btc,2.0884207525288683,19925204.29540892
2025-09-24,btc,2.1098438050041244,19925682.41991233
2025-09-25,btc,2.0312424703115273,19926123.0442022
2025-09-26,btc,2.0392977420667635,19926535.54393123
2025-09-27,btc,2.0384097258593883,19927019.91856265
2025-09-28,btc,2.0843982136269275,19927535.54322349
2025-09-29,btc,2.122720877587773,19927973.04269274
2025-09-30,btc,2.1128072133352527,19928476.16734086
2025-10-01,btc,2.186155026712077,19928948.04210659
2025-10-02,btc,2.221772196583208,19929373.04168753
2025-10-03,btc,2.249202943238196,19929741.79167985
2025-10-04,btc,2.247639041410611,19930160.5415677
2025-10-05,btc,2.266766621760195,19930626.16644049
2025-10-06,btc,2.287145426879909,19931010.54125385
2025-10-07,btc,2.219347428097428,19931441.79109844
2025-10-08,btc,2.248606081441407,19931904.2908611
2025-10-09,btc,2.2125534313089372,19932279.29077496
2025-10-10,btc,2.070562788244427,19932691.79049044
2025-10-11,btc,2.0194789962614186,19933151.16535648
2025-10-12,btc,2.0951257451651712,19933604.29034837
2025-10-13,btc,2.09746317757528,19934079.29024129
2025-10-14,btc,2.056829337301677,19934607.41507201
2025-10-15,btc,2.005891025806165,19935057.41501474
2025-10-16,btc,1.9578568178170297,19935535.53996235
2025-10-17,btc,1.92928303157762,19936032.41491048
2025-10-18,btc,1.9381495183779995,19936548.03977609
2025-10-19,btc,1.965929731213064,19936982.41471914
2025-10-20,btc,2.000241242040893,19937448.03964951
2025-10-21,btc,1.9642552693241937,19937916.78957591
2025-10-22,btc,1.9422693938130509,19938394.91454782
2025-10-23,btc,1.9838505829202957,19938838.66452939
2025-10-24,btc,2.0002399703642184,19939398.03947926
2025-10-25,btc,2.010123020095332,19939898.03943167
2025-10-26,btc,2.061141989497095,19940357.41441729
2025-10-27,btc,2.0506486983041583,19940816.78928169
2025-10-28,btc,2.0269852854220023,19941323.0392265
2025-10-29,btc,1.9748570714184717,19941707.41421538
2025-10-30,btc,1.9325248327320044,19942207.41410432
2025-10-31,btc,1.9596274069163768,19942644.91409829
2025-11-01,btc,1.9663440701835695,19943076.16409725
2025-11-02,btc,1.97277646963442,19943560.53907935
2025-11-03,btc,1.9020882532144816,19944004.28904138
2025-11-04,btc,1.8116855886218344,19944413.66403078
2025-11-05,btc,1.857055734420492,19944844.91391502
2025-11-06,btc,1.8097201631689652,19945282.41386627
2025-11-07,btc,1.8428465053331913,19945726.16384477
2025-11-08,btc,1.8227583856026048,19946101.16382464
2025-11-09,btc,1.8641651761462623,19946541.78875368
2025-11-10,btc,1.8875443600732529,19946979.2887473
2025-11-11,btc,1.8318881974218433,19947457.41372336
2025-11-12,btc,1.8085099031300793,19947898.03856002
2025-11-13,btc,1.7800126434105843,19948366.78854092
2025-11-14,btc,1.6842606972655323,19948816.78847541
2025-11-15,btc,1.7025099652616345,19949263.66339631
2025-11-16,btc,1.6785525812642024,19949760.53816872
2025-11-17,btc,1.6392867114437717,19950148.03807872
2025-11-18,btc,1.654516965238705,19950563.66261439
2025-11-19,btc,1.628739580213074,19950991.78748284
2025-11-20,btc,1.5515619978194948,19951401.16243033
2025-11-21,btc,1.5202473672522108,19951873.03735691
2025-11-22,btc,1.5063202250156789,19952319.912294
2025-11-23,btc,1.5408129016405956,19952763.66192388
2025-11-24,btc,1.5674035927405892,19953210.53683846
2025-11-25,btc,1.5507097680723907,19953569.91131734
2025-11-26,btc,1.6019179596137352,19954082.41129558
2025-11-27,btc,1.6180110246025807,19954529.28628108
2025-11-28,btc,1.6124043653578792,19954998.03620112
2025-11-29,btc,1.609812435967487,19955426.16117954
2025-11-30,btc,1.605936798624271,19955948.03609673
2025-12-01,btc,1.533958697259218,19956363.66107464
2025-12-02,btc,1.6233866164835693,19956760.53600458
2025-12-03,btc,1.6594397707736588,19957173.03598707
2025-12-04,btc,1.6346860768202705,19957585.53596111
2025-12-05,btc,1.5845510954223283,19957957.4108358
2025-12-06,btc,1.5825974776524672,19958466.7857961
2025-12-07,btc,1.5985004613781386,19958966.78578562
2025-12-08,btc,1.6096177386431436,19959429.28575096
2025-12-09,btc,1.6469894512126808,19959832.41070624
2025-12-10,btc,1.6325770870501284,19960316.78567065
2025-12-11,btc,1.6416453987249755,19960816.78562884
2025-12-12,btc,1.6020026597826391,19961269.91062201
2025-12-13,btc,1.6004071227927794,19961716.78557605
2025-12-14,btc,1.5625992937931457,19962116.78553285
2025-12-15,btc,1.5334507834438562,19962535.53551883
2025-12-16,btc,1.5583000660090016,19962994.91048135
2025-12-17,btc,1.529104503632707,19963426.16047563
2025-12-18,btc,1.5183951212093736,19963876.16040556
2025-12-19,btc,1.5669393446155329,19964329.28534992
2025-12-20,btc,1.5699331395911071,19964788.66034185
2025-12-21,btc,1.5740329131051052,19965219.91033828
2025-12-22,btc,1.5730377244463174,19965654.28529741
2025-12-23,btc,1.5534926720508595,19966107.41028888
2025-12-24,btc,1.5586263806194096,19966604.28526302
2025-12-25,btc,1.5515779428765888,19967035.53525139
2025-12-26,btc,1.5547999122682277,19967523.03524805
2025-12-27,btc,1.561130488616242,19967948.03524033
2025-12-28,btc,1.5623713813655935,19968432.41022443
2025-12-29,btc,1.55184373281198,19968913.66011527
2025-12-30,btc,1.575194732866138,19969285.53502561
2025-12-31,btc,1.5599368640000817,19969701.1599654
2026-01-01,btc,1.5805666838787138,19970173.03489761
2026-01-02,btc,1.6028335346054856,19970623.03484367
2026-01-03,btc,1.6144428345714437,19971107.40983355
2026-01-04,btc,1.6278233718322608,19971560.53482149
2026-01-05,btc,1.6729656061920013,19971973.03481877
2026-01-06,btc,1.6656981847227377,19972379.28453587
2026-01-07,btc,1.6234736025512655,19972838.65935909
2026-01-08,btc,1.6216948371778772,19973251.15920587
2026-01-09,btc,1.6124074298017157,19973694.90915693
2026-01-10,btc,1.6100132123879032,19974201.15842725
2026-01-11,btc,1.61585640170226,19974582.40835316
2026-01-12,btc,1.6235117369511671,19975026.15828822
2026-01-13,btc,1.6956457102183624,19975448.03313325
2026-01-14,btc,1.725258285011508,19975835.5330804
2026-01-15,btc,1.698251329285832,19976269.90793874
2026-01-16,btc,1.6967501163466352,19976676.15787012
2026-01-17,btc,1.6895599397740113,19977141.78280853
2026-01-18,btc,1.6743922801666509,19977579.28273045
2026-01-19,btc,1.6436868798008475,19978048.03263225
2026-01-20,btc,1.5689223614895769,19978463.65753988
2026-01-21,btc,1.5933664347912715,19978891.78248334
2026-01-22,btc,1.5900557424434003,19979394.90737819
2026-01-23,btc,1.597227656500748,19979832.40734676
2026-01-24,btc,1.5927055312322624,19980138.6573255
2026-01-25,btc,1.5441681672754624,19980476.15727396
2026-01-26,btc,1.5779781705662028,19980863.65723296
2026-01-27,btc,1.594258404220792,19981244.90720207
2026-01-28,btc,1.5929682871962685,19981588.65719592
2026-01-29,btc,1.5108463744510503,19981988.65718699
2026-01-30,btc,1.502794123367734,19982398.03218206
2026-01-31,btc,1.409206961565977,19982829.28216426
2026-02-01,btc,1.3779375282101733,19983201.15715195
2026-02-02,btc,1.411272421681785,19983569.90713928
2026-02-03,btc,1.3597906397012431,19983982.40709518
2026-02-04,btc,1.315930750700471,19984426.1570621
2026-02-05,btc,1.1497951473288677,19984823.0320605
2026-02-06,btc,1.2794885803917828,19985276.15703973
2026-02-07,btc,1.2542864998384384,19985794.90702132
2026-02-08,btc,1.278752679408799,19986326.15697003
2026-02-09,btc,1.274890122985872,19986835.53196145
2026-02-10,btc,1.2481033012418763,19987285.53194323
2026-02-11,btc,1.2182387788490885,19987776.15693549
2026-02-12,btc,1.205655751536307,19988329.28192297
2026-02-13,btc,1.2543817127922632,19988801.15689779
2026-02-14,btc,1.271428434942344,19989319.90687007
2026-02-15,btc,1.2503520156434709,19989935.53185801
2026-02-16,btc,1.2529918805039757,19990482.40684522
2026-02-17,btc,1.230359595565078,19990998.03180826
2026-02-18,btc,1.21146371466258,19991476.15677497
2026-02-19,btc,1.221844787848528,19991973.03175161
2026-02-20,btc,1.2419474106076231,19992401.15670826
2026-02-21,btc,1.2427727388908913,19992773.03170125
2026-02-22,btc,1.234286313377275,19993285.53166242
2026-02-23,btc,1.1831842972470235,19993748.03163321
2026-02-24,btc,1.1743319937937022,19994263.65658282
2026-02-25,btc,1.2461229941727416,19994751.15653541
2026-02-26,btc,1.2368113915864163,19995188.65651923
2026-02-27,btc,1.2073254705520615,19995629.28146219
2026-02-28,btc,1.2275612619982268,19996076.15645449
2026-03-01,btc,1.2052481747995247,19996541.78136143
2026-03-02,btc,1.263760682233652,19996966.78083916
2026-03-03,btc,1.2548907532524818,19997385.53083797
2026-03-04,btc,1.3324599332646212,19997791.78083047
2026-03-05,btc,1.3020998734899651,19998310.530821
2026-03-06,btc,1.252787494903745,19998766.78080593
2026-03-07,btc,1.236301300128931,19999179.28076545
2026-03-08,btc,1.2160004257646573,19999598.03076505
2026-03-09,btc,1.258828872642114,20000029.2807458
2026-03-10,btc,1.2838921987216931,20000460.5307284
2026-03-11,btc,1.2926305604960422,20000894.90572402
2026-03-12,btc,1.297352966463531,20001298.0306968
2026-03-13,btc,1.30454126489792,20001676.15569067
2026-03-14,btc,1.3085611269402389,20002076.1556846
2026-03-15,btc,1.3372863065162932,20002466.78068161
2026-03-16,btc,1.3736647820354706,20002857.40566783
2026-03-17,btc,1.3620392217241302,20003254.28066414
2026-03-18,btc,1.3108271207032423,20003688.65566121
2026-03-19,btc,1.2873233530441244,20004107.40558936
2026-03-20,btc,1.2979134579553593,20004526.15545956
2026-03-21,btc,1.2832286394689276,20004957.40545461
2026-03-22,btc,1.2516621596693465,20005463.65542135
2026-03-23,btc,1.3014094083299217,20005963.65541698
2026-03-24,btc,1.3002777489726736,20006354.28035915
2026-03-25,btc,1.31291879231233,20006832.40533844
2026-03-26,btc,1.2664072256679189,20007348.03032055
2026-03-27,btc,1.221391534843414,20007823.03030771
2026-03-28,btc,1.2242821302425808,20008366.78029517
2026-03-29,btc,1.2173465160210977,20008816.7802818
2026-03-30,btc,1.2307677885365405,20009241.78028136
2026-03-31,btc,1.2594615926249517,20009666.78024669
2026-04-01,btc,1.2578004357870882,20010173.03024329
2026-04-02,btc,1.2361570581529682,20010626.15523187
2026-04-03,btc,1.2360952901456137,20011038.65521455
2026-04-04,btc,1.2435879583030514,20011413.65521417
2026-04-05,btc,1.2731860065048008,20011910.53021379
2026-04-06,btc,1.270093812424762,20012310.53020889
2026-04-07,btc,1.330703341528385,20012741.78019458
2026-04-08,btc,1.3129220338742065,20013204.28014687
2026-04-09,btc,1.325828946125455,20013654.28012088
2026-04-10,btc,1.3468426562660187,20014044.90508795
2026-04-11,btc,1.3497406830177825,20014429.28008618
2026-04-12,btc,1.3049673347970956,20014913.65498828
2026-04-13,btc,1.3770482398402828,20015376.1549035
2026-04-14,btc,1.3687529040183417,20015888.65486228
2026-04-15,btc,1.3796263886883915,20016279.279847
2026-04-16,btc,1.3856258612153995,20016754.27884235
2026-04-17,btc,1.4223235153878984,20017194.90372694
2026-04-18,btc,1.3980047368399022,20017673.0286331
2026-04-19,btc,1.3634656752952106,20018166.77860258
2026-04-20,btc,1.3987305546501194,20018573.02855363
2026-04-21,btc,1.4040391749892125,20018994.90352539
2026-04-22,btc,1.4451816880881303,20019404.27851069
2026-04-23,btc,1.4435180102987248,20019782.40348588
2026-04-24,btc,1.4313054086958685,20020248.02845462
2026-04-25,btc,1.4345741475645932,20020685.52844961
2026-04-26,btc,1.4512399107371685,20021151.15344954
2026-04-27,btc,1.4274966444382788,20021582.40341843
2026-04-28,btc,1.4098968122284417,20022016.77838466
2026-04-29,btc,1.4012950588480768,20022413.65333073
2026-04-30,btc,1.4109087161770764,20022851.15332902
2026-05-01,btc,1.4441109410626063,20023344.90332184
2026-05-02,btc,1.4546787719928145,20023769.90330144
2026-05-03,btc,1.4532128991393036,20024244.90329587
2026-05-04,btc,1.4734139625232838,20024710.52824333
2026-05-05,btc,1.49326488273632,20025179.27821603
2026-05-06,btc,1.5007289347155643,20025619.90321582
2026-05-07,btc,1.4754077327071486,20026063.65321411
2026-05-08,btc,1.4788069377076725,20026523.02819749
2026-05-09,btc,1.4875564619691928,20027057.40312911
2026-05-10,btc,1.5165762999799848,20027526.1531051
2026-05-11,btc,1.5062797314103844,20028041.77804923
2026-05-12,btc,1.4843434176790684,20028460.52804619
2026-05-13,btc,1.4616979219598496,20028894.90299488
2026-05-14,btc,1.496291810555883,20029366.7779783
2026-05-15,btc,1.4576482075977495,20029819.90297231
2026-05-16,btc,1.4411207320741923,20030291.77794765
2026-05-17,btc,1.4288785719516937,20030729.27792107
2026-05-18,btc,1.419569255459985,20031166.77770786
2026-05-19,btc,1.4170368263075273,20031610.52770125
2026-05-20,btc,1.4282474320399443,20032085.52765776
2026-05-21,btc,1.4318398636638516,20032482.40264502
2026-05-22,btc,1.3951977957217805,20032969.90261312
2026-05-23,btc,1.4145646606056597,20033482.40261292
2026-05-24,btc,1.4206921481906591,20033891.77761272
2026-05-25,btc,1.425980680386381,20034407.40261258
2026-05-26,btc,1.4000760710265765,20034841.77760875
2026-05-27,btc,1.3720698989749525,20035279.2775421
2026-05-28,btc,1.359302863594602,20035785.52747168
2026-05-29,btc,1.3570300412340588,20036223.0273888
2026-05-30,btc,1.3648020345772152,20036666.77734781
2026-05-31,btc,1.3623994613070085,20037116.7773178
2026-06-01,btc,1.321374781897173,20037538.65217847
2026-06-02,btc,1.23601499491039,20037882.40206787
2026-06-03,btc,1.1956320534404263,20038219.90199146
2026-06-04,btc,1.1858932878748485,20038663.65185009
2026-06-05,btc,1.1367970410942183,20039085.52672356
2026-06-06,btc,1.1346458274405713,20039466.77671468
2026-06-07,btc,1.178976675309288,20039832.40168165
2026-06-08,btc,1.1785132598364798,20040229.27553298
2026-06-09,btc,1.1517566167396358,20040616.7754601
2026-06-10,btc,1.148835844703938,20041010.51994462
2026-06-11,btc,1.1875449707608752,20041432.39174345
2026-06-12,btc,1.1877855212466688,20041891.76497128
2026-06-13,btc,1.205481911068106,20042279.26496518
2026-06-14,btc,1.2276315476665296,20042735.51493958
2026-06-15,btc,1.2393546167038156,20043204.26489031
2026-06-16,btc,1.2287326760856152,20043710.51489026
2026-06-17,btc,1.2059072762898515,20044123.0148902
2026-06-18,btc,1.1772253837760067,20044638.63989016
2026-06-19,btc,1.186374409712872,20045110.51488848
2026-06-20,btc,1.2034610271445665,20045594.88988525
2026-06-21,btc,1.186796520860484,20046013.63988521
2026-06-22,btc,1.197421605598321,20046501.13988518
2026-06-23,btc,1.1731976651833003,20047041.7646701
2026-06-24,btc,1.1423253250449799,20047526.13967006
2026-06-25,btc,1.12407957629493,20048057.38966005
2026-06-26,btc,1.1270469384410169,20048541.76463909
2026-06-27,btc,1.127011418515148,20049066.76463361
2026-06-28,btc,1.1189318202539256,20049469.88961839
2026-06-29,btc,1.1322838457186375,20049860.51461828
2026-06-30,btc,1.1027805682008869,20050326.13961277
2026-07-01,btc,1.1321108720363224,20050773.01461212
2026-07-02,btc,1.1581855624958048,20051182.3895992
2026-07-03,btc,1.1792987088316838,20051654.26448121
2026-07-04,btc,1.1891572189350943,20052135.51448118
2026-07-05,btc,1.1990647636450065,20052535.51434563
2026-07-06,btc,1.2073954618124445,20052898.01434561
2026-07-07,btc,1.196288648174336,20053335.51091219
2026-07-08,btc,1.1731707452338487,20053751.13589914
2026-07-09,btc,1.1916595724436172,20054141.76088755
2026-07-10,btc,1.2097400850398004,20054548.01088748
2026-07-11,btc,1.2054984500945254,20054982.38588737
2026-07-12,btc,1.2028364345302107,20055432.38588731
2026-07-13,btc,1.174318418220534,20055891.7608873
2026-07-14,btc,1.2276267731645216,20056373.01087634
2026-07-15,btc,1.2245682153726964,20056810.51085184
2026-07-16,btc,1.2064208959075768,20057188.63584605
2026-07-17,btc,1.2091270996686685,20057585.51083886
2026-07-18,btc,1.225397192666522,20058104.26073642
2026-07-19,btc,1.2229930312358035,20058619.88571881
2026-07-20,btc,1.2327473883123754,20059076.13571372
2026-07-21,btc,1.2553791423473124,20059507.38569737
2026-07-22,btc,1.2476042702123693,20059866.76067674
2026-07-23,btc,1.230958318826041,20060279.2606458
2026-07-24,btc,1.2125716215451372,20060760.5105907
2026-07-25,btc,1.2164163415587756,20061191.76057864
2026-07-26,btc,1.2352156606776297,20061648.01057611
2026-07-27,btc,1.2052013444237608,20062079.26057608
2026-07-28,btc,1.205490199335648,20062476.13557513
2026-07-29,btc,1.2088544364298526,20062923.0105751
2026-07-30,btc,1.2262799635545538,20063401.13557501
2026-07-31,btc,1.189970381191086,20063891.76057344
2026-08-01,btc,1.1887286460199475,20064404.26057322
2026-08-02,btc,1.201895276659115,20064854.26057193
2026-08-03,btc,1.2028012046866425,20065323.01042797
2026-08-04,btc,1.2162144313735614,20065763.63533705
2026-08-05,btc,1.2251059832401532,20066207.38531704
2026-08-06,btc,1.2175780136267051,20066607.38530307
2026-08-07,btc,1.2302038699452365,20067101.13530302
2026-08-08,btc,1.2308097221233911,20067548.01030297
2026-08-09,btc,1.2301135746614489,20067994.88530293
2026-08-10,btc,1.2122143561693552,20068429.26030288
2026-08-11,btc,1.2056671434624349,20068832.38530277
2026-08-12,btc,1.2025578842369824,20069273.00982767
