date,usdt_dominance
2015-03-08,0.006466206535788296
2015-03-09,0.006193833580948711
2015-03-10,0.00614060565092767
2015-03-11,0.006006928560630446
2015-03-12,0.006030830379784787
2015-03-13,0.006289375010962566
2015-03-14,0.0063146297125675375
2015-03-15,0.006198545369011588
2015-03-16,0.006145158712242181
2015-03-17,0.00628380623239311
2015-03-18,0.006925099961322108
2015-03-19,0.006781026629211467
2015-03-20,0.006774689734085706
2015-03-21,0.006817846338333652
2015-03-22,0.006611037582650825
2015-03-23,0.006652581410104105
2015-03-24,0.007217545052776014
2015-03-25,0.007156813514241793
2015-03-26,0.007096580733005266
2015-03-27,0.00712863612585603
2015-03-28,0.006993210235884095
2015-03-29,0.007294093670893926
2015-03-30,0.00712416546276716
2015-03-31,0.0072352710629767295
2015-04-01,0.0071629926117341685
2015-04-02,0.006973635305187082
2015-04-03,0.006951270289257205
2015-04-04,0.006967968098107716
2015-04-05,0.006775633409575394
2015-04-06,0.006909731242625742
2015-04-07,0.006957614839134531
2015-04-08,0.007209775951594192
2015-04-09,0.007257654796004346
2015-04-10,0.007487220390334459
2015-04-11,0.007484472708767797
2015-04-12,0.0074618666983185785
2015-04-13,0.007905325336596278
2015-04-14,0.008175935243226153
2015-04-15,0.007918701083099791
2015-04-16,0.007757023646317703
2015-04-17,0.007929358881589297
2015-04-18,0.0078985324255786
2015-04-19,0.007917859487823895
2015-04-20,0.007856154407203603
2015-04-21,0.007474666394507426
2015-04-22,0.0075461046669892074
2015-04-23,0.007460661205465392
2015-04-24,0.007653009441915195
2015-04-25,0.007791212267022429
2015-04-26,0.008010141767007782
2015-04-27,0.007743017767937766
2015-04-28,0.007817601832623172
2015-04-29,0.007808297597126275
2015-04-30,0.0074572809931682995
2015-05-01,0.007628730502007912
2015-05-02,0.0075356922635702595
2015-05-03,0.007363619130377951
2015-05-04,0.0073851625874862175
2015-05-05,0.007487497430197292
2015-05-06,0.007701490124490062
2015-05-07,0.00743080841835169
2015-05-08,0.0072372055446081555
2015-05-09,0.007274704914086206
2015-05-10,0.007348018017537853
2015-05-11,0.007281834147753694
2015-05-12,0.007283915617512134
2015-05-13,0.0074393854529030586
2015-05-14,0.007397978160969213
2015-05-15,0.007389341505922979
2015-05-16,0.0074427482725797365
2015-05-17,0.007420367948817714
2015-05-18,0.007518744126872068
2015-05-19,0.007565279614244022
2015-05-20,0.007465636214886478
2015-05-21,0.007445925563992893
2015-05-22,0.007317720872652873
2015-05-23,0.007350595430674858
2015-05-24,0.013091165332578262
2015-05-25,0.013288112781920458
2015-05-26,0.013274813596469688
2015-05-27,0.013293606701453114
2015-05-28,0.01320727471468535
2015-05-29,0.013235216563885085
2015-05-30,0.01346877578132631
2015-05-31,0.013625459379328023
2015-06-01,0.013963670337861514
2015-06-02,0.013851437277513375
2015-06-03,0.013915143427241141
2015-06-04,0.013991835875834024
2015-06-05,0.013898438952521146
2015-06-06,0.013857035418663333
2015-06-07,0.013972948634408126
2015-06-08,0.013636639885172549
2015-06-09,0.0136108166557338
2015-06-10,0.013661946447877098
2015-06-11,0.013594683086917045
2015-06-12,0.013575140619846954
2015-06-13,0.013438544027642621
2015-06-14,0.013390410391079898
2015-06-15,0.013171374795270896
2015-06-16,0.01242352024949024
2015-06-17,0.012533197823576755
2015-06-18,0.012497862504217661
2015-06-19,0.012738962757447382
2015-06-20,0.012681344484953123
2015-06-21,0.012720878826922516
2015-06-22,0.012597038802632196
2015-06-23,0.012724862376415336
2015-06-24,0.012917413234956387
2015-06-25,0.012820696740045009
2015-06-26,0.012770349990137852
2015-06-27,0.01235310034863803
2015-06-28,0.012463845748573855
2015-06-29,0.012099377299081088
2015-06-30,0.011805579629951237
2015-07-01,0.012028404441542538
2015-07-02,0.012172409087606481
2015-07-03,0.01210566935500879
2015-07-04,0.011902973570898444
2015-07-05,0.011397533710395966
2015-07-06,0.011526758735712168
2015-07-07,0.011655868886724863
2015-07-08,0.011439381457952431
2015-07-09,0.011505867625435184
2015-07-10,0.010842851731747339
2015-07-11,0.010615585363993103
2015-07-12,0.009951919333301569
2015-07-13,0.010551459876900177
2015-07-14,0.010741317398858915
2015-07-15,0.010812377616411777
2015-07-16,0.011124184991109426
2015-07-17,0.0110564863285294
2015-07-18,0.011162365449483942
2015-07-19,0.011196151079687322
2015-07-20,0.011056804252327208
2015-07-21,0.01114442586853418
2015-07-22,0.011104710170442563
2015-07-23,0.011146923804652157
2015-07-24,0.01067166968982192
2015-07-25,0.01068085468026266
2015-07-26,0.01049724720717437
2015-07-27,0.01046060126160658
2015-07-28,0.010468223124150347
2015-07-29,0.010620599983663314
2015-07-30,0.010683038530586688
2015-07-31,0.010815557312680189
2015-08-01,0.010982146184282832
2015-08-02,0.010878124334763335
2015-08-03,0.01095253095765999
2015-08-04,0.010780310171212703
2015-08-05,0.010926342818526957
2015-08-06,0.011065129351052645
2015-08-07,0.010986508094535448
2015-08-08,0.011718122837013855
2015-08-09,0.011571375686105648
2015-08-10,0.011601964279386591
2015-08-11,0.01131122065556781
2015-08-12,0.011453612542981413
2015-08-13,0.011591968456557843
2015-08-14,0.011554821061689664
2015-08-15,0.011729734740300016
2015-08-16,0.011954998122669853
2015-08-17,0.011939748928541952
2015-08-18,0.013617583778593735
2015-08-19,0.013492211191921073
2015-08-20,0.012996322475092708
2015-08-21,0.013112263256250168
2015-08-22,0.013255146974713108
2015-08-23,0.013356669725638577
2015-08-24,0.014583379966689512
2015-08-25,0.013750174027811393
2015-08-26,0.0135423286903754
2015-08-27,0.013591056541862746
2015-08-28,0.013209172205577102
2015-08-29,0.013271153246711019
2015-08-30,0.013336021383125648
2015-08-31,0.013289417831758663
2015-09-01,0.013400309139729519
2015-09-02,0.01333088895472767
2015-09-03,0.013445745971760074
2015-09-04,0.013256368671400972
2015-09-05,0.012953515286911365
2015-09-06,0.012684776409836363
2015-09-07,0.012692746415707654
2015-09-08,0.012490052822084307
2015-09-09,0.012789527846853587
2015-09-10,0.01277549373106112
2015-09-11,0.012704937416207034
2015-09-12,0.012985010593926755
2015-09-13,0.01325752885133994
2015-09-14,0.013256090149923254
2015-09-15,0.013234151187455932
2015-09-16,0.013325397624215559
2015-09-17,0.013106451783172029
2015-09-18,0.013050688960537552
2015-09-19,0.01323045669551123
2015-09-20,0.013189547926175705
2015-09-21,0.013423956249114988
2015-09-22,0.013181764520104949
2015-09-23,0.013239721410392861
2015-09-24,0.012992169672541357
2015-09-25,0.012921543883968292
2015-09-26,0.01299860009233673
2015-09-27,0.013052226343188464
2015-09-28,0.012687308848087855
2015-09-29,0.012807721859529629
2015-09-30,0.012846985784254366
2015-10-01,0.012802757340335556
2015-10-02,0.012775703598228987
2015-10-03,0.012716632939613403
2015-10-04,0.012713076221416576
2015-10-05,0.012595645627691953
2015-10-06,0.012305904323889637
2015-10-07,0.012473857219017222
2015-10-08,0.012490755574777973
2015-10-09,0.01240491574060578
2015-10-10,0.012342234545390006
2015-10-11,0.01220633008122405
2015-10-12,0.012315293948467218
2015-10-13,0.012126915858633522
2015-10-14,0.012005011064008727
2015-10-15,0.011911715604623884
2015-10-16,0.011528850536151937
2015-10-17,0.01123503377502
2015-10-18,0.011598232785253697
2015-10-19,0.011485707118598622
2015-10-20,0.011190480251744189
2015-10-21,0.01131044409798228
2015-10-22,0.011009473771759346
2015-10-23,0.010880114695936565
2015-10-24,0.01071800663527805
2015-10-25,0.010658529059068724
2015-10-26,0.010553148248797568
2015-10-27,0.010243934771507975
2015-10-28,0.009905365386087956
2015-10-29,0.009614024101747375
2015-10-30,0.009208651831777442
2015-10-31,0.009760733675597306
2015-11-01,0.009273431130987188
2015-11-02,0.008359358335321788
2015-11-03,0.007492249910750605
2015-11-04,0.007425088812547479
2015-11-05,0.007857062296633167
2015-11-06,0.008082830182585614
2015-11-07,0.007892983306978102
2015-11-08,0.008107897105561838
2015-11-09,0.007998435952736192
2015-11-10,0.008969551054960102
2015-11-11,0.009742308998501986
2015-11-12,0.008957235821790957
2015-11-13,0.008961005310314135
2015-11-14,0.00906750099627715
2015-11-15,0.009440127468837826
2015-11-16,0.009111609005248622
2015-11-17,0.008971349046114338
2015-11-18,0.008963333115115399
2015-11-19,0.009230254940489733
2015-11-20,0.009344424781111233
2015-11-21,0.009216898026226114
2015-11-22,0.009267707883520132
2015-11-23,0.00928789778635178
2015-11-24,0.009398582920738793
2015-11-25,0.00913716833542002
2015-11-26,0.008514180973793152
2015-11-27,0.008421244233450951
2015-11-28,0.008427737695887968
2015-11-29,0.008083104272710633
2015-11-30,0.0079735992599033
2015-12-01,0.008273216081732024
2015-12-02,0.00836753510259553
2015-12-03,0.008308241357998838
2015-12-04,0.008255618442478367
2015-12-05,0.007741258992519017
2015-12-06,0.01627146179489569
2015-12-07,0.015970739500309576
2015-12-08,0.01511756456538376
2015-12-09,0.015146475778681024
2015-12-10,0.015201004693119066
2015-12-11,0.013945125085536964
2015-12-12,0.014482640617042157
2015-12-13,0.01455753918736881
2015-12-14,0.01422238943311137
2015-12-15,0.013580475841322987
2015-12-16,0.01383532596777138
2015-12-17,0.013828101346115439
2015-12-18,0.013640034878796448
2015-12-19,0.013664171445194412
2015-12-20,0.014227120304952625
2015-12-21,0.014370446231858784
2015-12-22,0.01445499913995176
2015-12-23,0.014227893158426572
2015-12-24,0.013837048427303648
2015-12-25,0.013818616579433035
2015-12-26,0.015073407912959497
2015-12-27,0.014889252736225659
2015-12-28,0.014892159979623185
2015-12-29,0.014540179365278818
2015-12-30,0.014740540488494016
2015-12-31,0.014572433331487014
2016-01-01,0.014473171820684621
2016-01-02,0.0144806540740112
2016-01-03,0.014540105441343112
2016-01-04,0.01443393559301448
2016-01-05,0.014494917038439642
2016-01-06,0.014592959074598736
2016-01-07,0.013720319326936231
2016-01-08,0.013846911037179922
2016-01-09,0.013961348613324645
2016-01-10,0.02126140320654633
2016-01-11,0.02129861756350944
2016-01-12,0.02193679164281554
2016-01-13,0.022053115316302104
2016-01-14,0.022197105133959793
2016-01-15,0.026467356193126394
2016-01-16,0.024632281171430043
2016-01-17,0.024960266616510417
2016-01-18,0.024642720763677666
2016-01-19,0.02522690487423987
2016-01-20,0.022831871818375284
2016-01-21,0.023184685762703217
2016-01-22,0.024814594152481263
2016-01-23,0.024590698790330906
2016-01-24,0.023573641382577976
2016-01-25,0.02425120856077153
2016-01-26,0.0241208726603358
2016-01-27,0.023892648836968136
2016-01-28,0.02487955855171572
2016-01-29,0.0249879535467157
2016-01-30,0.025194666033964187
2016-01-31,0.02563159991635854
2016-02-01,0.025403185639621597
2016-02-02,0.02532182345169551
2016-02-03,0.025637652630408375
2016-02-04,0.024351587450289067
2016-02-05,0.024515623553447698
2016-02-06,0.025147131521750056
2016-02-07,0.02512390138460481
2016-02-08,0.025401811593882245
2016-02-09,0.025247024652244685
2016-02-10,0.02482889986955608
2016-02-11,0.024947331674419874
2016-02-12,0.02456205855926713
2016-02-13,0.0240805707788835
2016-02-14,0.023238642079170743
2016-02-15,0.02353961403334446
2016-02-16,0.023061747657874946
2016-02-17,0.022645750741124956
2016-02-18,0.022352552462045528
2016-02-19,0.02243317309003219
2016-02-20,0.021668284361104666
2016-02-21,0.02143035875308383
2016-02-22,0.021442196465393505
2016-02-23,0.02242721923342258
2016-02-24,0.022173099279152734
2016-02-25,0.02218480453877888
2016-02-26,0.02176262212020653
2016-02-27,0.0218105830053142
2016-02-28,0.021749883113090857
2016-02-29,0.021571117269434746
2016-03-01,0.021713644064849182
2016-03-02,0.022174274929353147
2016-03-03,0.022311360783599674
2016-03-04,0.022977539835586692
2016-03-05,0.023435018791927383
2016-03-06,0.023030073067037794
2016-03-07,0.022602875154796892
2016-03-08,0.022717749148712857
2016-03-09,0.022644780653007943
2016-03-10,0.022446324928437063
2016-03-11,0.022276250983032347
2016-03-12,0.02270963035400686
2016-03-13,0.022541867776985025
2016-03-14,0.02246150154552347
2016-03-15,0.022413184299732807
2016-03-16,0.022359349033529784
2016-03-17,0.02227068932160598
2016-03-18,0.02285395624738222
2016-03-19,0.022782497457324156
2016-03-20,0.022614444442634773
2016-03-21,0.022588052906134835
2016-03-22,0.02232749242765803
2016-03-23,0.02225844218180549
2016-03-24,0.022366722285333596
2016-03-25,0.02232390418159348
2016-03-26,0.02226033956882586
2016-03-27,0.022263047908468146
2016-03-28,0.021937705143647117
2016-03-29,0.022278587621254432
2016-03-30,0.022412295356091582
2016-03-31,0.022367961130624683
2016-04-01,0.022270364841700516
2016-04-02,0.022113821349985692
2016-04-03,0.02207762680663785
2016-04-04,0.022087844149396785
2016-04-05,0.021901770085621657
2016-04-06,0.021989504069133827
2016-04-07,0.022051798211502705
2016-04-08,0.02217204795513102
2016-04-09,0.022161366459920288
2016-04-10,0.021978719075362915
2016-04-11,0.021862153388625863
2016-04-12,0.021735075794753433
2016-04-13,0.021811691820610428
2016-04-14,0.021802354119354807
2016-04-15,0.021584713739397823
2016-04-16,0.021519712762982972
2016-04-17,0.021639718361091125
2016-04-18,0.02160754015966561
2016-04-19,0.0212371291827091
2016-04-20,0.02093283324935313
2016-04-21,0.020534581788502787
2016-04-22,0.02067307040199089
2016-04-23,0.020484514267400205
2016-04-24,0.02008371572626377
2016-04-25,0.020002311281570817
2016-04-26,0.01978861193540631
2016-04-27,0.02074837865034674
2016-04-28,0.02057008882922616
2016-04-29,0.020241100897444717
2016-04-30,0.0205979973507073
2016-05-01,0.02736006727153787
2016-05-02,0.02790335369931543
2016-05-03,0.027506150196794983
2016-05-04,0.027748690508089518
2016-05-05,0.02764109970751638
2016-05-06,0.02705638371856758
2016-05-07,0.027087337250234336
2016-05-08,0.027022734303296596
2016-05-09,0.026882435322092134
2016-05-10,0.027424510862077013
2016-05-11,0.027337912051715808
2016-05-12,0.02720100563028426
2016-05-13,0.027229348198170605
2016-05-14,0.027271809093690896
2016-05-15,0.026994216544256405
2016-05-16,0.027201835492013462
2016-05-17,0.027257683280635266
2016-05-18,0.027264346605023724
2016-05-19,0.02828104031617966
2016-05-20,0.027849399932038017
2016-05-21,0.027800919246112776
2016-05-22,0.02803706680922396
2016-05-23,0.027776354838895474
2016-05-24,0.02771880699227413
2016-05-25,0.02743555147571092
2016-05-26,0.027221665425820597
2016-05-27,0.026116145519865408
2016-05-28,0.023772440214309114
2016-05-29,0.02368020944221948
2016-05-30,0.02325533370527492
2016-05-31,0.023076963604187064
2016-06-01,0.022854075546322274
2016-06-02,0.022814983298625337
2016-06-03,0.021543836988571572
2016-06-04,0.021387197461032462
2016-06-05,0.032282305293219404
2016-06-06,0.03171558694074509
2016-06-07,0.032100152142691005
2016-06-08,0.03178350075218759
2016-06-09,0.03220168776037748
2016-06-10,0.03203895269488441
2016-06-11,0.030389854138599185
2016-06-12,0.02759019113835724
2016-06-13,0.026317691143408744
2016-06-14,0.027026755081525623
2016-06-15,0.026659921164056268
2016-06-16,0.024194926959756616
2016-06-17,0.02489484264220973
2016-06-18,0.024592718377381598
2016-06-19,0.04907228905316944
2016-06-20,0.051123670981576406
2016-06-21,0.05595210131666779
2016-06-22,0.06204523452671751
2016-06-23,0.059693278376853495
2016-06-24,0.0564324758742082
2016-06-25,0.05662964611457476
2016-06-26,0.05889803471414802
2016-06-27,0.05723656432008097
2016-06-28,0.05737122280066982
2016-06-29,0.057951015013332045
2016-06-30,0.055176590895099215
2016-07-01,0.05486720945338363
2016-07-02,0.05319847860374957
2016-07-03,0.056393183161127465
2016-07-04,0.05463503124678422
2016-07-05,0.055701515735420516
2016-07-06,0.05502316859852457
2016-07-07,0.05816543398955139
2016-07-08,0.056062120362558726
2016-07-09,0.05672239119785212
2016-07-10,0.056855090411099485
2016-07-11,0.056571480285378534
2016-07-12,0.05436259651618134
2016-07-13,0.0551278855089669
2016-07-14,0.05477863706761776
2016-07-15,0.05446488875437491
2016-07-16,0.054551186371344366
2016-07-17,0.06205736029478221
2016-07-18,0.06304546034367356
2016-07-19,0.06221822116217452
2016-07-20,0.0631597051912539
2016-07-21,0.06327608660066093
2016-07-22,0.06478058096977786
2016-07-23,0.06396887431340505
2016-07-24,0.06318153388463921
2016-07-25,0.06403963603420061
2016-07-26,0.0647807799267372
2016-07-27,0.06423398247181206
2016-07-28,0.0643302962694086
2016-07-29,0.06450397629444272
2016-07-30,0.06465255714336497
2016-07-31,0.06773986310195101
2016-08-01,0.06973351477760514
2016-08-02,0.07926701374149589
2016-08-03,0.0736194481241607
2016-08-04,0.07229632432274638
2016-08-05,0.0734270389967475
2016-08-06,0.0716692237242633
2016-08-07,0.07084163630448005
2016-08-08,0.07085070363978836
2016-08-09,0.07199567055964606
2016-08-10,0.06931915550001458
2016-08-11,0.06934994818941187
2016-08-12,0.06923067516526157
2016-08-13,0.071919553864549
2016-08-14,0.0737076349602001
2016-08-15,0.07419043978917025
2016-08-16,0.07307399861265094
2016-08-17,0.07328562392815839
2016-08-18,0.07336012962434979
2016-08-19,0.0734111195343062
2016-08-20,0.07267780001163794
2016-08-21,0.07257268897131486
2016-08-22,0.07165820863847035
2016-08-23,0.0724574983839712
2016-08-24,0.07281733297870419
2016-08-25,0.07342842747422597
2016-08-26,0.07312241387089112
2016-08-27,0.07417619142619497
2016-08-28,0.07337703853680455
2016-08-29,0.07315520450747245
2016-08-30,0.07276105306645148
2016-08-31,0.0727882225786058
2016-09-01,0.07371849928873785
2016-09-02,0.0728928076339071
2016-09-03,0.07010086186371994
2016-09-04,0.06898934176158
2016-09-05,0.0689795845318729
2016-09-06,0.06839601242879367
2016-09-07,0.0681460206367329
2016-09-08,0.06722685457895598
2016-09-09,0.06754864339609339
2016-09-10,0.06742038308184944
2016-09-11,0.06938390922822794
2016-09-12,0.06914430468008337
2016-09-13,0.06912192433790615
2016-09-14,0.06900614345566544
2016-09-15,0.06950055272836694
2016-09-16,0.069363111827425
2016-09-17,0.06945124469088262
2016-09-18,0.06910849911073476
2016-09-19,0.06906151140655921
2016-09-20,0.07022633448102618
2016-09-21,0.07070289869028229
2016-09-22,0.07068482746303424
2016-09-23,0.06993822229525926
2016-09-24,0.06981737693889319
2016-09-25,0.06988453901681746
2016-09-26,0.0692137843537926
2016-09-27,0.06948429369516705
2016-09-28,0.06957679749274871
2016-09-29,0.069560926179619
2016-09-30,0.06912874561935707
2016-10-01,0.06877975032151387
2016-10-02,0.06901299036591584
2016-10-03,0.06871425611842429
2016-10-04,0.06913292514205131
2016-10-05,0.06896166031421623
2016-10-06,0.06900391245429889
2016-10-07,0.06841430272557365
2016-10-08,0.06841026583757692
2016-10-09,0.06799144559843331
2016-10-10,0.06793457765828764
2016-10-11,0.0657531659473404
2016-10-12,0.06617169966759658
2016-10-13,0.06616136983181987
2016-10-14,0.0660845574028552
2016-10-15,0.0663227628337727
2016-10-16,0.06584046931611519
2016-10-17,0.06607646363001465
2016-10-18,0.06634129585817987
2016-10-19,0.06698126133695752
2016-10-20,0.06693286200300963
2016-10-21,0.0667313189656043
2016-10-22,0.0643012787104238
2016-10-23,0.06471495839034795
2016-10-24,0.06487716471016126
2016-10-25,0.0648105056829496
2016-10-26,0.06289833874383913
2016-10-27,0.062082969642342396
2016-10-28,0.06140785193291873
2016-10-29,0.05937799233168878
2016-10-30,0.060534794609475334
2016-10-31,0.06064907247207156
2016-11-01,0.058112719493527754
2016-11-02,0.057641101284899667
2016-11-03,0.06167305301699419
2016-11-04,0.05988938500551037
2016-11-05,0.05978783720047852
2016-11-06,0.05934414040947597
2016-11-07,0.05955220846963295
2016-11-08,0.05926412226459466
2016-11-09,0.05856662595647749
2016-11-10,0.059339708893201365
2016-11-11,0.05896564618669141
2016-11-12,0.06019168593532828
2016-11-13,0.059995430356835855
2016-11-14,0.059509039721912724
2016-11-15,0.0591191928763971
2016-11-16,0.05710316887590468
2016-11-17,0.05738246804811043
2016-11-18,0.05639245929208089
2016-11-19,0.056327059238329265
2016-11-20,0.05806539826873571
2016-11-21,0.057217467192752836
2016-11-22,0.056395158724011615
2016-11-23,0.05682057270845263
2016-11-24,0.05715161155379878
2016-11-25,0.05685987545173639
2016-11-26,0.057361213345090235
2016-11-27,0.05777376923654576
2016-11-28,0.057452529766791126
2016-11-29,0.05749860119357203
2016-11-30,0.05672180691997695
2016-12-01,0.055913568229081334
2016-12-02,0.05445928564867215
2016-12-03,0.05502236092132059
2016-12-04,0.055060933835396765
2016-12-05,0.05592063621115079
2016-12-06,0.05555903606845094
2016-12-07,0.055066425120484576
2016-12-08,0.05484923333449679
2016-12-09,0.05467244281370393
2016-12-10,0.05460412679282806
2016-12-11,0.054604357170039426
2016-12-12,0.05399031239288714
2016-12-13,0.05405222935519667
2016-12-14,0.05421070697095227
2016-12-15,0.05431284547640639
2016-12-16,0.052664650614079364
2016-12-17,0.052279172002450885
2016-12-18,0.052133070717312026
2016-12-19,0.05220761355433694
2016-12-20,0.05158376345983045
2016-12-21,0.04988950207557095
2016-12-22,0.04838047619405967
2016-12-23,0.0454921926108903
2016-12-24,0.04634657579245644
2016-12-25,0.04630045677760396
2016-12-26,0.04583265543735856
2016-12-27,0.04447208494670924
2016-12-28,0.04226875937871044
2016-12-29,0.04261024956405902
2016-12-30,0.04299615320384679
2016-12-31,0.04251337981070176
2017-01-01,0.05938280723592306
2017-01-02,0.058078582417301794
2017-01-03,0.057233384440639655
2017-01-04,0.05186624014710208
2017-01-05,0.05881249238958756
2017-01-06,0.0660143857934279
2017-01-07,0.0650953423846227
2017-01-08,0.09696767860988467
2017-01-09,0.09785914447593448
2017-01-10,0.09757728670680411
2017-01-11,0.1129806062887817
2017-01-12,0.1093238337695217
2017-01-13,0.10655855140026527
2017-01-14,0.10685343281362102
2017-01-15,0.10646281361058257
2017-01-16,0.1054964785372263
2017-01-17,0.09745588170811954
2017-01-18,0.09973789803942555
2017-01-19,0.09754937908988905
2017-01-20,0.09837963072268029
2017-01-21,0.09565839916320097
2017-01-22,0.09544368563323045
2017-01-23,0.09603795744575142
2017-01-24,0.09996748001750606
2017-01-25,0.09868730444368781
2017-01-26,0.0963623811890697
2017-01-27,0.09594949881357778
2017-01-28,0.09582102956292411
2017-01-29,0.09631814219676907
2017-01-30,0.0956579274559506
2017-01-31,0.09100822373710139
2017-02-01,0.08936227011034163
2017-02-02,0.08787074691857247
2017-02-03,0.08705973814965512
2017-02-04,0.08576912542093565
2017-02-05,0.14596888713721343
2017-02-06,0.14419812345848623
2017-02-07,0.14007395153849808
2017-02-08,0.1402910308648312
2017-02-09,0.1493403735733799
2017-02-10,0.14755593722281507
2017-02-11,0.14569590988129816
2017-02-12,0.14641559407808794
2017-02-13,0.14742614599307183
2017-02-14,0.14554355593033025
2017-02-15,0.14556472548385566
2017-02-16,0.14266543448112956
2017-02-17,0.1393601539161477
2017-02-18,0.1394529804895
2017-02-19,0.13980070994955082
2017-02-20,0.13622488133667707
2017-02-21,0.13066881551990042
2017-02-22,0.1311844979613963
2017-02-23,0.12535970986077086
2017-02-24,0.12524846298314612
2017-02-25,0.12885808521441525
2017-02-26,0.125160943711349
2017-02-27,0.12389482410983718
2017-02-28,0.12366500748318221
2017-03-01,0.12003362861771098
2017-03-02,0.11688108778682826
2017-03-03,0.11414423984784892
2017-03-04,0.11596318063718061
2017-03-05,0.11537366333248414
2017-03-06,0.11392135571719621
2017-03-07,0.11860889646120767
2017-03-08,0.12736472406260396
2017-03-09,0.12225705109044398
2017-03-10,0.13155762805975016
2017-03-11,0.1225977812039143
2017-03-12,0.16434007374068435
2017-03-13,0.16230804245999847
2017-03-14,0.16141141742143844
2017-03-15,0.15915810563137406
2017-03-16,0.1700065057212407
2017-03-17,0.18524512224833564
2017-03-18,0.20250668862849536
2017-03-19,0.24863882270318638
2017-03-20,0.24265400448417793
2017-03-21,0.22851206019783685
2017-03-22,0.24301441815192523
2017-03-23,0.2422475291739952
2017-03-24,0.26553389184091314
2017-03-25,0.25942351102446676
2017-03-26,0.2585315425065546
2017-03-27,0.24135413871189493
2017-03-28,0.24028083384889723
2017-03-29,0.2408091340076784
2017-03-30,0.23868725031276614
2017-03-31,0.22806435865161617
2017-04-01,0.22592527763616108
2017-04-02,0.25568720947406964
2017-04-03,0.25880995677601903
2017-04-04,0.25669698597778967
2017-04-05,0.26103705844726666
2017-04-06,0.25067259241242673
2017-04-07,0.2492666985509194
2017-04-08,0.2511999710227308
2017-04-09,0.24671190276688684
2017-04-10,0.24618984661249504
2017-04-11,0.24477793794797498
2017-04-12,0.24338281956988714
2017-04-13,0.25046205358677565
2017-04-14,0.2504116168622896
2017-04-15,0.2494586977234515
2017-04-16,0.22095690209031033
2017-04-17,0.21463587277953133
2017-04-18,0.2142942530665261
2017-04-19,0.21440292057450888
2017-04-20,0.2113468470333585
2017-04-21,0.20548627042691509
2017-04-22,0.20185551665015136
2017-04-23,0.21736586801518817
2017-04-24,0.21568964043046285
2017-04-25,0.2089626593308324
2017-04-26,0.21057007353610624
2017-04-27,0.2012751571421948
2017-04-28,0.20187052955213855
2017-04-29,0.19524807287695176
2017-04-30,0.22417366992002744
2017-05-01,0.20977735722163682
2017-05-02,0.20939253374812167
2017-05-03,0.20158365266974798
2017-05-04,0.19769844641892598
2017-05-05,0.19866811957313663
2017-05-06,0.19235894021142458
2017-05-07,0.16833908078367543
2017-05-08,0.16026519072368067
2017-05-09,0.1650982103329449
2017-05-10,0.15813514206625262
2017-05-11,0.1525399817858553
2017-05-12,0.15976870047698535
2017-05-13,0.15301191337923578
2017-05-14,0.15092964578367804
2017-05-15,0.14713821110218542
2017-05-16,0.13966741530227214
2017-05-17,0.12935006059926588
2017-05-18,0.1272751214284376
2017-05-19,0.12938671653274547
2017-05-20,0.12202060488748608
2017-05-21,0.12294628269592228
2017-05-22,0.12306015829633844
2017-05-23,0.1127305808085553
2017-05-24,0.11092246432879102
2017-05-25,0.1190983343270576
2017-05-26,0.12162918673544423
2017-05-27,0.13474740196692508
2017-05-28,0.21121156417730275
2017-05-29,0.2131872589168956
2017-05-30,0.21997139043940164
2017-05-31,0.21220690052877728
2017-06-01,0.1883962903782058
2017-06-02,0.18624520268259218
2017-06-03,0.181188601138169
2017-06-04,0.17940604535712504
2017-06-05,0.17083308542877246
2017-06-06,0.16098041704386254
2017-06-07,0.17212583333919668
2017-06-08,0.16299868900774783
2017-06-09,0.1609837767134213
2017-06-10,0.1601519237708716
2017-06-11,0.18698861346729587
2017-06-12,0.20928060164315232
2017-06-13,0.20265415879573123
2017-06-14,0.22180035256613626
2017-06-15,0.22930603603923097
2017-06-16,0.2205595213131443
2017-06-17,0.20961761976114934
2017-06-18,0.2172147781862557
2017-06-19,0.20604082567673462
2017-06-20,0.19589356994774332
2017-06-21,0.20702419003601366
2017-06-22,0.2029945047545387
2017-06-23,0.200630123999643
2017-06-24,0.2141214265669751
2017-06-25,0.24870938241604792
2017-06-26,0.2586225199222845
2017-06-27,0.24645703916157755
2017-06-28,0.24849252891854662
2017-06-29,0.25146853626883103
2017-06-30,0.25724827375183895
2017-07-01,0.26555437806974813
2017-07-02,0.38505453936138395
2017-07-03,0.3744944735878525
2017-07-04,0.36563724251278656
2017-07-05,0.36507036760448675
2017-07-06,0.363012464755779
2017-07-07,0.387200098369043
2017-07-08,0.3791146855348862
2017-07-09,0.39864987628796716
2017-07-10,0.442280029165382
2017-07-11,0.4509640261416587
2017-07-12,0.42472047726042816
2017-07-13,0.4333566875036923
2017-07-14,0.3190990052453384
2017-07-15,0.35828422363798307
2017-07-16,0.5039030367972707
2017-07-17,0.42923902178169315
2017-07-18,0.3907263182272387
2017-07-19,0.4276663060392117
2017-07-20,0.34505706427605004
2017-07-21,0.3683752662220093
2017-07-22,0.3426056114939555
2017-07-23,0.3816129319349588
2017-07-24,0.38130044634794275
2017-07-25,0.41377162071377616
2017-07-26,0.4234199580278669
2017-07-27,0.4084158266647471
2017-07-28,0.4104118793032431
2017-07-29,0.40963307912424773
2017-07-30,0.4151430112267502
2017-07-31,0.39530527881319516
2017-08-01,0.39134959139815767
2017-08-02,0.3997016580113186
2017-08-03,0.37596492613088384
2017-08-04,0.37747462015488503
2017-08-05,0.33237082028826304
2017-08-06,0.3253388193442558
2017-08-07,0.30473794143233207
2017-08-08,0.2942000828049307
2017-08-09,0.3047845296236361
2017-08-10,0.2981979294156609
2017-08-11,0.28349628317215125
2017-08-12,0.27622528221658377
2017-08-13,0.26984427340086536
2017-08-14,0.25846997016062706
2017-08-15,0.2695989347729444
2017-08-16,0.2590946052171174
2017-08-17,0.25829785995007376
2017-08-18,0.2537145728553777
2017-08-19,0.25526988952837293
2017-08-20,0.25563304935984327
2017-08-21,0.2547195916681781
2017-08-22,0.24607227177090282
2017-08-23,0.2445492976785234
2017-08-24,0.23987976841390382
2017-08-25,0.23483694811095604
2017-08-26,0.2332450247249113
2017-08-27,0.230267602397175
2017-08-28,0.22762938421851667
2017-08-29,0.22179749100292384
2017-08-30,0.21692796480590754
2017-08-31,0.21064864795816937
2017-09-01,0.2037510623802316
2017-09-02,0.22484667358085336
2017-09-03,0.24030384999374071
2017-09-04,0.27485724575885734
2017-09-05,0.2595563564155379
2017-09-06,0.24298251199170265
2017-09-07,0.2409388105121697
2017-09-08,0.25927059950410364
2017-09-09,0.2602447134218408
2017-09-10,0.3125419722337083
2017-09-11,0.3117214545500844
2017-09-12,0.3122555845960291
2017-09-13,0.3350507547277626
2017-09-14,0.411227406830079
2017-09-15,0.35953860134432886
2017-09-16,0.3609231804750378
2017-09-17,0.3942900945886598
2017-09-18,0.3512692193470063
2017-09-19,0.36667228179481215
2017-09-20,0.3698792704119817
2017-09-21,0.4003288629661321
2017-09-22,0.39767152558723506
2017-09-23,0.37785695152797616
2017-09-24,0.38633029597626195
2017-09-25,0.3639240895069095
2017-09-26,0.3658590514927315
2017-09-27,0.3388720365305986
2017-09-28,0.34165477974704545
2017-09-29,0.3462360685164114
2017-09-30,0.33320798534959545
2017-10-01,0.32482045384837815
2017-10-02,0.3265922966600331
2017-10-03,0.3354205854396224
2017-10-04,0.3410918748695405
2017-10-05,0.3335915758401315
2017-10-06,0.32764873337880823
2017-10-07,0.32262858211983103
2017-10-08,0.31597854791816454
2017-10-09,0.3191654550006521
2017-10-10,0.31473680006969856
2017-10-11,0.3104421274885253
2017-10-12,0.2875711248548062
2017-10-13,0.27348619510607053
2017-10-14,0.2692052079462723
2017-10-15,0.27271478055593407
2017-10-16,0.2695498529485306
2017-10-17,0.279636110139008
2017-10-18,0.28403964992724423
2017-10-19,0.28158643576290426
2017-10-20,0.2754366571049838
2017-10-21,0.27497955328351853
2017-10-22,0.2787110335656168
2017-10-23,0.2845481047746386
2017-10-24,0.2904535755492397
2017-10-25,0.28372751511492916
2017-10-26,0.2792763358808614
2017-10-27,0.2833095743070489
2017-10-28,0.2837506236064877
2017-10-29,0.2671733401114442
2017-10-30,0.2674252013512189
2017-10-31,0.25983229322478707
2017-11-01,0.2543608447339298
2017-11-02,0.24688640968691358
2017-11-03,0.23832914079680084
2017-11-04,0.23560044965198573
2017-11-05,0.2646044124675541
2017-11-06,0.2747061916570016
2017-11-07,0.2703562905878453
2017-11-08,0.2578158520645242
2017-11-09,0.2603117178666615
2017-11-10,0.2701288867238097
2017-11-11,0.26382180044532283
2017-11-12,0.3304592404600627
2017-11-13,0.3120264339776844
2017-11-14,0.3075292180003708
2017-11-15,0.28949294080015886
2017-11-16,0.2783788781436159
2017-11-17,0.2798460807530607
2017-11-18,0.27147498951344834
2017-11-19,0.2879119381202486
2017-11-20,0.27901464597938896
2017-11-21,0.2805929830435519
2017-11-22,0.2763104446531248
2017-11-23,0.27078057439581654
2017-11-24,0.2582535905158694
2017-11-25,0.25045350015815815
2017-11-26,0.24939627431098252
2017-11-27,0.24176200026790068
2017-11-28,0.2368301739940824
2017-11-29,0.24965199798735446
2017-11-30,0.24572161247905
2017-12-01,0.22608104591522682
2017-12-02,0.22351310786521214
2017-12-03,0.26110025236091866
2017-12-04,0.2515083105308035
2017-12-05,0.25016425567477796
2017-12-06,0.23257211028649646
2017-12-07,0.20527663738735277
2017-12-08,0.20363358984162816
2017-12-09,0.21227386098882606
2017-12-10,0.21516624055182698
2017-12-11,0.19329883725791458
2017-12-12,0.17917938975629452
2017-12-13,0.17757823389126043
2017-12-14,0.16747703161619146
2017-12-15,0.16333582467882993
2017-12-16,0.1517353862503298
2017-12-17,0.20368120181404548
2017-12-18,0.196124567618728
2017-12-19,0.19974663322783962
2017-12-20,0.19685790022651797
2017-12-21,0.2012252982402751
2017-12-22,0.2397044348728863
2017-12-23,0.2225490920306735
2017-12-24,0.25146169768144233
2017-12-25,0.2494691292385102
2017-12-26,0.22836174509713214
2017-12-27,0.23464607332883752
2017-12-28,0.2461844995174583
2017-12-29,0.23044461932427815
2017-12-30,0.2517607771811024
2017-12-31,0.26029176322661546
2018-01-01,0.2574244623251697
2018-01-02,0.2370045998916704
2018-01-03,0.2139391686691613
2018-01-04,0.21537438010983048
2018-01-05,0.2073033182219186
2018-01-06,0.19877107893907978
2018-01-07,0.21144507812917765
2018-01-08,0.22720990789961118
2018-01-09,0.23273822859762877
2018-01-10,0.22818843287059568
2018-01-11,0.25120865325057745
2018-01-12,0.2342509747361514
2018-01-13,0.22819835240383185
2018-01-14,0.23809910729023212
2018-01-15,0.24574938650227213
2018-01-16,0.31693262471139155
2018-01-17,0.3090212675977544
2018-01-18,0.3034477051045634
2018-01-19,0.2970666809829291
2018-01-20,0.2688280632274851
2018-01-21,0.32955904005862874
2018-01-22,0.3502677477099839
2018-01-23,0.34799297208068247
2018-01-24,0.3303045360924417
2018-01-25,0.33548441683075236
2018-01-26,0.3379134054485577
2018-01-27,0.32681819284627656
2018-01-28,0.41373733839553106
2018-01-29,0.43909961958544075
2018-01-30,0.4887886299370807
2018-01-31,0.47824660150348525
2018-02-01,0.5412636571751634
2018-02-02,0.5706150433594334
2018-02-03,0.5397071863334683
2018-02-04,0.6271835132022041
2018-02-05,0.7538183115826409
2018-02-06,0.6741288203923229
2018-02-07,0.6953989414456774
2018-02-08,0.6280098514079162
2018-02-09,0.5870627190762294
2018-02-10,0.5944395339677131
2018-02-11,0.6294498295506559
2018-02-12,0.5781262885096196
2018-02-13,0.6009314929114292
2018-02-14,0.5375162116910552
2018-02-15,0.5258240922460615
2018-02-16,0.5129417065681752
2018-02-17,0.48518089258861
2018-02-18,0.5217629261375958
2018-02-19,0.4939184514425614
2018-02-20,0.5128393245284548
2018-02-21,0.5479005791772832
2018-02-22,0.5808500182052945
2018-02-23,0.5538474740706458
2018-02-24,0.5768661179862639
2018-02-25,0.575349542967705
2018-02-26,0.5474259894038341
2018-02-27,0.5401331688091254
2018-02-28,0.5577973728652019
2018-03-01,0.5334985573149175
2018-03-02,0.535005452237566
2018-03-03,0.5274988371596262
2018-03-04,0.518663599684212
2018-03-05,0.5280905385000674
2018-03-06,0.5582467370338822
2018-03-07,0.6052332371456935
2018-03-08,0.6477636363687286
2018-03-09,0.639264510641895
2018-03-10,0.6782331702484679
2018-03-11,0.6276139688700446
2018-03-12,0.6570897873427298
2018-03-13,0.6584460176305477
2018-03-14,0.7386217451304522
2018-03-15,0.7378851714469314
2018-03-16,0.7428465204050618
2018-03-17,0.7933176255683423
2018-03-18,0.7704773965093362
2018-03-19,0.7257527533690256
2018-03-20,0.7070301513820276
2018-03-21,0.7081059654458199
2018-03-22,0.7269885543650051
2018-03-23,0.7153993688155643
2018-03-24,0.7438915470500153
2018-03-25,0.7672225317630171
2018-03-26,0.810606668358449
2018-03-27,0.8525547979603393
2018-03-28,0.8420636149330946
2018-03-29,0.953335929560773
2018-03-30,0.9664177759019714
2018-03-31,0.9633830240206346
2018-04-01,0.9779449638471379
2018-04-02,0.94483025995949
2018-04-03,0.883538632004244
2018-04-04,0.9725524813474988
2018-04-05,0.9698539656697709
2018-04-06,1.0019438897724608
2018-04-07,0.9632465669431868
2018-04-08,0.9393106641147444
2018-04-09,0.9657157890257382
2018-04-10,0.9509180366410807
2018-04-11,0.913151251776329
2018-04-12,0.7975578668818304
2018-04-13,0.8023640726504692
2018-04-14,0.7908392667529074
2018-04-15,0.7456997829631068
2018-04-16,0.7709519060928076
2018-04-17,0.7814304227435724
2018-04-18,0.7359650713974856
2018-04-19,0.7054432997140674
2018-04-20,0.6476323982134187
2018-04-21,0.6554587694743753
2018-04-22,0.6550281420550818
2018-04-23,0.6304673791452876
2018-04-24,0.5851994207520079
2018-04-25,0.6505130174444602
2018-04-26,0.6095679926762992
2018-04-27,0.6319345781809348
2018-04-28,0.5930897926680019
2018-04-29,0.6137087315124747
2018-04-30,0.6352576717336164
2018-05-01,0.6376930802865926
2018-05-02,0.6204583941086164
2018-05-03,0.5872768209040219
2018-05-04,0.5902980896603423
2018-05-05,0.5713976215981775
2018-05-06,0.5497088609550328
2018-05-07,0.5717282157728545
2018-05-08,0.5799131386707178
2018-05-09,0.5775624797151663
2018-05-10,0.6022330795740058
2018-05-11,0.6552930166595659
2018-05-12,0.6464136654159547
2018-05-13,0.602199191619714
2018-05-14,0.6073377021590487
2018-05-15,0.6281818352281785
2018-05-16,0.6364217009217261
2018-05-17,0.6671802493690495
2018-05-18,0.6477679445420664
2018-05-19,0.6500919628148891
2018-05-20,0.7094431282308586
2018-05-21,0.726314868118839
2018-05-22,0.7772196042464767
2018-05-23,0.8450637731834527
2018-05-24,0.8152109083052308
2018-05-25,0.837172184120331
2018-05-26,0.8447622734625916
2018-05-27,0.8501470259974355
2018-05-28,0.9105543787970939
2018-05-29,0.84063030261777
2018-05-30,0.8512645913026511
2018-05-31,0.8274778535166234
2018-06-01,0.8216432956206826
2018-06-02,0.7974450200720783
2018-06-03,0.7764245303796911
2018-06-04,0.8150757746112016
2018-06-05,0.7925465372554267
2018-06-06,0.7910356822583163
2018-06-07,0.7883277059674945
2018-06-08,0.7995584983287406
2018-06-09,0.8143997345397441
2018-06-10,0.9190567405590201
2018-06-11,0.9000606541501194
2018-06-12,0.9618889031830237
2018-06-13,1.00273720392646
2018-06-14,0.9371573815132483
2018-06-15,1.0347046998823348
2018-06-16,1.0097615943453508
2018-06-17,1.0162794988441037
2018-06-18,0.9798162596709971
2018-06-19,0.9708855578645388
2018-06-20,0.9716436812403562
2018-06-21,0.983630376860185
2018-06-22,1.1075776584040253
2018-06-23,1.0892072463292686
2018-06-24,1.1160209838418593
2018-06-25,1.1368543588361903
2018-06-26,1.2010768692859088
2018-06-27,1.1710067191913303
2018-06-28,1.2328061140074855
2018-06-29,1.1709239519463255
2018-06-30,1.124731771195817
2018-07-01,1.1292463651021216
2018-07-02,1.0746064141555203
2018-07-03,1.1001248156841188
2018-07-04,1.0789597647564755
2018-07-05,1.0924705925106255
2018-07-06,1.0516745300984496
2018-07-07,1.0239414188710292
2018-07-08,1.032451291416353
2018-07-09,1.0519432613459399
2018-07-10,1.1196793857844625
2018-07-11,1.1075525212264408
2018-07-12,1.1807470062910956
2018-07-13,1.1777568113563723
2018-07-14,1.1720260882208153
2018-07-15,1.1404364598634598
2018-07-16,1.068780038485796
2018-07-17,0.9994001268958422
2018-07-18,1.0000101639053447
2018-07-19,1.0098198669552236
2018-07-20,1.0248189939905015
2018-07-21,1.014757520645825
2018-07-22,1.023995839142032
2018-07-23,0.9885773450666447
2018-07-24,0.8800737897605477
2018-07-25,0.8922190029343193
2018-07-26,0.9195006743192967
2018-07-27,0.8940990365965693
2018-07-28,0.8979143903646465
2018-07-29,0.8983456751728199
2018-07-30,0.9155344915354978
2018-07-31,0.9482235872044217
2018-08-01,0.9375529679481245
2018-08-02,0.9612851121849962
2018-08-03,0.9736630983385487
2018-08-04,1.0227225582078403
2018-08-05,1.0125164930917496
2018-08-06,1.0315644100728185
2018-08-07,1.0764835365475593
2018-08-08,1.1581446057134408
2018-08-09,1.1161605412783535
2018-08-10,1.2073421425259239
2018-08-11,1.213181710677353
2018-08-12,1.2157838680448925
2018-08-13,1.2563205771658121
2018-08-14,1.2781153462999657
2018-08-15,1.2629390454166505
2018-08-16,1.241930780126768
2018-08-17,1.2738168309461497
2018-08-18,1.364155229392291
2018-08-19,1.3333476142517795
2018-08-20,1.415977860572018
2018-08-21,1.4097640041162296
2018-08-22,1.4506679901472233
2018-08-23,1.3928244721107617
2018-08-24,1.3602867086186659
2018-08-25,1.3587527864998405
2018-08-26,1.360756878985592
2018-08-27,1.3173888073341447
2018-08-28,1.278718335075168
2018-08-29,1.2805091852891712
2018-08-30,1.2948982120326433
2018-08-31,1.265700345934407
2018-09-01,1.2210282822262581
2018-09-02,1.2550506632560758
2018-09-03,1.248391147313805
2018-09-04,1.2212391247836574
2018-09-05,1.40087998263923
2018-09-06,1.4159127564913976
2018-09-07,1.4520863384614415
2018-09-08,1.4806746563737407
2018-09-09,1.482886939923805
2018-09-10,1.476404967858541
2018-09-11,1.4993512623037835
2018-09-12,1.5051898439022906
2018-09-13,1.4586012481034243
2018-09-14,1.4649346133211778
2018-09-15,1.4452647582215692
2018-09-16,1.448008448170401
2018-09-17,1.4936076954778124
2018-09-18,1.4541013515515036
2018-09-19,1.4495770841041027
2018-09-20,1.388269235226626
2018-09-21,1.3416408490207907
2018-09-22,1.3530789615162129
2018-09-23,1.3395530866077099
2018-09-24,1.3854342737934406
2018-09-25,1.394336563279166
2018-09-26,1.393044397959225
2018-09-27,1.3551309827217912
2018-09-28,1.369311710719783
2018-09-29,1.3573775774592864
2018-09-30,1.343608712711112
2018-10-01,1.3372169239903042
2018-10-02,1.3672435498641318
2018-10-03,1.371819767199213
2018-10-04,1.3685259795680205
2018-10-05,1.3641862957424946
2018-10-06,1.3673185499385094
2018-10-07,1.3623268376654496
2018-10-08,1.350080045941942
2018-10-09,1.298072132273591
2018-10-10,1.3168176228839161
2018-10-11,1.4507059523913202
2018-10-12,1.420137610914121
2018-10-13,1.407810024276937
2018-10-14,1.309249253239132
2018-10-15,1.2250070871917567
2018-10-16,1.0884136139932297
2018-10-17,1.0733162569481778
2018-10-18,1.055730836306202
2018-10-19,1.0355748820584356
2018-10-20,1.0313331084453896
2018-10-21,1.033426552595151
2018-10-22,1.0369966992205932
2018-10-23,1.011668464285699
2018-10-24,1.0141850391817755
2018-10-25,0.9686924962120486
2018-10-26,0.9675977247101357
2018-10-27,0.9770595570981131
2018-10-28,0.9729142816800677
2018-10-29,1.0036993171132698
2018-10-30,0.952577750048612
2018-10-31,0.9190997457322981
2018-11-01,0.9093067794725531
2018-11-02,0.9054774125272728
2018-11-03,0.9105561805317741
2018-11-04,0.8793840211963613
2018-11-05,0.8734439108321668
2018-11-06,0.8509359025840488
2018-11-07,0.8515450693190296
2018-11-08,0.876770901614529
2018-11-09,0.8850598298729627
2018-11-10,0.8783487343917061
2018-11-11,0.843265416020458
2018-11-12,0.84285380898821
2018-11-13,0.8459252655779976
2018-11-14,0.9276049555311185
2018-11-15,0.9540180152640659
2018-11-16,0.97691333274997
2018-11-17,1.0028636600179563
2018-11-18,0.9944031271216323
2018-11-19,1.1471800733143407
2018-11-20,1.2725843425101124
2018-11-21,1.2459915822431429
2018-11-22,1.3366037486753022
2018-11-23,1.3369353267609387
2018-11-24,1.480985696369831
2018-11-25,1.4817136780145035
2018-11-26,1.569817156815183
2018-11-27,1.5623806671641491
2018-11-28,1.4230350558887905
2018-11-29,1.429353695963418
2018-11-30,1.5224093918602621
2018-12-01,1.4710310566958964
2018-12-02,1.4786920803574661
2018-12-03,1.5862328226616207
2018-12-04,1.5645143932652459
2018-12-05,1.6512042198280226
2018-12-06,1.805258795026261
2018-12-07,1.839228740324204
2018-12-08,1.848148647811863
2018-12-09,1.7764040512545967
2018-12-10,1.8425084605820743
2018-12-11,1.8730547788754028
2018-12-12,1.8361512104037063
2018-12-13,1.9093438761737695
2018-12-14,1.9609545823119443
2018-12-15,1.9681986357508723
2018-12-16,1.952287218090339
2018-12-17,1.7772796856135549
2018-12-18,1.6872550002711988
2018-12-19,1.680013634235818
2018-12-20,1.5072145980398217
2018-12-21,1.5847211674233628
2018-12-22,1.5420340952321663
2018-12-23,1.5104837486644989
2018-12-24,1.459556883312371
2018-12-25,1.5728363987716765
2018-12-26,1.5601133501800872
2018-12-27,1.6667782495623586
2018-12-28,1.517194642927088
2018-12-29,1.5706650727204599
2018-12-30,1.530703498335899
2018-12-31,1.5846759710281124
2019-01-01,1.5304432225366504
2019-01-02,1.489743345020444
2019-01-03,1.538957760900367
2019-01-04,1.524358011568174
2019-01-05,1.531322217005437
2019-01-06,1.4613107442787476
2019-01-07,1.47840378224252
2019-01-08,1.4884628551313386
2019-01-09,1.4830582373659649
2019-01-10,1.6776601480427002
2019-01-11,1.69496814958615
2019-01-12,1.7021662894929241
2019-01-13,1.7717099549258548
2019-01-14,1.7014952192238337
2019-01-15,1.7791369821824017
2019-01-16,1.7575788700918613
2019-01-17,1.7506449191080595
2019-01-18,1.7764057031749714
2019-01-19,1.7422006644601535
2019-01-20,1.809561922557017
2019-01-21,1.8099926820942531
2019-01-22,1.7857062439809428
2019-01-23,1.795162760073872
2019-01-24,1.7889044300205765
2019-01-25,1.796715022175665
2019-01-26,1.7956591239101787
2019-01-27,1.8177106863522448
2019-01-28,1.8970063447343195
2019-01-29,1.9178722926685308
2019-01-30,1.856802120428197
2019-01-31,1.8891978316329419
2019-02-01,1.8719856074931578
2019-02-02,1.8420957929921267
2019-02-03,1.876349424888054
2019-02-04,1.8748039679611403
2019-02-05,1.8751167817381738
2019-02-06,1.9141161315102266
2019-02-07,1.9112194537152762
2019-02-08,1.7546016017646944
2019-02-09,1.7526742668725916
2019-02-10,1.7341629817800697
2019-02-11,1.767726580386789
2019-02-12,1.7559906258930038
2019-02-13,1.7651446042816754
2019-02-14,1.7818681900382285
2019-02-15,1.772423410527036
2019-02-16,1.7676444410248238
2019-02-17,1.7268524905698097
2019-02-18,1.6041087943557735
2019-02-19,1.609243396457348
2019-02-20,1.5726911338581289
2019-02-21,1.596282512663124
2019-02-22,1.5803563600551531
2019-02-23,1.5129250538402437
2019-02-24,1.6950353798705793
2019-02-25,1.6384629332740097
2019-02-26,1.6504245983730026
2019-02-27,1.6588045222461485
2019-02-28,1.6624104793243575
2019-03-01,1.6525916790707258
2019-03-02,1.6524951585276195
2019-03-03,1.6598082487424213
2019-03-04,1.7127464586568841
2019-03-05,1.6230066364382887
2019-03-06,1.5930886840767697
2019-03-07,1.5897475742877014
2019-03-08,1.6075573247638852
2019-03-09,1.5670869429164351
2019-03-10,1.5781987513533922
2019-03-11,1.6010876633764128
2019-03-12,1.5870753915360025
2019-03-13,1.59380846144772
2019-03-14,1.5846577680356664
2019-03-15,1.55643800907538
2019-03-16,1.5274614393489698
2019-03-17,1.538966771659847
2019-03-18,1.5382493069333802
2019-03-19,1.5319335314780174
2019-03-20,1.5186286361967027
2019-03-21,1.5468776344474249
2019-03-22,1.5352505481791563
2019-03-23,1.533908745967662
2019-03-24,1.5465230370974339
2019-03-25,1.5670482643904609
2019-03-26,1.5663072897771115
2019-03-27,1.5180959223655608
2019-03-28,1.5243328429401242
2019-03-29,1.4968043570807636
2019-03-30,1.4984128568695287
2019-03-31,1.4927582698817365
2019-04-01,1.4849901910190417
2019-04-02,1.284829875403439
2019-04-03,1.27397711711556
2019-04-04,1.2975401167518446
2019-04-05,1.2478655236095404
2019-04-06,1.2495561031584004
2019-04-07,1.2197916682010888
2019-04-08,1.2486230816146784
2019-04-09,1.3033882075087686
2019-04-10,1.308013134762989
2019-04-11,1.425162663446797
2019-04-12,1.4785680997145008
2019-04-13,1.4920295566414843
2019-04-14,1.457373634102232
2019-04-15,1.5181867998630663
2019-04-16,1.4907103857094468
2019-04-17,1.5171719189338528
2019-04-18,1.5072165379866789
2019-04-19,1.5112700061433515
2019-04-20,1.5109592946024286
2019-04-21,1.5459277213855602
2019-04-22,1.5362963796188485
2019-04-23,1.5617923465192585
2019-04-24,1.694649682579544
2019-04-25,1.777634889169028
2019-04-26,1.7426472770420212
2019-04-27,1.7393719591864063
2019-04-28,1.742181161518955
2019-04-29,1.769424562526979
2019-04-30,1.7132921850285006
2019-05-01,1.6773196305152716
2019-05-02,1.6430380850814466
2019-05-03,1.5800432948023495
2019-05-04,1.584865670664588
2019-05-05,1.5984336519855598
2019-05-06,1.5910563040153365
2019-05-07,1.585431900020666
2019-05-08,1.5604490248004244
2019-05-09,1.543859153235789
2019-05-10,1.498226825847489
2019-05-11,1.3392863544059794
2019-05-12,1.3863023955321672
2019-05-13,1.2762247428578077
2019-05-14,1.210021711352144
2019-05-15,1.1560663784249938
2019-05-16,1.19101154143417
2019-05-17,1.2730863439699394
2019-05-18,1.298516629905717
2019-05-19,1.164656167204018
2019-05-20,1.2076861558506675
2019-05-21,1.225525102755488
2019-05-22,1.285830509855455
2019-05-23,1.2686341539990862
2019-05-24,1.2718970464171442
2019-05-25,1.2789456836828108
2019-05-26,1.2007376745898306
2019-05-27,1.17700486289937
2019-05-28,1.1908131983640307
2019-05-29,1.1857730135710522
2019-05-30,1.24683000375097
2019-05-31,1.2047133992571946
2019-06-01,1.2063519476562499
2019-06-02,1.183281006302211
2019-06-03,1.268723169707593
2019-06-04,1.3442167532354297
2019-06-05,1.3415374623765106
2019-06-06,1.3482642343948157
2019-06-07,1.3215997561078758
2019-06-08,1.34112247124651
2019-06-09,1.394844913501414
2019-06-10,1.3417092075707464
2019-06-11,1.3677177829200582
2019-06-12,1.3402241570017142
2019-06-13,1.3582453762070246
2019-06-14,1.32104492150805
2019-06-15,1.2988556519082584
2019-06-16,1.2921851181467505
2019-06-17,1.2713788274978188
2019-06-18,1.3064613534542586
2019-06-19,1.2776827762041514
2019-06-20,1.2633966076533312
2019-06-21,1.1980583394811375
2019-06-22,1.1263644084390017
2019-06-23,1.1214856209633866
2019-06-24,1.1222606861857038
2019-06-25,1.0622206384561526
2019-06-26,0.9963906536191656
2019-06-27,1.1439945778329144
2019-06-28,1.067834505146333
2019-06-29,1.087332291816311
2019-06-30,1.1914305293926972
2019-07-01,1.2119923690869403
2019-07-02,1.1967536371567962
2019-07-03,1.1214354244178195
2019-07-04,1.1962555266588624
2019-07-05,1.2147106182528138
2019-07-06,1.1967809967601875
2019-07-07,1.175537552579481
2019-07-08,1.1342568259655115
2019-07-09,1.1447697149698823
2019-07-10,1.2006977021874803
2019-07-11,1.2978517807064347
2019-07-12,1.2573564521843654
2019-07-13,1.3041271658828484
2019-07-14,1.466021867025934
2019-07-15,1.4104524712258217
2019-07-16,1.6157949940045533
2019-07-17,1.5625188720577017
2019-07-18,1.4339915768831673
2019-07-19,1.4604558177924303
2019-07-20,1.4216439764379702
2019-07-21,1.4412664741343368
2019-07-22,1.4786792709772074
2019-07-23,1.5422943893117023
2019-07-24,1.540583373763682
2019-07-25,1.5248138910841333
2019-07-26,1.5246010845443427
2019-07-27,1.5897945309051797
2019-07-28,1.5802815312527065
2019-07-29,1.576801636861553
2019-07-30,1.564504633028133
2019-07-31,1.5040623894808975
2019-08-01,1.470921730014573
2019-08-02,1.4616408204314981
2019-08-03,1.4318258458656803
2019-08-04,1.420722589119485
2019-08-05,1.3398046031780826
2019-08-06,1.3803086237535778
2019-08-07,1.3382978715851472
2019-08-08,1.3512342432019895
2019-08-09,1.372890813495878
2019-08-10,1.4200854720365832
2019-08-11,1.3860095981186813
2019-08-12,1.4055903978460582
2019-08-13,1.4552169242446502
2019-08-14,1.5882119942643553
2019-08-15,1.552293502170633
2019-08-16,1.5540080139480348
2019-08-17,1.5697417205196271
2019-08-18,1.5389696925635334
2019-08-19,1.4693232774195502
2019-08-20,1.4963331045303736
2019-08-21,1.5771371999466748
2019-08-22,1.5654612484394272
2019-08-23,1.534587143783106
2019-08-24,1.5683431077171854
2019-08-25,1.577028478606558
2019-08-26,1.548143152928466
2019-08-27,1.573191178917888
2019-08-28,1.6298412648290281
2019-08-29,1.6705788453888162
2019-08-30,1.6601456684952363
2019-08-31,1.6544411091598419
2019-09-01,1.6328802654197154
2019-09-02,1.549181826283459
2019-09-03,1.5298150511050774
2019-09-04,1.5428233059661074
2019-09-05,1.5481475658812942
2019-09-06,1.5887762506769234
2019-09-07,1.5598312435335433
2019-09-08,1.5654549773625772
2019-09-09,1.5793947842544194
2019-09-10,1.6119906216356616
2019-09-11,1.6102797302050913
2019-09-12,1.5788779185762845
2019-09-13,1.5869826113367538
2019-09-14,1.5820672636043198
2019-09-15,1.5870264332571156
2019-09-16,1.5826755661236487
2019-09-17,1.570411285820941
2019-09-18,1.5561497498852253
2019-09-19,1.546882328688493
2019-09-20,1.5600228933742382
2019-09-21,1.586344060584402
2019-09-22,1.5933230258720652
2019-09-23,1.6528519014364567
2019-09-24,1.9091242246122426
2019-09-25,1.905337123023126
2019-09-26,1.979958683649485
2019-09-27,1.9468331021595724
2019-09-28,1.9387587581801855
2019-09-29,1.9766869372916174
2019-09-30,1.9089994599587479
2019-10-01,1.9177174470094847
2019-10-02,1.8986312824753964
2019-10-03,1.9356701461895065
2019-10-04,1.9371473172958626
2019-10-05,1.9335925435141283
2019-10-06,1.997671523230481
2019-10-07,1.9056091029837698
2019-10-08,1.9051046558448068
2019-10-09,1.8210219940578933
2019-10-10,1.8316674702982298
2019-10-11,1.900204655582852
2019-10-12,1.8930642710020702
2019-10-13,1.8929756203436725
2019-10-14,1.8579354055443995
2019-10-15,1.9092011846375754
2019-10-16,1.9471755213697965
2019-10-17,1.919308176229561
2019-10-18,1.952962241613554
2019-10-19,1.954351897185034
2019-10-20,1.9006285084601036
2019-10-21,1.8994617270222744
2019-10-22,1.9354349303715268
2019-10-23,2.0729262392901355
2019-10-24,2.0700383368429556
2019-10-25,1.802418262632936
2019-10-26,1.7290456108808854
2019-10-27,1.6752671867184699
2019-10-28,1.7202630728513655
2019-10-29,1.675834074142344
2019-10-30,1.7212358159327437
2019-10-31,1.7245907697970557
2019-11-01,1.7086664233515667
2019-11-02,1.6967198209581342
2019-11-03,1.7148300256680353
2019-11-04,1.6744821689148985
2019-11-05,1.6772237799500724
2019-11-06,1.6658503696408637
2019-11-07,1.6976722654124292
2019-11-08,1.7717348584497514
2019-11-09,1.7590096734691918
2019-11-10,1.7187252857130635
2019-11-11,1.7697859764141237
2019-11-12,1.7518042689555833
2019-11-13,1.761242803635344
2019-11-14,1.785259449800542
2019-11-15,1.8242513414816288
2019-11-16,1.814074526349973
2019-11-17,1.8107873039714333
2019-11-18,1.8819148620702084
2019-11-19,1.8967182711812827
2019-11-20,1.9055058124581792
2019-11-21,2.028156136965773
2019-11-22,2.1339431264643367
2019-11-23,2.105785202754987
2019-11-24,2.242360732996609
2019-11-25,2.1827521140194186
2019-11-26,2.1632608394626134
2019-11-27,2.073148604692978
2019-11-28,2.094625613522971
2019-11-29,2.013670977058824
2019-11-30,2.0663007939788933
2019-12-01,2.1043718001193326
2019-12-02,2.131488914106703
2019-12-03,2.1369374075226655
2019-12-04,2.1624669214358345
2019-12-05,2.1172202922014307
2019-12-06,2.07804960402876
2019-12-07,2.0889160861950273
2019-12-08,2.070832297066355
2019-12-09,2.1179308967757096
2019-12-10,2.1564418995340295
2019-12-11,2.152356685327608
2019-12-12,2.159544670430615
2019-12-13,2.142003394710194
2019-12-14,2.1973067856574877
2019-12-15,2.181759691872628
2019-12-16,2.265062990768797
2019-12-17,2.3907078581239025
2019-12-18,2.187269881442096
2019-12-19,2.228736447623967
2019-12-20,2.210143064053917
2019-12-21,2.226428007218464
2019-12-22,2.129670810638358
2019-12-23,2.191035075905765
2019-12-24,2.1991995058704874
2019-12-25,2.2192056890480214
2019-12-26,2.2175552344826635
2019-12-27,2.2037107719377493
2019-12-28,2.1802088368265875
2019-12-29,2.141384592304957
2019-12-30,2.191881841715584
2019-12-31,2.203835831656398
2020-01-01,2.2018588705965088
2020-01-02,2.271307400129733
2020-01-03,2.155930183964133
2020-01-04,2.1481954876444975
2020-01-05,2.142816784812248
2020-01-06,2.2721514052856637
2020-01-07,2.195067623514532
2020-01-08,2.2235156379814796
2020-01-09,2.279528845075146
2020-01-10,2.1743769908644555
2020-01-11,2.209146564413021
2020-01-12,2.1657671701111463
2020-01-13,2.1855388701952037
2020-01-14,1.950163460036251
2020-01-15,1.9581957196397044
2020-01-16,1.9779273923685
2020-01-17,1.9320374478433915
2020-01-18,1.9321016639988906
2020-01-19,1.9750890225294087
2020-01-20,1.9862265575892948
2020-01-21,1.961733659411797
2020-01-22,1.9702071369251073
2020-01-23,2.04583260363824
2020-01-24,2.0401828460873594
2020-01-25,2.0669698585849225
2020-01-26,1.9943811710835067
2020-01-27,1.928902964260091
2020-01-28,1.842536219184076
2020-01-29,1.8595941077029332
2020-01-30,1.8004714023512298
2020-01-31,1.8470823244634627
2020-02-01,1.8266567394801303
2020-02-02,1.820596514919495
2020-02-03,1.8229011302804503
2020-02-04,1.8325475046969981
2020-02-05,1.7403224909445296
2020-02-06,1.709463414486484
2020-02-07,1.6917284347199393
2020-02-08,1.6746401568117952
2020-02-09,1.6328051810044542
2020-02-10,1.6710902926783247
2020-02-11,1.6022224128564047
2020-02-12,1.5622767967607143
2020-02-13,1.5690968106629233
2020-02-14,1.5351336811563667
2020-02-15,1.6304893285963251
2020-02-16,1.6478839108285168
2020-02-17,1.6672736160669726
2020-02-18,1.5955250079854548
2020-02-19,1.7033111714198623
2020-02-20,1.7042550410565929
2020-02-21,1.6840654548379008
2020-02-22,1.6910106259661255
2020-02-23,1.634517760384481
2020-02-24,1.6897597015673151
2020-02-25,1.7715782439045284
2020-02-26,1.9014623754231634
2020-02-27,1.8836477238622584
2020-02-28,1.9128812096188663
2020-02-29,1.9539675705595565
2020-03-01,1.951546824225125
2020-03-02,1.8575290131689908
2020-03-03,1.8941734210395609
2020-03-04,1.8942987861167222
2020-03-05,1.835850206582915
2020-03-06,1.803010479709984
2020-03-07,1.8595448385939444
2020-03-08,2.0934854015669293
2020-03-09,2.103289448535348
2020-03-10,2.1058588346724134
2020-03-11,2.1145564929981893
2020-03-12,3.4711344527986014
2020-03-13,2.9695104790128455
2020-03-14,3.173790962602563
2020-03-15,3.1089118298548937
2020-03-16,3.3400838856841384
2020-03-17,3.155704638041191
2020-03-18,3.104237287134024
2020-03-19,2.7286966155244734
2020-03-20,2.733686806081489
2020-03-21,2.7303495322728253
2020-03-22,2.910355330294075
2020-03-23,2.6449209019926014
2020-03-24,2.5481620929096365
2020-03-25,2.5776461280671703
2020-03-26,2.5475732023768343
2020-03-27,2.6722541354191587
2020-03-28,2.708940531946525
2020-03-29,2.863067208099993
2020-03-30,2.6581036250718926
2020-03-31,3.4848163570991972
2020-04-01,3.3847163183424733
2020-04-02,3.304264138474304
2020-04-03,3.3192244065657643
2020-04-04,3.2644854166576485
2020-04-05,3.305111526795104
2020-04-06,3.1067455238465747
2020-04-07,3.1680628239231816
2020-04-08,3.0698920115034953
2020-04-09,3.097448862371146
2020-04-10,3.3067240240324653
2020-04-11,3.29717866318454
2020-04-12,3.289435841821052
2020-04-13,3.3175897629618243
2020-04-14,3.3034400620083697
2020-04-15,3.4108508079193065
2020-04-16,3.1650277657482357
2020-04-17,3.1989901848937228
2020-04-18,3.073936053432215
2020-04-19,3.1405481783026086
2020-04-20,3.280173033500988
2020-04-21,3.269739843191351
2020-04-22,3.1343704731215034
2020-04-23,2.9943808465966235
2020-04-24,2.995699768714777
2020-04-25,2.968376537280598
2020-04-26,2.916970431362793
2020-04-27,2.89973565765459
2020-04-28,2.8844266837106676
2020-04-29,2.5983116554385637
2020-04-30,2.6699999199554454
2020-05-01,2.610103651159975
2020-05-02,2.5660566115337637
2020-05-03,2.5959135462661798
2020-05-04,2.613844811203012
2020-05-05,2.580133930697364
2020-05-06,2.5753181154195546
2020-05-07,2.3925773047915038
2020-05-08,2.421300547162682
2020-05-09,2.465583296001295
2020-05-10,2.695969495499686
2020-05-11,2.7371072195195847
2020-05-12,2.6607928879296514
2020-05-13,2.5414757521726634
2020-05-14,3.3486267039896074
2020-05-15,3.495918483839816
2020-05-16,3.458785752717914
2020-05-17,3.3739277963943084
2020-05-18,3.3347703473345334
2020-05-19,3.3226295698231136
2020-05-20,3.4033051048043723
2020-05-21,3.559072425966104
2020-05-22,3.4950363380818117
2020-05-23,3.4969462035117833
2020-05-24,3.654724392211732
2020-05-25,3.5767948381113857
2020-05-26,3.6071390380491426
2020-05-27,3.485243859028342
2020-05-28,3.3602203673517885
2020-05-29,3.3963067599700927
2020-05-30,3.264201106454708
2020-05-31,3.3589242913950748
2020-06-01,3.056496740722946
2020-06-02,3.3677825052070016
2020-06-03,3.3113947212916974
2020-06-04,3.278664186408081
2020-06-05,3.3270055700988004
2020-06-06,3.3083386000986175
2020-06-07,3.28987597945424
2020-06-08,3.278491173879148
2020-06-09,3.285245401336956
2020-06-10,3.2457334266943514
2020-06-11,3.468817640724633
2020-06-12,3.389812974642418
2020-06-13,3.3839130274964555
2020-06-14,3.4420221970727956
2020-06-15,3.412446881018287
2020-06-16,3.3742470262528537
2020-06-17,3.388562128739292
2020-06-18,3.4221758378511073
2020-06-19,3.44569527872374
2020-06-20,3.4321461279432586
2020-06-21,3.455721335981242
2020-06-22,3.3197236503297556
2020-06-23,3.3267348157951364
2020-06-24,3.4349432270741014
2020-06-25,3.45457530148363
2020-06-26,3.4840275098677065
2020-06-27,3.5680747888086293
2020-06-28,3.517922198391464
2020-06-29,3.483966557042474
2020-06-30,3.511517687485281
2020-07-01,3.4656134869143824
2020-07-02,3.515089031904848
2020-07-03,3.5175741323155423
2020-07-04,3.477048421970851
2020-07-05,3.5005037907452503
2020-07-06,3.3658239898230393
2020-07-07,3.382099423173262
2020-07-08,3.2973239234229927
2020-07-09,3.3547118432629177
2020-07-10,3.3540493774759503
2020-07-11,3.3544073491183592
2020-07-12,3.3219490266440284
2020-07-13,3.3785591699237547
2020-07-14,3.362683967613908
2020-07-15,3.377167930531228
2020-07-16,3.3864969141148773
2020-07-17,3.3791863100929986
2020-07-18,3.3608793001911943
2020-07-19,3.343010724290589
2020-07-20,3.3769948659906484
2020-07-21,3.2935370200364757
2020-07-22,3.496724864704241
2020-07-23,3.4551122974373296
2020-07-24,3.4796603384895
2020-07-25,3.371673804241281
2020-07-26,3.3180670691799383
2020-07-27,3.0785313121541766
2020-07-28,3.086912876947273
2020-07-29,3.0496932443395837
2020-07-30,3.027558606253698
2020-07-31,2.9588725088614156
2020-08-01,2.8043871222419376
2020-08-02,2.970133078967491
2020-08-03,2.9059216902245018
2020-08-04,2.9050616718557487
2020-08-05,2.8010991906288347
2020-08-06,2.796756176429623
2020-08-07,2.8502516454916655
2020-08-08,2.785075846375433
2020-08-09,2.804026712302253
2020-08-10,2.752634154938205
2020-08-11,2.8740928391291045
2020-08-12,2.8186811675406305
2020-08-13,2.737339963454237
2020-08-14,2.71568059399165
2020-08-15,2.6968281296050938
2020-08-16,2.6701514011496985
2020-08-17,2.6204087295389873
2020-08-18,2.6890056596788456
2020-08-19,2.7533270102384657
2020-08-20,2.713625844878235
2020-08-21,2.8157219933983977
2020-08-22,2.7681314020552716
2020-08-23,2.7774657338541955
2020-08-24,2.731313815650157
2020-08-25,2.8533796393356767
2020-08-26,2.8224873039513128
2020-08-27,2.8674241582045172
2020-08-28,2.806738801922693
2020-08-29,2.804219020392378
2020-08-30,2.7255000970484105
2020-08-31,3.611131664550075
2020-09-01,3.5178216659869177
2020-09-02,3.7596207424512937
2020-09-03,4.2950707940835295
2020-09-04,4.204542750148084
2020-09-05,4.47764477187285
2020-09-06,4.3902232545974105
2020-09-07,4.3597953756007595
2020-09-08,4.489085648676791
2020-09-09,4.453724226562431
2020-09-10,4.408563811310593
2020-09-11,4.417274407251027
2020-09-12,4.388959649235011
2020-09-13,4.482088904924412
2020-09-14,4.364655705123809
2020-09-15,4.441871562049715
2020-09-16,4.405006021809453
2020-09-17,4.383327666346918
2020-09-18,4.419110567262121
2020-09-19,4.398112218908042
2020-09-20,4.482582023050873
2020-09-21,4.7350621481018855
2020-09-22,4.680290454616359
2020-09-23,4.857265474762978
2020-09-24,4.600565260856639
2020-09-25,4.584917652647318
2020-09-26,4.5781420615815
2020-09-27,4.562055207463339
2020-09-28,4.611841745201372
2020-09-29,4.5717626930029
2020-09-30,4.5972013185637675
2020-10-01,4.665456537159695
2020-10-02,4.7361805626120566
2020-10-03,4.748660776032558
2020-10-04,4.686651771864595
2020-10-05,4.659814513964161
2020-10-06,4.781291471829029
2020-10-07,4.745217919250922
2020-10-08,4.643339754740803
2020-10-09,4.558453197050399
2020-10-10,4.501775060360122
2020-10-11,4.473461448631358
2020-10-12,4.405317605133661
2020-10-13,4.4480640346668565
2020-10-14,4.44353155092986
2020-10-15,4.440349674974568
2020-10-16,4.5349738789287715
2020-10-17,4.526249674941775
2020-10-18,4.462462267861484
2020-10-19,4.411888168587861
2020-10-20,4.433719118620667
2020-10-21,4.188449165182308
2020-10-22,4.095004329066871
2020-10-23,4.164500186358799
2020-10-24,4.134206962017026
2020-10-25,4.170508034165251
2020-10-26,4.2077668653014655
2020-10-27,4.082579206712624
2020-10-28,4.214301997266037
2020-10-29,4.205335811682105
2020-10-30,4.210092155768227
2020-10-31,4.163349425435846
2020-11-01,4.15797489917835
2020-11-02,4.246253142810411
2020-11-03,4.171056958544402
2020-11-04,4.144830764161714
2020-11-05,3.880797416087859
2020-11-06,3.827990404574539
2020-11-07,4.038998097472762
2020-11-08,3.9019777023825633
2020-11-09,3.948701243360677
2020-11-10,3.9607557913970393
2020-11-11,3.9025699248189354
2020-11-12,3.8338774728886498
2020-11-13,3.8165996826885804
2020-11-14,3.9117183188554763
2020-11-15,3.9614233436126014
2020-11-16,3.8022197471081793
2020-11-17,3.6466574490106805
2020-11-18,3.667692735462208
2020-11-19,3.680762571560018
2020-11-20,3.5159477687218166
2020-11-21,3.430906440676125
2020-11-22,3.4999253359281917
2020-11-23,3.3874802692421317
2020-11-24,3.2802362608536058
2020-11-25,3.3873645927891984
2020-11-26,3.7727317668633424
2020-11-27,3.7554687274337097
2020-11-28,3.634800605263158
2020-11-29,3.5554004296115207
2020-11-30,3.311867313025284
2020-12-01,3.525754711799073
2020-12-02,3.444212151908949
2020-12-03,3.4085840973139137
2020-12-04,3.606337871508105
2020-12-05,3.5123773388166484
2020-12-06,3.47547588932798
2020-12-07,3.51939219910225
2020-12-08,3.699392673819852
2020-12-09,3.636101727540268
2020-12-10,3.715315578482064
2020-12-11,3.783038212070948
2020-12-12,3.657614089899037
2020-12-13,3.5799634150939506
2020-12-14,3.571443728664267
2020-12-15,3.5460220044647612
2020-12-16,3.2449745327046897
2020-12-17,3.135665505789088
2020-12-18,3.097501424212708
2020-12-19,3.0400456264105298
2020-12-20,3.118923652771408
2020-12-21,3.23889442383218
2020-12-22,3.1343234336417662
2020-12-23,3.3233758524346007
2020-12-24,3.2136334733199794
2020-12-25,3.1319658223795406
2020-12-26,2.9815475771469866
2020-12-27,2.9821907503530847
2020-12-28,2.891336643618318
2020-12-29,2.874309902806366
2020-12-30,2.7694464105361534
2020-12-31,2.7614023941380705
2021-01-01,2.7577068512390177
2021-01-02,2.5051310082287443
2021-01-03,2.4352598865872497
2021-01-04,2.521798027009884
2021-01-05,2.38835471885601
2021-01-06,2.2345822207733352
2021-01-07,2.181384187631503
2021-01-08,2.2038613861969814
2021-01-09,2.204171752055707
2021-01-10,2.3447984876149297
2021-01-11,2.56588331685872
2021-01-12,2.646163668091426
2021-01-13,2.4234262957119173
2021-01-14,2.306905845920685
2021-01-15,2.434172390547191
2021-01-16,2.434422639969249
2021-01-17,2.438653584219825
2021-01-18,2.392734394628494
2021-01-19,2.4008138690737506
2021-01-20,2.446894208976145
2021-01-21,2.8404799249629193
2021-01-22,2.6336473529818245
2021-01-23,2.671990909815915
2021-01-24,2.606817156994045
2021-01-25,2.651796007950973
2021-01-26,2.6273075576849827
2021-01-27,2.8427443410275814
2021-01-28,2.6198336162966025
2021-01-29,2.5479004656741058
2021-01-30,2.616904004394534
2021-01-31,2.7055300982450916
2021-02-01,2.6772198568577736
2021-02-02,2.54315500067069
2021-02-03,2.48016602185237
2021-02-04,2.4774160530381484
2021-02-05,2.385156967912847
2021-02-06,2.3934605423758524
2021-02-07,2.452325075626213
2021-02-08,2.1345507708205536
2021-02-09,2.1777083825153793
2021-02-10,2.236641941579624
2021-02-11,2.145786321366153
2021-02-12,2.151953748594687
2021-02-13,2.1725791649362294
2021-02-14,2.1828378528566583
2021-02-15,2.219744374548092
2021-02-16,2.19256044100455
2021-02-17,2.088527591639094
2021-02-18,2.120116337888378
2021-02-19,1.9927484373983153
2021-02-20,2.0453481342208404
2021-02-21,1.9977739208424032
2021-02-22,2.126889644122919
2021-02-23,2.3892992759649028
2021-02-24,2.3427443404988804
2021-02-25,2.483582120107798
2021-02-26,2.5235138714686283
2021-02-27,2.506172072093602
2021-02-28,2.564422298017141
2021-03-01,2.34825975148663
2021-03-02,2.428388193922415
2021-03-03,2.369625064983144
2021-03-04,2.4734417587261097
2021-03-05,2.465203658968835
2021-03-06,2.4404117996080608
2021-03-07,2.3450384815964296
2021-03-08,2.2738429189175835
2021-03-09,2.1855358739909247
2021-03-10,2.205865271554295
2021-03-11,2.1696355108216143
2021-03-12,2.2368287274511927
2021-03-13,2.1061615268606197
2021-03-14,2.181050973001781
2021-03-15,2.297947203986664
2021-03-16,2.2503511010554806
2021-03-17,2.1810062582990186
2021-03-18,2.2377990161948875
2021-03-19,2.2248590025868484
2021-03-20,2.2400213177549304
2021-03-21,2.264446822112865
2021-03-22,2.3897428717145104
2021-03-23,2.3866038126390885
2021-03-24,2.5075925059289315
2021-03-25,2.5644314861241537
2021-03-26,2.3818318673203964
2021-03-27,2.3541338243044923
2021-03-28,2.3708755162497606
2021-03-29,2.284900793917563
2021-03-30,2.250602416121108
2021-03-31,2.234081700403846
2021-04-01,2.2161132118938593
2021-04-02,2.2173773328646966
2021-04-03,2.334907233849768
2021-04-04,2.254749936068117
2021-04-05,2.2005866903949296
2021-04-06,2.2366482877958327
2021-04-07,2.3560281748525256
2021-04-08,2.273444288890083
2021-04-09,2.2779515473161984
2021-04-10,2.2312424742584525
2021-04-11,2.2094127987189047
2021-04-12,2.195705112014516
2021-04-13,2.1168312852458526
2021-04-14,2.118361890328225
2021-04-15,2.1119861954756844
2021-04-16,2.1557602754252145
2021-04-17,2.259269400218163
2021-04-18,2.4043419300657303
2021-04-19,2.450507989375564
2021-04-20,2.4062511032074774
2021-04-21,2.5208140705867956
2021-04-22,2.633451013777667
2021-04-23,2.649636571693774
2021-04-24,2.7592235586236855
2021-04-25,2.794139825970116
2021-04-26,2.5324503395460845
2021-04-27,2.4665628208970993
2021-04-28,2.485506565611285
2021-04-29,2.5156412839955187
2021-04-30,2.3723051174474223
2021-05-01,2.3472741139910513
2021-05-02,2.3990287036176827
2021-05-03,2.3062704840307866
2021-05-04,2.4516750084130687
2021-05-05,2.2616888454546022
2021-05-06,2.3075136961776117
2021-05-07,2.347734794320216
2021-05-08,2.2719186493631613
2021-05-09,2.2786206876281594
2021-05-10,2.3896638016282905
2021-05-11,2.358480955129154
2021-05-12,2.6549848622186074
2021-05-13,2.6278883602676553
2021-05-14,2.5218380720752767
2021-05-15,2.7261302306925512
2021-05-16,2.7385166582532685
2021-05-17,2.926749086043272
2021-05-18,2.903594699995956
2021-05-19,3.7843934070884164
2021-05-20,3.316625327411576
2021-05-21,3.7309517612164402
2021-05-22,3.9064229809490527
2021-05-23,4.287182295423458
2021-05-24,3.6479321379930916
2021-05-25,3.679567718251965
2021-05-26,3.529299409899836
2021-05-27,3.6566814512306864
2021-05-28,4.009736872009843
2021-05-29,4.19639155627735
2021-05-30,4.06597259704203
2021-05-31,3.7878971293785284
2021-06-01,3.837841214365514
2021-06-02,3.7108586273370894
2021-06-03,3.5534841035309364
2021-06-04,3.8022212171064274
2021-06-05,3.929815535099574
2021-06-06,3.875457246017453
2021-06-07,4.12205433072505
2021-06-08,4.165157390760091
2021-06-09,3.877704062778419
2021-06-10,4.030572491731618
2021-06-11,4.08542476684654
2021-06-12,4.185500517374717
2021-06-13,3.892274030818801
2021-06-14,3.7702050057411047
2021-06-15,3.8130892846859332
2021-06-16,3.996390232228153
2021-06-17,3.9965800923847556
2021-06-18,4.222920772443297
2021-06-19,4.292478248898444
2021-06-20,4.243344921419431
2021-06-21,4.959473072416374
2021-06-22,4.923136719125237
2021-06-23,4.685353170395457
2021-06-24,4.553330960935292
2021-06-25,4.953484144893518
2021-06-26,4.883491969538797
2021-06-27,4.581458552541759
2021-06-28,4.531093433646871
2021-06-29,4.345201694611048
2021-06-30,4.354214723269153
2021-07-01,4.57229527014133
2021-07-02,4.520599738321647
2021-07-03,4.406336266227147
2021-07-04,4.303802809169397
2021-07-05,4.4897422968390455
2021-07-06,4.366441346459262
2021-07-07,4.388663219212732
2021-07-08,4.608414647719184
2021-07-09,4.496197646063745
2021-07-10,4.54973071341371
2021-07-11,4.4718489891335205
2021-07-12,4.621283569297386
2021-07-13,4.70338193533349
2021-07-14,4.664247942683578
2021-07-15,4.772441707999898
2021-07-16,4.8919183729699185
2021-07-17,4.852438535296144
2021-07-18,4.826922966527257
2021-07-19,4.984860243687142
2021-07-20,5.16600799683601
2021-07-21,4.74815106488338
2021-07-22,4.6978252881062295
2021-07-23,4.517203786327823
2021-07-24,4.433064090424099
2021-07-25,4.3570921389274675
2021-07-26,4.241702313962707
2021-07-27,4.058960224112173
2021-07-28,4.005484935548834
2021-07-29,3.9776829479304103
2021-07-30,3.8152335538294
2021-07-31,3.825368643034304
2021-08-01,3.889732655220104
2021-08-02,3.90635859629985
2021-08-03,3.989985979366158
2021-08-04,3.8116373773251375
2021-08-05,3.7168293032996362
2021-08-06,3.604691328981498
2021-08-07,3.418694977131037
2021-08-08,3.5203329270209456
2021-08-09,3.355513655616069
2021-08-10,3.34812747876378
2021-08-11,3.290935792863497
2021-08-12,3.4153228212101245
2021-08-13,3.1616153873865667
2021-08-14,3.1895212403234674
2021-08-15,3.162292035548971
2021-08-16,3.260517679016121
2021-08-17,3.3908440793378327
2021-08-18,3.3597004549344485
2021-08-19,3.198644048367976
2021-08-20,3.068348405979282
2021-08-21,3.1216013673097716
2021-08-22,3.0923354207705653
2021-08-23,3.0373555057587804
2021-08-24,3.1910218783289155
2021-08-25,3.1339101089990926
2021-08-26,3.291138555672953
2021-08-27,3.0946884654534896
2021-08-28,3.1097931336929263
2021-08-29,3.1229291533621746
2021-08-30,3.193082904493057
2021-08-31,3.1196128591556187
2021-09-01,2.958867153724486
2021-09-02,2.946225616329328
2021-09-03,2.9081260976698076
2021-09-04,2.9138201596216455
2021-09-05,2.821973597136952
2021-09-06,2.8148987597913173
2021-09-07,3.189089806911748
2021-09-08,3.221326229423993
2021-09-09,3.18882023249533
2021-09-10,3.2929384070555408
2021-09-11,3.2476822100308973
2021-09-12,3.176220573573734
2021-09-13,3.284651520945027
2021-09-14,3.1615014671231343
2021-09-15,3.0742724968084705
2021-09-16,3.1105135669060906
2021-09-17,3.184305339921784
2021-09-18,3.1069859947415415
2021-09-19,3.188215629373076
2021-09-20,3.537163060225567
2021-09-21,3.7686178995761854
2021-09-22,3.4407775255383326
2021-09-23,3.3353965258049088
2021-09-24,3.507533233146555
2021-09-25,3.52826534513803
2021-09-26,3.4939230794433187
2021-09-27,3.5942556488238444
2021-09-28,3.717005830084715
2021-09-29,3.643237918518374
2021-09-30,3.485200554767269
2021-10-01,3.164492775348186
2021-10-02,3.161310623871633
2021-10-03,3.1174515715371443
2021-10-04,3.1057840944834862
2021-10-05,3.0120621149250604
2021-10-06,2.911754381326442
2021-10-07,2.942313571250863
2021-10-08,2.9459840727146824
2021-10-09,2.902701626852177
2021-10-10,2.977955594065927
2021-10-11,2.8887592662026615
2021-10-12,2.949393415535415
2021-10-13,2.8744474834003975
2021-10-14,2.8485340585018846
2021-10-15,2.731990698704111
2021-10-16,2.7689432027718475
2021-10-17,2.7708075804247523
2021-10-18,2.7791137264499075
2021-10-19,2.7023761042830277
2021-10-20,2.5987836085324494
2021-10-21,2.717993269237844
2021-10-22,2.751795383363227
2021-10-23,2.6961828488590034
2021-10-24,2.7262134891642615
2021-10-25,2.6378466130330653
2021-10-26,2.7120346609885386
2021-10-27,2.8462677550838835
2021-10-28,2.7077384383828718
2021-10-29,2.6346119443717986
2021-10-30,2.6782875326875186
2021-10-31,2.679938640079355
2021-11-01,2.666059113351283
2021-11-02,2.5805235109276494
2021-11-03,2.5875957872540134
2021-11-04,2.6463471856397756
2021-11-05,2.669557372423926
2021-11-06,2.644904300772453
2021-11-07,2.6165148836988767
2021-11-08,2.5023262494724596
2021-11-09,2.5430310481812515
2021-11-10,2.6434271422665505
2021-11-11,2.61158688623972
2021-11-12,2.6377952668809335
2021-11-13,2.624361851491789
2021-11-14,2.607831475482851
2021-11-15,2.6669634402337725
2021-11-16,2.845122910372532
2021-11-17,2.822627835651281
2021-11-18,3.000724711724764
2021-11-19,2.843626412215492
2021-11-20,2.773146709050849
2021-11-21,2.825755229516841
2021-11-22,2.932124629922594
2021-11-23,2.8230713507106766
2021-11-24,2.8645499912901053
2021-11-25,2.753932651520684
2021-11-26,3.0198226029455264
2021-11-27,2.998438368912804
2021-11-28,2.8934806542297116
2021-11-29,2.8384110432219103
2021-11-30,2.835933444839092
2021-12-01,2.8387277118684673
2021-12-02,2.8884361146259896
2021-12-03,3.040792090993885
2021-12-04,3.251943175136175
2021-12-05,3.315380806599308
2021-12-06,3.243712049676032
2021-12-07,3.267766326139818
2021-12-08,3.225105099783904
2021-12-09,3.438683994958838
2021-12-10,3.532605706386062
2021-12-11,3.38291634841947
2021-12-12,3.342338652722426
2021-12-13,3.628434664399095
2021-12-14,3.5034534234359365
2021-12-15,3.4074445005040257
2021-12-16,3.490334387111792
2021-12-17,3.553992584984573
2021-12-18,3.475012935981097
2021-12-19,3.4861207517177286
2021-12-20,3.477041447055782
2021-12-21,3.3524091482140057
2021-12-22,3.359202238751519
2021-12-23,3.2486703190769046
2021-12-24,3.2726969803559762
2021-12-25,3.2580288173127907
2021-12-26,3.2540686647977513
2021-12-27,3.2541667445832534
2021-12-28,3.4729247102052296
2021-12-29,3.5679172666544696
2021-12-30,3.5309493981477273
2021-12-31,3.584572445076893
2022-01-01,3.482025312124832
2022-01-02,3.4873310131573096
2022-01-03,3.534289143552607
2022-01-04,3.554945175394384
2022-01-05,3.785333258272954
2022-01-06,3.819676070929813
2022-01-07,4.003157303805299
2022-01-08,4.032548451365134
2022-01-09,3.985548295736681
2022-01-10,4.045734610915531
2022-01-11,3.908057976211298
2022-01-12,3.7700389077829666
2022-01-13,3.8831802307259395
2022-01-14,3.8124339914651384
2022-01-15,3.7960316084213477
2022-01-16,3.7819971710795013
2022-01-17,3.9102745199009346
2022-01-18,3.9267273631305937
2022-01-19,4.008278338877269
2022-01-20,4.119477821629482
2022-01-21,4.647773944428946
2022-01-22,4.891333732369098
2022-01-23,4.680213880376598
2022-01-24,4.748518928401864
2022-01-25,4.7005515377919815
2022-01-26,4.727579272786231
2022-01-27,4.736111830458462
2022-01-28,4.644710670571862
2022-01-29,4.571563834110969
2022-01-30,4.610054048277304
2022-01-31,4.522839549237655
2022-02-01,4.488280150418081
2022-02-02,4.628981704848902
2022-02-03,4.5777053120474545
2022-02-04,4.187491020193634
2022-02-05,4.157758535870472
2022-02-06,4.071466121487967
2022-02-07,3.9259328466588834
2022-02-08,3.940451460226771
2022-02-09,3.878203344216724
2022-02-10,4.0107817131658585
2022-02-11,4.17641651318529
2022-02-12,4.180418784919471
2022-02-13,4.231657186992435
2022-02-14,4.182242458471749
2022-02-15,3.9568767337822877
2022-02-16,4.017325646390406
2022-02-17,4.313798504448604
2022-02-18,4.400001940697897
2022-02-19,4.407217876088379
2022-02-20,4.61299102754776
2022-02-21,4.7919126145719995
2022-02-22,4.67294956117603
2022-02-23,4.773729105275973
2022-02-24,4.7223668978367055
2022-02-25,4.54194382562134
2022-02-26,4.535658499875664
2022-02-27,4.7356158700009106
2022-02-28,4.237832198147606
2022-03-01,4.150556463053418
2022-03-02,4.195459092263834
2022-03-03,4.33325060704631
2022-03-04,4.626327711309326
2022-03-05,4.586351994939897
2022-03-06,4.733626011872002
2022-03-07,4.797573901563693
2022-03-08,4.705136841945202
2022-03-09,4.3950840243538405
2022-03-10,4.604035615034688
2022-03-11,4.685590012023827
2022-03-12,4.675989580108932
2022-03-13,4.787930305799943
2022-03-14,4.655071931081153
2022-03-15,4.669810801461926
2022-03-16,4.469716627298814
2022-03-17,4.460744178440425
2022-03-18,4.359666547301267
2022-03-19,4.29995250164216
2022-03-20,4.400979456235176
2022-03-21,4.378041467254969
2022-03-22,4.265818771414322
2022-03-23,4.18828062446166
2022-03-24,4.092294664733366
2022-03-25,4.131350935587378
2022-03-26,4.080869086056579
2022-03-27,3.905596779087962
2022-03-28,3.8921792450211274
2022-03-29,3.83739678779792
2022-03-30,3.833966452588943
2022-03-31,3.9468980964367217
2022-04-01,3.844815911688611
2022-04-02,3.866666248423796
2022-04-03,3.8021904226777625
2022-04-04,3.814381806670107
2022-04-05,3.9623866406090578
2022-04-06,4.220727443210529
2022-04-07,4.15429413804449
2022-04-08,4.274003714649066
2022-04-09,4.211114363902451
2022-04-10,4.282889792722522
2022-04-11,4.575099373156488
2022-04-12,4.489478104670323
2022-04-13,4.383578793116992
2022-04-14,4.500711521324365
2022-04-15,4.438968241516873
2022-04-16,4.438742776104355
2022-04-17,4.53955651393208
2022-04-18,4.429907834922169
2022-04-19,4.352440205893568
2022-04-20,4.377649872014762
2022-04-21,4.487282313034026
2022-04-22,4.529661497935494
2022-04-23,4.5703903851586665
2022-04-24,4.584155302699489
2022-04-25,4.490097173152821
2022-04-26,4.75634252312253
2022-04-27,4.640632141542605
2022-04-28,4.594624113095648
2022-04-29,4.7451747551338945
2022-04-30,4.919044832021175
2022-05-01,4.792740224290033
2022-05-02,4.785249993618248
2022-05-03,4.8659062518929925
2022-05-04,4.601900713337889
2022-05-05,4.9534170337405765
2022-05-06,5.0134175178520435
2022-05-07,5.116785410559739
2022-05-08,5.293014790212999
2022-05-09,6.044387499236151
2022-05-10,5.841961774741852
2022-05-11,6.477385662678567
2022-05-12,6.634544937010261
2022-05-13,6.560414762677823
2022-05-14,6.134922145548254
2022-05-15,5.894076666666709
2022-05-16,6.211043040578752
2022-05-17,6.054602327878305
2022-05-18,6.473443087240541
2022-05-19,5.9491641112094875
2022-05-20,6.127541034753317
2022-05-21,6.06204218172031
2022-05-22,5.917196897921199
2022-05-23,6.121469679938606
2022-05-24,6.0393291872057056
2022-05-25,6.09077603493728
2022-05-26,6.326534740667218
2022-05-27,6.470362228235316
2022-05-28,6.329337898220677
2022-05-29,6.258978208732846
2022-05-30,5.824644016841961
2022-05-31,5.852519247837122
2022-06-01,6.219200463682389
2022-06-02,6.109057774599916
2022-06-03,6.27948975526856
2022-06-04,6.231920014627819
2022-06-05,6.236279039435491
2022-06-06,6.025350830413533
2022-06-07,6.101024220398102
2022-06-08,5.953149052956664
2022-06-09,5.96017965534574
2022-06-10,6.217393446927288
2022-06-11,6.477503851447529
2022-06-12,6.869535782855579
2022-06-13,7.840224432654706
2022-06-14,7.869402692694277
2022-06-15,7.640176970849219
2022-06-16,8.412376229838134
2022-06-17,8.32405659180756
2022-06-18,8.840705929016138
2022-06-19,8.215920426751927
2022-06-20,8.174144290312697
2022-06-21,8.09631764613093
2022-06-22,7.91399926473747
2022-06-23,7.416763544573707
2022-06-24,7.170100789422416
2022-06-25,7.08467992941966
2022-06-26,7.269334349583271
2022-06-27,7.336563122419136
2022-06-28,7.549497782724919
2022-06-29,7.633094243602359
2022-06-30,7.713199436442785
2022-07-01,7.891102728899256
2022-07-02,7.871817987771619
2022-07-03,7.860960020353208
2022-07-04,7.5322762857332135
2022-07-05,7.585856420912631
2022-07-06,7.42358665063903
2022-07-07,7.153279519531516
2022-07-08,7.19813921290122
2022-07-09,7.086354049049282
2022-07-10,7.3131237494391
2022-07-11,7.630651484169154
2022-07-12,7.859117208092127
2022-07-13,7.524202149751161
2022-07-14,7.304366423665044
2022-07-15,7.216874666149053
2022-07-16,6.974838426161033
2022-07-17,7.0832243303217926
2022-07-18,6.5098583044433225
2022-07-19,6.377925503057523
2022-07-20,6.46976372254902
2022-07-21,6.407527102330097
2022-07-22,6.557457288118812
2022-07-23,6.533624776435644
2022-07-24,6.455220877352941
2022-07-25,6.887094068828452
2022-07-26,6.880035122675027
2022-07-27,6.394082995728155
2022-07-28,6.154374982803739
2022-07-29,6.098243527222222
2022-07-30,6.154374982803739
2022-07-31,6.212994153867925
2022-08-01,6.272228232666667
2022-08-02,6.3313985589423085
2022-08-03,6.331588485769231
2022-08-04,6.331588485769231
2022-08-05,6.151271515
2022-08-06,6.267959906037736
2022-08-07,6.209380841495327
2022-08-08,6.040215254272727
2022-08-09,6.209070437663551
2022-08-10,5.932176339642857
2022-08-11,5.93300667
2022-08-12,5.829093640087719
2022-08-13,5.777654961826087
2022-08-14,5.829151908859649
2022-08-15,5.9312867
2022-08-16,5.931998411696428
2022-08-17,6.09416747293578
2022-08-18,6.151333020925926
2022-08-19,6.777799986632653
2022-08-20,6.758060993794507
2022-08-21,6.6434396626
2022-08-22,6.6419782812
2022-08-23,6.576018813861387
2022-08-24,6.575953045049506
2022-08-25,6.511808536960784
2022-08-26,6.976937718172269
2022-08-27,7.028196983174603
2022-08-28,7.202024513232104
2022-08-29,6.897465192107996
2022-08-30,7.019941136257928
2022-08-31,6.961212935115305
2022-09-01,6.8966376204569055
2022-09-02,6.948301379811715
2022-09-03,6.976670183604226
2022-09-04,6.907066308862948
2022-09-05,6.896354884159615
2022-09-06,7.26929372327087
2022-09-07,7.048038821218373
2022-09-08,7.017542325058586
2022-09-09,6.584612971960256
2022-09-10,6.488328139443472
2022-09-11,6.476412477611563
2022-09-12,6.445878423885223
2022-09-13,6.979656344063639
2022-09-14,6.890390523430775
2022-09-15,7.176883427959892
2022-09-16,7.182620502023601
2022-09-17,7.0571119085908265
2022-09-18,7.421806619516285
2022-09-19,7.319976020001713
2022-09-20,7.509834527210399
2022-09-21,7.695762158068484
2022-09-22,7.337048977582375
2022-09-23,7.329835388450065
2022-09-24,7.43177207934149
2022-09-25,7.4900286513323655
2022-09-26,7.530187260594769
2022-09-27,7.589313897973445
2022-09-28,7.511528113273215
2022-09-29,7.455118355475081
2022-09-30,7.508974764727255
2022-10-01,7.55548796182099
2022-10-02,7.676108193641985
2022-10-03,7.49621014020417
2022-10-04,7.296188189168666
2022-10-05,7.357919749995741
2022-10-06,7.427600181906119
2022-10-07,7.528854441086002
2022-10-08,7.578219304719143
2022-10-09,7.546085504577292
2022-10-10,7.714415017692107
2022-10-11,7.7625834371485976
2022-10-12,7.727055548492117
2022-10-13,7.713564708810158
2022-10-14,7.7514000593861345
2022-10-15,7.813902509732527
2022-10-16,7.725624931684699
2022-10-17,7.621291204343085
2022-10-18,7.709687301425652
2022-10-19,7.822811994010303
2022-10-20,7.864696184506058
2022-10-21,7.807990347793208
2022-10-22,7.774438011147816
2022-10-23,7.617007089590007
2022-10-24,7.708339884112562
2022-10-25,7.376612323940426
2022-10-26,7.144217285198231
2022-10-27,7.31969817985957
2022-10-28,7.174401932718977
2022-10-29,7.024241029042666
2022-10-30,7.103191607805487
2022-10-31,7.147472683859811
2022-11-01,7.13584355358057
2022-11-02,7.290995007693217
2022-11-03,7.248280750140513
2022-11-04,6.868322322199696
2022-11-05,6.867290332352718
2022-11-06,7.064671300259271
2022-11-07,7.130366920014958
2022-11-08,7.933630680622413
2022-11-09,9.278929643816651
2022-11-10,8.109370429186589
2022-11-11,8.31034151466895
2022-11-12,8.364273812946077
2022-11-13,8.483071664295043
2022-11-14,8.356269695453898
2022-11-15,8.229220512903483
2022-11-16,8.356776287407069
2022-11-17,8.373405510138747
2022-11-18,8.346870000134942
2022-11-19,8.334261024569804
2022-11-20,8.611762946964362
2022-11-21,8.839792578420855
2022-11-22,8.574971466458582
2022-11-23,8.30326823281888
2022-11-24,8.25375788889769
2022-11-25,8.284962931399646
2022-11-26,8.266105483786285
2022-11-27,8.270814352283294
2022-11-28,8.4281741581719
2022-11-29,8.28906116605009
2022-11-30,7.967500956352926
2022-12-01,8.066460645639376
2022-12-02,8.000505245856647
2022-12-03,8.165693871268074
2022-12-04,8.043129341145871
2022-12-05,8.119139148647415
2022-12-06,8.095713489355706
2022-12-07,8.268978387073025
2022-12-08,8.069285948745367
2022-12-09,8.123177543621516
2022-12-10,8.126664958936706
2022-12-11,8.155775308748934
2022-12-12,8.144284108889671
2022-12-13,7.949569052845791
2022-12-14,8.002829764021516
2022-12-15,8.190024884211102
2022-12-16,8.703160942730442
2022-12-17,8.583349759530707
2022-12-18,8.61552492260916
2022-12-19,8.802396642811752
2022-12-20,8.578789451001018
2022-12-21,8.612231317195072
2022-12-22,8.609195964159802
2022-12-23,8.604681710753649
2022-12-24,8.60618589734535
2022-12-25,8.605089450491876
2022-12-26,8.554708591813844
2022-12-27,8.627203725645614
2022-12-28,8.76297128491136
2022-12-29,8.754569509140895
2022-12-30,8.75336463518179
2022-12-31,8.777332283435737
2023-01-01,8.760582917675949
2023-01-02,8.649614420759821
2023-01-03,8.641553345880022
2023-01-04,8.489403322473564
2023-01-05,8.543372953319315
2023-01-06,8.446779741738284
2023-01-07,8.456866957833444
2023-01-08,8.327675002475319
2023-01-09,8.217818380395471
2023-01-10,8.116094713200392
2023-01-11,7.90474064333219
2023-01-12,7.678889423070203
2023-01-13,7.387815770932152
2023-01-14,7.066237130900725
2023-01-15,7.067766047828666
2023-01-16,7.010884810211985
2023-01-17,7.048089797968526
2023-01-18,7.2475532165945395
2023-01-19,7.1025627302432515
2023-01-20,6.677883399769763
2023-01-21,6.719544625069284
2023-01-22,6.726589434916293
2023-01-23,6.670546281173055
2023-01-24,6.846938405894354
2023-01-25,6.68359172038489
2023-01-26,6.7144781922965855
2023-01-27,6.691954174874583
2023-01-28,6.755411631858556
2023-01-29,6.577926597698075
2023-01-30,6.843149744401024
2023-01-31,6.749710485484864
2023-02-01,6.5787776100049085
2023-02-02,6.620103468481169
2023-02-03,6.571276208705029
2023-02-04,6.568844814926209
2023-02-05,6.700869619611509
2023-02-06,6.76332681110527
2023-02-07,6.583065335916618
2023-02-08,6.654730989127334
2023-02-09,7.041778850645057
2023-02-10,7.089882574119237
2023-02-11,7.024562907350183
2023-02-12,7.065095591295136
2023-02-13,7.126901471987858
2023-02-14,6.973755736421686
2023-02-15,6.546917334132576
2023-02-16,6.801999950506531
2023-02-17,6.568548728338551
2023-02-18,6.5768856358137535
2023-02-19,6.615079975927032
2023-02-20,6.501951351044083
2023-02-21,6.6138356469462884
2023-02-22,6.677867833471485
2023-02-23,6.725673600934133
2023-02-24,6.934501239509089
2023-02-25,6.9767098338886555
2023-02-26,6.8525442113175865
2023-02-27,6.872376987220287
2023-02-28,6.990332866998883
2023-03-01,6.821445414009795
2023-03-02,6.902276155680173
2023-03-03,7.183831860757153
2023-03-04,7.2516068274292484
2023-03-05,7.2335941962272745
2023-03-06,7.244223857379768
2023-03-07,7.314880741789732
2023-03-08,7.4938388503501026
2023-03-09,7.885387088852442
2023-03-10,7.928269556169966
2023-03-11,7.860221867953425
2023-03-12,7.3948307423782405
2023-03-13,6.99097681043648
2023-03-14,6.879557357952919
2023-03-15,7.1496436880661225
2023-03-16,7.041100161967963
2023-03-17,6.643098823702415
2023-03-18,6.86039055178636
2023-03-19,6.696634594692672
2023-03-20,6.794189368499456
2023-03-21,6.68017258181685
2023-03-22,6.934043332531379
2023-03-23,6.704569091571353
2023-03-24,7.008856301640909
2023-03-25,7.085787396811551
2023-03-26,6.959771362679628
2023-03-27,7.177381300420454
2023-03-28,7.115381620486783
2023-03-29,6.9180934080844745
2023-03-30,6.98217820268824
2023-03-31,6.908610892244435
2023-04-01,6.9250801324954825
2023-04-02,6.985606867818617
2023-04-03,7.028580037454465
2023-04-04,6.938004118488829
2023-04-05,6.900014097934072
2023-04-06,7.003778466493634
2023-04-07,7.019410245892092
2023-04-08,7.035276040467226
2023-04-09,6.973952337009839
2023-04-10,6.760767526002185
2023-04-11,6.716735050861919
2023-04-12,6.748567541133626
2023-04-13,6.604791540082135
2023-04-14,6.528186234930204
2023-04-15,6.553131163759021
2023-04-16,6.51220059741214
2023-04-17,6.671192369822265
2023-04-18,6.529826093103855
2023-04-19,6.916572249904268
2023-04-20,7.030531175194592
2023-04-21,7.289120685499396
2023-04-22,7.159540144974683
2023-04-23,7.214426360563353
2023-04-24,7.249208066708254
2023-04-25,7.109222633698971
2023-04-26,7.1308530723362615
2023-04-27,6.95829810862692
2023-04-28,6.9947881453990295
2023-04-29,7.00104602147045
2023-04-30,7.0297775823939865
2023-05-01,7.232147380629954
2023-05-02,7.1254053665793595
2023-05-03,7.044671156335516
2023-05-04,7.118799107674071
2023-05-05,6.936970777845075
2023-05-06,7.120996006636872
2023-05-07,7.185744467149041
2023-05-08,7.3721307374497735
2023-05-09,7.403477252245602
2023-05-10,7.402775487773925
2023-05-11,7.591891580170011
2023-05-12,7.58591130214029
2023-05-13,7.62022413003184
2023-05-14,7.59220382208038
2023-05-15,7.532607486103629
2023-05-16,7.570661315200933
2023-05-17,7.512326235616944
2023-05-18,7.622027411648139
2023-05-19,7.596097231711904
2023-05-20,7.557428094952147
2023-05-21,7.658139964850211
2023-05-22,7.625370753845441
2023-05-23,7.531922070560102
2023-05-24,7.7570975479404725
2023-05-25,7.736906650639276
2023-05-26,7.6699317878779425
2023-05-27,7.643699262599686
2023-05-28,7.380863647802682
2023-05-29,7.4456455590183355
2023-05-30,7.430174023202101
2023-05-31,7.5506512579848275
2023-06-01,7.620749085339834
2023-06-02,7.491138137044914
2023-06-03,7.520964866320918
2023-06-04,7.514480226065869
2023-06-05,7.886088478252494
2023-06-06,7.583345252821772
2023-06-07,7.833644001329604
2023-06-08,7.790292660869752
2023-06-09,7.821362093876444
2023-06-10,8.156907874774154
2023-06-11,8.145420984172128
2023-06-12,8.157231327869335
2023-06-13,8.146842514137258
2023-06-14,8.412940097805151
2023-06-15,8.32237205364752
2023-06-16,8.129800420398839
2023-06-17,8.068833732549647
2023-06-18,8.077240308088548
2023-06-19,7.976238073736807
2023-06-20,7.683287727961427
2023-06-21,7.334221282706014
2023-06-22,7.372736824318382
2023-06-23,7.221547523993746
2023-06-24,7.272973581916478
2023-06-25,7.249067997617168
2023-06-26,7.323358532763001
2023-06-27,7.233396865593961
2023-06-28,7.414730201041478
2023-06-29,7.330428017254861
2023-06-30,7.210003357294747
2023-07-01,7.181305840336613
2023-07-02,7.160949708904985
2023-07-03,7.074461634600807
2023-07-04,7.151478919633149
2023-07-05,7.2266465578359265
2023-07-06,7.389782465241307
2023-07-07,7.291917339739042
2023-07-08,7.301450079246987
2023-07-09,7.325971436738983
2023-07-10,7.261268058010602
2023-07-11,7.229716362771223
2023-07-12,7.26814916822628
2023-07-13,6.8379478105222145
2023-07-14,7.082821236309973
2023-07-15,7.104533232634107
2023-07-16,7.134166157646139
2023-07-17,7.150358041329776
2023-07-18,7.216074117106023
2023-07-19,7.189254457559688
2023-07-20,7.19775040343142
2023-07-21,7.188221544468963
2023-07-22,7.253233980497079
2023-07-23,7.183708576943379
2023-07-24,7.371360236304822
2023-07-25,7.355468727749413
2023-07-26,7.315336604386695
2023-07-27,7.33768493101778
2023-07-28,7.306538931203555
2023-07-29,7.28661982237986
2023-07-30,7.32043525421796
2023-07-31,7.342928160426436
2023-08-01,7.263699913488847
2023-08-02,7.394547736459459
2023-08-03,7.432354240732801
2023-08-04,7.461196237197468
2023-08-05,7.45663236090775
2023-08-06,7.461657884838551
2023-08-07,7.4482828441199604
2023-08-08,7.3055035345644965
2023-08-09,7.322194471503675
2023-08-10,7.349729399597391
2023-08-11,7.35915806357926
2023-08-12,7.347418307149173
2023-08-13,7.351228003701237
2023-08-14,7.326210342170427
2023-08-15,7.413581598632289
2023-08-16,7.508774748625402
2023-08-17,8.008922231048874
2023-08-18,8.070623098926243
2023-08-19,8.042823356371795
2023-08-20,8.009954140187501
2023-08-21,8.043458857204046
2023-08-22,8.104164903694217
2023-08-23,7.96295860275808
2023-08-24,8.03937590221454
2023-08-25,8.068687432873658
2023-08-26,8.078533180982344
2023-08-27,8.030993126431037
2023-08-28,8.033522773498774
2023-08-29,7.677990292887317
2023-08-30,7.793435631579698
2023-08-31,8.091205148053401
2023-09-01,8.147498317452497
2023-09-02,8.123466027071018
2023-09-03,8.116155060506989
2023-09-04,8.154951945033302
2023-09-05,8.146204026422033
2023-09-06,8.147573728230038
2023-09-07,8.042956618833792
2023-09-08,8.129910740330871
2023-09-09,8.151554533893037
2023-09-10,8.20541483148444
2023-09-11,8.446026491378603
2023-09-12,8.252778631723649
2023-09-13,8.132682529872124
2023-09-14,8.050531733693955
2023-09-15,8.001184055231032
2023-09-16,8.029446002358783
2023-09-17,8.056471228259793
2023-09-18,8.001113079970498
2023-09-19,7.881073163848409
2023-09-20,7.912225801170567
2023-09-21,8.069478096302513
2023-09-22,8.050588120672126
2023-09-23,8.061998058744182
2023-09-24,8.13435472608952
2023-09-25,8.109426634684121
2023-09-26,8.125054715720863
2023-09-27,8.093431863602031
2023-09-28,7.901123745226063
2023-09-29,7.891661378591939
2023-09-30,7.896322592692444
2023-10-01,7.649741971274738
2023-10-02,7.818945810316595
2023-10-03,7.825898600287783
2023-10-04,7.787833601402324
2023-10-05,7.903791194766721
2023-10-06,7.7765274046330655
2023-10-07,7.793463623377519
2023-10-08,7.806401169334462
2023-10-09,7.95727682593462
2023-10-10,8.003429877195407
2023-10-11,8.098532653534154
2023-10-12,8.166204959720671
2023-10-13,8.118958439189203
2023-10-14,8.117149841350559
2023-10-15,8.074773349435063
2023-10-16,7.786637401616868
2023-10-17,7.853672657176047
2023-10-18,7.915426161108409
2023-10-19,7.838200006251834
2023-10-20,7.657817073446058
2023-10-21,7.577014532280464
2023-10-22,7.520383893722437
2023-10-23,6.970624649233001
2023-10-24,6.879062581772888
2023-10-25,6.791892736443128
2023-10-26,6.827747639770575
2023-10-27,6.921657823312259
2023-10-28,6.880312344224205
2023-10-29,6.804302646910195
2023-10-30,6.765448670753305
2023-10-31,6.73295277456481
2023-11-01,6.618447631448553
2023-11-02,6.708202245949754
2023-11-03,6.726357807832851
2023-11-04,6.665679726173641
2023-11-05,6.610878006134491
2023-11-06,6.546316015976661
2023-11-07,6.541277873653999
2023-11-08,6.54988999766724
2023-11-09,6.31879830078362
2023-11-10,6.2437040404871365
2023-11-11,6.269878009478232
2023-11-12,6.27946873059271
2023-11-13,6.378710571840614
2023-11-14,6.548534354602042
2023-11-15,6.2056404777989815
2023-11-16,6.469576943482109
2023-11-17,6.428057191897639
2023-11-18,6.446708421054177
2023-11-19,6.317325262000298
2023-11-20,6.332419793168015
2023-11-21,6.665279552605588
2023-11-22,6.364775750261001
2023-11-23,6.38531686582027
2023-11-24,6.330957993639437
2023-11-25,6.305961157801898
2023-11-26,6.363827022262375
2023-11-27,6.43676929249966
2023-11-28,6.379538873398281
2023-11-29,6.409595755163612
2023-11-30,6.418480666362098
2023-12-01,6.298475978159621
2023-12-02,6.167805756995945
2023-12-03,6.116023665970689
2023-12-04,5.9098497108914465
2023-12-05,5.734974154375775
2023-12-06,5.787933147197065
2023-12-07,5.75164412461053
2023-12-08,5.632970401525564
2023-12-09,5.681994452568471
2023-12-10,5.653180430386979
2023-12-11,5.95218046414841
2023-12-12,5.930969984543905
2023-12-13,5.770881656329309
2023-12-14,5.709832399711566
2023-12-15,5.888379650247589
2023-12-16,5.829159671231975
2023-12-17,5.9544234682529975
2023-12-18,5.8316301428977795
2023-12-19,5.888107242740706
2023-12-20,5.738611158383993
2023-12-21,5.63568345310552
2023-12-22,5.583980517355245
2023-12-23,5.587372886046866
2023-12-24,5.664828072903276
2023-12-25,5.566878549297803
2023-12-26,5.6750257657711956
2023-12-27,5.532453038382671
2023-12-28,5.632194838473642
2023-12-29,5.696082475167282
2023-12-30,5.707615056025964
2023-12-31,5.710671070617124
2024-01-01,5.505533507454742
2024-01-02,5.470058431402064
2024-01-03,5.775376446102592
2024-01-04,5.642899337194844
2024-01-05,5.6803630019317115
2024-01-06,5.798357566810008
2024-01-07,5.866261969824497
2024-01-08,5.549628991839063
2024-01-09,5.6458710451263086
2024-01-10,5.462444404585544
2024-01-11,5.469532526140744
2024-01-12,5.8258222955937935
2024-01-13,5.77588833932975
2024-01-14,5.925132966707503
2024-01-15,5.829145001746375
2024-01-16,5.749256280392536
2024-01-17,5.802403519582797
2024-01-18,5.994709686648671
2024-01-19,5.952935732859017
2024-01-20,5.9475451513448325
2024-01-21,5.966873521332849
2024-01-22,6.259583037371634
2024-01-23,6.283019036648272
2024-01-24,6.293828799946049
2024-01-25,6.324828228497911
2024-01-26,6.096892944762551
2024-01-27,6.090855192266524
2024-01-28,6.104054229021247
2024-01-29,5.938281489953636
2024-01-30,5.973192506191659
2024-01-31,6.069241679568151
2024-02-01,6.011558981340945
2024-02-02,5.97642917755696
2024-02-03,6.0054604408504
2024-02-04,6.056153096439212
2024-02-05,6.031335930112732
2024-02-06,5.981134019000814
2024-02-07,5.827092348515281
2024-02-08,5.749306025901706
2024-02-09,5.565699521682571
2024-02-10,5.5102951443993335
2024-02-11,5.482518983488089
2024-02-12,5.30407863565267
2024-02-13,5.344104175439507
2024-02-14,5.140236777814581
2024-02-15,5.115459329856297
2024-02-16,5.115304451638883
2024-02-17,5.174637839077285
2024-02-18,5.100162901694398
2024-02-19,5.084554315445707
2024-02-20,5.051720412159491
2024-02-21,5.106796236321189
2024-02-22,5.136642838659553
2024-02-23,5.194047834705381
2024-02-24,5.099365878413149
2024-02-25,5.045800580854994
2024-02-26,4.848147539519431
2024-02-27,4.705505215685798
2024-02-28,4.426863510096353
2024-02-29,4.490089904584761
2024-03-01,4.375502587946631
2024-03-02,4.362375098659021
2024-03-03,4.303924047735569
2024-03-04,4.081052554352002
2024-03-05,4.326439576734101
2024-03-06,4.142526578285162
2024-03-07,4.092171198798756
2024-03-08,4.045540924148307
2024-03-09,4.036963875761977
2024-03-10,4.025534731054545
2024-03-11,3.863538462443402
2024-03-12,3.914148033472784
2024-03-13,3.8366564487628056
2024-03-14,3.9230580110444264
2024-03-15,4.03633404161116
2024-03-16,4.289051162955328
2024-03-17,4.113334434167325
2024-03-18,4.197424584231327
2024-03-19,4.577965073660197
2024-03-20,4.195154318808244
2024-03-21,4.297860236783405
2024-03-22,4.418728581814077
2024-03-23,4.3986867011645625
2024-03-24,4.214323173763789
2024-03-25,4.071447938216944
2024-03-26,4.0708112230141005
2024-03-27,4.121531906222087
2024-03-28,4.054329677745825
2024-03-29,4.087618176733232
2024-03-30,4.105073534866004
2024-03-31,3.9931950165376118
2024-04-01,4.11921730613626
2024-04-02,4.378438640327715
2024-04-03,4.38462310462429
2024-04-04,4.305304543305391
2024-04-05,4.3606190265254074
2024-04-06,4.299002341001463
2024-04-07,4.253053368672109
2024-04-08,4.1046857837762
2024-04-09,4.265372672253464
2024-04-10,4.209055242510728
2024-04-11,4.245797957891844
2024-04-12,4.516757313283341
2024-04-13,4.808787341720761
2024-04-14,4.639580244420571
2024-04-15,4.78180198316571
2024-04-16,4.784910314561623
2024-04-17,4.989470337393549
2024-04-18,4.850001893356883
2024-04-19,4.851100713072053
2024-04-20,4.712102597336918
2024-04-21,4.7374712802851855
2024-04-22,4.61766111008886
2024-04-23,4.6199129115611415
2024-04-24,4.7854717363879375
2024-04-25,4.778275281038506
2024-04-26,4.837366252351691
2024-04-27,4.8172793751272485
2024-04-28,4.8393586312875785
2024-04-29,4.825495438721916
2024-04-30,5.078053951100803
2024-05-01,5.188671063875759
2024-05-02,5.153401762075294
2024-05-03,4.8944619788244905
2024-05-04,4.841869338262112
2024-05-05,4.828179271575714
2024-05-06,4.887581004926623
2024-05-07,4.969795548432699
2024-05-08,5.039022118701668
2024-05-09,4.901693998815429
2024-05-10,5.0666199977409185
2024-05-11,5.060008887530936
2024-05-12,5.028406687267836
2024-05-13,4.95418857065382
2024-05-14,5.066298892150524
2024-05-15,4.771176414189122
2024-05-16,4.836148904525918
2024-05-17,4.709233423574518
2024-05-18,4.7091379212739
2024-05-19,4.774417493381713
2024-05-20,4.373945522778979
2024-05-21,4.389816766766878
2024-05-22,4.443271075998887
2024-05-23,4.508497962057312
2024-05-24,4.5112347434391245
2024-05-25,4.468553597511182
2024-05-26,4.4915569582227945
2024-05-27,4.420476897983012
2024-05-28,4.4781262972611895
2024-05-29,4.531182458520182
2024-05-30,4.536852888241129
2024-05-31,4.560585814643208
2024-06-01,4.54422602068134
2024-06-02,4.561344935624955
2024-06-03,4.514686976142319
2024-06-04,4.408967145222915
2024-06-05,4.366057622018429
2024-06-06,4.395160553870896
2024-06-07,4.526601647529255
2024-06-08,4.550843071463498
2024-06-09,4.521952897741557
2024-06-10,4.5594453287832435
2024-06-11,4.729597582250595
2024-06-12,4.6355878719726356
2024-06-13,4.758719345478601
2024-06-14,4.801224967027759
2024-06-15,4.761739452444873
2024-06-16,4.716354634529335
2024-06-17,4.796790255186988
2024-06-18,4.883265931152973
2024-06-19,4.862991829326382
2024-06-20,4.881296309790809
2024-06-21,4.926094338230694
2024-06-22,4.929824609075336
2024-06-23,5.014909092184286
2024-06-24,5.163034174996496
2024-06-25,5.073364371924718
2024-06-26,5.125310639060468
2024-06-27,5.027556571598193
2024-06-28,5.139667697194111
2024-06-29,5.121948451460699
2024-06-30,4.999839551566705
2024-07-01,4.999613340930358
2024-07-02,5.007990945371819
2024-07-03,5.1867888114321
2024-07-04,5.504312247014491
2024-07-05,5.547312525047852
2024-07-06,5.361059646645678
2024-07-07,5.609409177264365
2024-07-08,5.4915542158388275
2024-07-09,5.387228414226388
2024-07-10,5.38508085287686
2024-07-11,5.417682239750126
2024-07-12,5.357816643010104
2024-07-13,5.259216597961699
2024-07-14,5.141670710756195
2024-07-15,4.843627809365249
2024-07-16,4.851667598240926
2024-07-17,4.92962422790884
2024-07-18,4.949073165007682
2024-07-19,4.791433884525781
2024-07-20,4.7590095727508
2024-07-21,4.696545657757847
2024-07-22,4.77991849394311
2024-07-23,4.859177291631488
2024-07-24,4.9325115276155245
2024-07-25,4.978982602342289
2024-07-26,4.824038296990193
2024-07-27,4.832506280663143
2024-07-28,4.8224413057114415
2024-07-29,4.876554498671003
2024-07-30,4.918805517267022
2024-07-31,5.022392123993648
2024-08-01,5.009191592269108
2024-08-02,5.324043415630545
2024-08-03,5.432471682712586
2024-08-04,5.690773740695922
2024-08-05,6.1329310870587035
2024-08-06,5.907276557824713
2024-08-07,6.01179989664854
2024-08-08,5.4359359717467
2024-08-09,5.547862814928284
2024-08-10,5.541010675088623
2024-08-11,5.742301219719578
2024-08-12,5.609607667462845
2024-08-13,5.539068250590271
2024-08-14,5.692028596231847
2024-08-15,5.828193935480382
2024-08-16,5.75598597514535
2024-08-17,5.696973200657305
2024-08-18,5.767851504013648
2024-08-19,5.671828588134634
2024-08-20,5.706773729429319
2024-08-21,5.5671225300270155
2024-08-22,5.6005537372052006
2024-08-23,5.333285687342499
2024-08-24,5.312784644390786
2024-08-25,5.343034913453107
2024-08-26,5.469299076902379
2024-08-27,5.784137614200014
2024-08-28,5.789389118760033
2024-08-29,5.78112541465632
2024-08-30,5.802072865380495
2024-08-31,5.828109086136718
2024-09-01,6.006472808817787
2024-09-02,5.817537560076797
2024-09-03,5.9905809620859625
2024-09-04,5.943134197916106
2024-09-05,6.109113964001184
2024-09-06,6.342085701951117
2024-09-07,6.292169610736903
2024-09-08,6.20832685138856
2024-09-09,6.004861549559005
2024-09-10,5.944939921970287
2024-09-11,5.998532976842031
2024-09-12,5.910569138051937
2024-09-13,5.725478397995406
2024-09-14,5.773525565440747
2024-09-15,5.898902426788691
2024-09-16,5.978545243997859
2024-09-17,5.820474951870598
2024-09-18,5.7005459837760775
2024-09-19,5.58519818583646
2024-09-20,5.533576406211392
2024-09-21,5.486101274905737
2024-09-22,5.501409011928912
2024-09-23,5.4739928852028115
2024-09-24,5.402861452443117
2024-09-25,5.498100447745965
2024-09-26,5.34463424996374
2024-09-27,5.275061665690468
2024-09-28,5.284976050417814
2024-09-29,5.304421848783209
2024-09-30,5.482989893558496
2024-10-01,5.723440030846873
2024-10-02,5.792649079856201
2024-10-03,5.80113305108764
2024-10-04,5.666025040369909
2024-10-05,5.671193183186498
2024-10-06,5.598193592366328
2024-10-07,5.648933276969365
2024-10-08,5.658888812109555
2024-10-09,5.7853060815145385
2024-10-10,5.798276447455353
2024-10-11,5.62118010384644
2024-10-12,5.557431192618145
2024-10-13,5.581166567709504
2024-10-14,5.326435857084457
2024-10-15,5.300752358934535
2024-10-16,5.273140900938999
2024-10-17,5.309666176661813
2024-10-18,5.231888896579359
2024-10-19,5.228478454733856
2024-10-20,5.147880413207438
2024-10-21,5.265882921664151
2024-10-22,5.2799477903858225
2024-10-23,5.355269329695633
2024-10-24,5.2660379121329814
2024-10-25,5.4234699407218985
2024-10-26,5.383256171108193
2024-10-27,5.311314661096545
2024-10-28,5.192711014489157
2024-10-29,5.0274888448248065
2024-10-30,5.059716341084088
2024-10-31,5.218868249382372
2024-11-01,5.278056516185574
2024-11-02,5.297768851279376
2024-11-03,5.361054526825227
2024-11-04,5.440341357669909
2024-11-05,5.321345474698467
2024-11-06,4.886438951251717
2024-11-07,4.841522254977171
2024-11-08,4.808908705766494
2024-11-09,4.765867530640257
2024-11-10,4.573377447239576
2024-11-11,4.2184220809089386
2024-11-12,4.295447782574424
2024-11-13,4.278683085581771
2024-11-14,4.4527217065047395
2024-11-15,4.307794428373377
2024-11-16,4.276188807737218
2024-11-17,4.314537681790818
2024-11-18,4.247012025653361
2024-11-19,4.242037038935449
2024-11-20,4.221334432749185
2024-11-21,4.064120424090014
2024-11-22,4.01782153224564
2024-11-23,4.043804113172394
2024-11-24,4.048442413587794
2024-11-25,4.210410177252564
2024-11-26,4.271427220661433
2024-11-27,4.0761961243963
2024-11-28,4.093507239399026
2024-11-29,4.0125179064739545
2024-11-30,4.0037306423612735
2024-12-01,3.9591681782705495
2024-12-02,3.9570705083382007
2024-12-03,3.9415095628178403
2024-12-04,3.862899404407478
2024-12-05,3.935196547285069
2024-12-06,3.8318571422414767
2024-12-07,3.8387077292296663
2024-12-08,3.815936608404617
2024-12-09,4.079692945117984
2024-12-10,4.120092786289912
2024-12-11,3.9381301049754738
2024-12-12,3.9800140050992714
2024-12-13,3.9424964491038725
2024-12-14,3.9732826601687012
2024-12-15,3.8779357674996984
2024-12-16,3.8562617375394534
2024-12-17,3.8740891836498674
2024-12-18,4.127020891445125
2024-12-19,4.289828697233054
2024-12-20,4.249103991187637
2024-12-21,4.295863594495812
2024-12-22,4.3682232493253155
2024-12-23,4.298901278884774
2024-12-24,4.157632872098669
2024-12-25,4.132261167256193
2024-12-26,4.29612221465044
2024-12-27,4.336622075255369
2024-12-28,4.255124960049701
2024-12-29,4.34516793762977
2024-12-30,4.370761501202127
2024-12-31,4.318635666864848
2025-01-01,4.225918353914919
2025-01-02,4.12996564606104
2025-01-03,4.021046125582401
2025-01-04,4.012781984061946
2025-01-05,4.017693918164437
2025-01-06,3.9122943973664186
2025-01-07,4.150528352334422
2025-01-08,4.227359520158637
2025-01-09,4.3566896491467375
2025-01-10,4.258071156192118
2025-01-11,4.232615723550513
2025-01-12,4.254920567506827
2025-01-13,4.294801045311889
2025-01-14,4.186480081386186
2025-01-15,3.9726487826579753
2025-01-16,4.002785986963799
2025-01-17,3.8484558514496148
2025-01-18,3.8785669107663803
2025-01-19,4.041392933586281
2025-01-20,3.999894071602677
2025-01-21,3.877299878561006
2025-01-22,3.9451488647937376
2025-01-23,3.945959518654639
2025-01-24,3.9420557706076513
2025-01-25,3.948198453131541
2025-01-26,4.040868970391968
2025-01-27,4.068920568645347
2025-01-28,4.131826398105799
2025-01-29,4.061817027119076
2025-01-30,3.9824043022406186
2025-01-31,4.036678484865237
2025-02-01,4.171170535244054
2025-02-02,4.374840900988384
2025-02-03,4.242917276603776
2025-02-04,4.446180282261816
2025-02-05,4.500563311049374
2025-02-06,4.56710916852035
2025-02-07,4.576534082353576
2025-02-08,4.562577265674514
2025-02-09,4.571241483395912
2025-02-10,4.515223949277858
2025-02-11,4.577850013103657
2025-02-12,4.463650724660356
2025-02-13,4.518106575740043
2025-02-14,4.449530972487391
2025-02-15,4.466832542937891
2025-02-16,4.524515694055764
2025-02-17,4.535765125189209
2025-02-18,4.578464311952855
2025-02-19,4.5217035169668565
2025-02-20,4.455722645533933
2025-02-21,4.573125721065073
2025-02-22,4.539082098205814
2025-02-23,4.5429355138588665
2025-02-24,4.854147233961284
2025-02-25,4.935545350399078
2025-02-26,5.1624830443384155
2025-02-27,5.149603085944849
2025-02-28,5.179227896960784
2025-03-01,5.10181179047885
2025-03-02,4.603230113940924
2025-03-03,5.118041384887386
2025-03-04,5.046936292111154
2025-03-05,4.884002549307353
2025-03-06,4.925406329696171
2025-03-07,5.089574109270427
2025-03-08,5.115131527800355
2025-03-09,5.465540463923987
2025-03-10,5.6588616917719925
2025-03-11,5.411383796223549
2025-03-12,5.358411013947196
2025-03-13,5.492308586804107
2025-03-14,5.326230774344464
2025-03-15,5.278940699542743
2025-03-16,5.407689361534424
2025-03-17,5.309564330132257
2025-03-18,5.370832214793514
2025-03-19,5.129567486060037
2025-03-20,5.276302857699626
2025-03-21,5.296243031739148
2025-03-22,5.298384263979254
2025-03-23,5.1900467903151934
2025-03-24,5.0893288192528
2025-03-25,5.096516794734122
2025-03-26,5.159233961638261
2025-03-27,5.142631616998413
2025-03-28,5.33402546064702
2025-03-29,5.467591999940541
2025-03-30,5.487923415544936
2025-03-31,5.473639618244949
2025-04-01,5.326841777293477
2025-04-02,5.520281297814379
2025-04-03,5.486909513085353
2025-04-04,5.434852941034082
2025-04-05,5.458817913804262
2025-04-06,5.860136830882482
2025-04-07,5.833570293904398
2025-04-08,6.027233418839509
2025-04-09,5.559164119882585
2025-04-10,5.775317777891954
2025-04-11,5.556189166553736
2025-04-12,5.406039323840693
2025-04-13,5.5182179737052035
2025-04-14,5.476578025479675
2025-04-15,5.558395983858502
2025-04-16,5.543756233447849
2025-04-17,5.49791294646306
2025-04-18,5.512733335451505
2025-04-19,5.4551040354807245
2025-04-20,5.462461660191149
2025-04-21,5.364785197017899
2025-04-22,5.039084704476186
2025-04-23,5.030528111222174
2025-04-24,5.027773863495558
2025-04-25,5.013149871083241
2025-04-26,5.03397697639551
2025-04-27,5.080170883578108
2025-04-28,5.025285618784143
2025-04-29,5.093615270909562
2025-04-30,5.117725127208386
2025-05-01,5.025011237788902
2025-05-02,5.018338755149138
2025-05-03,5.0815633660471
2025-05-04,5.166034277174556
2025-05-05,5.145703848725501
2025-05-06,5.071861960856508
2025-05-07,5.068582701172235
2025-05-08,4.696724077079444
2025-05-09,4.6588340344756
2025-05-10,4.516566944375167
2025-05-11,4.5771569519772655
2025-05-12,4.601263751808839
2025-05-13,4.512384659210604
2025-05-14,4.576568329845355
2025-05-15,4.626269724380835
2025-05-16,4.655452076750647
2025-05-17,4.696845253055707
2025-05-18,4.5678374148673155
2025-05-19,4.609582344171535
2025-05-20,4.5788887555385225
2025-05-21,4.48363747684582
2025-05-22,4.3947878700776
2025-05-23,4.584303521697213
2025-05-24,4.569575501998761
2025-05-25,4.5280131962940295
2025-05-26,4.51823948777022
2025-05-27,4.50923017708186
2025-05-28,4.550496198563668
2025-05-29,4.645073882023639
2025-05-30,4.766177836810279
2025-05-31,4.7409317893776395
2025-06-01,4.7021700870993115
2025-06-02,4.678063339674671
2025-06-03,4.697988845430259
2025-06-04,4.740077373202738
2025-06-05,4.9222747052866636
2025-06-06,4.8122912034539995
2025-06-07,4.756687544366715
2025-06-08,4.7548412692955875
2025-06-09,4.564083935973088
2025-06-10,4.5356778383529095
2025-06-11,4.603100611808361
2025-06-12,4.750867813939732
2025-06-13,4.762887234523892
2025-06-14,4.812617125458771
2025-06-15,4.7904034154868755
2025-06-16,4.754655742976099
2025-06-17,4.847427212421074
2025-06-18,4.838153067447877
2025-06-19,4.851603550051649
2025-06-20,4.946395485262812
2025-06-21,5.030174279486538
2025-06-22,5.10010678975532
2025-06-23,4.867921222268388
2025-06-24,4.837823981132608
2025-06-25,4.825543141379
2025-06-26,4.872004933502816
2025-06-27,4.865250263669008
2025-06-28,4.836963997132735
2025-06-29,4.778799333340643
2025-06-30,4.826321467809805
2025-07-01,4.9152286325584935
2025-07-02,4.760586701019392
2025-07-03,4.739458664539154
2025-07-04,4.829782878904969
2025-07-05,4.8249466209318035
2025-07-06,4.768366419389416
2025-07-07,4.807774427994871
2025-07-08,4.765756911081122
2025-07-09,4.644581337509763
2025-07-10,4.450576421840936
2025-07-11,4.397906281297866
2025-07-12,4.413315164369065
2025-07-13,4.350149368556019
2025-07-14,4.3163371167120514
2025-07-15,4.350290982826654
2025-07-16,4.275036326702207
2025-07-17,4.207698397030515
2025-07-18,4.240851395960853
2025-07-19,4.246212791382352
2025-07-20,4.214281589401023
2025-07-21,4.192405567322631
2025-07-22,4.133022890308148
2025-07-23,4.2404045062481694
2025-07-24,4.267738067298512
2025-07-25,4.277332654244057
2025-07-26,4.271409851315563
2025-07-27,4.201823676546965
2025-07-28,4.27475254084795
2025-07-29,4.285906905960944
2025-07-30,4.302326015226136
2025-07-31,4.38768649469101
2025-08-01,4.508811273983685
2025-08-02,4.575084602506765
2025-08-03,4.483988296093725
2025-08-04,4.397218595567631
2025-08-05,4.461920342716162
2025-08-06,4.416459192955587
2025-08-07,4.2809350628964395
2025-08-08,4.2838542317602295
2025-08-09,4.249576530857873
2025-08-10,4.190641020829614
2025-08-11,4.228920378880806
2025-08-12,4.10895830665778
2025-08-13,4.013267432530113
2025-08-14,4.178884373550877
2025-08-15,4.240329566980107
2025-08-16,4.245932528705411
2025-08-17,4.236058428562909
2025-08-18,4.30569511407608
2025-08-19,4.464634024041059
2025-08-20,4.357183166330395
2025-08-21,4.43895690226407
2025-08-22,4.188879948825332
2025-08-23,4.235801293159545
2025-08-24,4.286272387055115
2025-08-25,4.482024901882574
2025-08-26,4.372364415195562
2025-08-27,4.3994014565683655
2025-08-28,4.35018339026613
2025-08-29,4.507017587180872
2025-08-30,4.496323717627195
2025-08-31,4.528006117686954
2025-09-01,4.529276257576402
2025-09-02,4.442213024081832
2025-09-03,4.412601867827156
2025-09-04,4.4846119924876655
2025-09-05,4.481026942343407
2025-09-06,4.510726363149669
2025-09-07,4.458448912617052
2025-09-08,4.413470391947024
2025-09-09,4.422305644960965
2025-09-10,4.347587902376495
2025-09-11,4.291171121968701
2025-09-12,4.2255354809115575
2025-09-13,4.234290280600317
2025-09-14,4.282745612044465
2025-09-15,4.307027993565468
2025-09-16,4.278059893358673
2025-09-17,4.250899616153833
2025-09-18,4.236858610912951
2025-09-19,4.318325507685115
2025-09-20,4.305283138955506
2025-09-21,4.341365775569763
2025-09-22,4.485097861722028
2025-09-23,4.525902814596202
2025-09-24,4.496223297317247
2025-09-25,4.717878209515097
2025-09-26,4.6474191638060285
2025-09-27,4.666829358877179
2025-09-28,4.566644130327151
2025-09-29,4.501598648301424
2025-09-30,4.536108198901452
2025-10-01,4.373915542847788
2025-10-02,4.297877927418173
2025-10-03,4.25731143324593
2025-10-04,4.27632009222777
2025-10-05,4.266724129818518
2025-10-06,4.197511548083932
2025-10-07,4.328643455371849
2025-10-08,4.270119636524364
2025-10-09,4.365258433775252
2025-10-10,4.83164287040477
2025-10-11,4.910299871462935
2025-10-12,4.6667181014368735
2025-10-13,4.620712936628985
2025-10-14,4.750892979753261
2025-10-15,4.869368541575084
2025-10-16,5.00309544160133
2025-10-17,5.1034573202221605
2025-10-18,5.052532493470108
2025-10-19,5.001350368030217
2025-10-20,4.921812375942068
2025-10-21,5.032144425870758
2025-10-22,5.0896544692491466
2025-10-23,4.982370689860889
2025-10-24,4.92840961711426
2025-10-25,4.898092479369783
2025-10-26,4.76339526465839
2025-10-27,4.7884497762734215
2025-10-28,4.881773338254242
2025-10-29,4.97459992952759
2025-10-30,5.08250074815627
2025-10-31,5.022762765189202
2025-11-01,5.000682954258542
2025-11-02,4.9842440499908225
2025-11-03,5.242384392805521
2025-11-04,5.506805452721815
2025-11-05,5.362621242448576
2025-11-06,5.492978569603766
2025-11-07,5.336487315445025
2025-11-08,5.3925850792215595
2025-11-09,5.260936877357625
2025-11-10,5.200067862646495
2025-11-11,5.370203648462316
2025-11-12,5.421425281837467
2025-11-13,5.565294528368815
2025-11-14,5.804102726326517
2025-11-15,5.740541608125778
2025-11-16,5.822112281357665
2025-11-17,5.9428207388805365
2025-11-18,5.860814928443888
2025-11-19,5.962194770515423
2025-11-20,6.266438007883086
2025-11-21,6.432037849517504
2025-11-22,6.451050137267804
2025-11-23,6.311365035601808
2025-11-24,6.14979101720178
2025-11-25,6.191767593899203
2025-11-26,6.023083482544498
2025-11-27,6.000806767035856
2025-11-28,6.029451959575788
2025-11-29,6.051975408153509
2025-11-30,6.079558089418331
2025-12-01,6.365741799003315
2025-12-02,6.03792256393232
2025-12-03,5.869515038717702
2025-12-04,5.984914665409943
2025-12-05,6.168715926708661
2025-12-06,6.167806658411026
2025-12-07,6.115280535410664
2025-12-08,6.074553886320254
2025-12-09,5.932401628364791
2025-12-10,5.986935210985966
2025-12-11,5.990862039433086
2025-12-12,6.136713249653
2025-12-13,6.119933722627346
2025-12-14,6.2499749834316365
2025-12-15,6.375272232478374
2025-12-16,6.3095824076850295
2025-12-17,6.463491895972854
2025-12-18,6.530113023627411
2025-12-19,6.305956873004118
2025-12-20,6.293466642491527
2025-12-21,6.292591160389999
2025-12-22,6.294029893854715
2025-12-23,6.378185672768491
2025-12-24,6.377660151728039
2025-12-25,6.4298993118065795
2025-12-26,6.3990654746076014
2025-12-27,6.3447292661643715
2025-12-28,6.334182520294018
2025-12-29,6.381854690026634
2025-12-30,6.326192976676842
2025-12-31,6.3744077322038395
2026-01-01,6.284312817236878
2026-01-02,6.161006877693497
2026-01-03,6.117854829617977
2026-01-04,6.053652246392123
2026-01-05,5.89854328874288
2026-01-06,5.8819631319669305
2026-01-07,6.0408288654136655
2026-01-08,6.083317222056931
2026-01-09,6.10984841060877
2026-01-10,6.113507603621423
2026-01-11,6.079748843084311
2026-01-12,6.0826185745788335
2026-01-13,5.816580213178767
2026-01-14,5.753873768352409
2026-01-15,5.837952054656605
2026-01-16,5.842805348364266
2026-01-17,5.8544918577072576
2026-01-18,5.953553369240865
2026-01-19,6.028942064274201
2026-01-20,6.320616152777118
2026-01-21,6.247337317766392
2026-01-22,6.250093492700208
2026-01-23,6.246117288850753
2026-01-24,6.263295979275704
2026-01-25,6.463879817398155
2026-01-26,6.321013263348756
2026-01-27,6.224690275008945
2026-01-28,6.225777621179906
2026-01-29,6.534029068676405
2026-01-30,6.5970544323151445
2026-01-31,7.02970628799329
2026-02-01,7.226800161472566
2026-02-02,7.0653321907685775
2026-02-03,7.297077178823737
2026-02-04,7.548882589883714
2026-02-05,8.645448872360214
2026-02-06,7.819239879367245
2026-02-07,7.900608237589132
2026-02-08,7.790494657819696
2026-02-09,7.8011297672162385
2026-02-10,7.951130698573579
2026-02-11,8.13149886789318
2026-02-12,8.166247115148005
2026-02-13,7.884044622856055
2026-02-14,7.739114692071296
2026-02-15,7.891644737780856
2026-02-16,7.86124198415106
2026-02-17,7.974744829578951
2026-02-18,8.100996746174252
2026-02-19,8.067173236693929
2026-02-20,7.955025493378481
2026-02-21,7.955555912288366
2026-02-22,8.012478120473968
2026-02-23,8.330063970763863
2026-02-24,8.384145071406534
2026-02-25,7.901222256799226
2026-02-26,7.964514264623265
2026-02-27,8.161389952011742
2026-02-28,8.049962925770728
2026-03-01,8.168363081333062
2026-03-02,7.878347885211767
2026-03-03,7.9489356907087725
2026-03-04,7.5495959225051905
2026-03-05,7.715624824364668
2026-03-06,7.983251485266473
2026-03-07,8.0592191429213
2026-03-08,8.17903313496799
2026-03-09,7.938592179012696
2026-03-10,7.801944888665853
2026-03-11,7.765164921995021
2026-03-12,7.733966903755439
2026-03-13,7.686816948164972
2026-03-14,7.661461644172693
2026-03-15,7.504835045333366
2026-03-16,7.26771408655088
2026-03-17,7.351526588977005
2026-03-18,7.5970989474650485
2026-03-19,7.739838936826812
2026-03-20,7.688303819097257
2026-03-21,7.8502520026269655
2026-03-22,7.947813344944635
2026-03-23,7.671726518480591
2026-03-24,7.683495806040998
2026-03-25,7.615119565157806
2026-03-26,7.872902702172589
2026-03-27,8.112614534775597
2026-03-28,8.101533007253584
2026-03-29,8.145545237480398
2026-03-30,8.064850064264052
2026-03-31,7.920220579412758
2026-04-01,7.9219114575970595
2026-04-02,8.072852206124566
2026-04-03,8.057288702802431
2026-04-04,8.01863007857623
2026-04-05,7.870213161532575
2026-04-06,7.899645586924146
2026-04-07,7.583125919772547
2026-04-08,7.686693476896478
2026-04-09,7.6280259283448855
2026-04-10,7.525905267100326
2026-04-11,7.514720499392833
2026-04-12,7.727286703858398
2026-04-13,7.392919640688059
2026-04-14,7.447018405861101
2026-04-15,7.407133976587567
2026-04-16,7.338510837913556
2026-04-17,7.2011437711603214
2026-04-18,7.38070530622001
2026-04-19,7.577351468295217
2026-04-20,7.41649145225783
2026-04-21,7.399669987059399
2026-04-22,7.291201634127417
2026-04-23,7.308506784525008
2026-04-24,7.396998515408216
2026-04-25,7.398421043148929
2026-04-26,7.307057458827593
2026-04-27,7.417973276223775
2026-04-28,7.497284833825886
2026-04-29,7.551368370609445
2026-04-30,7.513421029371627
2026-05-01,7.3851195871612445
2026-05-02,7.342076747600035
2026-05-03,7.340522714061935
2026-05-04,7.2464463129343235
2026-05-05,7.154483239384538
2026-05-06,7.095665747014716
2026-05-07,7.210424339845637
2026-05-08,7.171395645686705
2026-05-09,7.136668196960298
2026-05-10,7.009052883464781
2026-05-11,7.042608186405731
2026-05-12,7.1641487593579924
2026-05-13,7.24767837168645
2026-05-14,7.115884745116525
2026-05-15,7.280482579828782
2026-05-16,7.380259583337464
2026-05-17,7.443393086943558
2026-05-18,7.466153284854905
2026-05-19,7.495708764597603
2026-05-20,7.421415080885156
2026-05-21,7.4039788079671816
2026-05-22,7.5856235819588145
2026-05-23,7.469741952745116
2026-05-24,7.459067737568327
2026-05-25,7.428647613366122
2026-05-26,7.541543570285205
2026-05-27,7.6656089588154845
2026-05-28,7.741368197195649
2026-05-29,7.7369969176573115
2026-05-30,7.62510435487674
2026-05-31,7.631423876232181
2026-06-01,7.787067135010613
2026-06-02,8.256550752726618
2026-06-03,8.479987759727493
2026-06-04,8.574577874405497
2026-06-05,9.016531679624148
2026-06-06,9.017958846330071
2026-06-07,8.661826035020479
2026-06-08,8.681959799042552
2026-06-09,8.853364412680028
2026-06-10,8.922434784279769
2026-06-11,8.65508536251392
2026-06-12,8.675718446548562
2026-06-13,8.558273159279286
2026-06-14,8.397911506768152
2026-06-15,8.298703209816672
2026-06-16,8.354888208230737
2026-06-17,8.486888216049923
2026-06-18,8.668725145895301
2026-06-19,8.626357608512746
2026-06-20,8.52677978678556
2026-06-21,8.653009313495954
2026-06-22,8.572772413796516
2026-06-23,8.747232743342334
2026-06-24,8.937539432356088
2026-06-25,9.118899182202359
2026-06-26,9.057950676232002
2026-06-27,9.088667999979345
2026-06-28,9.1379441562508
2026-06-29,9.019285941101993
2026-06-30,9.165464036614727
2026-07-01,8.981581867334384
2026-07-02,8.733476793665005
2026-07-03,8.575118502894764
2026-07-04,8.511545030961077
2026-07-05,8.461536012777122
2026-07-06,8.43741563140906
2026-07-07,8.527038461776204
2026-07-08,8.653669046008044
2026-07-09,8.569954783984377
2026-07-10,8.45618066248701
2026-07-11,8.500129070367308
2026-07-12,8.488470370848738
2026-07-13,8.646002181326692
2026-07-14,8.345581294228985
2026-07-15,8.35920847903202
2026-07-16,8.4800882349128
2026-07-17,8.482762996126947
2026-07-18,8.397191638934224
2026-07-19,8.397370080127924
2026-07-20,8.330179960956668
2026-07-21,8.219290396989429
2026-07-22,8.26019980566666
2026-07-23,8.380094597442064
2026-07-24,8.478283839235289
2026-07-25,8.447715970543593
2026-07-26,8.307050926536713
2026-07-27,8.509633078973039
2026-07-28,8.475862965222408
2026-07-29,8.485664382531235
2026-07-30,8.391359178965784
2026-07-31,8.579716435681588
2026-08-01,8.587667631250104
2026-08-02,8.479336615959026
2026-08-03,8.496640115362439
2026-08-04,8.439655513322291
2026-08-05,8.374628698798704
2026-08-06,8.439188984577711
2026-08-07,8.38443824780434
2026-08-08,8.344270908051238
2026-08-09,8.355928111709247
2026-08-10,8.455374282152947
2026-08-11,8.468909615458747
2026-08-12,8.485168105805304
2026-08-13,8.44415674823303
