Date,Price,Total Exchange Balance,Inflows,Outflows,Netflows
2015-01-01,314.025456318,881721.58286231,5161.24448851476,-3245.2847694639004,2182.579477775984
2015-01-02,315.687160984,877871.54441876,4919.17520515844,-3387.6153636143076,2059.4284755138706
2015-01-03,283.00653515,872633.8580204599,4871.358126501213,-3791.0813676133534,1927.0332279742793
2015-01-04,263.807882516,868916.6364024598,4841.215256503798,-4088.6117227417985,1800.9818789366132
2015-01-05,276.8,867129.10066029,4951.637840048212,-4368.376924681677,1688.1879361683148
2015-01-06,276.8,863253.9205975501,4675.143825195665,-4389.112308369565,1538.9299549155223
2015-01-07,276.8,861693.7286920301,4398.266764859284,-4235.3168095229275,1384.1099100233916
2015-01-08,284.2775,865256.24137813,4497.4196558899985,-4107.8321851694,1255.5646322059267
2015-01-09,293.956460672,849836.28802271,4378.544421755998,-5042.926339444773,1053.1217733229594
2015-01-10,275.178914552,835573.78915862,4609.5460857482685,-6180.469133197122,821.4424688779048
2015-01-11,265.104599912,835669.7971264201,4554.82939360905,-6012.110373374648,596.2368732577586
2015-01-12,267.0091753,839996.14541224,4670.197984240446,-5741.903679633671,393.74924362186016
2015-01-13,226.231510026946,845998.7442458099,5020.192831397084,-5620.278224859426,228.42831295378338
2015-01-14,172.209336164418,854501.6010080699,5319.09656464928,-5312.319147730131,96.0450067610547
2015-01-15,210.222054019821,860889.3664600101,5643.784431280661,-5211.607812026789,-9.939500367301607
2015-01-16,207.400753385583,854966.09038083,5591.921775129952,-5583.442002438336,-118.73093385676721
2015-01-17,199.71335481,847015.6786662199,5287.063528372617,-5809.176521501117,-233.18734471507858
2015-01-18,211.933325656,852688.38629816,5336.648030190445,-5443.912981647709,-294.60652223074027
2015-01-19,216.21354573944,852654.17041549,5162.012063545083,-5264.407077083195,-343.5819457239293
2015-01-20,211.21436810323,856222.05600197,5174.806100626077,-5032.515740829649,-353.84917122604884
2015-01-21,227.367339270216,873271.47833651,6435.482927247676,-5166.050435801672,-274.8147043610742
2015-01-22,233.083287762032,879475.10890007,6470.49272101316,-4872.113691426227,-188.47245015633604
2015-01-23,233.646937152577,873365.9519205,6765.46772942295,-5680.924433779813,-63.54922063262806
2015-01-24,249.347538056996,875626.75026116,6485.105243372086,-5322.144944727824,131.72816123116587
2015-01-25,254.566243127401,869541.04208288,6131.223070705283,-5452.834003855969,284.2760217036594
2015-01-26,274.367339438392,890124.7905098798,7147.146178598264,-5141.733154405571,504.0702159597962
2015-01-27,263.856659995212,894939.78907214,7205.785764435715,-5013.067037705201,703.5562245450001
2015-01-28,235.526738142428,884564.8598862299,6862.0335840673315,-5507.158051512853,799.8489470903808
2015-01-29,235.378046064358,885401.6989039097,6785.628535813508,-5465.288770917331,863.2891717791168
2015-01-30,228.471456351846,880765.2817356997,6922.211225629273,-5998.988589606841,928.6279477313179
2015-01-31,218.183321408374,876842.6102099898,6533.937254683324,-5933.774229443052,1008.7905204719445
2015-02-01,227.622323227831,878774.08528127,6366.918941059103,-5679.3884460828485,1065.5616237886245
2015-02-02,237.970905498836,877069.9816071999,6038.719116823829,-5510.630899783995,1110.5961402584778
2015-02-03,227.679182534578,874340.4445027199,5740.977052826906,-5430.063857221727,1122.6406285305318
2015-02-04,227.080198796557,876072.7278406098,5651.539388044445,-5245.868182953611,1060.943393790877
2015-02-05,216.855774666267,876704.6764678102,5615.562546408815,-5194.806179844036,976.8274892892947
2015-02-06,222.783977872915,875027.8415609802,5602.708419126892,-5321.791470788431,919.4256073389607
2015-02-07,229.001857020849,880225.35846328,5694.3453906550985,-5085.6551120525355,879.8348916216964
2015-02-08,223.963671914962,883866.4300744599,5633.401911449424,-4820.632877341697,889.4334607115832
2015-02-09,221.004238955349,878359.3822499199,5277.294295138792,-4885.846384940916,774.1502382833821
2015-02-10,220.600396870975,876909.9920598302,5058.091500820871,-4789.366130642188,636.7221413868228
2015-02-11,219.728516131238,887302.7846841702,5427.521659957483,-4483.858472834709,607.349830998844
2015-02-12,222.828903373173,885180.7661096802,5094.2837954996485,-4354.999392484396,565.8458765787781
2015-02-13,236.805018850434,888542.8213326399,5354.448712055005,-4440.3129210434345,565.1968162208594
2015-02-14,257.031027234737,899160.39088918,5764.159771804675,-4203.128396424539,633.8302698022783
2015-02-15,235.045781320216,895390.6326196298,5654.197731545027,-4448.418999160237,670.848001045745
2015-02-16,234.525689935725,898406.5791540201,5726.889259228694,-4400.432673376887,727.874313103743
2015-02-17,244.702200391609,898266.2957083001,5597.582480394783,-4368.908563314428,793.4286503519695
2015-02-18,237.460261089554,894524.69365469,5287.837140157794,-4390.5149544568,828.5465775384091
2015-02-19,241.46005745043,893264.3691145899,5194.180025764611,-4440.700955117012,852.312484972896
2015-02-20,245.342124686975,898036.96847985,5185.170202301633,-4163.749778679879,905.205590350274
2015-02-21,245.578554162873,900299.3165735799,5060.593908078193,-3956.4449731158866,940.5954943759698
2015-02-22,236.457294964682,897902.7104634597,4863.50794288698,-3990.6493442634933,944.8876061270953
2015-02-23,239.225132760945,892633.5637720302,4606.941135021847,-4143.54955573526,950.0264396334317
2015-02-24,239.8410423226,895574.1948886402,4593.694063231724,-3965.153181456908,975.7275476045837
2015-02-25,238.113937550944,879725.2126744101,4322.993781441608,-4792.954439400447,874.7544158130398
2015-02-26,237.079828060016,877029.4179877402,4274.496800440834,-4892.846393647083,777.7805589400753
2015-02-27,253.826881894411,889046.85373889,4807.43825943611,-4583.402163018611,728.4877236119272
2015-02-28,253.691509384779,889791.2766069998,4561.8019088057035,-4303.073360942039,635.4660930750363
2015-03-01,258.727050576863,891495.9213748501,4390.321517602661,-4033.471888406569,574.8282999901292
2015-03-02,276.092800516273,897167.2004810601,4878.935288154483,-4167.790360490796,530.8774672624062
2015-03-03,282.476088092155,902461.3589227902,4908.761769014848,-3892.0826070800763,515.7349847520074
2015-03-04,272.049011861283,897712.32559848,4726.34495140586,-4094.0466218874058,496.8047093103975
2015-03-05,275.798836659607,895939.1771325899,4643.8901222608,-4171.954912436246,476.694433537323
2015-03-06,273.049174690439,898943.9453896099,4780.781744540748,-4139.990998236495,449.50659944321575
2015-03-07,276.878097669069,899394.8603669798,4645.154052766032,-4017.021691057397,415.5054156393822
2015-03-08,275.279051653513,896592.2576355299,4360.38739138363,-3963.2573692189017,381.52480303518524
2015-03-09,288.214206117125,911716.0542805898,5078.161090539387,-3699.2532935149748,446.9188185878872
2015-03-10,292.449101259229,908715.21978384,5230.091651179428,-4143.166673739976,479.66053970678985
2015-03-11,296.53249485194,926136.53334229,6047.5062544421335,-3871.6220382686447,668.6494592876705
2015-03-12,295.84818065749,920517.9946448,6265.979376764659,-4609.7233548354025,831.1212889402067
2015-03-13,285.638256750771,921725.03261487,6249.887284517014,-4623.5791327117095,931.2835786107642
2015-03-14,283.245986361536,918962.35857531,5839.163852637879,-4505.45451359026,1008.0679208381897
2015-03-15,287.299190725914,921361.65260526,5618.147592529353,-4214.072607421575,1082.8697319747387
2015-03-16,291.348141117591,935379.20312805,6364.949601538062,-4119.976247251469,1192.4289053049465
2015-03-17,286.23680920157,921390.40383014,6216.758746844189,-5054.036902704038,1202.8605254624738
2015-03-18,258.194529037902,918618.7184818,5875.056451930577,-4974.628420622435,1222.01264701888
2015-03-19,262.262108412687,921276.88974746,5759.818950850537,-4742.208037252272,1260.9894830027163
2015-03-20,263.054421734789,923603.9076796602,5630.794282488505,-4525.889567650121,1294.1404807551544
2015-03-21,261.361803569371,924517.9905085202,5360.383086433271,-4268.199830660114,1327.2869731883347
2015-03-22,268.20851211772,925145.13766301,5109.074767344385,-4048.0605849901076,1374.7072703447313
2015-03-23,266.232920634404,927405.47092397,5240.882185408092,-4099.913397813431,1357.7116268140346
2015-03-24,245.673907130635,925744.77442587,5039.303274121552,-4085.1121722398693,1348.2306357027655
2015-03-25,246.894255073128,927143.19591079,5034.304838542779,-4050.498377791877,1263.0822246011521
2015-03-26,249.570194681497,923348.8021675,4775.917665776596,-4110.657885295085,1192.2967787834561
2015-03-27,247.872806768898,928531.2687598,4899.62811384149,-3933.2212125720803,1145.1609751737492
2015-03-28,253.400050725682,935849.97788504,5113.297029420059,-3723.4033132192735,1149.1741449704039
2015-03-29,243.313711016151,937742.9405228602,5207.765722140054,-3784.2674111646556,1150.5615253895198
2015-03-30,248.427389420362,941269.04368863,5163.946586349383,-3600.274618387678,1101.8971406520277
2015-03-31,244.576642052228,947137.11464186,5373.790632433425,-3523.158732120501,1151.0335732357971
2015-04-01,247.633036576565,949727.24861993,5189.347223091863,-3289.415184261799,1222.42671663022
2015-04-02,253.955386467668,947872.76963961,4964.236393453073,-3314.5984225663483,1267.5715064365386
2015-04-03,254.886836138419,948146.27388817,4801.662744655536,-3243.767021923925,1299.9280070003404
2015-04-04,253.992926254415,942619.39325244,4527.506814163166,-3441.9295153289963,1299.4561529332698
2015-04-05,261.212618751851,943641.09920953,4407.385663874289,-3328.019787823064,1300.7669881973375
2015-04-06,256.422073012919,944845.76591492,4248.80957478867,-3161.09031011486,1296.963450845848
2015-04-07,253.98948852791,946111.11483093,4140.173059179424,-3040.6118177498684,1307.3470322421244
2015-04-08,245.848073540153,960617.12413567,4942.507188955462,-2949.1827433052104,1379.4554597349352
2015-04-09,244.615920885777,964207.71692729,4877.804503372432,-2777.995501324196,1481.9232612754154
2015-04-10,236.510854705252,964054.8221812102,4860.826808876268,-2911.1980567032483,1552.153393482816
2015-04-11,236.772400915799,960802.70526027,4656.726766624518,-3053.8810593256994,1567.3642499898183
2015-04-12,236.477097750612,962477.08323337,4541.204554372883,-2932.550029353984,1580.5896938500682
2015-04-13,224.976515329665,963582.04358113,5011.087901831356,-3436.012988629718,1581.404189938635
2015-04-14,219.387486219054,970412.05068965,5283.474827015264,-3358.071100792404,1586.7450346464877
2015-04-15,223.834800003563,969023.24457599,5300.792297440247,-3596.335893876243,1572.7824892703406
2015-04-16,227.870378726502,967577.61468878,5184.260522120896,-3689.8098712751607,1561.6976806959842
2015-04-17,223.084171901374,967651.3230800302,5102.191097283503,-3702.4565970774834,1550.4004505155847
2015-04-18,223.586523712555,961450.8928284402,4769.4914394459365,-3876.4345893596496,1536.648989890736
2015-04-19,223.567447264954,963755.9440883,4704.185250958208,-3717.6821068870067,1530.0159376064487
2015-04-20,225.218430087204,967619.13776604,4865.226270719661,-3686.943757737206,1536.4847410570665
2015-04-21,235.521024696476,963001.6155775702,4654.952852167681,-3863.0573192820602,1514.508619018214
2015-04-22,233.700963460856,961898.56720432,4381.664058630503,-3716.098119487256,1419.668725696285
2015-04-23,236.163536817132,960430.75429443,4162.413886831138,-3639.0732042901054,1307.063845731485
2015-04-24,231.020533724877,958769.43839772,3993.8682291943974,-3616.1713186034317,1194.782999904195
2015-04-25,226.585479943759,956380.8001982002,3816.92217482477,-3623.647604907871,1094.0993472340579
2015-04-26,221.053799604813,963820.13050538,4129.40415191312,-3452.932532845345,1027.5148539518348
2015-04-27,227.449771159685,955793.67393282,3916.764624718243,-3820.488218425656,921.8863891726168
2015-04-28,225.398437753934,955720.63396549,3733.5614564170296,-3648.572808365947,790.4281693032042
2015-04-29,225.640544241837,959086.48755721,3826.9953820198944,-3523.2824043908836,690.3750674507046
2015-04-30,236.703115749918,960179.3247868,3836.998647980568,-3480.6773868874916,609.0801110398004
2015-05-01,232.774020518182,973016.12710248,4485.918848766531,-3297.5655173676587,593.9814561250041
2015-05-02,234.454706268638,969511.4165170096,4192.93721708076,-3317.4548134731494,592.7261385193843
2015-05-03,239.845398637564,976559.61847751,4416.691352346709,-3128.8076449462733,614.2533216143298
2015-05-04,239.267335014965,964267.77776185,4333.429771792262,-3950.861025929188,557.4166239629454
2015-05-05,236.211491102612,961334.21408986,4119.3144426921135,-3957.821191352576,512.3878895667966
2015-05-06,229.655781685382,963686.08764267,4406.167644945306,-4098.649040174403,486.8130799687721
2015-05-07,237.412830967844,965825.3857781,4352.206391300952,-3922.569151152776,480.119976940711
2015-05-08,244.337601323862,971955.94874106,4501.753361413553,-3692.054406411259,510.9772658272346
2015-05-09,242.619645107613,974637.8028097298,4393.35505736732,-3458.8457614538406,563.9226033984189
2015-05-10,240.843726908699,972297.31782312,4174.733280807498,-3458.930270395584,566.7319884944288
2015-05-11,241.636305684902,977654.9318398,4468.106625973667,-3442.8495484772125,633.0877507232765
2015-05-12,241.352202052619,972401.5186171,4393.257030568087,-3786.5779730847325,670.3513513970101
2015-05-13,236.3463168219,974216.20493418,4296.671155232881,-3609.4582804430806,697.7442011942094
2015-05-14,237.206524095248,978244.23862285,4391.387313180683,-3481.453050798874,737.2879870005476
2015-05-15,237.887397204511,975884.5105962298,4139.10019117597,-3447.1434147276154,701.8310902183679
2015-05-16,236.3927155274,979256.29990109,4153.511786791572,-3282.8995084491085,701.4832241280004
2015-05-17,236.679255266997,981075.82759916,4066.228377540134,-3132.261737882501,676.203433574943
2015-05-18,233.590707181312,981633.6826758998,3889.320978522127,-2980.428443058999,713.7979899749469
2015-05-19,231.948339339615,978715.79950158,3725.712388539317,-3071.938233728402,748.9609116514739
2015-05-20,234.398195971144,983902.43743332,4074.414733384033,-3118.4496601111746,795.2785165444708
2015-05-21,235.603894446798,981355.28511957,3938.818917365762,-3216.3950032277644,816.1918504008866
2015-05-22,239.875307275155,973306.12076686,4130.808329780043,-3993.1569667652475,768.1884509732082
2015-05-23,238.733553026354,969524.4546457798,3893.5056389887063,-4017.142108246894,692.6066106038035
2015-05-24,240.20800851805,971537.0855507796,3828.4177272861266,-3810.2630382604357,642.7745876476448
2015-05-25,236.591606047796,964735.27980102,3758.273094675717,-4194.782434902406,538.3627006674204
2015-05-26,236.250994225742,962656.09711846,3556.4780424026694,-4102.498938784909,456.026989677021
2015-05-27,237.039722281752,968830.9395380298,3749.6441614138225,-3847.6075033992483,399.94297419307645
2015-05-28,237.163096224694,966395.21225411,3581.153625558901,-3834.967897006631,316.81807891953815
2015-05-29,236.459378250279,968718.1503649903,3699.8168256936397,-3781.8476049861897,261.5332535094737
2015-05-30,233.429217809347,966408.3242646104,3540.3668655547326,-3770.917332919778,182.87877167322313
2015-05-31,229.870462658282,968089.34203225,3506.4173205064153,-3609.5165722044594,108.8026365763891
2015-06-01,223.56821041088,968601.14933399,3435.1123461793186,-3497.217827648161,39.44563536696276
2015-06-02,225.497095365676,970159.6294888402,3514.4746379353655,-3468.5410769829505,-3.9715499086443007
2015-06-03,225.568181892003,969152.19264619,3424.235671842341,-3448.526804463422,-73.9898503296399
2015-06-04,223.935420230427,970907.3660960698,3426.536957246183,-3332.1971177005253,-118.85299851480693
2015-06-05,224.596093820643,971705.1692901298,3425.1247580104377,-3283.887361497154,-118.59685326491486
2015-06-06,225.060474689641,968924.3302515396,3291.7240075364075,-3345.29170669668,-113.5919411150637
2015-06-07,223.508169298943,970204.0596349002,3294.4543926906467,-3257.5022863495683,-112.24926844967882
2015-06-08,228.773868360943,976912.3463858202,3607.599592257939,-3125.89184294493,-46.662333482557486
2015-06-09,229.003260779611,976082.64579226,3638.931154731409,-3244.6506282765995,20.502053862946095
2015-06-10,228.564639787624,980961.4106332602,3805.424438552649,-3112.1782911281593,77.01701739222578
2015-06-11,229.321480226127,984136.31834003,3805.336821153805,-2946.6465697729495,156.4816261656961
2015-06-12,229.394908218511,986631.8488676,3989.6374553302167,-3021.824518870085,231.4704630051733
2015-06-13,232.990160748348,984930.90069411,3892.138112537537,-3102.242583407412,304.3594627548283
2015-06-14,232.273260778277,986352.59425581,3768.837799317702,-2937.495734682918,371.105271064316
2015-06-15,236.594007544831,996415.82333513,4295.445150583854,-2848.643951636724,478.8843196654569
2015-06-16,250.884431114661,988304.73360795,4415.480254902264,-3605.8717843636105,533.4325274930454
2015-06-17,248.910238222232,997201.47811545,4726.54280311945,-3377.791930116703,631.5069564661759
2015-06-18,248.953622954518,997707.4224331796,4606.534896087485,-3313.971126769591,717.0943800213355
2015-06-19,244.434754850677,998159.97560906,4660.645025842324,-3424.0819627536175,795.3319276338656
2015-06-20,246.035947770955,1005151.17755783,4869.073855625499,-3248.868200158044,914.8871672501317
2015-06-21,244.226460345714,1003244.32017522,4619.882605076468,-3233.254485480843,1011.2925967683135
2015-06-22,246.9779718292,1000723.72727766,4522.93024808537,-3396.7835296334547,1057.3239517068068
2015-06-23,244.360868325014,999422.31160652,4412.294420671679,-3447.985194859224,1098.04028737521
2015-06-24,240.18963236778,1000213.1331495,4323.000975460903,-3370.2575951706085,1116.5758040084816
2015-06-25,242.465748959153,1001870.5665165898,4252.863457592839,-3253.140744849234,1126.6495512486777
2015-06-26,242.947569802467,1006419.5470741498,4383.053025141317,-3146.713122743282,1145.8300488156706
2015-06-27,251.491747126099,1008937.5344951296,4278.26533826656,-2956.4822679630634,1183.82201604234
2015-06-28,248.892327530004,1009323.55794687,4239.236831011459,-2979.3110686121922,1214.4351373112313
2015-06-29,256.915857009236,997961.8961796396,4112.287584956028,-3693.8009911987156,1140.984094083387
2015-06-30,263.262722719696,998967.7008924998,4115.3886216716255,-3657.747486640802,1115.843570118542
2015-07-01,258.339380100236,1001195.2356814396,4134.506812001518,-3558.8727667100816,1060.620939567734
2015-07-02,254.739757038853,1008952.8837822798,4430.8649116980805,-3376.429929370076,1043.6117404970275
2015-07-03,256.288520625817,1005138.93230255,4281.946774029546,-3552.07088917207,1007.4197991947968
2015-07-04,260.358480890669,1003897.90921466,4091.428411081577,-3492.945791073933,934.4395823762391
2015-07-05,271.639607648629,1005514.9028831198,4268.3355035694685,-3600.618813665006,883.0887659697273
2015-07-06,269.076848834561,1016216.11402749,4780.196423326173,-3443.5801031240044,898.1223089518884
2015-07-07,265.895166333742,1022179.60035562,5129.101111381095,-3484.0267906504046,946.7483871603338
2015-07-08,270.694446721169,1002099.8411413098,4874.265244971686,-4677.513159910378,892.7490089296921
2015-07-09,269.497038570162,997420.4680284504,4665.930638212907,-4794.25356634635,812.1743202956173
2015-07-10,285.988714515271,1004240.68581029,5338.376640556711,-5003.463521358594,747.7866929241948
2015-07-11,292.372631434253,1010842.16947131,5615.861773788265,-4863.177285135357,707.1367942348674
2015-07-12,312.032159043876,993084.94229795,5598.793621586383,-6081.1699104009995,582.6866477195903
2015-07-13,292.821334749212,997799.50582959,5861.001316163289,-5996.914950280933,543.086631442808
2015-07-14,287.357829961922,991315.07849151,5509.476163848402,-6068.624044896874,470.4588445800015
2015-07-15,285.535372502713,999116.34780601,5746.531968499842,-5748.318703178415,429.2145031535725
2015-07-16,278.426169258885,1004842.45623775,6066.479921091186,-5686.406978008519,381.04578606462
2015-07-17,279.910583601305,1010295.63691161,6118.400323133105,-5400.120197998617,380.2175175129782
2015-07-18,276.994923998758,1013148.03997656,5946.612856021565,-5086.05786823271,398.9369723544933
2015-07-19,275.38795621783,1022608.72598162,6226.159769055463,-4791.269380115195,453.7350937141938
2015-07-20,279.743868807236,1023062.5144166702,6090.832843703101,-4721.349251688849,456.08275598648544
2015-07-21,276.974196145464,1025809.5581819604,6236.497749382231,-4775.176812482927,442.95751428424353
2015-07-22,277.867947995154,1025764.11829682,5885.232250184079,-4524.362034754069,526.1088093105793
2015-07-23,277.252975289941,1027922.9498288,5703.63516543914,-4289.567528905798,636.2795639296354
2015-07-24,289.176107001883,1026269.9412140498,5545.196533713202,-4335.600647265413,698.7569044474691
2015-07-25,289.168039705646,1026902.51343957,5317.520160743658,-4146.392518357719,728.6457011426854
2015-07-26,293.126038226422,1024086.59587097,5130.21082927475,-4225.606200954539,827.7157666523158
2015-07-27,294.221687996963,1023503.94453244,5497.774655021097,-4692.320424490904,894.9563284128752
2015-07-28,295.18419440658,1027268.7442941302,5464.556106135025,-4461.812173527509,1006.5200293883028
2015-07-29,290.176022163584,1021571.8953403798,5311.395586130023,-4755.29117927968,1046.369396640368
2015-07-30,288.189978374367,1021010.86392743,5228.550113835355,-4746.921428305034,1053.6233782437719
2015-07-31,284.8233479579,1021910.17386999,5048.394602779663,-4538.9205001140335,1038.708662353139
2015-08-01,281.538473135794,1024173.19173026,4906.6268335010245,-4280.249813661764,1021.9816646424538
2015-08-02,282.286314924991,1024731.77348859,4701.30777678029,-4080.1837743749797,963.8554941756712
2015-08-03,280.832496224367,1029647.37204195,4732.452337045603,-3825.030031243314,930.8511165891024
2015-08-04,285.178924664246,1019804.12321289,4707.679880475232,-4516.968983663759,840.0932565828288
2015-08-05,281.770460297249,1014857.02122794,4604.257041756879,-4756.0670037295085,732.0446724826402
2015-08-06,278.353586187658,1002240.25934339,4909.844605955753,-5892.651362766875,560.8393586723214
2015-08-07,279.494260246493,1006110.03574857,4954.257405984702,-5613.558618663084,427.34670873473783
2015-08-08,262.054197326005,996721.46692433,4880.981603521722,-6122.233990304214,255.03384950842155
2015-08-09,267.513289409945,1023132.3451236602,6724.81272628761,-6125.256407329266,233.24468455400287
2015-08-10,264.791755298222,996072.3591002502,6617.94903401177,-7862.362204544648,86.82558447806944
2015-08-11,271.718663946053,991658.0006931396,6410.057971870984,-7865.800824842339,-88.78061449184969
2015-08-12,267.346469706476,960727.67254142,6278.159944872254,-9698.87515109352,-372.8391582826787
2015-08-13,264.500151131462,961495.93028859,6202.944414574767,-9344.394757236616,-631.6305174392621
2015-08-14,265.984485481529,958710.38358809,6153.232905063115,-9270.956338247504,-890.7160557142637
2015-08-15,262.326882160718,934247.1730816502,5988.126051737574,-10528.881956472338,-1259.7969788981222
2015-08-16,258.484401258191,955781.25043858,7323.349977003737,-10126.03033096085,-1504.3544329240092
2015-08-17,256.647896091004,978360.70395483,8431.586384909484,-9542.124480852794,-1648.4944616201233
2015-08-18,222.309288247602,973722.1496985398,8066.778901499519,-9412.518074799273,-1758.2408951994967
2015-08-19,227.408090045077,968950.2927464,7831.742323260887,-9405.88934848332,-1859.8363997173396
2015-08-20,235.531367219916,931040.3008432398,7497.68768441949,-11494.2243681711,-2075.102823070232
2015-08-21,233.033905336168,929712.73127398,7282.528148149527,-11101.133690935027,-2300.7674180778836
2015-08-22,231.086495470713,956111.3300432498,8632.22277018689,-10436.348025502024,-2340.9726229730727
2015-08-23,228.841908467897,951608.9001257,8154.386950712431,-10138.152516843224,-2525.4956147651537
2015-08-24,211.040298120162,947398.38619981,8115.95360885827,-10248.169065639675,-2588.910063782906
2015-08-25,223.114521081922,913722.45417571,7870.35998914105,-12105.489883743698,-2787.4377096137127
2015-08-26,226.107513409234,886664.3491743898,7605.060810594981,-13361.722378978786,-2954.2910211967514
2015-08-27,225.562370520873,914421.5952165504,9147.76515027132,-12670.166211285536,-2981.5017867933493
2015-08-28,231.520083878313,916004.41816368,8846.131428919896,-12028.184222724503,-2986.0967411233646
2015-08-29,230.174271784629,912418.6762940702,8386.66082833457,-11595.626227192868,-2890.9688478464736
2015-08-30,228.86707322048,913095.7823325602,7980.805792404266,-10930.039762106011,-2901.436963256804
2015-08-31,230.598091032266,911244.45706326,7590.405439375982,-10466.445495717611,-3027.5442461423986
2015-09-01,228.060858485455,910053.96440172,7297.60023857025,-10061.270468591769,-3128.8250359082385
2015-09-02,229.362124577893,886274.8815593901,7039.780735160234,-11204.478472668983,-3313.864372500118
2015-09-03,227.239961931378,908624.98224105,8292.261556891548,-10689.306066455718,-3199.6149314867293
2015-09-04,231.254303376326,903952.0680574,7780.901653781445,-10329.670808284665,-3108.9123323237095
2015-09-05,236.067129102617,907044.02638407,7520.382107842015,-9693.102763600355,-3135.2405752125105
2015-09-06,240.689768303984,905226.35488669,7216.0447553698805,-9365.822133902995,-3147.0985618126765
2015-09-07,241.021458907959,912371.29670277,7393.231371649888,-8923.360803875461,-3104.0924172015457
2015-09-08,244.230282029669,903683.08489645,7079.894155106564,-9087.229078938431,-2944.964205003633
2015-09-09,238.646996693877,906678.55940151,7051.81482866346,-8725.629123902538,-2653.3322569218676
2015-09-10,238.656313717787,912621.84641252,6994.59073703056,-8160.598278519701,-2485.018434098648
2015-09-11,240.728035070455,920496.35542605,7058.66291660919,-7621.969354430387,-2297.965122956976
2015-09-12,235.386400840322,922807.34694648,6862.24549364058,-7233.932067578361,-2095.3023497483678
2015-09-13,230.231471634951,919788.56368324,6646.707966345206,-7194.854319569807,-1923.7960914285723
2015-09-14,230.666819873363,902586.0402109296,6315.660812288857,-7974.098973452487,-1836.8245274872868
2015-09-15,230.183119243998,913816.41139687,6998.47622101027,-7797.660425700322,-1696.504097106468
2015-09-16,229.249557463295,895069.5453348398,6716.861069331586,-8712.5573978443,-1541.5754250353225
2015-09-17,232.771615193355,906263.2752927298,7329.675943454149,-8446.077186206683,-1450.1009059773487
2015-09-18,233.4560018543,904181.49517042,7055.829351373205,-8236.589186096238,-1352.3859545644782
2015-09-19,231.729534915969,902885.53540355,6801.385695036326,-7989.825525235819,-1282.0801813102746
2015-09-20,230.685357206817,903516.4887950498,6417.3135102439,-7484.007125663432,-1204.7170553735898
2015-09-21,226.666263233663,903517.2646014302,6395.47305846164,-7391.002045761201,-1166.5313093074456
2015-09-22,230.610686902635,898169.3246606999,6007.765110130862,-7293.454827659121,-1114.9852231429018
2015-09-23,229.829785134705,880235.1125906301,5806.588131985472,-8202.17933968318,-1166.5407168899467
2015-09-24,234.47538882629,893611.8919425999,6650.1990369457735,-7994.298873998968,-1179.2615951445218
2015-09-25,235.290854800552,893638.53602346,6562.1852098347235,-7814.902119027037,-1228.5052002424586
2015-09-26,234.59341206231,880786.7071444201,6185.711198499742,-8211.702239015234,-1346.6698049980093
2015-09-27,233.180684349469,881336.6613574299,5845.810639029094,-7699.565329309552,-1439.927543359142
2015-09-28,239.47488643574,886209.0661774299,6031.586242065821,-7436.93029832758,-1421.8493930090085
2015-09-29,237.091983203165,884535.4230186299,5857.956526528766,-7281.18718962641,-1466.4241400381225
2015-09-30,236.85368796707,874638.3840385502,5507.386097562848,-7495.537315125982,-1465.885203541724
2015-10-01,237.820756250881,862498.45145843,5259.607130429991,-7924.543772163582,-1576.494874897514
2015-10-02,238.175300730422,869109.55888527,5381.152661407325,-7427.686365236009,-1638.3358655479178
2015-10-03,239.560401320766,869579.56020314,5150.788292687502,-7029.552995069607,-1687.6447849895335
2015-10-04,239.334811539389,875762.91661704,5407.386085677669,-6748.0093803076325,-1707.2111906474217
2015-10-05,240.784535919617,873971.91127214,5188.409006675158,-6559.057771323124,-1734.0054604580223
2015-10-06,246.772017167691,867591.7822297697,4906.979477440814,-6611.5935939369165,-1763.9286318128686
2015-10-07,243.306636429266,869805.1114666999,5065.426070411424,-6508.843963345789,-1695.9162521869157
2015-10-08,242.952407512692,881816.10456531,5712.501546760662,-6258.958706925402,-1638.9417752663119
2015-10-09,244.425513908127,880926.2411985098,5496.49059490062,-6065.841502174377,-1590.129917986415
2015-10-10,245.909807206855,879982.88301768,5234.184056011245,-5828.468781522086,-1487.8651812003684
2015-10-11,248.940193067447,876086.2199472899,4971.96909484716,-5785.552376683279,-1413.567223454344
2015-10-12,246.206172213141,875782.4289491998,4814.339498448683,-5593.9366280350605,-1368.8710144061022
2015-10-13,250.039156371769,876541.90319972,4818.108180563437,-5495.100551476057,-1315.568279250029
2015-10-14,253.122030793604,872537.9081235599,4546.6545173258755,-5445.447068588319,-1237.7569459428366
2015-10-15,254.63318166842,873358.06434791,4526.680657764817,-5310.876623986432,-1103.4183262634097
2015-10-16,262.784534295489,875507.1669122998,4650.208045571828,-5238.8507764193355,-999.2832567647541
2015-10-17,272.570839336087,874762.3929399601,4552.0797201957075,-5151.1312004760475,-907.8751694717707
2015-10-18,264.107634550398,875055.1123679498,4485.481671081992,-5022.701757477644,-850.4892260264625
2015-10-19,264.320263439651,871780.34855845,4396.661035189192,-5116.384036458466,-803.99452864227
2015-10-20,270.709990697855,865551.3052983799,4242.5122927885795,-5329.5233113112345,-759.8800216441664
2015-10-21,268.24522907122,861565.8570267499,5273.518560841341,-6553.758729571155,-748.2244699152698
2015-10-22,275.559083328257,862402.03306778,5110.92345623525,-6250.069210981079,-790.5593695282045
2015-10-23,278.698050774862,862985.68765661,5040.355612668233,-6064.648011175671,-823.0551903306101
2015-10-24,283.609161321024,864750.82094286,4908.076583707685,-5746.407269897961,-840.4870446648555
2015-10-25,284.262636006768,873102.2104363599,5252.78333157784,-5471.3526724554295,-797.9860488821034
2015-10-26,286.865474560862,864443.35013199,6023.416203481318,-6804.671608591736,-798.1044971338207
2015-10-27,295.200933124132,871594.2064910402,6144.409391673232,-6396.85734583962,-767.7798959376614
2015-10-28,304.807450355059,877209.77561189,7566.531791007682,-7427.778606839647,-693.6694862640558
2015-10-29,315.210876078964,877020.7986591399,8155.244100547171,-8038.339592173667,-629.3051666501188
2015-10-30,328.919184834657,871040.0004085199,8251.872748324693,-8541.481757217423,-607.9456150819206
2015-10-31,312.108992137356,864556.9451675202,7991.011306859046,-8693.516731225596,-615.33518251665
2015-11-01,328.488152455802,863048.3973309302,7720.85478711311,-8484.036372294555,-631.4752895727781
2015-11-02,362.95298972072,862942.7466956101,7749.502023786904,-8468.848212310919,-631.4483743766884
2015-11-03,403.60760015528,859500.4578892101,9045.11017851111,-9945.985874893524,-618.1529942238143
2015-11-04,408.40316317328,856326.2789466701,9215.028643593703,-10267.457889719955,-601.8807854664173
2015-11-05,385.712649351452,862875.4602802999,9412.805397978787,-9958.460605454626,-559.4886035185609
2015-11-06,374.441392405971,868889.2846511599,9373.152362933535,-9481.508931853648,-494.06461569089527
2015-11-07,385.762657905861,873166.9040410501,9145.340424338632,-8961.298596004735,-421.03800751059754
2015-11-08,372.866953741869,874294.6157789,8942.69726837472,-8694.297446073086,-387.6830672835102
2015-11-09,378.950595365276,874833.7369810301,8820.277004191743,-8552.495756568213,-312.75187780251423
2015-11-10,335.79636717053,866324.2523011802,8380.666242236293,-8698.036056444333,-317.3891535197753
2015-11-11,310.230952442289,863562.0075093601,7897.401434276536,-8377.762913658711,-361.61162948764763
2015-11-12,338.639303480558,870064.68483226,7906.219132972101,-7921.044692202129,-371.0209200307572
2015-11-13,337.056212924618,870367.1864865199,7564.680243871296,-7558.350655535321,-349.8824488001355
2015-11-14,333.439122539814,868169.0583001499,7090.752429702543,-7231.386693013633,-309.74879443903137
2015-11-15,320.320731555185,869715.1929474599,6760.506583993708,-6788.482919930057,-257.23413377866757
2015-11-16,331.708567980254,871743.45234613,6549.8544562127945,-6440.7484098420555,-198.05897414332807
2015-11-17,336.270645021725,879482.1306572203,6766.44893088794,-6148.704733535918,-89.58612459086832
2015-11-18,334.72243230787,881856.81839389,6550.141683572745,-5815.267916932857,38.07837632099878
2015-11-19,326.571914685233,883098.14371436,6298.6501150705635,-5530.012911508667,131.95640568083695
2015-11-20,321.827472014974,881871.7399234001,5956.302820130525,-5320.668349536754,185.09862278897168
2015-11-21,326.338757678457,882298.97273961,5658.872147904488,-5037.131120936304,216.36285126284946
2015-11-22,323.807771961759,882794.0600071099,5358.681356920188,-4743.390580583216,242.56934797965926
2015-11-23,323.112115877432,885351.93896784,5256.05926394751,-4511.262608651002,276.64187709915785
2015-11-24,320.27865440588,885632.4566789202,5040.51919617301,-4326.674470490934,350.30005851988045
2015-11-25,328.9570992919,886888.7046073702,4926.259377573476,-4176.254438373537,438.1833741328887
2015-11-26,352.981583541422,896042.0743891799,5215.898118609243,-3905.668856568637,532.8301470807912
2015-11-27,357.76794052263,869699.6716298598,10044.285914343298,-10577.565453726733,494.2866379579764
2015-11-28,356.531628706162,869550.6642165299,9516.890056079077,-10024.551453725617,468.0704140768729
2015-11-29,371.560623397088,876401.5334594498,9411.799648642473,-9425.10567025124,469.11829367170026
2015-11-30,376.979696573991,875797.9184886798,9415.948322964976,-9468.608274517825,457.56357953430097
2015-12-01,362.913515369659,891898.28328035,15057.42547275998,-14033.21710809797,486.59673434215716
2015-12-02,359.36565308034,890650.78164851,14281.569291098647,-13408.808259536772,496.4458246937275
2015-12-03,361.488090786714,894279.8106963997,13735.549362878739,-12679.037130228322,517.0083267714789
2015-12-04,363.669430033002,892429.39244789,12987.243365273489,-12124.526498033767,533.2284979604754
2015-12-05,387.897526390297,898200.8477382499,12610.462633904588,-11420.496538456851,573.816002851872
2015-12-06,387.673777268967,893916.0096108299,11946.49398509562,-11119.061504505727,588.9689817270806
2015-12-07,394.815817880082,893504.1040335599,11260.055790881243,-10515.245847482012,588.9699308772749
2015-12-08,416.943687804308,893391.4849090601,10700.884930232492,-10013.23692469321,587.0987365813611
2015-12-09,417.569630337533,893639.1610464499,10175.446683726992,-9517.130136064327,580.5495657572701
2015-12-10,415.399396168507,895396.15589973,9795.93644731319,-9064.374679276036,539.2161733284519
2015-12-11,453.130585415083,895691.1638897203,9385.909481870978,-8683.451299036966,627.4831534868406
2015-12-12,436.752986463879,902730.07150311,9297.252950566915,-8172.364805695835,744.0938350952416
2015-12-13,433.354515461192,900921.0673308,8776.500790391787,-7847.7587999994485,811.3829788096061
2015-12-14,443.859070268978,901487.9279750802,8393.074302767003,-7488.457735448817,879.75987301468
2015-12-15,463.982258959203,898051.1018764101,8161.69642872787,-7546.509372475563,850.5440652711297
2015-12-16,454.065288845608,895221.7631973402,7836.470451442677,-7450.918444211859,815.7434206760541
2015-12-17,455.83381696376,891603.1238865104,7375.936317163166,-7257.330397803068,748.7501125838884
2015-12-18,463.129107630704,890131.7796349301,6956.192826354288,-6943.583585056863,688.0281393022956
2015-12-19,461.441597247907,910458.0367082298,7921.33699111067,-6554.484561013073,700.6628774915711
2015-12-20,442.29881918199,908596.5583978902,7529.996806652625,-6379.4464259175365,723.7427275019421
2015-12-21,437.204732578352,898318.2080667602,7417.932694627783,-7029.309028017033,698.3008505884791
2015-12-22,434.673211794257,889558.9680736302,6950.9957241105985,-7172.229634815895,633.3807137138662
2015-12-23,442.414820898846,891455.1365476901,6814.623422337223,-6894.69717405817,580.6385494721794
2015-12-24,455.740130160622,887569.9347867101,6506.200754918744,-6839.949707256959,504.54492658822437
2015-12-25,455.85591512492,889295.85533167,6470.090429207495,-6666.528081725828,440.338081205914
2015-12-26,418.473693853029,887031.44184009,6176.764939980329,-6511.0676484361065,336.11016311113855
2015-12-27,422.250720551429,890161.8726458302,6161.497904159638,-6264.731711669032,262.3976061181577
2015-12-28,421.652320418364,885915.95265316,5808.842124238995,-6188.255010759095,170.68121655828014
2015-12-29,432.942429169905,884769.46703928,5597.709412199728,-6028.260480543822,95.98563622996583
2015-12-30,426.973256383523,885831.7683930802,5367.498336191746,-5698.525909726233,44.8013804610155
2015-12-31,430.211432653154,871077.23517673,5441.042216884297,-6733.636833273152,-55.998657806766886
2016-01-01,434.883982464004,867430.26534457,5098.795110785343,-6548.348074892275,-160.43881533564948
2016-01-02,434.922420339091,867796.4885148001,4819.563833259654,-6148.065055077457,-352.96407618674937
2016-01-03,430.999797827054,865394.7279353301,4793.872518450345,-6193.91769744496,-535.1494733102996
2016-01-04,433.901991316872,865667.10307447,4779.325628227654,-6067.876119346629,-654.9476274338516
2016-01-05,433.166598695763,870627.4793790799,4913.451584461144,-5785.406955864853,-701.4277317694525
2016-01-06,429.925349249249,866815.16999113,4852.907980391737,-5920.88695289853,-771.9923903970129
2016-01-07,458.709923687963,870571.3964041101,5099.714675822956,-5846.079955963962,-801.4649852400693
2016-01-08,454.0532833086,879362.17430518,5350.843640555425,-5461.399375282364,-795.3305625406841
2016-01-09,449.697182798791,880979.5840808902,5150.812039080398,-5146.17007311154,-771.1202286532101
2016-01-10,448.953635268976,881434.78919074,4986.505831199037,-4952.479655638103,-761.3159441481868
2016-01-11,448.695249781827,902467.09742342,6096.229646954435,-4662.318000918896,-631.7927632513556
2016-01-12,435.485550907654,905108.58301789,6046.695210224142,-4532.27863429297,-492.8665029459796
2016-01-13,432.657782336285,910198.91476631,6473.324376872533,-4720.5134561087725,-344.02089621039056
2016-01-14,430.025025984339,908593.19691142,6245.9355552136985,-4717.026552826855,-142.48492344069788
2016-01-15,362.430550450785,915710.51169804,6547.085861641452,-4645.616473639066,96.87381599568184
2016-01-16,388.188173058592,921668.8029466104,6709.554578808022,-4537.630400101126,346.90420174744594
2016-01-17,379.148748639874,924368.91154605,6591.9718371881545,-4386.315363765719,604.4543197772351
2016-01-18,384.928918248786,920653.04338037,6376.005684960276,-4565.117520811334,825.8427951535147
2016-01-19,376.766310839244,924633.7156987002,6468.32192482759,-4512.781483733245,1027.8067817605183
2016-01-20,419.225250171751,933007.1849388402,6678.616796190415,-4295.2144351596935,1274.3340198703409
2016-01-21,409.268099024147,923455.42511949,6525.917957855057,-4938.193075516381,1441.054745761747
2016-01-22,383.294928814539,932413.07742708,6746.920375762718,-4667.8669984072885,1597.4553966247731
2016-01-23,386.915859546454,934366.7610411,6618.028381296537,-4547.332988163469,1745.0306414222166
2016-01-24,402.801075023103,939156.62679736,6565.427001260769,-4315.453583919239,1903.3125872636876
2016-01-25,391.121262304264,956355.08700834,7441.023092756052,-4194.483889171954,2032.785984231442
2016-01-26,391.666814086952,967263.4920920698,7933.181630403648,-4175.851368143158,2192.9941046835365
2016-01-27,394.446680444849,964864.21167734,7858.760785853406,-4511.871235392278,2306.8568639476343
2016-01-28,379.750577703157,969034.47048145,8068.582162621178,-4666.801328583461,2440.633423351268
2016-01-29,378.640519541231,965150.47832273,8062.2784313611,-5146.2157968405645,2513.104369531136
2016-01-30,377.34888757871,971829.4911441702,8075.424590355694,-4908.498610040525,2584.1759267888697
2016-01-31,367.950859550895,967369.80869151,7655.822388603314,-4996.583637153157,2616.574660933707
2016-02-01,371.370523194121,969773.82274831,7695.366311740424,-5053.142539933613,2675.955775766412
2016-02-02,372.96226926144,965229.31275365,7559.56811060773,-5396.459923232039,2690.782043357937
2016-02-03,368.534903197949,970876.53467727,7844.708579229881,-5449.326142771236,2691.6377630313605
2016-02-04,388.095028668033,971616.8332281002,7800.942961165222,-5515.899450415154,2741.446236489317
2016-02-05,383.934125858102,959284.34290726,7493.406518180874,-6182.865262870144,2686.552513486124
2016-02-06,375.227387047588,938952.52342839,7588.663472684149,-7720.946266318802,2529.1969287170014
2016-02-07,376.428629223662,936376.10883495,7261.38021521454,-7554.078462169547,2347.5775241243914
2016-02-08,371.216942433362,946834.25794351,7659.282551318905,-7235.257641239579,2145.969360302622
2016-02-09,372.762370780096,939178.59642857,7570.302218088314,-7684.923069676942,1869.401423599114
2016-02-10,378.951734213109,956997.27168664,8575.242913767093,-7494.3106913784795,1707.547328736792
2016-02-11,378.148381621074,960205.4003611,8650.547204790622,-7427.80188559725,1551.901934819339
2016-02-12,382.392097016519,968652.02098998,8769.826349347915,-7065.489342842099,1465.3501042468592
2016-02-13,390.650366629881,968960.03535994,8530.036749370722,-6918.787918634625,1354.2303078483544
2016-02-14,406.574059427634,969769.50834459,8336.41781529667,-6778.26737429965,1275.5811428159875
2016-02-15,398.808158642243,975669.39801768,8485.922657990228,-6638.322934853673,1218.8222821966838
2016-02-16,407.238241647739,962929.25956597,8150.581956443545,-7275.498111630094,1126.8205434422382
2016-02-17,414.897924684435,963764.0322976,7876.859309162643,-7004.462871894757,1018.0358292143268
2016-02-18,421.165695633726,966998.67442341,7643.431988989799,-6613.552505819108,928.3812558157998
2016-02-19,420.443535903362,962241.5186847498,7343.965684813813,-6699.888549765165,880.7766757970795
2016-02-20,434.617927419963,974502.88464881,7798.860540632227,-6380.297483649488,991.5513794126076
2016-02-21,438.472430729843,981951.3256446,7988.232530820744,-6167.804277917523,1142.4889865453383
2016-02-22,437.488958917877,983534.95603092,7918.310628347363,-6113.668899883021,1241.1044735728397
2016-02-23,419.610223184816,984481.01170409,8123.9520025828715,-6376.549344471487,1374.1061528371265
2016-02-24,423.851263269437,987382.8463966602,8076.679635178013,-6252.314841436054,1427.2084793623658
2016-02-25,423.50939892507,981988.13866426,7770.47557735281,-6427.38228535365,1435.8047631342076
2016-02-26,430.671963721939,983927.29201082,7545.8475209012895,-6163.0168919314065,1412.840021881641
2016-02-27,432.143234127527,986649.75388284,7403.565464379871,-5931.426085873312,1402.903632436674
2016-02-28,431.506528738827,987268.6002321396,7230.095899909209,-5815.422723349757,1392.655256405419
2016-02-29,436.42224928943,989462.08900546,7427.622846229265,-5961.0286298857745,1365.4405773487717
2016-03-01,433.227703560656,997761.12795776,7989.1857663966475,-6067.0952343227245,1440.2267692959483
2016-03-02,420.126152621778,1008907.86245242,8859.393889800207,-6322.327093553873,1559.131794937266
2016-03-03,419.311581989591,1024244.8753072296,10097.396173558192,-6706.999640074281,1727.7401556739244
2016-03-04,407.236124377218,1025227.58368365,10069.444772556315,-6839.560782876663,1912.4406452904248
2016-03-05,398.502432391609,1038858.86162223,10501.33544447456,-6578.025191534887,2091.3511592873488
2016-03-06,404.627789321102,1019219.58529391,10436.605547984922,-8083.734400462564,2129.3827946172873
2016-03-07,412.800582710536,1010928.5014266098,9831.999101249261,-8188.724954715059,2117.8565387651347
2016-03-08,411.409347329594,1009370.01127947,9552.990826543977,-8123.167632921388,2095.1722913016497
2016-03-09,412.599649531731,1014511.77790357,9691.534279605714,-8014.248190617963,2084.666669533492
2016-03-10,415.965735829041,1010305.24759647,9612.406495155334,-8327.374832573434,2080.519410289402
2016-03-11,419.645316497456,1000234.4945273002,9216.00232788831,-8688.022980756537,2019.4586044438227
2016-03-12,410.139940852359,1001237.53111146,9157.99952799509,-8598.34969839477,1954.2807795219487
2016-03-13,412.615304467726,1003561.349522,9024.31004891075,-8347.175647247783,1901.5994384579142
2016-03-14,415.054352983447,1003933.1119236898,8894.20496182403,-8237.428693492599,1843.7552993141958
2016-03-15,415.474278533574,1003556.6273892,8885.679490655095,-8297.787275845092,1748.4554195096302
2016-03-16,416.238185641293,1011336.6409948702,9102.52819282609,-8035.161218625421,1643.4768607920828
2016-03-17,418.508672004109,1014013.22815657,9171.94087765235,-7997.2925576183925,1485.2091312599434
2016-03-18,409.249473668426,1013194.94351032,8822.647638842192,-7780.861516560498,1328.916426445804
2016-03-19,409.611401530555,1017184.42499569,8675.961331790711,-7437.662185303132,1137.1299188420833
2016-03-20,411.668298331039,1018928.7903223896,8369.369141033996,-7097.512249198922,1059.9146148644204
2016-03-21,411.758574866767,1017494.62104878,8324.061857699064,-7232.606710226993,1020.4989720742685
2016-03-22,416.547618754634,1012143.90645599,7999.300774843123,-7337.323610055195,965.6528271575073
2016-03-23,417.538831953402,1009522.65701799,7591.0763982049175,-7147.981006936181,877.4963487490068
2016-03-24,412.683914671887,1005343.24247066,7271.094071139256,-7136.166009110436,795.3460915666443
2016-03-25,416.359557315092,1006351.9971748,6993.645843391304,-6800.462671888408,771.4320790217248
2016-03-26,416.922983282569,1006305.1724826702,6674.450079803218,-6497.267432542513,744.1129945688955
2016-03-27,425.01140597188,1010528.7036995502,6638.208948975001,-6190.589730406346,727.7190529193019
2016-03-28,422.678289507445,1009553.86808076,6710.642447590667,-6357.853551512587,706.0056691869198
2016-03-29,416.119571272842,1006717.3326615302,6603.008922581289,-6462.841647523748,674.0253163474583
2016-03-30,413.084405094987,1008250.93956839,6507.380594332537,-6274.317343821499,614.4321932267704
2016-03-31,415.556332326695,1011496.6971164204,6352.9574349030345,-5919.047897890734,561.5222801537951
2016-04-01,417.165576191655,1000449.08670905,6179.514187138831,-6511.03931308535,463.4286195660657
2016-04-02,419.720714571892,1001342.78822988,6013.021077561575,-6262.864427056326,357.1327269958993
2016-04-03,419.825323991892,996228.959125,5760.576127541469,-6334.685194061907,225.27801568479137
2016-04-04,419.362325459036,995507.9967484502,5639.249582578039,-6223.148869767113,105.60984178042384
2016-04-05,422.24728084553,1004572.7719993002,6124.513853836836,-6065.168171823306,62.564735867966796
2016-04-06,421.312384066369,1001528.79884434,5890.11580483838,-6037.658045289752,20.37633360224472
2016-04-07,421.152493238247,998404.18312771,5985.808045757822,-6331.821851287771,-13.97665693766733
2016-04-08,418.700824802126,993514.12130558,5884.165321473303,-6533.115661443253,-74.1290506142992
2016-04-09,419.118901750192,997858.07845549,5953.641361710416,-6269.731202355036,-109.36279975039379
2016-04-10,422.063775041079,1004940.60036741,6321.135394669055,-6142.771118476033,-128.59529563436755
2016-04-11,423.444354157217,1006592.84159734,6139.392734632449,-5862.769994856964,-134.0357353702672
2016-04-12,426.772084689087,1003207.80372587,6006.52051171962,-5974.008479360499,-141.72539556301155
2016-04-13,424.949127171855,1002720.41416929,5950.542153342981,-5952.690226913132,-158.52620442595384
2016-04-14,425.738299261288,996936.10838991,5759.817098756783,-6147.442352714257,-217.20726092379513
2016-04-15,430.410628682585,1001531.03382709,6171.337080244997,-6226.792288126639,-197.48798106201846
2016-04-16,433.276503618338,985400.80700821,6169.700615731998,-7296.807264346864,-260.14964528488406
2016-04-17,428.918922490326,981508.76728534,6154.71862040653,-7465.934140638409,-312.8001062642729
2016-04-18,429.625525711465,988591.7845783998,6278.405770428763,-7030.005769774514,-324.7787285611785
2016-04-19,436.686855263616,987514.8004824802,6270.911720369511,-7044.203992820214,-384.25286816576664
2016-04-20,442.456317256592,985721.67983416,6242.18119373821,-7083.4620245802025,-433.8056246222395
2016-04-21,451.668075627905,986266.60354011,6482.321366930329,-7231.188561986186,-462.580866731233
2016-04-22,448.090233284983,997961.8273975004,6885.757822876971,-6805.018947769773,-410.46020851143675
2016-04-23,455.486898470155,998115.89987004,6768.181508458509,-6682.553726855787,-381.7660926366267
2016-04-24,462.25317862899,994422.20418374,6698.450975644606,-6864.591425235401,-406.3735730497565
2016-04-25,464.579834009801,990516.5134465098,6752.728815403631,-7168.172617503709,-455.8068974694395
2016-04-26,469.601713763783,997375.0275556102,7182.132821750059,-7112.646096436795,-453.165847972715
2016-04-27,444.598138011586,990441.83027041,7022.84836521072,-7420.207240598343,-481.39519095967717
2016-04-28,451.726549742692,992349.1425429296,6978.741862558005,-7222.455994751787,-471.11582511941333
2016-04-29,457.444408673028,998792.3765318596,7149.373175627474,-6947.290766413002,-452.72028104111934
2016-04-30,453.358072638522,999669.29329401,6917.940238134308,-6670.868872057466,-354.5647085631401
2016-05-01,454.337740258215,991987.3000016198,6681.474114008017,-6962.607058495635,-280.98738172426425
2016-05-02,445.729278648282,975630.1381356502,6612.933825634151,-7965.802031553926,-323.9351107652661
2016-05-03,451.501854947788,976534.51091785,6643.378778114539,-7845.7642514929985,-354.58462511724883
2016-05-04,448.001937404669,964094.1468879798,6720.744229318237,-8672.328273129462,-433.8919974721943
2016-05-05,449.228226559335,974665.75808822,7110.852656900355,-8227.557017774832,-460.166080744953
2016-05-06,460.959971272383,988046.0131689198,7705.292668796332,-7855.533066899179,-476.6646002599564
2016-05-07,461.138059959326,990709.20083083,7662.9523130765765,-7625.6308405119,-480.1150509055312
2016-05-08,461.562534445738,986041.0388249,7404.744512888805,-7681.141938890439,-487.9905492205912
2016-05-09,463.847817962575,993313.55831579,7749.985096076217,-7523.121394285076,-442.1114417997901
2016-05-10,452.389239240801,991356.75488503,7737.355554878469,-7656.06966192407,-441.26864411113775
2016-05-11,454.461392968444,984385.0753950196,7676.46104235257,-8065.372841595795,-440.6652815293954
2016-05-12,455.538562036927,986384.31449784,7550.523489247734,-7780.225228353409,-439.66439630881666
2016-05-13,457.608346978269,994309.7706354798,7657.813733217215,-7343.83828053985,-431.6720360614674
2016-05-14,458.444915867563,993090.35228692,7385.743923133403,-7173.9947238718605,-434.1950479768461
2016-05-15,460.972119750082,1000837.9270493296,7522.933935184508,-6809.143031713068,-363.1290588369136
2016-05-16,454.621066338061,992635.86789554,7106.757753487541,-6987.356853833531,-257.96697986735757
2016-05-17,453.843738454791,985967.35765689,7133.159678424371,-7466.286187990629,-195.8770538807717
2016-05-18,454.955964304955,985293.66692198,7107.34151472008,-7463.1723059759215,-81.89467869824432
2016-05-19,438.547053705208,989074.68666789,7145.018665674742,-7225.059421119524,-7.847278310409142
2016-05-20,445.214454619642,994536.72177805,7196.993921178426,-6907.562952249557,23.55781933471317
2016-05-21,445.795001728173,990630.03574062,7098.784473992531,-7089.09463882092,21.584130949494035
2016-05-22,441.117371787002,991104.0131796498,6827.091787685031,-6780.56277892286,44.65030486119424
2016-05-23,445.095549323698,994374.28796022,6736.691059413363,-6475.245665864003,47.12042570106704
2016-05-24,445.746007324616,992800.03967566,6481.229730039138,-6342.163915030406,51.24756299066236
2016-05-25,451.340289077328,999169.85462842,6669.294823245198,-6114.845732386381,118.63048371223695
2016-05-26,454.08349108848,996146.46479802,6733.980222229518,-6418.053726121287,157.60392908465914
2016-05-27,470.667865929685,1003769.91932247,7321.852734154218,-6518.757702823201,192.5410418456344
2016-05-28,523.401067029204,1002732.2944129498,7605.009153504604,-6924.62878489699,226.0146967989254
2016-05-29,522.401268889289,1014431.516948,8453.633212642297,-7035.643366271857,276.3146212917112
2016-05-30,531.769724151439,1020453.40017054,8554.710885648143,-6829.794814199733,390.9942764198827
2016-05-31,531.545111453415,1046406.8191248,10145.1451319236,-6804.995534954416,653.3711411724142
2016-06-01,534.929231166291,1041419.46461927,10631.784514065359,-7846.801857262786,877.7149588908725
2016-06-02,538.021915780496,1055357.35327085,10986.313868209667,-7457.8041450886,1135.468564502719
2016-06-03,570.024910984339,1058678.8292880098,10959.449668289692,-7444.742192232695,1365.845457869014
2016-06-04,574.104487079986,1043586.44668006,10828.371523441043,-8554.136719651184,1527.598669913175
2016-06-05,574.650722067233,1044385.3964146498,10396.673964647638,-8213.358165471105,1680.2262977999158
2016-06-06,585.244860516171,1043285.08248963,9935.12409262046,-7970.716941723698,1801.8664233247305
2016-06-07,578.119488393732,1045395.71016965,9603.635549253097,-7629.480363081451,1932.9442355506533
2016-06-08,583.004934836863,1042527.41725998,9193.497034981558,-7542.1717218660215,2011.2925371404194
2016-06-09,577.076045076925,1097428.1481484205,12351.803310886788,-7150.517626082951,2360.2467649043915
2016-06-10,579.821299523509,1078612.3066185298,11769.428105953,-8169.284235462089,2560.0359677015276
2016-06-11,607.17430380675,1079383.32307084,11426.539009888136,-8015.003633942617,2755.1184682256635
2016-06-12,671.088776693598,1087323.3373187005,11777.52185116493,-8070.187883758444,2918.643048299667
2016-06-13,705.253702515335,1065057.45772689,12011.899091825268,-10036.112695033216,2936.5623572527848
2016-06-14,685.115845419732,1069648.50942717,12212.342306290915,-10062.204889266335,2851.5614872567417
2016-06-15,697.492334664963,1079960.13162119,12265.794172742188,-9571.557770584579,2845.079611924959
2016-06-16,768.654267813583,1081982.74700363,12501.536060313372,-9852.074392803606,2782.29046509558
2016-06-17,752.933409206881,1078860.34008256,12261.55144031448,-9996.881012043366,2693.0021045394456
2016-06-18,757.34166620712,1081927.08459368,11878.16971595618,-9560.027682161808,2696.138335254054
2016-06-19,767.451826483502,1077018.7931136298,11347.4822829771,-9508.355816772353,2671.5533828989264
2016-06-20,715.335048567792,1064009.12360464,10851.10176422396,-10001.895029698862,2591.8962103009508
2016-06-21,667.217531653078,1073670.2251222895,11430.880375088362,-9994.21398835494,2553.5041531982206
2016-06-22,597.562393074882,1095591.27255031,12931.061746401137,-10128.769956915277,2635.71604436753
2016-06-23,627.965756629188,1093232.02814188,13150.87119842173,-10692.681822130262,2439.7805937595035
2016-06-24,667.546861163837,1087044.80118882,12666.030120208947,-10784.20183254091,2317.043766415012
2016-06-25,665.712586119337,1089514.16620364,12398.878939296352,-10477.881536484849,2210.576768334011
2016-06-26,633.890875396777,1097631.04589568,12151.456262324593,-9815.140040231192,2112.6469293830764
2016-06-27,657.042473154401,1097103.93012023,11941.669432073619,-9796.248676483112,2124.7636692972524
2016-06-28,647.913751232938,1101580.1358445298,12387.649014372044,-10086.842594200907,2135.525740950578
2016-06-29,637.094285530323,1103445.27973062,12143.351684149908,-9871.589432917513,2105.3490158844916
2016-06-30,672.63241993513,1099862.8766406102,11652.138074679246,-9770.653512863008,2050.4935083349537
2016-07-01,677.752313855905,1107819.7213843402,11569.476128437296,-9282.96755449347,2052.0533758830043
2016-07-02,703.003142788844,1105557.62656939,11437.16637403281,-9453.898026015238,2028.1338268989466
2016-07-03,661.439850366025,1104587.13749783,11147.640533110618,-9362.749346398225,2024.2598783637784
2016-07-04,681.372023626181,1110274.44857257,10847.054737169245,-8802.002224588343,2109.6774339391927
2016-07-05,669.522039162892,1115015.61203206,10980.060795311294,-8755.267552936453,2165.9722093421515
2016-07-06,677.021967092878,1123807.82107932,11392.420642245876,-8729.799679545356,2155.995721714627
2016-07-07,640.783617220287,1119254.51057243,11008.681877000818,-8827.123012273,2136.23639946008
2016-07-08,665.841966700064,1135154.52869459,12100.034296056763,-9003.911480833467,2222.9717228568843
2016-07-09,657.318454089001,1128666.73251841,11612.097610495644,-9154.90272803257,2261.2715428319966
2016-07-10,651.304779981693,1130012.44472386,11056.629207545935,-8672.819836883731,2264.6639105869112
2016-07-11,651.152424248904,1128491.40141398,10653.910848473539,-8530.424989847485,2263.097132232307
2016-07-12,665.269993176391,1137411.11006172,10727.392003883973,-8150.8246259836515,2282.7943434986773
2016-07-13,655.210575852256,1135117.2432317198,10245.067805224377,-7993.1960411840755,2281.3735944135274
2016-07-14,660.291124461278,1151760.67619902,10743.810610006753,-7532.501432415803,2376.3610669688637
2016-07-15,666.430643734372,1152327.0024952898,10301.034018510301,-7266.057033007417,2429.823096365939
2016-07-16,663.318835644877,1137662.4505539397,9658.72169462028,-7803.713304240923,2420.6616708203524
2016-07-17,679.834164429232,1126277.87484135,9229.924086916262,-8258.147970068194,2362.5820229729006
2016-07-18,675.065418809752,1124314.4836015403,8787.543728661178,-8011.445435590314,2271.9424358650404
2016-07-19,674.065804428768,1126530.4072857103,8435.7028445491,-7563.616192071628,2175.3205365866565
2016-07-20,667.326493426123,1136978.72144594,8707.454136614493,-7196.952316953518,2093.0263120838317
2016-07-21,667.29420518205,1138030.52000815,8373.324834211526,-6893.403231713951,2042.909364781671
2016-07-22,653.261116639297,1145394.13031723,8475.681562666758,-6603.514046397019,1955.4839862849879
2016-07-23,657.754115036182,1136975.2138876405,8009.1630221989735,-6823.067768986551,1864.6911556242267
2016-07-24,660.898652011118,1136023.4415339502,7618.679307415706,-6581.155227996781,1768.5279205354204
2016-07-25,656.727918956488,1131291.86841095,7319.050639367991,-6666.133040110327,1663.487330580535
2016-07-26,654.174462619276,1137525.3643943802,7399.963204385458,-6375.007046182974,1552.657957744975
2016-07-27,656.637455033149,1130769.34452318,7057.864192098427,-6551.639769189443,1427.9688619498809
2016-07-28,654.873832972456,1131121.70721025,7571.990151566532,-7076.02317771348,1234.0158473971742
2016-07-29,657.202841742762,1134990.80553265,7499.4316220467645,-6778.589224957247,1068.720519653362
2016-07-30,655.071064648054,1135085.1943430898,7228.9460470956465,-6549.867222449431,984.7255506724234
2016-07-31,626.678244970423,1131378.9716126202,6976.656714637937,-6588.277993666135,943.0543081098331
2016-08-01,603.071469977222,1130117.94686973,6856.914590394741,-6578.496100347061,907.5057507510344
2016-08-02,541.11730909678,1132206.3844021198,7120.893492898429,-6721.80706669459,873.7200203029179
2016-08-03,570.498084933119,1125696.7271992,7028.373598104529,-7089.87008050895,761.4344272982469
2016-08-04,584.287119037441,1102812.47101519,6982.036936794227,-8565.050732639022,542.6533274166492
2016-08-05,578.720358167967,1102885.18993032,6766.524960227279,-8239.156575340417,303.73910374644356
2016-08-06,590.638656379226,1093415.69805043,6540.787606424793,-8546.543239189723,75.74975474806119
2016-08-07,594.224242637998,1130073.2772211805,8717.487461058474,-8146.6941069224085,42.41184579928548
2016-08-08,591.594596271462,1127309.4559101905,8248.773715839907,-7900.288006045581,20.666710837618524
2016-08-09,585.986296642791,1117845.26422174,7875.206267745245,-8180.899051167208,-74.37964213555638
2016-08-10,593.309228099764,1075688.42380045,7803.943587197566,-10899.71287981073,-331.6649075299957
2016-08-11,586.824334416025,1049177.17382037,7794.684259867723,-12451.485598312016,-699.7197869798061
2016-08-12,587.667092826527,1048000.8036139398,7621.342917859876,-12046.115514169882,-1067.263715079772
2016-08-13,585.606389025498,1046195.07999033,7438.3281228518845,-11688.497454315224,-1419.3528690875971
2016-08-14,572.794132351393,1036745.2152502596,7113.943175022425,-11710.338867059541,-1775.4081843025197
2016-08-15,567.485748100254,1031552.04604887,6745.127443604263,-11381.308036264903,-2126.4509759245425
2016-08-16,578.46332784597,1030748.47452316,6627.483127855976,-11008.156449386577,-2467.8623864770025
2016-08-17,573.999199368756,1025972.89787346,6358.168200875577,-10765.168410950804,-2778.25550988206
2016-08-18,573.6346051923,1025245.44411601,6147.226682771873,-10308.923796005416,-2962.447175409827
2016-08-19,573.685611331462,1028710.17101114,6220.026990761748,-9873.295836771056,-3118.2069776166963
2016-08-20,580.677217122497,1022847.72689361,6027.910082658965,-9828.457280102984,-3246.406375093774
2016-08-21,580.26407106608,1019607.91264808,5746.047847329698,-9509.746181312785,-3556.0129242451417
2016-08-22,584.531000679223,1021847.6137539602,5590.116679205719,-8953.588383864597,-3821.1527395632274
2016-08-23,582.140391573199,1018841.83843704,5282.7713535026705,-8622.396632312291,-4037.8622035194885
2016-08-24,578.835571331743,1019502.86054836,5348.0012066618265,-8420.916659462804,-4036.2297863900467
2016-08-25,575.722595823904,1017204.36815473,5176.862625451703,-8198.14987430795,-3919.407351419472
2016-08-26,578.749733808119,1018453.8975139998,5034.195173289589,-7770.761314937421,-3798.8211760864597
2016-08-27,569.451850206284,1015794.9211600398,4879.965628876947,-7611.35911801226,-3690.3371873487436
2016-08-28,575.095644960356,1012796.17361599,4666.661720485151,-7413.012146614774,-3558.19109692678
2016-08-29,572.900531100432,1014829.62598825,4585.027429150141,-7012.724335387123,-3400.4422621822328
2016-08-30,575.264045416163,1021903.442359,5608.630635371464,-7402.893323142648,-3215.6986454851312
2016-08-31,571.196536037663,1016309.6708791,5591.585925637366,-7639.149199550473,-3047.1674357592656
2016-09-01,572.556167248171,1013601.8698810498,5861.83779407821,-7953.416916267109,-2899.3018649703627
2016-09-02,575.000911107063,1010999.1370253,5839.566777066995,-7965.222814826633,-2790.1866643811
2016-09-03,598.690847303497,1019975.70056306,6176.414011561198,-7561.922077619524,-2617.683869282122
2016-09-04,611.422779955952,1019629.64111564,6238.659466673118,-7555.090958155556,-2442.8790948177902
2016-09-05,606.103369381591,1026739.14099641,6448.324279033577,-7203.027012365852,-2256.5384540087475
2016-09-06,610.382847158889,1029508.4588796904,6480.016331312004,-6999.784356870127,-2055.120078776498
2016-09-07,615.058538782937,1037891.5357654002,6841.990134483203,-6768.235165956784,-1830.357905824541
2016-09-08,627.369700859736,1035266.61614197,6840.784401629658,-6946.941072566999,-1622.1342931160477
2016-09-09,622.282004734585,1035503.2597496998,6696.225040475679,-6779.528359501868,-1432.6155200716446
2016-09-10,623.264190817191,1036051.14708293,6509.388051952633,-6550.611994161744,-1240.4605524340589
2016-09-11,606.3234045793,1036233.52187346,6380.4151398951235,-6407.685833254962,-1046.2405715219313
2016-09-12,607.32231566881,1030870.48532876,6062.417346048114,-6445.40576283063,-900.1899651323266
2016-09-13,608.289024924001,1027283.24563882,5921.834880309574,-6518.440048635921,-814.6429994576954
2016-09-14,608.735030674485,1027121.7121192795,5775.0007504296,-6342.60114217019,-708.9313650168015
2016-09-15,605.274367075169,1028696.0523208296,5557.43663654296,-5982.24098873084,-589.8760243024432
2016-09-16,607.739275758195,1033057.90629622,5529.444260301429,-5635.138057317453,-445.5930071064709
2016-09-17,606.886534070155,1035763.23144114,5473.137362374669,-5391.4298965949565,-340.7918976894684
2016-09-18,610.94446368651,1030995.84396156,5189.628691717024,-5430.88755562796,-263.99385286293256
2016-09-19,608.519153531957,1037405.26010858,5435.259832690556,-5233.14036253943,-195.64940975697536
2016-09-20,606.780766385631,1039267.53124421,5501.200110519851,-5188.403862670133,-136.18053308498676
2016-09-21,596.587222988609,1036281.4688677696,5423.349936523191,-5330.4775969594575,-134.8150065823216
2016-09-22,595.363825621235,1043837.64308043,5790.784811278314,-5200.359013508159,-85.05911596035774
2016-09-23,601.578502172068,1031792.03025193,5566.639076442426,-5818.615853756947,-97.10722012381024
2016-09-24,601.034631691292,1034407.4790689896,5418.3199841115975,-5479.135055134484,-98.50658646765153
2016-09-25,600.501857949982,1031563.0668532996,5266.90528286749,-5512.5801635348525,-114.10688556104634
2016-09-26,606.200185557354,1035074.96706346,5419.653382780326,-5414.82325739253,-86.4055611203101
2016-09-27,604.617916945897,1027217.97779483,5158.211042130302,-5677.502209677028,-80.88313249319455
2016-09-28,604.906517832119,1027454.4866051002,5097.185046656283,-5566.0895490152225,-73.83342610879126
2016-09-29,605.871014934217,1031706.4245454096,5212.602745345863,-5366.784418193542,-54.50323472734847
2016-09-30,608.912958832608,1027606.0743760198,5123.439349968139,-5540.698922585304,-76.75793298457306
2016-10-01,615.443786665444,1025789.8417409996,4884.298346634929,-5394.822790078948,-119.06021221483991
2016-10-02,611.184724422649,1024604.04548551,4678.120267129933,-5232.162831377019,-141.40190509599384
2016-10-03,612.780342847221,1028355.2937514798,4782.9766335039385,-5049.999809069884,-174.912094075785
2016-10-04,608.753553117071,1029646.0014393196,4760.71472798234,-4923.889179321224,-208.91000116068545
2016-10-05,611.724311895126,1031540.61845033,4700.471219145518,-4726.459572994473,-217.40005069016345
2016-10-06,611.355990304195,1030037.34922588,4554.220828719817,-4678.694573942175,-268.4643037610574
2016-10-07,617.700733764499,1038364.45718713,4915.051502282496,-4476.0864670733645,-219.11131715222524
2016-10-08,619.001113341094,1032856.11136858,4861.260863002999,-4818.783218044474,-211.73326601069596
2016-10-09,615.650774640364,1032691.8803356,4696.776350926129,-4668.472617830176,-192.1633650276021
2016-10-10,617.885270112388,1025516.0183978098,4504.4114829610535,-4956.385461257499,-224.79222957647653
2016-10-11,642.043213532683,1036605.04835687,5080.712941508985,-4763.286657314999,-165.02669730928287
2016-10-12,635.795124367899,1037263.6334284798,5216.086172387053,-4875.915969031998,-107.23564690114041
2016-10-13,635.32882174082,1035947.34347674,5147.329486204583,-4917.589959855865,-79.81270410139788
2016-10-14,638.045790802551,1038184.3214822698,5127.546299432277,-4763.990874471476,-24.04020427440028
2016-10-15,636.717359155477,1038558.98799125,4977.795679895462,-4613.4995160000435,38.44698196413106
2016-10-16,640.433029452482,1036024.2917535598,4851.449959315099,-4677.373288858705,90.45549872866538
2016-10-17,638.236378556826,1040443.04802278,5070.252566976759,-4613.197256602793,142.17539058151618
2016-10-18,635.251674191308,1043597.81731027,5342.48154046031,-4705.57863161194,199.3237734520342
2016-10-19,628.666299753511,1041964.09361627,5225.543035748955,-4740.015233757145,235.86064172637452
2016-10-20,628.711824232804,1033282.6309362802,5115.866770350357,-5241.471667157336,235.77984518461585
2016-10-21,630.48028184616,1037951.33062325,5194.798906661667,-5000.7834978835135,218.2834432966889
2016-10-22,652.476797585416,1030990.4149737898,5081.391472485556,-5364.371467589946,195.03646900648067
2016-10-23,650.305790922431,1037306.9159401896,5268.774873475184,-5107.136137812615,204.56039776123905
2016-10-24,648.772977761981,1046415.00016601,5659.3848610255045,-4901.316426019109,290.9919987114421
2016-10-25,652.614872091378,1036231.4311451998,5568.752668863139,-5540.126730911166,270.36340255129835
2016-10-26,674.173653273124,1039480.33583105,5691.497002652929,-5448.185814841089,263.44490144106885
2016-10-27,687.478050302115,1045972.69951906,5972.0341651540675,-5312.119477329016,294.1716986893785
2016-10-28,688.496293859925,1041442.51920203,6033.656443879795,-5719.74808971175,290.6254793470389
2016-10-29,714.013204999941,1041382.57198576,5988.936903995808,-5699.952254523633,285.2460854596645
2016-10-30,697.544097915624,1046096.95617306,6094.747883314091,-5512.376597986723,314.40998652187716
2016-10-31,697.069555378409,1043097.61285588,5944.0208539724845,-5600.430542145612,306.3053437685136
2016-11-01,729.782681959563,1049641.7256398497,6291.959564013653,-5535.001087377237,314.88074146766013
2016-11-02,742.136600675244,1050417.2711207198,6168.560859564073,-5410.363249312088,334.3571563433872
2016-11-03,687.95451240613,1054218.69066837,6512.462420471137,-5551.383347725948,411.9774398828279
2016-11-04,704.063981435799,1053263.73387793,6755.877855394395,-5922.534506861551,457.6437212938774
2016-11-05,705.495268789039,1043282.38218135,6404.2599454047695,-6291.896266546116,485.88255514838056
2016-11-06,716.322685876031,1040583.9051914704,6069.175994257121,-6142.801693314374,469.07795266839315
2016-11-07,703.081301174817,1038886.78957119,6002.5687934539765,-6184.427153926083,401.94032441992863
2016-11-08,710.893010449726,1039145.2791575104,5883.107584351712,-6035.609415037675,389.00262666007603
2016-11-09,721.23857919646,1049249.8385913002,6251.9883559376,-5720.686102325163,409.57341707440435
2016-11-10,713.307144233133,1052509.00943567,6267.242327662423,-5554.082167999489,413.37666506282454
2016-11-11,716.639874433185,1046929.2532519702,5973.889104252263,-5680.256700813521,411.9283828678743
2016-11-12,704.120681329274,1049692.86074811,5895.983274112112,-5437.685864493285,424.0221514497779
2016-11-13,702.388141536959,1048513.6046958896,5721.389559905304,-5372.362381075734,407.3547152713636
2016-11-14,704.867475891446,1044391.05215156,5742.048174760949,-5691.126310808685,386.4498261374628
2016-11-15,712.245342259577,1039140.0897419202,5680.184957584219,-5982.72204520477,310.7715715476792
2016-11-16,737.341514506226,1042231.24557111,6226.0858402686035,-6302.376733435118,251.165249874929
2016-11-17,730.328141116874,1052713.98412854,6761.712031169362,-6134.067627629443,227.3484877888381
2016-11-18,748.463918166078,1050999.77572755,6799.4142874987365,-6327.893404260815,201.50402598205795
2016-11-19,750.769303137117,1046548.78737083,6394.990363649487,-6251.636763075423,203.71759181887305
2016-11-20,729.832997740958,1032180.7749488,6183.889626068186,-7007.873760334395,150.12056073251912
2016-11-21,736.549441363089,1030962.5073567004,6079.284943620309,-6929.554641742105,102.37689375754144
2016-11-22,748.000838588562,1027902.76164268,6128.71746321229,-7126.285562393966,42.015017436419086
2016-11-23,741.616327920599,1023232.6786016,5988.415035145471,-7230.817463787035,-84.67817415315241
2016-11-24,737.610606220553,1028119.45851434,6314.591346242441,-7148.381618791899,-195.17463359689472
2016-11-25,739.757441383458,1019311.4263121602,6078.401017060279,-7443.807418251774,-313.6774053561973
2016-11-26,732.883441519308,1041685.8186195004,7211.754149151594,-6994.507303107655,-330.8953027544036
2016-11-27,728.859006257301,1027212.25561478,6892.797649252823,-7653.484793259811,-410.16061152844355
2016-11-28,729.913158955025,1024546.1073946402,6692.107055873303,-7579.82493828916,-477.206307697595
2016-11-29,732.091070574912,1021703.93266984,6359.320731723749,-7377.335736965216,-528.311873241946
2016-11-30,742.370297121118,1021478.64596066,6138.957726802832,-7104.124178973534,-591.8029845993881
2016-12-01,753.163052591005,1020659.7921318396,5991.724049772644,-6947.136327053299,-704.8784618008578
2016-12-02,769.78817671816,1027258.2730212596,6371.401250396467,-6823.220649897077,-770.8313391393245
2016-12-03,766.680882368244,1029359.44277164,7059.315160737369,-7340.935283579272,-801.186605097608
2016-12-04,765.019193469292,1023729.24398503,6623.013685299544,-7260.37238572599,-787.8562169661964
2016-12-05,751.844323007048,1020430.05128384,6594.73099003091,-7409.545290508257,-785.3236885630214
2016-12-06,759.509248824485,1017244.78467954,6591.417104543517,-7564.261558609041,-783.5577139118675
2016-12-07,765.02742549449,1015656.50716795,6514.258213655284,-7528.131538222442,-767.2342064779813
2016-12-08,767.125134483986,1018308.43687225,6473.659134247599,-7243.145590223611,-762.6410767227352
2016-12-09,772.45075208349,1015146.38699264,6334.475188998424,-7263.465873216703,-731.4685255103626
2016-12-10,775.434807909196,1016074.33900914,6054.67044856386,-6859.864952734255,-804.5000505256721
2016-12-11,769.389779442524,1017258.6782099702,5863.569139400271,-6532.634729903972,-797.9556538468659
2016-12-12,778.298272883679,1002559.72798582,5649.719999814253,-7254.111232561041,-849.1466074419324
2016-12-13,777.114852461192,997824.2506936598,5453.814023043305,-7266.944326417639,-905.9405573085656
2016-12-14,777.538706947506,996172.70597094,5295.813382884417,-7098.171314215128,-965.7399486771377
2016-12-15,776.121936829896,995485.12442861,5569.460772796125,-7297.5002781934545,-1020.9276078283286
2016-12-16,780.92591726142,995916.72616277,5619.8583010463835,-7203.921723806558,-1101.8021809182976
2016-12-17,788.92553613346,995688.80891164,5572.3457907699585,-7065.999468754786,-1188.3760062856493
2016-12-18,790.434338802002,991252.2648187798,5402.730892063961,-7082.703931040472,-1262.8484590392254
2016-12-19,790.986347214979,993141.2592774596,5358.408954647031,-6800.450827113106,-1307.6504284669918
2016-12-20,799.203468273675,984569.80858099,5115.034182912565,-7032.369976978899,-1375.1140956099068
2016-12-21,833.300027632486,972729.1355229698,4935.856807819059,-7514.748419482306,-1486.90111611677
2016-12-22,857.632032959108,976983.76387538,5013.556635888456,-7136.880249946821,-1583.6037702655094
2016-12-23,916.268918135057,973836.3787228202,5194.038776435893,-7385.6331597277,-1673.7897487707614
2016-12-24,892.464217783218,972117.5930825102,5154.760044019499,-7314.833844445853,-1770.5668413604726
2016-12-25,894.886398256096,977040.4067809196,5437.041996573531,-7114.5766304107965,-1842.600344455727
2016-12-26,901.342139250288,986093.04926685,5878.359623287298,-6840.549115806743,-1796.7287915823454
2016-12-27,927.878423554924,988218.04328229,6091.499797094146,-6847.877055749627,-1721.2464312452844
2016-12-28,978.670632380432,996131.75692484,6450.209600143871,-6628.580798718985,-1605.2473789055987
2016-12-29,970.591624696187,993756.04939273,6223.141697671614,-6548.001985149053,-1505.0202919113208
2016-12-30,960.912548812999,983493.1724937098,6209.480738070174,-7196.875466317118,-1462.40109944609
2016-12-31,967.742256014783,994200.5934833196,6734.364260338831,-6942.104607395311,-1370.5501472369224
2017-01-01,995.933949199629,996481.34679925,6573.4585004462415,-6638.539269970289,-1255.2006994188891
2017-01-02,1014.3551444208,1000543.3349282404,6554.228583709827,-6344.171426666268,-1137.193625882487
2017-01-03,1024.43562742144,1010164.12949306,6792.584911336504,-5955.145260441183,-940.4239512423688
2017-01-04,1120.56658063624,1024985.8368116,7617.852432510071,-5848.128270438438,-629.8085388327348
2017-01-05,1002.92254292188,1037756.05745131,8171.613235216065,-5668.522641301876,-299.35038112040985
2017-01-06,893.532221241958,1041128.8764794602,8955.826281982994,-6394.753792453084,40.12582408114106
2017-01-07,906.023700054482,1040634.88351211,8787.112630692798,-6429.711171621547,362.8026283309697
2017-01-08,920.014443929305,1047224.83243558,9163.390535537945,-6516.639245506778,671.6801943215718
2017-01-09,901.684604766291,1041668.3786727102,8722.123335340082,-6622.252382168995,890.398797585181
2017-01-10,905.337289052511,1043004.85538348,8795.095300833409,-6746.117297155728,1090.781316323264
2017-01-11,788.66272432398,1045227.38244946,8979.16286115585,-6918.614919991348,1250.7041120189508
2017-01-12,810.620634670745,1042813.0300462898,8818.863134798126,-7056.641883255923,1399.781364806068
2017-01-13,826.88207279866,1040034.2329267,9171.547158592917,-7712.060465126196,1574.558609214187
2017-01-14,824.472528021401,1031823.25020459,8686.168190986056,-7871.37945855778,1647.5964006059553
2017-01-15,828.243845691553,1027663.32185656,8200.280224098982,-7716.832630367927,1686.77699798132
2017-01-16,832.29757038575,1028515.5436502302,7852.238830618382,-7344.206290224732,1708.060953934898
2017-01-17,905.989126698204,1033281.3723867502,7768.989040910495,-6977.103420775083,1704.8070945949044
2017-01-18,887.432196983885,1023740.9672071404,7704.907984767795,-7601.841751282078,1585.7600996959106
2017-01-19,902.51327038944,1015173.8411222302,7643.283952683941,-8118.230540424606,1373.0431581491353
2017-01-20,895.077834869001,1024305.09089212,7884.123760501678,-7718.65725773363,1201.9284448090025
2017-01-21,923.970528441665,1023259.99187179,7698.541850199563,-7613.779715638056,1039.597064486878
2017-01-22,926.226716365161,1024887.8393000502,7610.229379398929,-7416.474891924185,864.3830071614192
2017-01-23,918.121819731037,1026791.91135279,7607.908922276999,-7300.133263784573,736.3762003986576
2017-01-24,886.545541373513,1025975.97967507,7572.936095082533,-7340.074259004268,606.6536169986992
2017-01-25,897.361713368315,1017778.55250655,7509.810923428364,-7838.968354323319,435.9603761373094
2017-01-26,916.828598658658,1015741.06519069,7262.862012979807,-7705.908102872428,278.44128032053624
2017-01-27,921.542209429951,1015800.8555747804,6979.6638667491525,-7389.187525042935,144.94054090907153
2017-01-28,924.76732375965,1014256.74644896,6711.200838163209,-7196.363527625405,52.086867916894924
2017-01-29,915.164875478775,1012675.4983321005,6393.025933705662,-6946.787651661046,-21.99951148927908
2017-01-30,922.073810994262,1011901.0819515296,6095.658391592616,-6664.130420388977,-98.89269500285106
2017-01-31,968.880257605423,1010624.0117958202,5823.376076213109,-6439.087980137044,-199.43537529280414
2017-02-01,987.752363220626,1005999.5954016404,5493.320872068901,-6376.27974200991,-269.86573982328423
2017-02-02,1008.04242305061,1003703.47570858,5402.110412304309,-6379.280003786581,-305.738811519113
2017-02-03,1017.47972484139,994157.9407602502,5388.819345232687,-6937.213293838145,-428.15741518864877
2017-02-04,1034.95391114603,991455.05986465,5138.5653660351745,-6763.925111106931,-550.3089780195959
2017-02-05,1015.6507467246,989052.38834838,4959.766621841494,-6639.547151659802,-684.1329078262423
2017-02-06,1023.15240155087,986923.32508655,4780.093170688726,-6489.825882641145,-828.2406485723026
2017-02-07,1053.8503861201,987730.95139331,4824.331481390141,-6366.240258761735,-955.0099781044353
2017-02-08,1053.70506167337,981159.2295325196,4695.1868136134635,-6572.416463212952,-1065.586565154759
2017-02-09,988.412932065044,990200.56431498,5391.251603672568,-6540.5769578014215,-1116.0350840287756
2017-02-10,999.564925992279,984108.4661810898,5390.805993278396,-6869.649532724662,-1192.4150755396672
2017-02-11,1017.41083140007,991205.54735121,5609.160086067837,-6516.275311543018,-1222.5545423977374
2017-02-12,1007.67454003613,991453.30302201,5474.086299931316,-6297.263465654816,-1241.798502952603
2017-02-13,1002.27429435869,994980.9230627198,6114.4277907645655,-6647.551809392495,-1239.2736450834295
2017-02-14,1013.06060967477,993278.8879020304,5932.382685206258,-6543.434113304995,-1238.9407539530584
2017-02-15,1013.71922020297,989606.80660872,5799.281622198509,-6614.401707977998,-1234.0951265129502
2017-02-16,1035.58644301658,984495.52794742,5658.595812835275,-6760.1264703161305,-1242.9780597985632
2017-02-17,1054.53233582323,990085.9711678402,5682.956779125589,-6338.35584474639,-1179.192711013945
2017-02-18,1061.95052098741,988323.02535235,5399.395744125883,-6128.631259737964,-1115.183837481111
2017-02-19,1057.25122440914,974678.73377684,5132.7884818668235,-6716.294401472098,-1108.307079608751
2017-02-20,1086.26964428084,975157.76402605,4929.897373558367,-6375.900881909291,-1089.4692793515014
2017-02-21,1126.85893540298,981693.80553292,5195.208338948477,-6109.075512951337,-1044.6091648251634
2017-02-22,1129.85040317369,985244.21217718,5251.629334613246,-5867.878254065249,-954.5391126717717
2017-02-23,1176.85217632027,984775.0163508904,5176.030038541698,-5782.475418449566,-915.7619716559872
2017-02-24,1185.03895207254,992375.54895854,5954.083588964919,-6013.397103035596,-814.3669698434453
2017-02-25,1155.3930852456,997560.7766504998,6206.865669873926,-5916.5431035425545,-728.8356990001204
2017-02-26,1183.80629086344,996169.3341436198,6092.236722336332,-5919.278494219052,-657.6831708686362
2017-02-27,1194.82837475138,993366.7843257396,6016.317396794575,-6041.726371743781,-621.4178106058704
2017-02-28,1195.8369020168,1001154.90161456,6205.721950540269,-5710.229174571527,-542.3789388867649
2017-03-01,1228.56144211856,994070.01991271,6088.194582772251,-6098.060105324759,-484.86075579912364
2017-03-02,1265.85784691594,1008432.11349876,6836.450474004101,-5888.185389316439,-338.44677421565825
2017-03-03,1291.57700363606,1014002.3390883304,7322.9456414511615,-6066.54985643801,-201.88999917037611
2017-03-04,1267.35285200114,1030740.2942495,8212.858651650417,-5924.35890822681,13.662519332172641
2017-03-05,1277.51050612423,1030927.1190723602,7927.041572350388,-5771.166823631021,280.7611384982182
2017-03-06,1283.68420846008,1024026.52814081,7660.032560067694,-6107.922190032949,494.91212981148004
2017-03-07,1236.29384775947,1028077.84347972,7463.71388181318,-5744.9898471867555,682.954358999286
2017-03-08,1150.02360368381,1032928.15519373,7489.6002116263035,-5562.103665040972,864.6504637162385
2017-03-09,1195.15416996917,1033859.01652706,7189.657339203882,-5328.60314016891,1040.9004336407272
2017-03-10,1112.08667384189,1042561.9513852,7510.316913560289,-5193.1373372516455,1210.649940096393
2017-03-11,1185.30584422005,1034856.61828256,7493.339350736269,-5844.327286357535,1307.699189956919
2017-03-12,1235.77113753419,1039689.7569160996,7539.231061967851,-5692.7772263116985,1427.23459049541
2017-03-13,1244.56636165913,1039433.6013459698,7491.52504616466,-5785.245170894255,1550.9266512253823
2017-03-14,1247.76300428288,1039232.79164666,7594.178979447019,-6015.0384091486385,1628.330065106071
2017-03-15,1262.42062405524,1036543.26403124,7212.135250745884,-5917.572559495397,1721.5035089491423
2017-03-16,1176.96088417334,1045890.5913175398,7393.5824386161585,-5562.168774362372,1784.5855503467228
2017-03-17,1075.72325742986,1074887.4623445002,9107.562355120417,-5465.118200019547,1955.0175767815601
2017-03-18,968.108997675573,1111003.87689722,11045.565286548388,-5238.189771606243,2206.365846175742
2017-03-19,1018.30455866016,1110870.9834300198,11123.674455195163,-5711.6302057291605,2438.9493819433587
2017-03-20,1043.65783759295,1104144.5129775496,10909.152353372152,-6306.342417368549,2656.8564937982774
2017-03-21,1113.66859650883,1106149.6597832,10752.103232833342,-6322.470838853311,2850.492805180678
2017-03-22,1037.24658460632,1103395.98155723,10675.71617841112,-6724.971159094424,2995.0105532329185
2017-03-23,1027.28302947331,1101370.24789424,10508.856898033046,-6956.54379087013,3115.8147609563425
2017-03-24,933.169753947826,1105959.46971881,10867.184162866844,-7245.743807876788,3208.976245147872
2017-03-25,961.387946204626,1132141.3650747698,12103.068812560387,-6977.598124172337,3457.2947182913945
2017-03-26,969.017312400438,1138900.1242839298,11987.51503179703,-6746.65844202418,3699.7520578711587
2017-03-27,1041.31028942005,1135094.1667314998,11692.031229505228,-7054.2955825459,3909.141755848939
2017-03-28,1045.47501467646,1138771.7903823203,11476.696239577543,-6902.968059027508,4123.040870866915
2017-03-29,1040.44281836836,1121134.2522854705,10839.461365783707,-7746.484270393673,4251.499042591168
2017-03-30,1037.75340532775,1122236.8024745302,10901.453690813458,-7941.1717225120965,4332.132492880281
2017-03-31,1082.72504233111,1146514.58760283,12078.358496310564,-7696.909650675957,4384.918542204119
2017-04-01,1090.40053164875,1138815.8326369398,11498.31195653186,-7922.210031665561,4225.541857198701
2017-04-02,1099.02613340546,1142689.7817696698,11511.749850949736,-7910.578112225854,4096.193820717121
2017-04-03,1151.15974947642,1132309.7707324,10991.486524941087,-8322.393637950132,3958.071174359074
2017-04-04,1143.02920324298,1141527.64398544,11057.216969007011,-7951.538724279455,3863.5030208410403
2017-04-05,1133.06262339456,1139429.50157581,10691.659438430544,-7932.902570660159,3778.361010016304
2017-04-06,1193.1537715324,1142986.97562434,11079.784024717177,-8267.779344896147,3725.4818366347413
2017-04-07,1193.31326407117,1149618.3719384605,11087.807126841364,-8021.176338067072,3685.852581905044
2017-04-08,1183.89350530481,1145356.20526859,10584.097286227938,-8006.052994696602,3503.893553558137
2017-04-09,1209.33690123684,1148518.61330012,10361.286846323406,-7744.958305458828,3316.4272643504037
2017-04-10,1209.84998383837,1150399.0911915798,9988.238839152513,-7420.967008248239,3168.536991775043
2017-04-11,1221.53987427595,1145571.80877937,9594.092557234344,-7519.7910092043585,2990.006518023611
2017-04-12,1214.4567978728,1145300.9599886,9368.191754495389,-7450.2335623854015,2906.076596360751
2017-04-13,1174.83685081553,1138070.55040151,8950.745180710363,-7642.678173880375,2788.0612419699387
2017-04-14,1172.66919080698,1145703.23255827,9175.082118388338,-7445.374101563015,2598.6511827692757
2017-04-15,1177.71526709364,1135528.99936436,9017.189585267783,-8081.077649158149,2410.080469286657
2017-04-16,1164.97338260187,1141169.9669083797,9123.146218439932,-7867.943908469606,2242.511224375689
2017-04-17,1189.537577255,1126313.52752733,8557.163527893936,-8376.07066399163,2064.796937012214
2017-04-18,1201.71584827522,1115197.95393102,8472.325925749006,-9044.34415919419,1802.104331428447
2017-04-19,1210.48392321257,1104970.58846176,8083.777841508408,-9299.48589067458,1518.213980218693
2017-04-20,1235.66493730713,1103017.32035411,7939.850093820513,-9204.728813552274,1227.0080231077798
2017-04-21,1249.05612257235,1102058.4248527,7633.7786767518155,-8878.258515262123,919.0715497303083
2017-04-22,1241.89517604292,1102545.24388217,7433.0036249730265,-8562.063538951315,654.2783921939064
2017-04-23,1250.34724183746,1097762.1838867802,7081.356200370158,-8439.142786442564,370.41302598412165
2017-04-24,1256.54170016865,1095234.2734916902,6857.646244682818,-8293.441084689726,84.47969234760848
2017-04-25,1278.64176646382,1095700.9248305704,6720.212990576629,-8029.178085324409,-157.18221070794652
2017-04-26,1294.67804965503,1096900.03897219,6895.958635648185,-8037.718447971448,-375.7334967388933
2017-04-27,1346.68510561436,1107312.3002667,7427.149432752305,-7798.641171286685,-495.70197855063395
2017-04-28,1350.45764992935,1105720.3873832498,7802.704544795483,-8255.557692990906,-651.5992046235444
2017-04-29,1354.40694700177,1109460.0398854602,7913.006144452452,-8086.358915954175,-730.8466837386416
2017-04-30,1383.0539029624,1116565.5730537495,8051.458487372289,-7721.658862887899,-796.9468755590657
2017-05-01,1425.24814582947,1125967.2759982697,8696.77737808947,-7762.184198936041,-743.1254244696999
2017-05-02,1465.58104265615,1128757.5372818098,8517.006616300174,-7458.702230187635,-626.6738087870057
2017-05-03,1526.42070561105,1125445.9219549098,8204.820442556162,-7437.844037311127,-485.0534906147769
2017-05-04,1554.0068489204,1137399.1321540398,8852.173803106418,-7339.448478269053,-286.6532017169824
2017-05-05,1526.227803591,1118901.9068977502,8994.895160945323,-8816.16654151645,-184.99545472132667
2017-05-06,1584.95141345461,1116564.56183,8709.483379869633,-8698.493006252686,-103.56329132166698
2017-05-07,1597.20585317755,1124566.00317791,8842.811261379658,-8295.797489476505,32.49387710515853
2017-05-08,1701.87704628761,1116622.04267338,8750.316675423011,-8769.367855282071,133.6898528300048
2017-05-09,1719.59610332603,1109831.3858703503,8835.92951549348,-9306.4210702306,193.5808199736232
2017-05-10,1791.26923265286,1109956.58502989,8704.455874341918,-9135.234714793893,244.36517510728635
2017-05-11,1834.83675789888,1108160.5127335498,8756.337701777124,-9278.136105954967,233.62898470418142
2017-05-12,1694.46711036872,1101829.6047462698,8912.644217546649,-9821.716593931304,201.04189697637878
2017-05-13,1787.72566586522,1111440.20319861,9361.522404262205,-9569.283392065216,198.58416724057219
2017-05-14,1796.77309223869,1102361.7516054097,8911.448635218725,-9671.768996714869,120.71845395624793
2017-05-15,1724.76948735006,1097774.90436316,8875.770315244143,-9891.192468790545,-18.568355522311773
2017-05-16,1738.6013027844,1092558.07230224,8574.5847963932,-9870.100943764504,-186.69839362830086
2017-05-17,1803.97748469229,1077485.50067258,8813.21872674965,-11027.20523960687,-399.62431634989076
2017-05-18,1891.21891907921,1077531.5567650602,8730.448390877673,-10793.765396712408,-655.0559113978982
2017-05-19,1966.16000611961,1090164.46850669,9376.18514221383,-10459.753564884248,-745.2199858335622
2017-05-20,2052.97572752938,1103334.02931697,9756.800134137573,-9890.159941277963,-755.5307130305154
2017-05-21,2052.5502115696,1109158.3870867,9685.046944411068,-9429.178913093432,-776.3268373580526
2017-05-22,2114.34839535687,1108518.1561919102,9962.88533600233,-9766.75723309187,-760.9568885888015
2017-05-23,2268.05601784144,1098979.1276062902,9775.34600173084,-10228.228344722414,-759.699087749834
2017-05-24,2431.17917521253,1105280.7641568098,9795.046458099454,-9797.627541523583,-729.1135336764166
2017-05-25,2331.3462280805,1124130.15639773,10532.816590940154,-9278.599452741342,-602.2552806495129
2017-05-26,2272.16490534091,1125858.07225618,10695.339910498147,-9409.542857615917,-445.47889284473564
2017-05-27,2078.63237514613,1149800.8460087702,11642.984745056934,-8846.722578860856,-230.90581041622946
2017-05-28,2225.46457127283,1151410.53154122,11469.194288474473,-8725.6972311948,19.366862353471678
2017-05-29,2286.20686100127,1135739.7680141102,11099.368372404842,-9583.488687417814,200.1741365344307
2017-05-30,2185.10050534719,1139624.4413273898,11126.239107279853,-9452.43984707329,412.26809421856376
2017-05-31,2298.22097458722,1130681.46886055,11137.500497435862,-10171.486019032405,639.4110221657548
2017-06-01,2417.94127391121,1146856.48883994,12031.583813231475,-10051.635634762244,928.2156781874666
2017-06-02,2479.56165653853,1165790.4459203498,12592.258925041375,-9482.043486442763,1227.7716682781113
2017-06-03,2543.87232748924,1149499.3274579402,12256.254147183949,-10439.460968652578,1367.0683101118082
2017-06-04,2521.84586758305,1147006.20018746,12068.765341383685,-10554.493526119739,1456.9542946794018
2017-06-05,2695.03341897885,1143498.01116782,11879.354466920107,-10699.913373983089,1527.1909368241559
2017-06-06,2873.79693749324,1150065.85995969,11940.507540762103,-10401.839267896217,1669.4445522425456
2017-06-07,2701.41408988449,1149972.42311664,11893.089363299961,-10463.228098161802,1771.7618628541377
2017-06-08,2803.29701679304,1151550.7727202703,11583.070977747966,-10143.310490043683,1785.0149592473854
2017-06-09,2810.29416021109,1142387.90080712,10943.783509760766,-10210.865182113439,1745.5236217306067
2017-06-10,2919.92797078675,1156901.0537506903,11345.304146224049,-9693.703510848542,1663.7620838148518
2017-06-11,2991.44265840002,1167353.3256845896,11513.828941523112,-9262.863552912639,1628.5812503384805
2017-06-12,2656.17817949391,1174852.48513665,11998.324104169571,-9397.479111329129,1706.0787723280105
2017-06-13,2707.20758768578,1165528.93843695,11978.504631743597,-10172.619085072518,1715.5135070754764
2017-06-14,2443.77407263581,1164120.6940696198,11795.884720612024,-10204.274501541015,1760.198917123159
2017-06-15,2415.09262093979,1156401.1126356905,11463.85882698389,-10492.994718112946,1688.1214835804242
2017-06-16,2485.22157841598,1155615.4362315,11160.438425810296,-10306.677017810081,1526.9461956805387
2017-06-17,2644.36942998115,1163261.2472867195,11271.917620448274,-9965.352902633409,1490.5013056293596
2017-06-18,2512.42882208634,1169139.43945552,11129.748192173056,-9524.26831095918,1497.016167482926
2017-06-19,2595.0475545493,1184215.5372499102,11650.417635458854,-9146.896560033234,1591.5933090892547
2017-06-20,2734.93423311132,1175598.83542465,11648.607659943595,-9886.43477789702,1607.5579240307325
2017-06-21,2653.53615308356,1188150.9963702995,11936.230297134693,-9454.72487751455,1682.6753636365884
2017-06-22,2693.67774038443,1189977.12106342,11841.712774619711,-9403.899403432915,1753.964855313911
2017-06-23,2687.65642498244,1186952.6884255095,11456.48414781973,-9382.820510572721,1849.732377428174
2017-06-24,2568.59252411514,1189776.0729547497,11166.032977322417,-9042.387947275873,1883.4498341903907
2017-06-25,2501.17886959128,1202732.91404924,11573.43414325759,-8724.249375581481,1926.179789837936
2017-06-26,2419.82813364898,1197774.1334586898,11117.997116104416,-8789.34337231005,1906.737557763216
2017-06-27,2565.99557520336,1201098.3480594996,11378.92229553479,-8983.89782793938,1948.8189092578111
2017-06-28,2554.22177182773,1189940.2335965803,11336.398195379139,-9844.916323151421,1941.6668844832902
2017-06-29,2537.40771030179,1194086.9449561995,11249.663459293193,-9581.166287905993,1991.4978175201659
2017-06-30,2460.92328207561,1195506.4602866794,11869.927548004982,-10218.02916601159,2048.5076013768216
2017-07-01,2420.53946501546,1194945.0003710897,11654.847054705315,-10150.50589255082,2062.6344902582237
2017-07-02,2508.71106359494,1204317.2462235498,11566.128298708292,-9553.380157200096,2091.7250802792464
2017-07-03,2543.52055702578,1187093.9592516797,11213.46460553574,-10483.118804919422,1965.0697035071537
2017-07-04,2603.97551352052,1197601.22536618,11342.268481975358,-9960.127993766793,1937.9245325187244
2017-07-05,2611.90763366879,1201547.6081935095,11452.834174890999,-9899.744197407674,1871.6091437946661
2017-07-06,2601.19156746919,1199363.9658879398,10999.936540024932,-9695.962048078494,1790.6206524203549
2017-07-07,2500.60680025471,1196524.70375481,10679.083606611272,-9651.324889669928,1715.9131581128074
2017-07-08,2559.29098850635,1199388.95586522,10476.605808975186,-9326.414199135934,1646.3807709551438
2017-07-09,2505.71936738332,1214378.6231137798,10912.93002756484,-8847.920041810876,1590.368286532134
2017-07-10,2337.69268999749,1219180.62201367,10974.234507323185,-8726.758593960149,1584.5698700727537
2017-07-11,2308.53490312751,1226323.9471940498,11005.518572652305,-8431.652708154805,1597.3442555657605
2017-07-12,2386.67893468257,1226197.0620612495,10790.102715270154,-8396.286917259153,1661.7966788359954
2017-07-13,2338.8345995324,1210535.6566350097,10257.43464152281,-9067.300258461879,1627.6279082412623
2017-07-14,2218.06839957371,1218576.1270819798,10599.09279515129,-8952.269341163086,1627.2654133837493
2017-07-15,1970.02241482758,1230475.41034991,11118.549141043202,-8788.228366125548,1686.2639571525467
2017-07-16,1914.31586135624,1235725.0293118595,11162.256943108321,-8619.20295572184,1724.142946143853
2017-07-17,2226.85437037919,1244506.68083089,11162.665066441099,-8203.70457694505,1883.3297096352626
2017-07-18,2304.67717779613,1243294.7767242698,11383.398182423025,-8702.49533266805,1976.098449745721
2017-07-19,2262.43420196998,1250348.26078467,11826.20366397149,-8853.795400173509,2077.478327339625
2017-07-20,2836.44410133783,1252289.7109532903,12340.161981621392,-9436.48425750194,2191.742843923412
2017-07-21,2667.79909251577,1263462.4397819096,12717.928621314628,-9262.98082356181,2365.113492552803
2017-07-22,2828.28884393245,1255351.7488391297,12082.728648260989,-9398.823433210355,2474.664464353616
2017-07-23,2756.35076696681,1247830.8104929195,11530.37629978092,-9515.180655481001,2471.1062971068986
2017-07-24,2761.00329264965,1256306.50225338,11631.799487766859,-9185.904102389599,2485.2791165364856
2017-07-25,2562.18878930652,1248181.9622603203,11099.349487734402,-9358.149794252959,2425.80296146391
2017-07-26,2524.00421043127,1238058.6004132,10894.319991846774,-9944.091067738764,2322.6896133279824
2017-07-27,2662.32773609967,1225272.86096303,10417.694242981657,-10383.196543825514,2240.144135906212
2017-07-28,2784.93190752707,1225976.0225952005,10707.88009481088,-10628.804800120479,2128.1621245277975
2017-07-29,2699.33677945404,1236752.8564082996,12510.748684933491,-11718.489489015781,2018.3005831706585
2017-07-30,2733.69805187003,1294856.9874647104,17537.13436583326,-12879.350379216063,2169.352725972852
2017-07-31,2861.35511728354,1342840.1241450603,21159.886052330377,-13613.745219464325,2497.0084647849953
2017-08-01,2731.11549049566,1328329.72531318,21298.119558118353,-15222.414702902039,2739.4943223179484
2017-08-02,2700.95201905918,1362143.4168999405,22561.983259195797,-14637.079288543235,3093.244015664704
2017-08-03,2787.86412695399,1356808.9622407595,21752.01128629007,-14711.064557626352,3388.7632302750094
2017-08-04,2855.54481368613,1362086.5922548298,20987.131127951405,-14063.738846927261,3636.50926479439
2017-08-05,3246.88985769175,1366276.29908821,20271.58942580798,-13530.442841293441,3926.3122197560974
2017-08-06,3219.13551418141,1341476.35180002,19224.226054975443,-14518.07239530788,4118.523506568072
2017-08-07,3394.12505196622,1373229.73157963,20521.335624042415,-14012.033556378683,4408.766841017105
2017-08-08,3418.06571648805,1367266.6194302898,20709.729998640247,-15031.922212110105,4689.953133377727
2017-08-09,3341.93173591899,1381631.40252535,20626.9982619269,-14370.058788161428,5069.003886924688
2017-08-10,3432.18055460175,1384830.1824306496,21333.391846645776,-15280.329677444666,5498.9013490707575
2017-08-11,3651.95215955411,1371046.99880997,20235.717690920723,-15505.071907711686,5831.156383964946
2017-08-12,3873.84027766,1380087.24606284,19929.474425834007,-14911.521877980907,6132.991623388902
2017-08-13,4055.43010821727,1391253.4578448902,19736.82392089307,-14324.787424093513,6186.866802687641
2017-08-14,4321.7408780016,1384397.9653577297,19229.915030658867,-14635.713799456611,5976.01397399737
2017-08-15,4158.36904930763,1398190.2544467198,19282.41939963161,-14075.012311243503,5913.992704938212
2017-08-16,4371.89857169249,1397755.58183345,18895.84957638883,-14064.581134777938,5693.018738578093
2017-08-17,4278.87456514209,1365666.71453628,18192.18544551491,-15822.25938648941,5359.374405032505
2017-08-18,4103.30818666586,1369916.0283800494,17943.29052928192,-15448.07195127345,5043.076283388528
2017-08-19,4136.02849752025,1381019.02060398,17866.06993672179,-14796.999782318553,4780.78510980915
2017-08-20,4047.59070742068,1386246.7374599294,17261.459084829006,-14019.89915032265,4676.171272297635
2017-08-21,3993.49676611357,1384765.1790301602,16759.94160344107,-13833.25622655314,4420.270080099364
2017-08-22,4089.1926880986,1385900.8274155702,16472.537480942334,-13665.254570152929,4215.2325889750255
2017-08-23,4128.20943627659,1389614.6105155796,16315.40976106351,-13447.693504326067,3973.1452163301665
2017-08-24,4309.74323359873,1407012.6486846395,17382.49812343794,-13546.093739212329,3814.8125174033453
2017-08-25,4357.50458023424,1403644.1537460198,16521.930351256076,-13165.852588553505,3716.629087367169
2017-08-26,4339.18532626046,1414768.8535462096,16267.780872769006,-12393.794974233937,3634.9171838444527
2017-08-27,4343.61465764954,1415950.3478774405,15691.050877309737,-11991.237749928338,3512.615514600299
2017-08-28,4384.64804863808,1403981.6997284105,15245.200479309753,-12589.95143702245,3374.1189296778025
2017-08-29,4591.97306478788,1416261.47343624,15351.269385219102,-12054.385365228954,3237.652996220806
2017-08-30,4578.25804100556,1419527.52507448,15109.887495002495,-11815.058967129024,3127.907288096705
2017-08-31,4739.82190960996,1419818.3293598902,15095.049057030998,-12000.488811988422,3179.6668728122104
2017-09-01,4930.91396342966,1425042.8799706595,14745.621916952263,-11509.062314194527,3232.6198031514436
2017-09-02,4635.54936700417,1430054.4852592198,14497.962553141448,-11143.066571330224,3253.0359336805855
2017-09-03,4624.00412883618,1442570.3982348596,15017.781031470022,-11104.41725007021,3301.0219227444036
2017-09-04,4340.74730556116,1433066.80916692,15077.938574320682,-12059.038316210195,3307.608699974586
2017-09-05,4426.66041456288,1419577.7367270696,14618.964586998638,-12700.595842085515,3244.1148309834234
2017-09-06,4610.80660274099,1420558.8888827097,14362.921249495395,-12507.033610533812,3171.8413582851476
2017-09-07,4621.99281647108,1420776.4860533497,14406.218598421703,-12659.55032401489,3022.57449329809
2017-09-08,4341.4884613413,1433036.1784589698,14600.792672530919,-12153.256122709898,2957.6786923779796
2017-09-09,4330.58375843081,1437477.4722048498,14672.206300795524,-12091.752604570569,2865.2835350701143
2017-09-10,4250.08803725114,1470648.5306832795,16147.306781762489,-11527.906100057198,2930.9683603789636
2017-09-11,4207.51361170712,1462090.8191923,15511.326103290323,-11770.399566430719,3008.516752848413
2017-09-12,4157.66317700843,1459035.0814917102,14842.887710859633,-11555.072123163336,3007.8690076845664
2017-09-13,3867.79150929084,1466667.5698161894,14911.497909316991,-11334.03747250178,3028.0570011804043
2017-09-14,3240.896288122,1464059.34127106,14701.559486766526,-11536.478315414328,3033.0942102025197
2017-09-15,3710.98586088721,1481111.0130929605,15910.815283919428,-11819.961402530707,3094.1152301047327
2017-09-16,3711.86616417136,1480750.4714370896,15568.237051750799,-11774.142872845994,3125.486529897131
2017-09-17,3703.31245618919,1478733.08657462,15452.771058930744,-12021.988816117595,3091.0164199980836
2017-09-18,4094.5549208672,1475514.9749470595,15129.50071628536,-12141.978064830422,3088.77516237983
2017-09-19,3911.10003291904,1472839.16034902,14497.935108879672,-11887.968274057728,3138.175025944746
2017-09-20,3869.98966059768,1474127.0459631498,13881.78955327236,-11359.961466496548,3185.74220078862
2017-09-21,3617.67106057071,1468140.0417925995,13009.170499032205,-11054.597896078112,3200.5925099705687
2017-09-22,3615.91315360787,1472663.8537513798,12812.476226542727,-10686.620999866906,3177.615272603055
2017-09-23,3782.02054954315,1471048.1408556297,12162.044412543211,-10285.627060695782,3127.3269622903745
2017-09-24,3668.26513414636,1470569.41556878,11827.562029697663,-10108.994187096727,2920.1246166400633
2017-09-25,3918.89066741908,1474527.1861336995,11558.985921625153,-9691.137897536279,2786.333294299297
2017-09-26,3886.10247566704,1465725.9652383905,11248.78570210481,-10092.208939309196,2634.1019496635336
2017-09-27,4199.96833042927,1448754.8838896404,10741.403912450489,-10793.337690424583,2374.859505750012
2017-09-28,4187.57624589632,1465109.1015932402,11221.938528457124,-10180.128874326278,2223.197254519915
2017-09-29,4156.6599836784,1468826.17143675,11347.369128833314,-10127.208795410525,2018.1477153794917
2017-09-30,4335.46700968998,1462910.2462380202,10857.370614490428,-10112.949316544491,1800.3139381681444
2017-10-01,4382.81228425359,1460744.65265725,10317.994404279067,-9727.334098247524,1597.448085540887
2017-10-02,4391.75056039515,1463856.0740842696,10011.201152919795,-9252.49010548902,1438.2472566820184
2017-10-03,4311.3560516755,1469122.38238447,10319.635846069143,-9260.418315120418,1327.4794492625026
2017-10-04,4215.18233353665,1463566.7910886004,9908.774063149196,-9290.543787321723,1191.508177051907
2017-10-05,4317.5286219966,1464490.00728096,9654.999044186583,-9016.436373923609,1097.5074675739697
2017-10-06,4362.98077263762,1466408.58083217,9465.274307777478,-8741.377578784699,997.3675748823239
2017-10-07,4427.34948296695,1468885.08102895,9501.057651390982,-8660.320691212384,923.3904040488358
2017-10-08,4599.58477252053,1474112.6194270402,9539.230086793583,-8355.546364087559,885.1843954849135
2017-10-09,4770.75881246194,1483293.0443032198,10196.212596916675,-8479.412797312389,874.3952365931573
2017-10-10,4742.20458606231,1488079.8097861898,10098.990767058229,-8177.526588562899,929.0300520002799
2017-10-11,4817.07600124196,1494606.8018330596,10061.611792783013,-7833.112423062706,1091.9181339784516
2017-10-12,5421.25647434388,1501117.3260409292,10104.698156691476,-7590.730464427856,1197.0722795593642
2017-10-13,5622.40153731086,1505302.7973949602,10103.640005350046,-7478.238735635331,1297.4466321516445
2017-10-14,5806.27483791041,1509657.3758398998,9939.749297667378,-7199.069549604311,1440.0365214457254
2017-10-15,5690.44331204367,1510176.8732086902,9691.212909763552,-7086.751986985356,1583.879422641915
2017-10-16,5751.40129531868,1510691.9447579205,9362.06783575465,-6896.899537879664,1705.7692262450728
2017-10-17,5593.76039096768,1501062.8458377393,8889.564109670338,-7230.68029299902,1748.6025323681151
2017-10-18,5574.30718034196,1504477.4095613998,8859.959553411649,-7084.0304096077525,1831.2953086521454
2017-10-19,5700.81918297269,1506304.3376880696,8609.18862418554,-6829.859548190568,1912.7786233472882
2017-10-20,5997.44676407611,1513954.0850853196,8746.012166142502,-6575.321868730528,2016.1210210915167
2017-10-21,6015.72355500754,1511053.4548904796,8446.303931831002,-6613.701667235827,2086.9685428355583
2017-10-22,5998.8322636531,1510058.28836913,8405.829169927601,-6696.164824395438,2124.53858732314
2017-10-23,5889.67205804932,1495206.56550735,9615.89169710576,-9010.319832061075,2045.1651634260254
2017-10-24,5518.76621298187,1506002.6218912406,10385.497221782713,-9100.559722148339,1999.6989720788142
2017-10-25,5744.79368689478,1505834.8369033698,10231.951856249194,-9043.862522448448,1925.3839695131314
2017-10-26,5890.7143073772,1504928.4697888405,9839.615981863915,-8791.157077951886,1820.7047703451603
2017-10-27,5778.70098330099,1502806.2889166698,9496.927991326324,-8659.845072486429,1692.9677452826731
2017-10-28,5752.94430332497,1507687.12324328,9533.959637513903,-8427.293291489332,1576.2525022799236
2017-10-29,6150.6172754481,1520555.38331058,9915.89789935964,-7976.958638583376,1528.715240708357
2017-10-30,6122.68802594184,1523627.3344126604,9655.993568278996,-7641.520184749151,1496.5227468265614
2017-10-31,6441.30502982215,1522382.8590043003,9504.736059054398,-7707.525928317206,1506.4031978312669
2017-11-01,6764.76070077104,1519819.0138613605,9739.385631878104,-8232.912519386058,1487.156338451849
2017-11-02,7032.25214392954,1518556.0248281506,10001.237754949565,-8679.39545217099,1454.478711793535
2017-11-03,7188.67366219272,1515670.3013461002,9770.386046099593,-8729.048128976257,1373.810684630061
2017-11-04,7391.49952088129,1524395.4430439402,9991.523108366953,-8437.931605862506,1353.881344480723
2017-11-05,7390.66234544484,1533299.9175246304,10103.656398562487,-8074.239364179004,1376.7208222558174
2017-11-06,6960.1621482044,1522241.13462795,9684.700114845657,-8527.829742533071,1416.0992870606674
2017-11-07,7123.99769896864,1520381.8388645905,9439.145865281282,-8483.353235346865,1392.5889392249562
2017-11-08,7469.00986966581,1534683.8557378396,10067.85964405253,-8222.318731230407,1439.5497662979117
2017-11-09,7135.42130100834,1538699.7513189204,10288.444827688361,-8298.213603649048,1506.8192177355747
2017-11-10,6591.12867536599,1552668.20718975,10807.58821218047,-8018.808678355112,1646.226118805965
2017-11-11,6361.58733124931,1562692.06348139,11620.854327987774,-8349.736343641436,1800.8298072575194
2017-11-12,5909.64478984117,1620868.7320422507,15601.496754806587,-8603.242065359342,2162.209480734018
2017-11-13,6525.63696624771,1618795.371392091,15758.83989152882,-9365.359558055387,2474.9956914442746
2017-11-14,6595.5484387382,1624215.00556219,16214.956850826227,-9886.399594911029,2798.663343242704
2017-11-15,7282.06873893743,1597967.48343677,15549.29748209515,-11392.478851602295,2987.973737385619
2017-11-16,7845.32197996491,1611705.86598146,15859.520438482805,-11063.930880376807,3236.098541337578
2017-11-17,7691.52088030621,1620758.8602003,16717.088245029954,-11637.671709541688,3524.5327283636443
2017-11-18,7780.48655229919,1604244.43528479,16037.458836080617,-12397.631730658908,3673.5495571434485
2017-11-19,8033.55335558651,1601067.3362036804,15201.304426086575,-11916.439066433644,3763.2244375198375
2017-11-20,8255.86735318535,1598838.2981527096,14674.237789176137,-11756.965990231402,3888.9673965649918
2017-11-21,8096.86043186047,1585052.0970885998,14331.634343707728,-12527.927402299974,3949.5327045273734
2017-11-22,8244.96953667233,1564133.06789843,13602.055085211214,-13313.197219241974,3838.341058323596
2017-11-23,8035.89384887156,1552608.12286407,12842.949284624463,-13341.678278677175,3660.558185602737
2017-11-24,8215.45790308875,1563235.8204004003,13253.11256160149,-13010.079786962027,3478.719131375173
2017-11-25,8771.86320657029,1569990.0332837498,13061.165411636724,-12384.05396308322,3293.4329502471137
2017-11-26,9349.11993048534,1567381.4882562098,13094.024061577604,-12369.70971143034,2845.294354582829
2017-11-27,9754.44971883422,1565368.3536865292,13093.018310783102,-12551.200555290983,2427.318456155592
2017-11-28,9926.71193188782,1569514.80768572,12858.55553204423,-12076.428693638918,2031.1448549048855
2017-11-29,9863.79571336632,1578918.0750429295,13248.155490569283,-11891.285950910324,1831.148491273893
2017-11-30,9953.82325550451,1590012.5985496002,13414.864557191324,-11408.818086398303,1631.8954136086802
2017-12-01,10862.8696926667,1596691.27715512,13230.28249246657,-10912.727212691749,1434.6196096291485
2017-12-02,10923.7412301263,1590731.78959358,12892.190614756799,-11126.438191069627,1300.757132362396
2017-12-03,11285.9738172302,1589268.53594242,12664.515406133007,-10953.103387435653,1188.3676080084265
2017-12-04,11625.1906745117,1597512.1357145004,12642.817961853474,-10495.926759597276,1133.340422530674
2017-12-05,11703.7031175535,1591977.00585446,12101.652899833241,-10466.89643506346,1121.2725313422475
2017-12-06,13919.9784305021,1580059.6863254602,11609.487707016358,-10878.202975164564,1152.874450333859
2017-12-07,17144.1105617705,1576006.1911541398,13314.037632646607,-12901.738227672928,1217.9479074071728
2017-12-08,16241.2541724968,1595493.7411960508,14515.647214427494,-12831.664433658065,1320.8729078450276
2017-12-09,15065.9111393024,1594199.8141118495,14484.345198745668,-12998.88974230753,1378.6117655510732
2017-12-10,15049.9021805681,1610630.8669499508,15200.682340321953,-12714.007058439694,1504.4946892464304
2017-12-11,16779.8391399303,1600581.8901210004,14849.160813137823,-13198.195671977715,1583.71950250843
2017-12-12,17220.05994923,1606574.0871469104,14636.789137024634,-12696.408536881201,1666.4519140611533
2017-12-13,16525.0947350353,1646881.2910291404,16735.17100829366,-12237.002189344455,1890.8304340104569
2017-12-14,16607.882713269,1648394.0137994806,17218.242506660754,-12919.103424285491,2054.622763409189
2017-12-15,17644.1918548274,1648310.01396638,17356.361529704704,-13349.431708361124,2175.292373521243
2017-12-16,19587.6137328711,1652231.948979339,17163.570231607722,-13162.30673082305,2334.9717361710645
2017-12-17,19179.6689844765,1681103.2418859296,18103.440984727204,-12495.395523555515,2613.302696347803
2017-12-18,19007.0093317691,1683162.4309347102,17663.269111886722,-12291.81407820781,2843.6286843065677
2017-12-19,17737.6603189445,1683242.77288047,17316.818568525607,-12298.10440737462,3085.3399483337967
2017-12-20,16456.2284240584,1691080.2063877792,17064.926069338562,-11858.29728511031,3405.0073806464006
2017-12-21,15651.9466103934,1682546.1093574096,16328.562240686653,-12037.981844098289,3682.0274514760213
2017-12-22,14140.9901934735,1708887.3742189596,17857.03920812422,-12096.413180538404,3973.216254820049
2017-12-23,14800.6959575694,1705187.41559953,17105.050357760603,-11975.12997330918,4233.53517824957
2017-12-24,14170.8777917799,1715227.4175027204,16843.217372849223,-11403.978220481902,4444.432597569932
2017-12-25,14073.4036707208,1721816.2044775293,16912.462591661944,-11396.58691779844,4720.497635620174
2017-12-26,15761.316969773,1732624.47663538,17111.71745701448,-11243.01535088521,5001.092028904877
2017-12-27,15382.4960605053,1734700.0634663897,16892.148441362177,-11276.320686907526,5080.924810012409
2017-12-28,14456.9688747131,1744174.1527503296,16808.652944808033,-10935.607755054358,5193.346674825152
2017-12-29,14487.2233182562,1741854.9632235994,16882.674092151497,-11555.777883496732,5287.629988204522
2017-12-30,12743.8168862644,1779396.5670867197,19439.815334220733,-11965.271948601618,5535.72140854984
2017-12-31,13896.6330974021,1821303.2408971407,21404.33457136802,-11650.855824095508,5831.82378612847
2018-01-01,13436.4011349653,1828801.91786322,21593.77458126082,-11990.615952734477,6134.088328617571
2018-01-02,14732.4533557963,1834243.8406544,21409.981785474094,-12084.238879437513,6441.733238966543
2018-01-03,15068.4868529477,1832394.56422194,20370.27677843115,-11789.53516162767,6682.741298436202
2018-01-04,15150.0443934424,1807939.787536611,19187.817343235074,-12809.443613240492,6831.8693936795025
2018-01-05,16929.9935842188,1820231.52458182,19401.145236042736,-12628.547285033794,6904.15310249544
2018-01-06,17094.0758082781,1822552.2131495,19197.306160492553,-12721.502168372206,7000.287645900363
2018-01-07,16162.8132779126,1829105.27862533,19224.46859324972,-12993.707168882062,7056.824951043243
2018-01-08,14998.2501270315,1854752.14363729,20445.796158165074,-12920.627827957931,7200.345855067789
2018-01-09,14415.4660292176,1854763.52029182,19663.84680448807,-12639.59791932607,7282.884910712984
2018-01-10,14850.2836846479,1845925.1594825096,19202.67347535286,-13235.931903155664,7307.95018340888
2018-01-11,13310.7766238752,1849102.5694787896,18837.124684056005,-13056.338550253286,7301.360250840955
2018-01-12,13797.8222793959,1861780.2910541792,18791.658865166268,-12551.077035257731,7366.623509501939
2018-01-13,14218.5180089983,1856946.1716272596,17975.648858319182,-12473.380445532555,7225.7467257281905
2018-01-14,13655.2421810491,1863435.183591931,17503.67393639257,-11919.929286813713,6927.90857589293
2018-01-15,13574.7977354383,1867963.7235627796,17040.03135903573,-11526.633688038795,6635.782793212258
2018-01-16,11467.3809782847,1872494.6332247704,17211.494890352686,-11763.596419956211,6358.793904952251
2018-01-17,11136.8087350582,1877338.9050320096,17300.735081532508,-11893.0783886798,6132.1449818129095
2018-01-18,11289.2109114092,1892203.9145771093,17487.369288618338,-11449.222405615812,6107.843064170621
2018-01-19,11511.0983547337,1898484.3342361995,17447.314289323782,-11393.015887915422,6056.535953484865
2018-01-20,12763.7794623906,1906642.20110124,17336.721403654195,-11142.185104670394,6036.445403975113
2018-01-21,11455.5263964957,1924568.2208889609,17808.14232934258,-10919.51379777637,6083.435911632152
2018-01-22,10781.2688813604,1925682.9865783595,17244.849651720408,-10741.145309631944,6010.474198195103
2018-01-23,10801.0831317507,1930897.67952053,16981.54559385838,-10563.775345097814,5967.154295595001
2018-01-24,11354.2290994051,1927206.5489163203,16212.610728721824,-10468.767203492622,5951.233006525858
2018-01-25,11137.8786024598,1930070.33525731,15754.778021485032,-10202.938308538447,5934.879690750419
2018-01-26,11091.2165104278,1928580.1842630203,15640.311376884694,-10557.93771108722,5852.150536171057
2018-01-27,11333.3978749912,1930487.1408604,15139.238688097714,-10268.559493528068,5807.037020584129
2018-01-28,11597.0801648611,1926870.7709607095,14516.930164828536,-10381.454243209531,5703.589254301282
2018-01-29,11149.4312105262,1923187.14206558,13860.2276679233,-10246.025400754232,5567.932439742149
2018-01-30,9937.72638116063,1908526.53833855,13235.074143212414,-10839.192275656615,5349.931253824958
2018-01-31,10087.7241986694,1900466.95614399,12694.636857923586,-10995.785927842175,5085.016556484152
2018-02-01,9014.02620724136,1905700.0258597,13742.462132653342,-11807.996616863364,4791.896458826113
2018-02-02,8799.12191061768,1916420.2338711096,14162.197540593123,-11642.015858428475,4539.459550308705
2018-02-03,9208.45991916458,1918848.26465386,14105.651806223585,-11591.613517353244,4276.5668353006
2018-02-04,8176.46061575835,1911688.1702035505,13663.726887845345,-11665.917448253695,3927.2226144452748
2018-02-05,6891.93441441688,1921929.3049414293,14372.50522256499,-11825.140763087447,3644.6269085444947
2018-02-06,7714.39205723283,1933356.35460443,14632.441311926656,-11493.09783888095,3410.453567422005
2018-02-07,7575.61119670205,1938867.5875077096,15012.871507181544,-11715.40207212022,3235.712560981442
2018-02-08,8222.7536494557,1966969.73097318,16067.060326778772,-11115.94595635687,3192.8036079439644
2018-02-09,8677.91052745248,1977550.9221131091,17661.07304427019,-12334.620222547746,3210.2378333671763
2018-02-10,8537.39320806801,1958814.6919042307,16756.541713038176,-13034.267760022563,3128.208887541888
2018-02-11,8073.29364921771,1964330.3217665104,16523.537970093625,-12616.500289793728,3111.8918703048093
2018-02-12,8883.2563239916,1971616.588234251,16624.61484734605,-12492.295247883476,3148.900251182917
2018-02-13,8519.18610381314,1974623.84832585,16091.855572866312,-12034.539940594575,3267.57409151977
2018-02-14,9483.45790621643,1958970.9751622204,15383.560066665892,-12640.257020787607,3342.1778140766896
2018-02-15,10063.9019980228,1959723.76368215,14930.881130678832,-12320.2790531971,3390.473282768958
2018-02-16,10236.5,1953563.7459306691,14243.622476858243,-12217.728387973964,3355.1670261060754
2018-02-17,11101.7,1950855.9655806292,13731.562538483693,-12021.246745527704,3297.7582763979076
2018-02-18,10593.2,1945972.6212047,13151.588757375448,-11891.490309011851,3245.0646341673328
2018-02-19,11230.0,1939001.5026034203,12463.140841375085,-11751.790196321057,3113.9207902799394
2018-02-20,11403.7,1946792.0829066,12464.068105943408,-11280.76881701432,2974.203348557324
2018-02-21,10690.4,1948911.2598619503,12739.170298352514,-11493.479164995362,2827.647755578454
2018-02-22,10005.0,1965968.71879382,14487.192140300343,-12187.383153709005,2638.2687995905567
2018-02-23,10301.1,2002500.4713005,16307.728845948322,-11725.790291351066,2585.0892090816146
2018-02-24,9813.07,2034177.01806999,17992.2044597211,-11603.95869079766,2775.5157673607446
2018-02-25,9664.73,2034753.8883765896,17181.62628828436,-11207.858883515815,2923.1393191085044
2018-02-26,10366.7,2029977.03114974,16171.393745676734,-10914.334649682765,3003.4778545750323
2018-02-27,10725.6,2027994.2576508,15472.657091793619,-10698.253502128577,3054.698422960268
2018-02-28,10397.9,2026769.97933887,15281.99914160271,-10907.50767871067,3171.211881318393
2018-03-01,10951.0,2039164.60568454,15613.440549103196,-10704.273427359292,3335.3950987656904
2018-03-02,11086.4,2043628.5477524693,15156.816822818317,-10277.331371328677,3539.223053237501
2018-03-03,11489.7,2039924.4519317304,14280.682302023766,-9973.435602016101,3724.718118026906
2018-03-04,11512.6,2043759.6124257303,13987.363151712188,-9826.802198771691,3931.89401121097
2018-03-05,11573.3,2041764.7176036693,13745.180666046705,-9994.98343143958,4148.954481893333
2018-03-06,10779.9,2042072.6360863703,13401.042100534256,-9880.330116054272,4315.912531575539
2018-03-07,9965.57,2037743.45401446,13006.080445177973,-10008.694731123986,4441.0335730538845
2018-03-08,9395.01,2025803.5702473093,12684.983130848108,-10683.415382207719,4419.730627485959
2018-03-09,9337.55,2019391.5112450905,12095.831669859564,-10655.172371276538,4195.353537770657
2018-03-10,8866.0,2035705.3938749493,12778.66506673159,-10346.457546063437,3912.779377180993
2018-03-11,9578.63,2045269.2392289697,12695.692056089492,-9740.968679864542,3697.133375142165
2018-03-12,9205.12,2040525.4075414292,12047.278440451519,-9605.792068477575,3496.0210377121625
2018-03-13,9194.85,2041984.0396054103,11862.123924216758,-9486.161172775735,3324.7038349818754
2018-03-14,8269.81,2041023.7901759304,11463.064094124305,-9309.515488078017,3166.0650594928925
2018-03-15,8300.86,2044669.1483464893,11433.62783370535,-9180.62525669148,2976.3390205836045
2018-03-16,8338.35,2038537.80988842,11059.945981544326,-9365.899473536048,2748.8076674777926
2018-03-17,7916.88,2044646.4964173296,11111.556757016706,-9123.200914281642,2583.172606244035
2018-03-18,8223.68,2047788.98100666,10957.362786352922,-8954.5250271782,2429.0495209750507
2018-03-19,8630.65,2056178.3858428092,11271.175800502728,-8842.566902862984,2334.6503540488084
2018-03-20,8913.47,2051929.80306858,10832.01528400988,-8848.552497828121,2224.846839884649
2018-03-21,8929.28,2055728.92405699,10682.18151543122,-8577.674849100915,2161.0697650472434
2018-03-22,8721.57,2050642.3243581692,10185.727921091808,-8560.628345771522,2134.1791812386646
2018-03-23,8820.54,2070536.52508139,11392.351936774356,-8549.312284927419,2234.349206471801
2018-03-24,8682.62,2073724.99958486,11092.2324358474,-8226.16379389226,2265.339286563729
2018-03-25,8494.44,2070919.5226231,10527.414540158903,-8116.3156051181095,2226.508969336289
2018-03-26,8210.22,2066758.1947433297,10106.233650949649,-8133.2965035629,2193.0411675800606
2018-03-27,7840.16,2069437.0664104195,9818.448556696336,-7798.449107996043,2167.6152173842943
2018-03-28,7980.12,2071420.9558462496,9688.925175331908,-7671.3330608229735,2157.9040394173408
2018-03-29,7162.96,2069405.40053902,9472.473064484451,-7723.757444758108,2121.883542468232
2018-03-30,6895.3,2070395.4732649096,9511.21981394349,-7813.0803871395665,2122.1758938107787
2018-03-31,6978.18,2066642.81280732,9212.483920525923,-7877.7311526815965,2075.4899598900124
2018-04-01,6844.23,2047328.62464897,9037.47965527019,-9069.349615838823,1930.153694194059
2018-04-02,7075.72,2049493.7046787303,9069.947401817513,-8955.354029697568,1764.8668709426452
2018-04-03,7458.04,2056956.6307225805,9217.03735694635,-8612.555140044396,1666.3682588512306
2018-04-04,6852.8,2055926.5495818,8963.52709959259,-8468.01577320277,1551.4400202840532
2018-04-05,6811.29,2060710.31073424,8900.980832240413,-8119.586184113917,1491.1753826273539
2018-04-06,6629.87,2060690.7112587309,9828.514699931053,-9100.519660046984,1340.1007674871491
2018-04-07,6903.16,2067091.839385,9938.407277338318,-8832.20336502852,1214.3961439410534
2018-04-08,7023.38,2067957.7166340407,9813.585616485765,-8641.403481727286,1125.902086778031
2018-04-09,6763.45,2063671.39964912,9695.848990930048,-8887.566797483469,1042.712447210876
2018-04-10,6839.1,2068553.4563078403,9677.33589747271,-8597.468739674572,975.5601407178648
2018-04-11,6939.18,2070657.5802993304,9599.518642715197,-8451.367696004269,913.4572001608642
2018-04-12,7926.60058295964,2076621.8059173303,10094.78434310352,-8625.561751639985,893.4934124278061
2018-04-13,7858.3203968254,2081053.9753052504,10227.899244483953,-8561.146866589981,891.2514803628093
2018-04-14,7994.16274647888,2076591.5990224795,9667.092413795024,-8408.948613278648,885.7794112679553
2018-04-15,8355.63547872341,2078258.63894758,9327.205247441356,-7996.088371952738,983.1356138434726
2018-04-16,8052.68,2066857.1711683092,8957.712164778599,-8475.434266273893,1009.3987942995265
2018-04-17,7906.81,2055821.5443881496,8674.903132825362,-8960.485546231634,945.82274927751
2018-04-18,8162.99,2037088.6553483808,8426.02660049967,-9941.429455663523,802.1860220236757
2018-04-19,8282.55,2050382.6360697604,9436.63204072036,-9964.742657447954,708.6499316769547
2018-04-20,8836.46,2048675.03900088,9252.343986117668,-9859.08703298876,613.3114969087288
2018-04-21,8883.36,2043515.2386229096,9096.20510400249,-10006.485306280174,469.27691729533694
2018-04-22,8802.53,2027040.28516965,8927.276655148993,-10851.108407492164,248.13306821664742
2018-04-23,8930.91,2045441.7935505505,10143.164994009057,-10711.974070802684,149.7694060566324
2018-04-24,9732.61,2056988.5116296,11586.592056018455,-11347.699322422504,89.69980432790443
2018-04-25,8826.28,2102971.321986739,14663.443851802558,-11374.956609970339,242.58096826513915
2018-04-26,9280.92,2087397.3093023696,14202.797865433055,-12171.810618680978,282.70701507146333
2018-04-27,9011.78,2090364.8013470403,13634.924942508183,-11541.50404256158,313.18333807522265
2018-04-28,9343.42,2088649.5473851603,13170.558292792974,-11331.049050301475,354.70944107344576
2018-04-29,9415.09,2090741.51484392,12913.57116265077,-11051.324705741376,392.6472683177872
2018-04-30,9247.19,2088829.1310273795,12323.590245683383,-10712.985807003945,473.242021187411
2018-05-01,9105.53,2086739.1019907,11736.46059538049,-10372.565055058352,591.0618750251547
2018-05-02,9233.72,2088635.0293544205,11771.417535208453,-10372.053206659795,799.2595310046203
2018-05-03,9755.31,2090397.87731788,11518.483404799894,-10094.886833923807,938.6671872620265
2018-05-04,9715.82,2083469.7385789396,11376.115852003235,-10509.301635114889,1043.921277530558
2018-05-05,9843.13,2081687.8570326096,10943.00205774368,-10252.767558403226,1158.2437562175683
2018-05-06,9646.74,2079967.2970601,10531.038064320772,-10065.576529770347,1328.907562424254
2018-05-07,9369.84,2085127.06038278,10816.941133264054,-10038.526146171655,1425.1378527018273
2018-05-08,9249.75,2084038.2077805505,10913.428314354449,-10259.49783321688,1454.7834060976575
2018-05-09,9324.28,2080790.4705268096,10665.178785734151,-10271.35948692175,1248.0214101676706
2018-05-10,9040.52,2064111.32796748,10635.070181847212,-11379.448340244302,1049.7810240855874
2018-05-11,8462.5,2066109.06292973,10794.775541832727,-11356.346158853346,860.1387728736429
2018-05-12,8499.34,2071924.0968033504,11095.567111655215,-11232.030762633123,718.9978519115425
2018-05-13,8723.64,2066598.8413527692,10477.90863024353,-11015.751734528247,547.5628832548203
2018-05-14,8719.89,2058623.89839326,10240.059158395961,-11273.708919695699,358.687583256308
2018-05-15,8515.22,2051690.85166326,9661.74242086423,-11088.685313410657,159.3419809085535
2018-05-16,8358.62,2044139.17481064,9252.145158147281,-11087.403648031945,-71.70250612239805
2018-05-17,8085.7,2088094.45253763,12066.449416698135,-10849.005492124483,-86.42769514400045
2018-05-18,8251.45,2099823.5460625803,12386.367929834927,-10468.147365236182,-11.327241736114827
2018-05-19,8241.68,2099292.840722209,11735.22894617993,-9980.270108579109,64.72449671105434
2018-05-20,8515.58,2097220.07097282,11061.526633148602,-9570.52970134717,137.97702508612642
2018-05-21,8409.37,2097977.48385969,10761.067473029363,-9318.976144223356,185.3824780656702
2018-05-22,8049.56,2093762.3406109,10168.850529248071,-9103.908172281797,214.74046919629222
2018-05-23,7566.26,2099208.7881266493,10209.406405134861,-8852.363704249678,283.54214077292005
2018-05-24,7593.13,2097881.69515012,9872.669494793205,-8694.569172402367,420.86203225777257
2018-05-25,7453.44,2104985.5516264094,10304.626792714986,-8731.476060064208,573.3421286628729
2018-05-26,7358.47,2101888.7000357904,9874.577836995322,-8612.760592562588,673.2193354779192
2018-05-27,7364.09,2092663.0892610203,9318.232256734966,-8737.010213582416,753.1525602948675
2018-05-28,7134.68,2109214.719558951,10165.905461738637,-8519.989534934255,944.5501094451622
2018-05-29,7467.58,2113863.2100464804,10196.282019736062,-8350.194455549972,1178.337999211771
2018-05-30,7406.19,2101389.09073375,9569.83648121099,-8678.429375485972,1373.0998274696053
2018-05-31,7491.64,2098292.4077523598,9123.364512870921,-8497.830079620246,1330.8205780893927
2018-06-01,7539.14,2100206.3798499694,8995.113360667532,-8283.683083126229,1244.6212718710042
2018-06-02,7646.74,2099100.7608304,8617.864159597031,-8027.570501863148,1161.4309018805086
2018-06-03,7720.25,2095925.98486658,8173.269711839895,-7925.0206955429385,1072.663193630189
2018-06-04,7499.48,2099093.27975679,8052.476838912569,-7609.624764354741,1001.2889611838905
2018-06-05,7625.55,2095387.1418554492,7713.414196867734,-7547.161454036426,937.0968458885358
2018-06-06,7656.09,2097128.54354056,7697.265880279213,-7426.003207962665,859.5411295622043
2018-06-07,7676.55,2092908.6085289104,7470.008539290598,-7498.159045905154,773.3803560618187
2018-06-08,7631.9,2080604.8148660504,7362.712067840562,-8209.238784871475,600.5462525131262
2018-06-09,7565.0,2076604.18877512,7011.708923111191,-8068.5089317353795,434.93073443763166
2018-06-10,6784.03,2090467.07578077,7837.831281055776,-7869.238822061689,391.1714784263129
2018-06-11,6901.13,2083631.67243154,7691.516390734063,-8176.523652288245,238.96267925784397
2018-06-12,6566.2,2081024.6208796296,7445.859156339789,-8072.336037251028,62.350933179463304
2018-06-13,6342.43,2098628.7443456696,8512.615369917137,-7923.718894364957,40.743031024260524
2018-06-14,6681.42,2095793.34744356,8209.998567974664,-7849.388317599962,21.819875104548267
2018-06-15,6460.85,2096558.0261110507,8278.99135814102,-7891.443213291966,-1.3145629448978684
2018-06-16,6538.65,2099884.7491527004,8180.6885689976125,-7597.195431028501,-1.8003143566670299
2018-06-17,6503.94,2109386.8760703807,8421.734896751772,-7285.166173468595,61.651093285206144
2018-06-18,6733.38,2111486.2860957,8393.45443920431,-7192.696295785355,115.78724106100105
2018-06-19,6759.1,2114508.41898233,8632.188253968694,-7310.0051276689965,198.35369702302899
2018-06-20,6776.84,2116084.2534981105,8488.310435964115,-7149.217217032397,274.62730749554146
2018-06-21,6737.58,2113245.043609329,8116.290636254501,-7055.750957836903,352.39089214069554
2018-06-22,6083.68,2115075.8438248094,8355.6637871662,-7243.773406277774,492.2778277063628
2018-06-23,6166.8,2111828.4449854107,7864.671462137785,-7043.400362601917,626.4257640035099
2018-06-24,6168.79,2115651.292261309,8301.788277291935,-7250.325432665121,703.7736486915617
2018-06-25,6260.63,2110768.0747769102,8044.915380921799,-7389.097891563447,785.2611308995998
2018-06-26,6096.19,2111233.97725803,7848.308919975681,-7205.15243116655,875.9492287367692
2018-06-27,6154.48,2115202.7512293104,7842.288077392632,-6977.423756418781,895.6612176954601
2018-06-28,5903.44,2116169.8933118805,7707.696537754459,-6836.0136993408605,932.1664025553812
2018-06-29,6220.76,2120447.2232716205,7643.258258814831,-6544.532278979472,982.9648193401171
2018-06-30,6396.98,2121990.3110357206,7559.725475433841,-6431.375376647509,1021.883173684204
2018-07-01,6388.12,2123519.1290382203,7263.1674925769175,-6121.872866876336,1022.22073814259
2018-07-02,6614.92,2127954.0372909703,7397.702645080454,-6036.8337775765785,1033.65721843437
2018-07-03,6533.56,2112859.5308934003,7221.057459203093,-6957.2136093708095,958.0615558295544
2018-07-04,6609.7,2110962.568270029,6850.676731408887,-6730.886646456755,870.9684748310125
2018-07-05,6643.34,2110308.0538219707,6693.387362699628,-6625.217579948306,800.0849108548498
2018-07-06,6674.68,2112276.83271547,6718.942565497653,-6524.065508696416,734.583959134336
2018-07-07,6859.53,2110436.3140171594,6485.422499577144,-6426.238493116652,680.149166771809
2018-07-08,6762.01,2111279.8792688507,6378.373501098661,-6200.930744956208,617.7191604514973
2018-07-09,6746.22,2105950.1145820804,6169.871747862085,-6359.576154580458,557.3247393031596
2018-07-10,6328.33,2105653.3768287296,6027.376948393275,-6224.216911553759,497.3249927339011
2018-07-11,6393.59,2102673.5701598804,5825.039104995058,-6207.410181868178,408.2367500305458
2018-07-12,6228.81,2103810.8938633394,5852.136282240056,-6133.194373757637,325.89811217831857
2018-07-13,6236.49,2096806.4153650107,5766.128632611386,-6495.41475124979,195.3258194301925
2018-07-14,6275.18,2097163.927254029,5647.096754719289,-6303.929672847138,67.81274679346515
2018-07-15,6359.64,2093860.3978593005,5443.345563580674,-6223.384913481995,-69.42539432095658
2018-07-16,6742.49,2101942.01035657,5820.271381939297,-6009.533942029196,-180.14906772051205
2018-07-17,7318.74,2107059.6289982,6046.6588154600095,-5882.129295435249,-187.2429484210495
2018-07-18,7370.78,2106790.8310970794,5951.711729481339,-5816.070704199567,-186.11073839750387
2018-07-19,7466.86,2108466.967887,6091.675676478588,-5853.334933554261,-173.95566981371795
2018-07-20,7354.94,2117494.59799416,6475.833991613347,-5651.54062440665,-128.99736192761372
2018-07-21,7418.71,2120191.49527684,6473.261397953797,-5524.127769715539,-65.42953180063047
2018-07-22,7418.49,2118892.80743101,6152.189980858874,-5390.371117558504,-23.688381289350566
2018-07-23,7713.31,2125178.663109289,6264.781353022283,-5134.69336872327,70.58250378331984
2018-07-24,8424.27,2128878.56095198,6861.816014084799,-5560.407372559718,177.60026126086018
2018-07-25,8181.39,2123074.0856066607,6781.567858366478,-5953.884815964405,264.03269835194544
2018-07-26,7951.58,2129560.2190923304,7190.583395387378,-5985.670323434112,370.1734957427202
2018-07-27,8167.81,2124195.32067952,7044.810334506886,-6277.884694871171,477.0457641908715
2018-07-28,8188.85,2122192.91949337,6981.083366696427,-6398.779515446425,565.5555334321465
2018-07-29,8221.44,2127568.7192376195,7054.972627065999,-6241.862382949328,679.3519330048601
2018-07-30,8183.56562256,2126579.37820243,6944.081889098265,-6251.135063602039,742.3668891181547
2018-07-31,7774.87303565,2133203.290832799,7148.124959663048,-6059.780413841902,808.3536766750394
2018-08-01,7624.90741594,2122938.6747140405,6847.52869433351,-6516.048192817775,822.3422106917512
2018-08-02,7567.15160233,2131402.48352865,7413.734494554611,-6540.098772165922,867.7204235106342
2018-08-03,7436.26183554,2139282.1664309707,7833.688816685636,-6492.983282301529,904.6070068804491
2018-08-04,7032.21316739,2142271.485838091,7764.825763783928,-6314.212637884094,940.4269709991332
2018-08-05,7064.02626634,2139526.7534303707,7484.992350229668,-6314.282259904489,969.6334872151909
2018-08-06,6951.2803658,2135406.8330495697,7199.066523727023,-6381.0651314768575,947.3415877831305
2018-08-07,6753.71764839,2135764.091744591,6975.053553933215,-6187.768341498403,910.6184857052544
2018-08-08,6305.80304475,2159823.6471594395,8403.153203693671,-6064.383311097843,1018.5532607190945
2018-08-09,6568.02168724,2166372.81787029,8864.362152919428,-6244.898872439988,1119.5925613281072
2018-08-10,6184.71178367,2157462.01853491,9105.485608008801,-7254.706501919989,1197.010666074757
2018-08-11,6289.74605164,2159801.7657847204,9064.48899305955,-7181.112010722653,1289.9444611523923
2018-08-12,6335.06058091,2158819.5430095107,8660.426488220244,-6962.069489719809,1353.176372179804
2018-08-13,6297.96664043,2155646.324401309,8430.476313878893,-7056.891022491819,1401.7934054577217
2018-08-14,6199.71276805,2163572.9458725303,9181.241024488969,-7370.786654446366,1453.3726786163975
2018-08-15,6293.27724365,2156614.029827981,9263.455795806367,-8037.626120069942,1517.2547624893036
2018-08-16,6324.7423257,2163743.0775312805,9277.262881363275,-7657.885337122608,1570.5220354787307
2018-08-17,6580.62933687,2156656.5576370303,9015.844246650388,-7976.859864975766,1548.9705245709101
2018-08-18,6423.68691813,2160480.5670646187,8825.588703450361,-7600.935985381385,1532.8304954401344
2018-08-19,6506.06881185,2156661.5904791504,8334.623936871672,-7401.606505705295,1515.8524483573628
2018-08-20,6305.19259562,2157231.5850020093,8179.911097288225,-7271.095193342277,1522.339199192776
2018-08-21,6496.258447,2164823.39141339,8971.633036046345,-7617.284431604791,1562.8437271932576
2018-08-22,6376.83461362,2162463.4800559096,8981.950987085927,-7875.219713439137,1474.840968696897
2018-08-23,6534.87662447,2151996.730023961,8866.416209782199,-8531.250356508526,1311.6768667536276
2018-08-24,6717.68298629,2154601.1246314296,8795.479706836717,-8309.031936616628,1214.22462847729
2018-08-25,6769.94985511,2152043.1035446697,8455.121712555601,-8171.638532800847,1099.9464997214225
2018-08-26,6715.64805358,2154729.027501839,8238.512693314564,-7817.686795065459,1008.6942782748988
2018-08-27,6881.56612007,2153545.91106626,7935.444430012925,-7621.548020685763,933.0022152706193
2018-08-28,7096.27708292,2171247.5235127406,8702.019221858063,-7228.941743387379,908.903865872625
2018-08-29,7046.07682983,2172756.7991270605,8503.54397098753,-7028.05328346022,926.7367952862596
2018-08-30,6981.57685708,2177621.605930191,8476.57350914836,-6775.128413914205,932.5987632143658
2018-08-31,7036.75531489,2188049.231422451,8847.87263297047,-6564.68217793459,1021.4706255973128
2018-09-01,7193.41650052,2191142.4423899394,8693.375593942432,-6356.183771409617,1100.937704487587
2018-09-02,7269.10081969,2194903.0238789213,8837.855274623602,-6429.877474327637,1206.2920165682717
2018-09-03,7264.79922436,2195039.8528963,8818.44712323603,-6561.879241801131,1302.5600149603397
2018-09-04,7362.7119946,2199713.799060551,8709.698610254962,-6291.972176632389,1378.5155741875553
2018-09-05,6818.83022958,2210466.6812413,9196.072031611964,-6222.668548180899,1511.8493034578612
2018-09-06,6538.48023324,2227998.4434768693,10214.543494363164,-6270.582760789506,1769.620366336432
2018-09-07,6463.22559639,2217302.8081838004,9815.67770503562,-6847.690039904875,1946.873215972908
2018-09-08,6223.43011665,2219280.4292964498,9385.341493881913,-6483.378265583217,2133.9075051546183
2018-09-09,6303.80648503,2202774.22037539,8903.539675902457,-7290.981257561003,2219.031256589786
2018-09-10,6329.69690852,2202138.481484121,8844.006169704957,-7381.334238670935,2301.086650997419
2018-09-11,6324.59015192,2192511.0944251902,8476.553403649295,-7753.218738612873,2247.533592894972
2018-09-12,6360.69694706,2189532.25540496,8137.891947236674,-7661.36886121802,2176.178764215783
2018-09-13,6521.23827161,2190881.841684909,7967.328705282237,-7432.601406334819,2092.8417787667304
2018-09-14,6512.70548453,2186814.11438154,7669.212282590083,-7441.315290463832,1946.0351028446141
2018-09-15,6544.13620369,2190700.96794389,7485.34733818741,-7013.519908046244,1812.7947891023537
2018-09-16,6514.52997091,2188063.931262471,7085.336214249586,-6816.799724879154,1659.9775526076728
2018-09-17,6281.19609296,2187432.8830041504,6787.830851216943,-6579.266678359214,1513.691573423589
2018-09-18,6369.18712761,2184764.86234337,6525.5644074471475,-6508.772556831928,1342.196246065921
2018-09-19,6394.89073566,2180536.0042819586,6207.064653724004,-6473.31613057714,1110.792320331335
2018-09-20,6523.44829872,2177720.8363734195,5916.441485306402,-6352.620724271991,797.9251794356743
2018-09-21,6734.95239431,2185505.7803943707,6204.383725375303,-6092.488080346525,593.9186065712479
2018-09-22,6722.22113413,2199814.34656864,6992.341275382953,-5934.000928404756,462.2312579054979
2018-09-23,6707.26095584,2200434.588282931,6772.057014259421,-5742.1032427937735,420.61664027151164
2018-09-24,6595.41332528,2201262.1623373195,6520.637588958795,-5504.175798631519,388.74448736388695
2018-09-25,6444.41067269,2202078.8929157206,6566.201873798206,-5563.055497599419,408.7310381611986
2018-09-26,6498.32602721,2207758.7451736093,6645.845082634326,-5330.91831432279,468.617015467833
2018-09-27,6680.71461176,2207571.135954679,6453.031931138037,-5238.2742286426,517.1906157212629
2018-09-28,6642.0772968,2209135.3095706194,6952.678588205504,-5714.626491480428,589.3445517640362
2018-09-29,6601.9553879,2206055.656985469,6780.575351452469,-5830.370233519067,623.5143866063387
2018-09-30,6627.99449465,2207562.7632007697,6603.171852877635,-5611.3999951197975,675.1740557768677
2018-10-01,6587.61149413,2204163.649832241,6333.1105955437915,-5634.064419538477,710.2084845731239
2018-10-02,6556.09866089,2202661.9488503984,6238.846882999544,-5686.517184183911,748.4611880160106
2018-10-03,6502.59044747,2202399.7225841195,6398.94179284424,-5900.915825034983,803.0524340633244
2018-10-04,6576.20339269,2200748.0065405997,6527.905105992624,-6173.195272271989,859.544510683769
2018-10-05,6622.48483682,2197363.18776008,6224.591889547783,-6119.183963443186,859.0811021891845
2018-10-06,6589.05284411,2197390.5423606406,6050.275137303266,-5950.070766234973,790.64281819562
2018-10-07,6602.94525849,2194204.02747789,5710.580954563046,-5835.357867082645,708.1620550538167
2018-10-08,6652.22623715,2193458.0063444204,5509.886430094176,-5676.079624010467,623.686699036419
2018-10-09,6640.64745929,2195125.5547783296,5488.216709094563,-5532.160461155768,548.8945470178481
2018-10-10,6585.17755768,2189775.44376002,5656.558890901592,-6054.247127379384,426.5649038186104
2018-10-11,6249.09003203,2191107.077080721,5794.022074190819,-6076.422206856758,319.62505844994047
2018-10-12,6273.19669603,2186545.31634366,5538.439246350102,-6106.130085975642,190.6434201391821
2018-10-13,6289.0009018,2192435.5275468,5754.335090148094,-5891.499126922606,112.97419480290259
2018-10-14,6292.23246896,2187753.47878018,5546.934768973561,-5988.997787737765,10.557417908470967
2018-10-15,6605.26103468,2160509.79059852,5702.811574093994,-7931.649603717919,-198.57716820790336
2018-10-16,6600.67720695,2154855.428640369,5517.932230249065,-7975.1385217747265,-413.54402466085304
2018-10-17,6546.16332001,2156237.9751073304,5562.0310105524595,-7763.253784845745,-606.347506239606
2018-10-18,6474.64724903,2162971.52638758,5854.702225418961,-7460.273396076029,-746.3675779808705
2018-10-19,6466.010535,2166856.0046371697,5971.531700655701,-7211.099576629626,-842.4372781293363
2018-10-20,6489.46975308,2166190.85432614,5737.386643901319,-6938.660015545654,-935.3999740373811
2018-10-21,6482.34812955,2167472.0226474106,5574.620080393229,-6617.490672509941,-1000.9780940086034
2018-10-22,6491.98212347,2151603.9830000387,5350.644575363012,-7381.859771163277,-1134.1939512860301
2018-10-23,6475.72971532,2155709.3814700204,5466.259894460144,-7088.367512541725,-1246.9199417160569
2018-10-24,6495.42836241,2155449.38948654,5328.731374277467,-6860.03128338561,-1327.8922040467965
2018-10-25,6481.17082835,2158090.28288036,5369.307135238972,-6622.460824151902,-1397.231743778724
2018-10-26,6477.84565348,2155516.1803326206,5278.34238094704,-6619.559327115113,-1452.483608531762
2018-10-27,6480.28670898,2153365.0041474807,4991.77518648124,-6386.989415247437,-1542.3443365311682
2018-10-28,6486.38627137,2182718.46608177,6714.35813632116,-6046.887287550276,-1463.0919174215187
2018-10-29,6332.78870464,2155688.3090831805,6688.165070429083,-7867.202744815592,-1388.106177761703
2018-10-30,6334.7409058,2160787.0498977704,6816.225299337145,-7576.744407791886,-1266.9142361137804
2018-10-31,6317.75009974,2159924.331215272,6573.705057706,-7341.037471097092,-1164.493496049338
2018-11-01,6375.52621667,2157890.51484022,6310.160191607603,-7161.924869109287,-1110.650175109668
2018-11-02,6390.638615,2169211.2389697405,6776.274362759093,-6816.539786459335,-1024.9857142329763
2018-11-03,6361.25774213,2176824.7954688896,6940.290250451152,-6470.300879294712,-905.609804032921
2018-11-04,6376.12939278,2174272.13518335,6565.619910317743,-6356.7405162743935,-816.1990907357739
2018-11-05,6427.46426537,2171126.5747093605,6250.8178883412265,-6265.567818833434,-672.1658574994843
2018-11-06,6455.27908945,2168025.6342215696,6235.306382130472,-6455.80234977587,-572.0507396111859
2018-11-07,6520.93366356,2176533.3344590496,6504.166268466442,-6142.782489103479,-436.8590475775359
2018-11-08,6457.20299168,2179658.4614713206,6588.419076614681,-6042.785748391247,-308.3742606392245
2018-11-09,6387.24987785,2185740.0601179204,6813.094706093701,-5898.397023311831,-147.2375014285146
2018-11-10,6407.74044747,2184307.080579371,6501.614368957454,-5743.428500931045,6.576791199528516
2018-11-11,6408.83301083,2184411.974645992,6256.890518430292,-5612.924103830976,4.897903044416435
2018-11-12,6373.10496784,2203824.7426974,7395.944050224943,-5500.724193171578,224.48772671869298
2018-11-13,6357.23195512,2204825.41676618,7354.988904627945,-5519.4054334594675,409.9236252632085
2018-11-14,5722.33950975,2208694.09127179,7596.339631991416,-5625.216758526836,605.5275743243278
2018-11-15,5645.59292107,2216916.8858445706,8804.599151247985,-6416.698164495715,836.9322646281817
2018-11-16,5574.75499615,2222315.170909451,9366.198355940121,-6777.605097312665,1024.7078847944458
2018-11-17,5554.80989136,2219118.46236612,9001.184655519446,-6798.278183689155,1148.4876776997207
2018-11-18,5622.02160278,2217132.8958582105,8618.805430174814,-6716.8171569938795,1269.4240262095482
2018-11-19,4875.14239003,2225598.9548762403,9521.541177748493,-7181.948188244286,1437.5913776378636
2018-11-20,4415.07400339,2238817.061529599,10776.068879627928,-7711.241645866669,1672.2573205954823
2018-11-21,4602.16771504,2239737.111439541,10727.400149068733,-7805.558070228889,1855.1471991295452
2018-11-22,4368.73234691,2237834.34161774,10424.561605111485,-7824.36031964763,2001.9020532181469
2018-11-23,4346.01843265,2243037.28570904,10737.398741338719,-7963.681268819119,2134.689181056556
2018-11-24,3883.35938868,2249610.48544285,11036.3260762068,-8009.309786267845,2296.7484969074526
2018-11-25,4015.13130391,2263525.465604571,11540.721582652346,-7823.121034594657,2516.2937921544794
2018-11-26,3775.08662841,2261490.104294531,11331.024519442855,-7996.954761925009,2619.0687850448
2018-11-27,3813.57141959,2279361.43389416,12601.831805560665,-8298.611391902012,2795.3285666512415
2018-11-28,4260.82825547,2288317.305942091,13167.02121334729,-8553.624024070543,2984.0624463521112
2018-11-29,4274.74204089,2279342.915166271,12838.151162970133,-9130.606504699837,3078.322708603399
2018-11-30,4016.44911794,2350217.7463840805,17162.20538414346,-8976.84162190385,3478.0920302899817
2018-12-01,4215.68477834,2362251.586626241,16946.884292376562,-8504.955431475595,3923.7364866521734
2018-12-02,4138.38283552,2359251.05674589,16061.77661928946,-8399.685007805225,4335.172439388124
2018-12-03,3892.75933911,2360176.6574345506,15440.220594179496,-8227.22837755021,4683.272384182773
2018-12-04,3996.74820738,2362174.0615021302,14968.062059020202,-8102.775718994197,4954.73374891597
2018-12-05,3753.99482663,2349244.4105380517,14184.958628974853,-8639.334775889254,5142.146732790668
2018-12-06,3521.10172384,2370497.816203961,14984.558771639864,-8391.74946436597,5427.3330200628125
2018-12-07,3419.93720035,2393483.262534691,15899.301341847877,-8213.649566343573,5778.1854702760065
2018-12-08,3476.11471452,2391030.640810051,15209.883318415346,-8200.116442920667,6062.667654958558
2018-12-09,3616.21025798,2396025.850348291,14688.323874236328,-7796.320821225289,6289.410691026655
2018-12-10,3505.47968254,2388645.0579497204,14176.196195757908,-8235.71283951894,6475.583090935306
2018-12-11,3423.51948812,2386671.4625993795,13555.257200163378,-8142.379091029681,6554.844354897809
2018-12-12,3481.23667359,2395383.083722571,13413.408857893826,-7780.6145478230355,6627.6584349545265
2018-12-13,3312.00352486,2399681.2722622203,13746.851548884904,-8203.030956842173,6758.821001652557
2018-12-14,3242.19413359,2394192.243817291,13123.77590900391,-8315.478586092695,6517.601970271959
2018-12-15,3237.05708474,2396122.42508644,12612.437871636315,-7996.014952309183,6244.3515458738275
2018-12-16,3255.22013802,2395576.6258271607,11897.254597023228,-7616.673156269905,6002.815105107335
2018-12-17,3545.35139009,2408721.8644933007,12369.899078390345,-7498.34048927791,5835.569845998988
2018-12-18,3695.4306338,2412023.024075671,12470.581544799652,-7703.7162228033785,5685.682630425435
2018-12-19,3747.42985778,2409955.9625458014,12394.474514625677,-8083.204316087153,5597.514512243501
2018-12-20,4132.2252904,2406777.3903297414,12242.142622102636,-8430.195251204008,5398.881516788124
2018-12-21,3894.39321098,2408435.5511857206,12007.897579253124,-8339.535976015743,5111.932218769058
2018-12-22,4012.16458122,2409979.8429024112,11618.19728980025,-8091.440345666029,4863.145795100454
2018-12-23,3998.52858546,2409172.8227878306,11261.183839598232,-8018.145366044953,4602.505467996328
2018-12-24,4080.47896096,2417418.518842529,11383.506547816345,-7806.957568853289,4433.65301247662
2018-12-25,3815.49060966,2423103.55007341,11210.953435231266,-7493.838972807069,4312.527037711655
2018-12-26,3855.93115879,2424893.906655701,10862.414507912505,-7273.750570830597,4166.517725355306
2018-12-27,3659.30990152,2426782.077562849,10879.438739997004,-7404.141004910554,4018.7660927155707
2018-12-28,3926.3291364,2427568.6049143407,10568.921183961202,-7272.874807781183,3910.748167949056
2018-12-29,3827.77729964,2422101.141570721,10095.943928850455,-7384.131533990443,3774.704559058547
2018-12-30,3867.27236149,2419589.07204675,9609.54758221576,-7238.407315277744,3638.3159037860255
2018-12-31,3741.29679518,2416694.8550541904,9180.334457171377,-7160.2180075332335,3434.641465252147
2019-01-01,3840.95924899,2414461.695971041,8780.772175229955,-7044.207427777685,3218.1914242132893
2019-01-02,3943.28984335,2409032.345795249,8327.922897827288,-7069.085811924502,3000.160487596451
2019-01-03,3836.55804793,2398915.968805901,8101.743965253467,-7601.254484367536,2763.6277811669715
2019-01-04,3858.23828002,2409785.3807460405,8502.14761094857,-7310.396632779032,2586.727022233554
2019-01-05,3841.06117029,2409406.60387868,8392.368130924666,-7305.319009123762,2412.4621777811744
2019-01-06,4076.20331956,2411118.410058,8123.600249255024,-7021.253990286179,2259.5555910251437
2019-01-07,4024.46206645,2409758.950238931,8399.684595531357,-7461.4587417651055,2071.103939225372
2019-01-08,4033.55475363,2406916.435296151,8139.89357445993,-7453.717107130101,1854.6083681472032
2019-01-09,4035.71294082,2408759.094634781,8069.12680292794,-7305.851477511426,1652.7948958853895
2019-01-10,3679.79347408,2409747.0882077096,8057.425170141407,-7279.168628223997,1460.1490963733152
2019-01-11,3686.21992857,2415806.5999950403,8222.962360222646,-7092.622135277729,1305.4557998565222
2019-01-12,3660.89928219,2414630.824190101,7836.841550398467,-6860.242394112546,1181.5119971012298
2019-01-13,3552.00916983,2415522.43481168,7518.663210989234,-6550.969957017044,1081.265781889385
2019-01-14,3706.05222041,2413475.811402981,7442.913060973288,-6676.174251179238,991.738807614807
2019-01-15,3629.3994895,2420196.53369415,7901.84905142907,-6738.1780095432905,950.817828645772
2019-01-16,3656.46477524,2419408.463138771,7887.378882477796,-6853.823947076405,934.7262464671012
2019-01-17,3679.8126213,2423866.075081581,7900.482017149276,-6638.65661458731,989.1073837296752
2019-01-18,3653.6664613,2429744.615900981,8142.909040944662,-6573.302610593489,1016.0970588855064
2019-01-19,3729.0822985,2428949.6960134003,7959.015701331686,-6547.04435884259,1039.305788934663
2019-01-20,3602.94669388,2426869.76360579,7649.1120110802385,-6477.88091859775,1044.2261341856376
2019-01-21,3577.02585978,2429612.9190637106,7499.318490795551,-6223.292440617233,1068.354719643642
2019-01-22,3605.04565371,2432228.882528251,7653.553098846517,-6288.19788771075,1116.8674870583516
2019-01-23,3585.12306636,2428247.52951709,7387.463058797413,-6378.555062481366,1134.4126778368895
2019-01-24,3605.01000288,2431487.7441026405,7363.868955441586,-6206.207186509941,1161.513051195049
2019-01-25,3602.06803677,2428098.904331,7052.2569424748135,-6197.695276247943,1141.8145827151886
2019-01-26,3601.75215591,2426998.144347531,6694.441731402493,-5970.2348418220845,1123.7865636647948
2019-01-27,3586.69221638,2428678.50603049,6524.20851399633,-5740.8913048572795,1110.6168461767131
2019-01-28,3472.33980503,2426399.4611252504,6527.862006723909,-5948.702271876793,1097.2183408233602
2019-01-29,3447.03376969,2419832.6955200904,6170.731505746982,-6067.966793567008,1021.4393172729452
2019-01-30,3485.3190571,2402147.83632493,5981.187687584516,-7064.2645692272135,870.2513303412245
2019-01-31,3457.19185903,2396919.5984274712,5721.287285116217,-7080.708234480065,683.0194480608093
2019-02-01,3488.65467674,2370166.55247402,6024.565295359137,-9076.894578328725,352.8811828236119
2019-02-02,3526.76852089,2366530.520447792,5880.73166366053,-8971.974462847478,31.223029846751544
2019-02-03,3461.49672071,2365868.1732559907,5706.630186338494,-8621.786611699654,-260.6617928563663
2019-02-04,3456.78537352,2362558.9308940205,5477.030349951931,-8418.459171087008,-561.9085693787515
2019-02-05,3460.72479577,2360530.486616201,5280.308055078468,-8160.871239992541,-865.1884548108828
2019-02-06,3412.83264537,2362455.804219589,5310.393427423236,-7870.564559783707,-1120.122678287777
2019-02-07,3400.6012536,2369446.620007641,5634.185693406361,-7557.624364406127,-1340.2012811400207
2019-02-08,3661.6593387,2368036.9883520706,5829.439872719266,-7718.624742690387,-1536.1831765827344
2019-02-09,3671.81055872,2367457.7244722005,5727.966082101317,-7529.822886065694,-1716.616297550219
2019-02-10,3684.24956988,2369956.8501030896,5786.725453997233,-7277.623428971314,-1879.0602392725857
2019-02-11,3648.09335231,2364868.212720939,5638.8706361127515,-7369.617904898564,-2044.0535966749378
2019-02-12,3653.99110555,2358465.80405296,5473.549295540568,-7515.740657605992,-2197.2647448353237
2019-02-13,3631.34329385,2384544.9853779194,6997.947170513198,-7165.380353443595,-2131.8616234987308
2019-02-14,3616.36968624,2381988.989309291,6826.584491797657,-7153.2552004413565,-2058.0937491615773
2019-02-15,3623.22451873,2376968.7886688206,6596.61502346781,-7236.187727566601,-1885.753993527949
2019-02-16,3631.0060736,2378835.88898565,6444.480075611288,-6916.9412449814945,-1698.698162826753
2019-02-17,3677.11835448,2378108.6353905094,6185.124277083871,-6684.178274838727,-1526.1194179977315
2019-02-18,3915.15393,2390235.44165458,6958.762902384279,-6616.092882684144,-1291.5409293666448
2019-02-19,3946.15354458,2390145.360058809,6966.0876569426555,-6652.267744940534,-1063.3707081583452
2019-02-20,3996.90234514,2382481.667315791,6707.763714873814,-6925.77797987316,-896.0737890611218
2019-02-21,3952.2103642,2377991.0648389,6410.784843972891,-6913.638323098282,-794.603418212952
2019-02-22,4002.2913313,2390525.1271945704,6960.657541703366,-6594.383298509064,-633.499195843993
2019-02-23,4145.9880905,2385957.1439391016,6619.652872303142,-6582.329129019793,-502.1291567548695
2019-02-24,3814.93757504,2380846.4287575013,6618.979188031599,-6921.351373073806,-417.2344574740212
2019-02-25,3884.93555836,2377414.4847158697,6833.727752728155,-7344.738061542886,-330.110388904658
2019-02-26,3857.56107734,2373972.18206964,6749.6844357322825,-7456.114233708026,-234.6988486125379
2019-02-27,3851.0235527,2373826.674585461,6587.422844419459,-7256.457821475493,-270.5275481929405
2019-02-28,3855.67378101,2382713.5990875405,7024.620210678161,-7056.591222458455,-249.47756984555437
2019-03-01,3861.87069318,2381297.65848256,6972.085317561618,-7096.32096888856,-212.66778036185087
2019-03-02,3867.57418178,2381644.7395955008,6673.005930529511,-6765.820464238659,-185.5501635289182
2019-03-03,3845.59431118,2380734.23728974,6420.814242953544,-6568.067961466079,-160.42157215446676
2019-03-04,3761.00685915,2384115.1842391896,6488.0505548299725,-6400.090895478341,-178.61516932221699
2019-03-05,3894.06747372,2386907.19878989,6425.926411801305,-6157.696426359786,-181.87159264797427
2019-03-06,3905.40722269,2386210.22207747,6335.359285297889,-6131.476413047133,-151.73608284439553
2019-03-07,3911.06208338,2385816.903652381,6181.763159814693,-6017.693707386659,-104.09873059057946
2019-03-08,3898.25616475,2386095.4991027303,6191.060616282383,-6019.35609732621,-117.9965680361601
2019-03-09,3960.96525724,2387823.06402399,6244.020248122225,-5968.591702345797,-100.98908214379736
2019-03-10,3953.83492806,2388638.9786602487,6026.05334309674,-5702.579057954743,-56.28576284492563
2019-03-11,3906.12986299,2378674.1384558603,5678.539492316289,-6040.952839809761,-45.67169417912139
2019-03-12,3911.29620526,2377800.37729574,5640.894655149872,-6037.397856818441,-23.534080157180345
2019-03-13,3906.54189115,2380089.72810537,5580.075863126545,-5797.522130708549,8.722256233821836
2019-03-14,3913.51736755,2376064.5897745,5511.347192426113,-5982.639597560647,-22.657843291480983
2019-03-15,3958.66898443,2374372.46559061,5421.816375413706,-5974.4975657986015,-53.2610960813347
2019-03-16,4048.90849948,2373342.66447996,5180.841624521459,-5765.330809590702,-88.38071403562715
2019-03-17,4028.84888287,2372983.7661873293,4979.045762545364,-5548.955554785319,-118.57043358758573
2019-03-18,4034.67408291,2374244.7595027,5079.142483131011,-5526.992068196964,-156.84252247455618
2019-03-19,4070.48878613,2379288.2982079303,5320.80958421761,-5402.566616597164,-181.84159517606147
2019-03-20,4086.37824344,2380119.372116541,5585.429413825768,-5606.331050139362,-197.8976315020864
2019-03-21,4031.48944687,2380848.869840771,5774.795949284725,-5745.670961562069,-207.53652183818485
2019-03-22,4023.91043451,2381029.04636494,5729.715133137075,-5690.520042984604,-217.00148103844919
2019-03-23,4036.5766927,2381118.42122631,5512.364777733272,-5469.824369499632,-233.6363480057912
2019-03-24,4018.86969869,2378618.6498394804,5329.277769241054,-5393.1514806783225,-261.3040620471673
2019-03-25,3963.78397879,2374407.6629273896,5221.248601782317,-5561.596526596433,-259.72796042721353
2019-03-26,3985.08080287,2387354.3145349096,6060.993581881495,-5515.54153787334,-192.4454428788761
2019-03-27,4086.67786266,2386295.547392281,6117.325787184064,-5678.821688951784,-145.59184532071296
2019-03-28,4069.10714977,2389355.2863936904,6190.676656651792,-5577.423564874326,-68.12430982699874
2019-03-29,4098.37454059,2387356.19242361,6141.0677339396725,-5701.971112952709,2.7169624138483583
2019-03-30,4096.91963725,2386015.37020735,5876.482337634361,-5556.04697246386,67.35443028811582
2019-03-31,4104.23423312883,2385620.48338911,5692.451963485405,-5396.484743875605,129.20278827738412
2019-04-01,4157.46569937,2377154.44306745,5644.93747739571,-5933.104093870572,140.60871460531942
2019-04-02,4886.74969679,2378911.7791051995,6665.814686279996,-6817.614459139866,135.60566171386844
2019-04-03,4971.30774104,2376595.76171012,6696.8341473606615,-6992.915095035204,115.94999661665784
2019-04-04,4922.79878778,2386038.5809040894,7448.797396341958,-7095.618334573526,139.0967161913563
2019-04-05,5036.79302365,2388854.63730478,7431.48717093516,-6914.116286571958,173.25213006355142
2019-04-06,5062.79376134,2390666.579204149,7242.052102750817,-6638.376484053832,213.333216525219
2019-04-07,5198.89699014,2395309.2321509887,7378.573341819434,-6511.999234579577,279.7937750021567
2019-04-08,5289.91798137,2387998.70051582,7516.995757359473,-7195.562032946938,327.06389280406046
2019-04-09,5204.95837847,2382372.79790214,7445.7192879801705,-7520.774652773812,282.7419350325037
2019-04-10,5325.08155529,2379413.573254519,7463.131866385496,-7730.46518336756,232.3249768029079
2019-04-11,5064.48767243,2391493.84025746,8365.664682599796,-7809.82464492039,228.22404436733248
2019-04-12,5088.84997329,2393898.85122831,8386.275423110477,-7707.157323219693,245.36843571760545
2019-04-13,5096.58656276,2390719.6117446097,7935.80811256911,-7513.913851584381,252.61549970433612
2019-04-14,5167.32198286,2388240.1672363915,7796.3126573971695,-7553.227647692754,248.83819899680879
2019-04-15,5066.18715458,2386853.9057409703,7541.217405118019,-7406.7554957552375,279.02595084235475
2019-04-16,5237.59520905,2380544.8089230508,7314.634689590157,-7609.743362046222,268.78960087119805
2019-04-17,5251.66380021,2387161.366791001,7652.366436435474,-7486.697339531142,301.7717469125464
2019-04-18,5299.16459453,2387738.3501750594,7582.246411770443,-7389.156362389064,290.33681745632833
2019-04-19,5305.45513705,2388549.587438289,7533.7867204257445,-7299.486856787791,270.1174588330964
2019-04-20,5337.37851834,2387586.33334652,7268.460271858027,-7113.997338580606,238.0308384459848
2019-04-21,5314.5314532,2392292.531727949,7338.577170974831,-6888.671874487232,208.26878053510922
2019-04-22,5399.71139699,2395222.3053554096,7237.160114922508,-6621.930263036749,229.25421821176812
2019-04-23,5571.97722679,2391424.7786711804,7236.175019192342,-6915.128936380967,257.54717875498346
2019-04-24,5464.86664182,2387949.810830699,7395.088496208851,-7327.110008283571,281.4980219626507
2019-04-25,5210.59362141,2382657.90835895,7301.959377445593,-7591.306286832001,221.12752574366368
2019-04-26,5280.61484521,2367921.3311674288,7491.153585143223,-8743.6491800052,83.155118975609
2019-04-27,5266.45814395,2368471.284824439,7411.749047984343,-8544.081359388185,-27.861064766432083
2019-04-28,5285.13900822,2361678.687604119,7224.760001387386,-8693.243306718972,-150.1159444118609
2019-04-29,5248.20427091,2349466.0465825694,7371.578563612225,-9556.339050025044,-315.7746869672612
2019-04-30,5350.03250117,2345163.7185655893,7444.204965812079,-9770.136620929374,-460.83347144306344
2019-05-01,5401.02963619,2350171.430936809,7491.945299969941,-9328.967353331416,-603.8828393191925
2019-05-02,5505.28367176,2340221.4165912694,7176.862555140611,-9554.750761313995,-787.5241432873898
2019-05-03,5768.28940693,2348068.5072799195,7399.305698034575,-9095.528644553064,-925.4186297271357
2019-05-04,5829.93903031,2346962.83714055,7137.774909094939,-8794.627668470193,-1054.7983220594697
2019-05-05,5790.99875859,2348245.3749649287,7282.3526243426095,-8592.519344800852,-1180.5177518413152
2019-05-06,5750.26065528,2341439.7986600995,6958.54421673377,-8635.071576150129,-1344.2146955057522
2019-05-07,5843.49506628,2326126.31259506,6691.055237714188,-9276.713177505455,-1551.8364114059407
2019-05-08,5983.76061268,2326593.4991281503,6712.949293731244,-9095.084268663759,-1726.844515895783
2019-05-09,6174.13234808,2338416.725159759,7209.934850976497,-8645.045758806174,-1808.6848014988734
2019-05-10,6379.29211794,2373895.98366544,9437.476879808728,-8411.629826737762,-1645.9460409322344
2019-05-11,7212.29317912,2375621.38422706,9345.823793786145,-8273.339840145245,-1488.45916485761
2019-05-12,6972.37152291,2379512.4331269297,9334.98252441107,-8113.460907688228,-1296.3159561394364
2019-05-13,7807.13438133,2374217.95834329,9600.370777240336,-8813.24892054168,-1084.038645917188
2019-05-14,7994.41615632,2370701.2362729283,10008.72610730498,-9508.527179076902,-882.1721756782329
2019-05-15,8205.16749484,2382312.7925212,10679.462833714648,-9438.506750817107,-662.3165945168748
2019-05-16,7883.39290525,2386712.56396694,10670.201168382335,-9218.657394628633,-388.78573880779766
2019-05-17,7332.33362812,2392500.687581549,10823.120444456183,-9082.471347978724,-143.294878593802
2019-05-18,7272.8703646,2394295.8253250406,10420.816303917107,-8676.53463097214,99.64329514335589
2019-05-19,8197.08154991,2400825.93071196,10488.07906575196,-8355.19581187533,345.5754361672747
2019-05-20,7977.28172834,2391477.01716011,10166.821103725164,-8799.39097023031,563.0009713752179
2019-05-21,7964.08716828,2394954.96103628,10018.238554248153,-8510.107504574959,855.4144706226791
2019-05-22,7684.84214611,2401122.8767807595,9938.111101714943,-8119.327739054626,1155.480066165024
2019-05-23,7881.84672105,2414287.47465052,10554.809146253288,-7979.6381497863185,1441.9287736147842
2019-05-24,7987.37156583,2433442.571414129,11463.117213630401,-7782.6178326872305,1631.5467970342272
2019-05-25,8052.54385907,2434828.8191576395,10982.926386983036,-7455.377115202081,1806.9086054728023
2019-05-26,8674.07240318,2437762.41615126,10731.4716605115,-7301.9258739412735,1964.624617604758
2019-05-27,8802.75819975,2442286.12040814,10623.805686970067,-7121.316002379191,2158.5794624542023
2019-05-28,8719.9617362,2441606.86096025,10268.928412216068,-7045.22200312391,2353.1157110873505
2019-05-29,8658.62021569,2445869.43581292,10141.989340636992,-6849.025035306318,2499.687726975432
2019-05-30,8313.21305379,2443827.0172880804,9912.14832859586,-6974.87621194323,2605.811180039641
2019-05-31,8584.03749936,2454321.9443181395,10392.704916878136,-6951.589139331682,2727.2730858302843
2019-06-01,8567.49579932,2458351.5442885896,10177.426762532257,-6697.078705458903,2851.277827553741
2019-06-02,8744.99858488,2460192.6425668783,9800.821657164775,-6404.163585343644,2941.5474574069203
2019-06-03,8214.54501611,2487161.904525319,11230.170936545124,-6262.005938949402,3198.742804842697
2019-06-04,7694.79046347,2459543.4275274496,11067.847728683451,-8272.12553078544,3290.7136011444695
2019-06-05,7820.49742937,2472634.0013568094,11660.756408712556,-8178.71076871708,3409.518049525552
2019-06-06,7823.96826187,2414587.3787396317,11419.59981320839,-12039.465390357946,3181.3011514100867
2019-06-07,8042.62455272,2413302.147714829,10945.966743498499,-11610.190017158082,2870.9638189384614
2019-06-08,7941.75919036,2414441.764008769,10452.97627516459,-10996.943577650874,2580.1412064908013
2019-06-09,7686.70517038,2412808.1830346705,9965.418809076284,-10508.287023003482,2296.397349312414
2019-06-10,7994.91667422,2410475.8875287203,9513.545744611196,-10175.709111339911,1998.9221313610146
2019-06-11,7923.19557195,2473354.8707766184,13354.816587649118,-9780.903513402587,2023.9368931577558
2019-06-12,8139.61233897,2475190.64220802,13071.38847436051,-9613.35150963708,2035.7277974000958
2019-06-13,8226.39499438,2474172.891607671,12692.246685784477,-9532.595558732606,2051.612012428613
2019-06-14,8690.3978563,2472359.76267591,12448.461956120182,-9620.329499655767,2007.8274894941815
2019-06-15,8839.69426128,2471731.097720521,11908.083905347505,-9310.404609673387,1944.7797208228073
2019-06-16,8993.51985508,2474330.0468137404,11966.409396057668,-9124.87211388049,1905.128235848239
2019-06-17,9323.18877291,2469517.6641211496,11766.997368666485,-9435.721418140456,1716.7790182004035
2019-06-18,9070.351716,2466219.6978979004,11555.701652034724,-9599.70851309376,1656.798371132043
2019-06-19,9276.77182364,2482421.02719196,11982.920775629742,-9077.238559680842,1615.6295551287162
2019-06-20,9527.85336616,2480683.3810437517,11682.874282991092,-9086.747291319452,1845.3433100445159
2019-06-21,10118.5985274,2476331.2623845395,11262.863194594349,-9129.952579648156,2045.1385878020715
2019-06-22,10694.29348,2474739.62646159,11129.636608507397,-9245.029096087612,2218.6082174382195
2019-06-23,10842.5148341,2477811.7844906417,10982.109061166233,-9081.924847637772,2393.111962256481
2019-06-24,11006.9875879,2480395.4775894694,10855.902223906489,-8910.150751357924,2579.39159363343
2019-06-25,11784.6041669,2489898.890843441,11221.572330931385,-8771.976739621394,2499.083201995106
2019-06-26,13003.3251831,2496154.0516619803,11912.145575067963,-9208.845635275966,2445.173414500003
2019-06-27,11151.3707985,2507505.230318912,12171.97903620743,-8892.153848606235,2453.7572759678123
2019-06-28,12392.3293102,2521036.5319047915,12670.754954217604,-8707.498006731152,2534.8375967551015
2019-06-29,11958.9651413,2523229.4775163517,12225.596375479097,-8380.360183721077,2623.9488036182374
2019-06-30,10817.5692473,2523923.1677465606,13131.833566629157,-9488.940438974338,2681.18850686664
2019-07-01,10590.7580719,2526203.608652451,12911.918329979211,-9359.855350442043,2768.3875803674355
2019-07-02,10810.4966905,2535368.389566368,12997.5473771386,-9071.30320197591,2909.1197972404157
2019-07-03,11953.3879742,2535251.41407028,12644.706767374695,-8988.010570295517,2962.7636530354353
2019-07-04,11212.6101976,2549925.111301017,13221.361398133713,-8830.19846547715,3090.9805059629302
2019-07-05,10984.1057812,2547165.171330919,12682.754207238131,-8768.331468098671,3218.231371976735
2019-07-06,11209.2110757,2554439.873884371,12492.721181168923,-8354.279787742096,3379.2195063343806
2019-07-07,11451.3503881,2553050.816681571,11884.237159867662,-8273.782339522622,3501.381692535564
2019-07-08,12285.7323738,2583373.4637157,13412.421308700485,-8021.153674103114,3747.4899898247645
2019-07-09,12560.6272457,2587466.866574168,13032.87338943245,-7728.130073243572,3951.429113030399
2019-07-10,12152.5890505,2592391.085004491,13005.675763124289,-7726.300772660003,4135.434473792706
2019-07-11,11345.7367321,2607906.5478036595,13522.979302096004,-7561.198457718002,4327.002734991049
2019-07-12,11816.4282932,2617613.448245529,14012.186917793604,-7800.731433582808,4487.588344757073
2019-07-13,11373.0446962,2599826.5021522203,13226.471963514701,-8614.909917805287,4542.325905753601
2019-07-14,10258.343575,2601711.8587369006,13402.81964566706,-8968.611297359601,4598.848421514504
2019-07-15,10902.4940933,2590661.2980888383,12836.238598665252,-9434.34818344896,4588.121809777298
2019-07-16,9493.31755974,2601237.183780151,13045.418041755565,-9165.261274799694,4584.829852048239
2019-07-17,9694.45068639,2599557.038338652,12710.576639677862,-9201.106686619049,4574.31369176107
2019-07-18,10663.3319664,2608059.9731875504,12757.37016061001,-8915.002547828446,4535.114026055713
2019-07-19,10533.9668428,2617731.730192391,12785.028903418672,-8554.035331166548,4557.726228420904
2019-07-20,10770.4048064,2614379.924682511,12197.62925014809,-8472.155616704777,4528.228531279224
2019-07-21,10598.6005555,2616843.62949045,11734.737922368218,-8072.028877291792,4531.9609759028945
2019-07-22,10339.5348432,2615825.988772371,11192.352416115004,-7841.666688582338,4386.205125398273
2019-07-23,9900.10969969,2610935.927800409,10739.86599718734,-7938.563382954184,4207.387932401435
2019-07-24,9821.99302633,2615723.185587449,10700.538712424184,-7766.8390866705695,4039.839692064959
2019-07-25,9912.80914244,2612511.679881921,10246.111877676572,-7722.092607341867,3794.285293919009
2019-07-26,9872.51472048,2612520.0403492395,9975.117119158132,-7618.808435691076,3518.9176652944557
2019-07-27,9457.60326361,2608319.725097761,9589.217004834918,-7670.016583697669,3326.6061206821582
2019-07-28,9555.36758424,2608297.3843031703,9257.89119231793,-7343.286852229157,3146.634405809395
2019-07-29,9521.49191299,2606057.3125864104,9008.7096463574,-7371.083710058547,3020.61551445815
2019-07-30,9604.74200395,2602256.9377199807,8779.881020529572,-7504.788471079311,2834.5394989220345
2019-07-31,10085.6277491,2602464.928439168,8488.986625222267,-7285.034197789358,2669.8596756630413
2019-08-01,10399.6694229,2603698.3828541297,8259.200790627447,-7053.281564026068,2481.541933793028
2019-08-02,10518.1746772,2612429.7216455103,8570.428483423617,-6862.814619170331,2301.3005260788254
2019-08-03,10821.7265103,2612306.1429932807,8377.999393580045,-6792.465030425638,2148.4477210581895
2019-08-04,10970.1842157,2615072.536634049,8191.552047022705,-6656.9403986939315,1996.4407641476428
2019-08-05,11805.6537253,2600323.28476318,8065.85860393586,-7616.837856887002,1789.1789798273708
2019-08-06,11478.1693461,2592300.8486833186,7755.0981210881355,-7870.841162499866,1580.818575852736
2019-08-07,11941.9683406,2595049.6663758494,7637.8586084462595,-7562.630934261873,1376.6420078835056
2019-08-08,11966.407405,2595456.00417623,7442.605466635172,-7345.303784037752,1203.3050373308427
2019-08-09,11862.93676,2601194.8452490903,7510.207253840159,-7036.802945225228,1068.811867698548
2019-08-10,11354.0242177,2603232.6159268287,7530.450687672151,-6952.755287782212,972.9900804665975
2019-08-11,11523.5793784,2602890.136206029,7165.373907846672,-6641.890182669401,873.6243222586332
2019-08-12,11382.6159562,2601513.024103772,6909.623366456896,-6512.846029775441,784.9922794288192
2019-08-13,10895.8304358,2606115.156050571,7023.594908166436,-6346.460597477078,742.2809766601833
2019-08-14,10038.4217089,2611654.539358899,7136.524107844671,-6135.239863979271,727.8046778339327
2019-08-15,10311.545429,2613561.3033806207,7103.454838376362,-6041.8052759873235,717.4997018187657
2019-08-16,10374.3393471,2598292.049364129,6804.269385655941,-6831.346728525503,593.5931870242766
2019-08-17,10231.7438454,2600797.62707544,6739.547372026208,-6597.781044617137,490.46689875675287
2019-08-18,10345.8103795,2602981.93820633,6519.755585850459,-6269.079604875992,398.75720823144553
2019-08-19,10916.0538702,2601575.553529479,6321.392394629096,-6181.18712417626,376.69895990315854
2019-08-20,10763.2326304,2603679.92740019,6214.44335967382,-5943.29351587051,404.33416598994734
2019-08-21,10138.049355,2608512.6073899413,6448.066012840899,-5872.814159307804,440.0501788005696
2019-08-22,10131.0561021,2610224.0770637384,6343.991460097506,-5692.991751879952,479.6000377734365
2019-08-23,10407.965329,2611483.6931232405,6270.59181949767,-5579.01768786129,495.1835965606831
2019-08-24,10159.9605385,2610548.8043641285,6146.940511321162,-5563.7972390678715,495.57273030092273
2019-08-25,10138.517665,2610239.804799119,5902.316685243753,-5320.7296021413495,499.72297015271806
2019-08-26,10372.8263035,2608947.8467988307,5971.421765328168,-5514.737687785261,504.00202307139335
2019-08-27,10185.4998997,2608244.2746376893,6074.893782045622,-5695.560120414909,482.7305481386332
2019-08-28,9756.78570735,2608217.16710006,6014.807347347913,-5662.569765667914,436.3700722682476
2019-08-29,9510.20054413,2604088.1147121005,6021.633620756058,-5968.14870371872,364.35831188598337
2019-08-30,9598.17364826,2604591.65141624,6118.527770600316,-6035.039401089473,372.2558627702981
2019-08-31,9630.59319616,2604591.58152878,5975.818705324961,-5897.900886278837,367.69525503008776
2019-09-01,9757.97031807,2605455.5873672795,5768.856102765299,-5666.812415755582,357.0786626040342
2019-09-02,10346.7607927,2605812.090103727,5707.331659002279,-5588.324035363208,355.5645449744796
2019-09-03,10623.5401172,2612184.931010458,6048.733876040793,-5512.804033528994,374.47740202508584
2019-09-04,10594.4933536,2622434.7144046505,6561.264531412075,-5377.744452121727,417.925132436318
2019-09-05,10575.533284,2632215.353399499,6975.250528588601,-5218.589188260944,496.90096330132513
2019-09-06,10353.3025592,2639406.09588391,7070.125644819355,-4951.1922282195455,598.8551979415699
2019-09-07,10517.254784,2639289.767606631,6958.562421530063,-4988.64645118891,697.9103906621315
2019-09-08,10441.275979,2639069.2551452606,6635.561122548063,-4811.88038098765,786.6313662662749
2019-09-09,10334.9741628,2638306.66724214,6697.763170258189,-5046.50033834314,871.9584201499993
2019-09-10,10115.9757913,2633722.8021028107,6380.041260206309,-5144.453626374264,933.11941816438
2019-09-11,10178.3718893,2630722.437860078,6136.2081738725565,-5183.017331811315,976.0446510487545
2019-09-12,10410.1268031,2631172.985703368,5996.59642467572,-5076.915115865892,1037.9158218896466
2019-09-13,10360.5472773,2635055.4178740093,6135.132532496003,-5017.934499564167,1111.7522264197178
2019-09-14,10358.0491621,2636143.786050469,5914.603306560938,-4799.327264060554,1185.8492423807363
2019-09-15,10347.7129074,2636271.5188862896,5724.339620541541,-4789.4731251531875,1245.3365858363534
2019-09-16,10276.7935649,2639318.0390108908,5839.256104242105,-4763.612700239641,1313.6677130051671
2019-09-17,10241.2721545,2637777.994228619,5742.042330222629,-4840.778138638331,1339.763023653203
2019-09-18,10198.2484072,2638124.9053304917,5648.777353275785,-4784.470034339109,1316.9621121993694
2019-09-19,10266.4149694,2638850.36964744,5777.167949577403,-4922.116830773163,1252.5613820905537
2019-09-20,10181.6413094,2644139.54883158,5809.007805231574,-4658.348148738285,1183.3989706543734
2019-09-21,10019.7169101,2644993.23360536,5641.1361463388,-4510.274815359733,1123.4664964142246
2019-09-22,10070.3921064,2645153.249978711,5410.085674118883,-4347.727340315086,1069.0863244316092
2019-09-23,9729.32376435,2643987.3778183414,5307.446701500293,-4393.637067308081,1016.4110960228352
2019-09-24,8620.56642733,2699051.69641276,10063.435882488939,-5539.592317614876,1251.2865196686937
2019-09-25,8486.99297206,2723983.65781692,11296.220734807011,-5411.835980647218,1603.5146562471616
2019-09-26,8118.96756783,2725396.283928609,11172.523735139877,-5586.256223811404,1936.8422421413504
2019-09-27,8251.84555744,2729528.535054989,11040.297306793218,-5550.964221127975,2249.1376030508795
2019-09-28,8245.91515478,2727970.2598111,10501.007701466337,-5481.515171104777,2528.010209326678
2019-09-29,8104.18567564,2723098.996423701,9941.48249604191,-5567.473693531123,2773.6632312639945
2019-09-30,8293.86774062,2716894.745113991,9627.633069283786,-5958.841607587718,2958.888092527823
2019-10-01,8343.2766814,2718846.8827022603,9394.135042880203,-5839.7871727458705,3148.3940695671113
2019-10-02,8393.04164486,2715099.5555854915,8895.050204848187,-5827.480667174145,3305.7699423340655
2019-10-03,8259.99197863,2713454.3952729204,8573.94616924698,-5820.558621589204,3441.3654015378893
2019-10-04,8205.93924121,2714587.67512862,8435.379675950515,-5789.9993077565905,3548.1311666593633
2019-10-05,8151.50052921,2714290.0287780515,7990.630524872478,-5541.451937929485,3642.2966849425006
2019-10-06,7988.15595888,2715371.872992461,7710.4817088769805,-5391.845413436184,3732.030825059429
2019-10-07,8245.622933,2712528.428531101,7415.189147443847,-5440.691569123108,3807.794249640038
2019-10-08,8228.7831528,2718710.73835632,7615.244627619592,-5360.226232838892,3645.735308919083
2019-10-09,8595.73981722,2719520.85762398,7529.089760706282,-5370.397974400301,3379.61438264381
2019-10-10,8583.1788414,2724052.89347047,7668.103304087197,-5351.188580435613,3146.0891835240323
2019-10-11,8321.11873109,2722228.036991363,7586.310473687388,-5545.513830219904,2899.765151938477
2019-10-12,8342.69554698,2720215.2340674098,7230.319112293559,-5459.7624399872475,2667.6983049345304
2019-10-13,8323.08261224,2721529.4005138306,6976.870236804659,-5271.73957955743,2477.0641517014183
2019-10-14,8371.9891356,2721849.4281082302,6964.9014090563505,-5352.110955998936,2330.206936798657
2019-10-15,8208.03348086,2726982.178752111,7044.827289179259,-5197.372823400345,2208.2859793446983
2019-10-16,8057.29564754,2723893.9135963307,6872.063052353981,-5353.656561345655,2097.631476011433
2019-10-17,8102.95289694,2725958.4900460807,6731.971204368381,-5177.153382777282,2012.019352720956
2019-10-18,7977.41883564,2734805.64116836,7252.12545581916,-5211.152080848795,1968.8474246335588
2019-10-19,7990.31255402,2733450.0291303303,6848.28098385855,-5033.746636421551,1923.5156932402733
2019-10-20,8218.07286805,2732893.3493279703,6624.729376165987,-4855.529305382112,1884.2702486219218
2019-10-21,8236.27737182,2729780.9706984395,6386.360968282917,-4942.599477519976,1846.3605280820796
2019-10-22,8080.61566695,2735749.1258507483,6614.1381204760555,-4868.750385609976,1809.9583380881784
2019-10-23,7506.16004227,2739506.6378363017,7319.550806400318,-5440.021454821978,1790.0181641790614
2019-10-24,7497.31006854,2759515.90709642,8599.604997694298,-5511.426318879844,1845.1084466906952
2019-10-25,8656.17219802,2773580.8675248404,9475.702296122015,-5655.738167333856,1972.1918384993153
2019-10-26,9248.60509745,2780610.362301939,9813.441131843214,-5779.508293167599,2133.8615646685516
2019-10-27,9559.52904735,2785603.774030219,9685.245678577663,-5575.867580595091,2305.5935247210764
2019-10-28,9266.54148344,2782932.4377762303,12591.963299192492,-8934.632824674754,2451.632097682528
2019-10-29,9429.56422378,2780626.35095932,12132.868913029659,-8873.09959127377,2552.511730252312
2019-10-30,9209.14008588,2780623.956262632,11650.312192569681,-8608.02047204352,2661.360675217872
2019-10-31,9190.15935841,2784624.3232598905,11387.823210547702,-8281.659804905958,2772.171074078633
2019-11-01,9260.4172551,2784406.57004508,11024.095954120521,-8139.5269898422175,2832.427901886343
2019-11-02,9324.92966758,2787241.25648393,10581.95466319915,-7700.71120061607,2908.621410111063
2019-11-03,9235.20529549,2787695.707364941,10029.01682498254,-7347.979534504331,2973.7526400892298
2019-11-04,9414.27063268,2788063.826130168,9836.00222987837,-7309.159507750043,3051.1155851867575
2019-11-05,9348.12927384,2705442.628100069,9910.086222899146,-13059.779550919377,2701.4669378377353
2019-11-06,9357.01438149,2722475.080664951,10764.475668381203,-12568.692603541422,2438.342203070695
2019-11-07,9267.47944726,2726816.9171872498,10596.37971927179,-11990.859757267992,2118.152294727077
2019-11-08,8816.95087372,2720353.8145982097,10330.689991524336,-12063.078199590125,1721.555699237509
2019-11-09,8814.88268835,2719506.5935880905,9913.22795698938,-11586.605018525448,1313.8907063652462
2019-11-10,9058.22603921,2719203.237102919,9419.405389315421,-11046.714412427087,904.1273405728009
2019-11-11,8756.31731395,2719535.62502676,9103.240831059062,-10599.903391040618,535.9849809657088
2019-11-12,8812.71866317,2724713.537432122,9379.64353768646,-10431.33443331191,228.02353686704214
2019-11-13,8817.26151868,2743527.9403563994,10148.293555325357,-9875.578196290448,30.19665390338134
2019-11-14,8710.28507816,2723856.9900436,9691.383668039673,-10748.246020460416,-267.1623288153679
2019-11-15,8491.55733354,2730032.983728969,9833.242734296355,-10407.914684197722,-514.2509655424872
2019-11-16,8546.7319707,2729976.683679441,9305.942167177267,-9846.055990387209,-758.6336288134172
2019-11-17,8572.18503827,2729207.845364501,8839.319424658115,-9431.82821398339,-992.4583487993801
2019-11-18,8311.81088865,2739113.996290001,9384.5514291109,-9277.149570781165,-1165.2755533564225
2019-11-19,8203.93739828,2742174.019595811,9595.951320779506,-9291.708032617746,-918.5657950577087
2019-11-20,8027.77939437,2752148.7375104525,9858.265779700205,-8909.324183106566,-721.9116142181472
2019-11-21,7640.63676782,2766385.92298029,10307.315856728861,-8472.491335252129,-491.2470028272231
2019-11-22,7304.96236288,2785794.9240371697,11477.693574290939,-8471.257283787318,-152.75953864369365
2019-11-23,7384.69785526,2791102.266475399,11395.931134766877,-8236.101101081498,192.46953958640964
2019-11-24,7046.14174647,2793807.0475464487,11201.476974747078,-8094.34353857073,530.6440009641249
2019-11-25,7150.12871408,2808927.9160630694,12102.25428485661,-8194.205176650681,916.694834406088
2019-11-26,7223.03582563,2814944.0849485183,11960.936190434832,-7912.34576374597,1281.0006431428249
2019-11-27,7539.34651048,2831572.9676746265,12730.505177331179,-7843.228597347571,1610.612158924875
2019-11-28,7465.22589107,2828831.8195936694,12442.509491233097,-8063.7945553124,1998.8676795206923
2019-11-29,7762.17959453,2832478.1469714,12428.840294575562,-8098.951195867573,2349.193468707075
2019-11-30,7567.97497695,2818544.27409724,11689.32596627519,-8577.02099909174,2610.080525163746
2019-12-01,7425.85766438,2812381.160326818,11193.851024092175,-8699.14063941562,2830.5961804495914
2019-12-02,7325.33487256,2814657.1258543306,11151.827344926698,-8671.699950727912,3000.0765758688094
2019-12-03,7323.81210021,2813072.163057899,10703.331003334246,-8494.209621844047,3136.1392968208406
2019-12-04,7260.10003443,2817786.2975216703,10782.807910341293,-8406.68565669911,3238.080772324308
2019-12-05,7447.6673282,2819290.9715423905,10514.138117044542,-8196.112412263836,3272.5951425603057
2019-12-06,7544.37903416,2820661.7415201208,10168.888449539572,-7914.013126562245,3218.9122163084276
2019-12-07,7552.29963464,2824147.7115959995,9899.418561110266,-7562.470254606095,3160.1349500811984
2019-12-08,7566.18173083,2824377.843718941,9518.94652610825,-7316.725965175024,3095.4983161352607
2019-12-09,7401.01158117,2826773.8802018394,9514.2019528177,-7299.060330420024,2974.5763528632424
2019-12-10,7274.46261839,2818795.6155474503,9215.495264939187,-7679.914060994025,2795.0756940958354
2019-12-11,7218.25648469,2817964.99463747,9083.98560748324,-7706.1512111330885,2544.4012524077316
2019-12-12,7244.48940003,2816089.2698635985,8780.24463430636,-7619.3141826375495,2314.559503532597
2019-12-13,7267.35915452,2821433.436144529,8814.806348637268,-7374.993508351044,2108.125485073899
2019-12-14,7130.35799572,2821134.121164642,8451.760472232785,-7127.889486624979,1980.380200675639
2019-12-15,7157.82998088,2819682.7499555903,8037.9351403372675,-6905.466967706642,1883.077185529501
2019-12-16,6930.50585768,2825301.814134229,8066.667590252116,-6635.093017220866,1808.1805554461055
2019-12-17,6611.51046846,2829709.99882792,8097.805070087306,-6467.789822345474,1766.8158316069366
2019-12-18,7270.46966975,2832975.5720991613,8121.948053196154,-6382.895603887777,1721.3108455830934
2019-12-19,7204.0210376,2846127.5847838805,8630.644394756411,-6130.727929753925,1734.303042741792
2019-12-20,7217.26972298,2845546.31178852,8491.16329715132,-6196.659462839667,1737.133650694244
2019-12-21,7189.90636821,2842302.834633331,8043.383178439231,-6118.078076761025,1707.7305646352465
2019-12-22,7512.80063541,2841443.788848758,7732.323054836615,-5993.821345574957,1674.6077895158487
2019-12-23,7355.16830714,2845632.5868503093,7892.2985388115085,-5990.443743397289,1652.2301590170302
2019-12-24,7309.21393158,2847193.312075391,7729.407558120069,-5850.294734061471,1676.7681318822754
2019-12-25,7280.45240018,2846831.989376161,7377.847697010731,-5648.097241171369,1701.9049932743615
2019-12-26,7240.0270056,2850168.825075939,7316.625592569348,-5479.736120467277,1750.1877804481653
2019-12-27,7295.60723294,2852741.065190301,7381.461232182066,-5495.548383929459,1782.052066731478
2019-12-28,7319.89084853,2856392.215892679,7283.293825974593,-5279.698454113496,1830.603808606713
2019-12-29,7419.17941527,2855196.2666224595,7111.823063110956,-5263.604000721931,1881.728872160884
2019-12-30,7300.67426507,2859308.084985801,7264.4819870408855,-5265.3563045884675,1922.2682371195388
2019-12-31,7197.52710917,2857843.6394844903,7030.649706470825,-5262.428769602567,1932.1400720571405
2020-01-01,7199.66110087,2859853.85200146,6821.234186452102,-5036.88047757706,1935.375876311902
2020-01-02,6985.65902257,2860435.335695992,6670.295635415962,-4966.133260830592,1878.5362984249648
2020-01-03,7347.59737791,2861320.6624267097,6551.2951013115635,-4901.721769650548,1832.4698339499193
2020-01-04,7415.20244546,2857119.359561031,6289.433455823458,-5029.918537318512,1784.913392294686
2020-01-05,7410.81254092,2858916.572415777,6202.061427924558,-4855.5666470032775,1756.9128974132307
2020-01-06,7770.52843473,2862982.6160495905,6388.397081406256,-4860.599043625724,1730.194557582253
2020-01-07,8166.96310003,2863583.869117059,6251.467335903169,-4785.438962810005,1700.6885253704365
2020-01-08,8082.95054727,2866312.940062881,6443.575097774299,-4893.343886499339,1687.8657221872652
2020-01-09,7880.28824913,2869601.1632622,6551.534781993343,-4885.43743818205,1675.6662844522098
2020-01-10,8164.65571526,2870705.816858212,6507.556408625119,-4878.888648000581,1657.291635335919
2020-01-11,8029.64210795,2868801.6394877,6277.215889630111,-4884.071137747877,1613.688019623143
2020-01-12,8185.64036985,2868805.062674801,6002.462836030771,-4712.05285513402,1573.8445138022662
2020-01-13,8148.31886082,2869631.54464216,5973.84569838272,-4714.364251721746,1521.012782674306
2020-01-14,8827.76442606,2881804.5997743807,6691.800252012538,-4704.747226314298,1536.6436461621618
2020-01-15,8807.01027532,2883409.837743559,7054.523452619701,-5092.924764022677,1549.304001856589
2020-01-16,8723.78576573,2882877.9328323,6938.286368061721,-5142.921252788499,1555.8184833342928
2020-01-17,8929.0376776,2883895.118038401,6905.179067048272,-5161.692612386596,1562.5265635486255
2020-01-18,8942.80890321,2888443.7610056307,6961.545439435716,-5031.048550602823,1610.4538471434787
2020-01-19,8706.24512993,2889938.3536738795,6931.233569629336,-4988.336962168631,1653.0539776105802
2020-01-20,8657.64293942,2887278.255298179,6728.557122600714,-5092.526847350724,1660.7848517155412
2020-01-21,8745.89478833,2886995.32993781,6566.397260644665,-5058.297361102671,1663.7899607476002
2020-01-22,8680.87604222,2884107.08167786,6311.188590075688,-5096.178567833162,1639.845590102426
2020-01-23,8406.5160678,2888172.2610716503,6480.879605650643,-5075.85829197162,1621.1973022358352
2020-01-24,8445.43428152,2891391.371817958,6488.562122509266,-4962.601513321513,1613.8610771332076
2020-01-25,8367.84777344,2890145.474555962,6188.472273676644,-4847.302189234743,1610.1486008874697
2020-01-26,8596.82983316,2889744.2323656483,6239.274490723537,-4991.911891265096,1607.0737879275907
2020-01-27,8909.81917753,2887320.813907878,6131.688000503965,-5129.044138194089,1588.7282461882269
2020-01-28,9358.59031703,2894535.2532514893,6430.8820900883675,-5014.118529025149,1547.993284428583
2020-01-29,9316.62950445,2899630.1820566994,6592.65043216581,-4930.675854826136,1526.591562195915
2020-01-30,9508.9935947,2901012.74843024,6605.742743576759,-4962.395379823728,1515.7331513730444
2020-01-31,9350.52936518,2897222.45104002,6354.649963001641,-5073.54558284682,1482.7058603368407
2020-02-01,9392.87536841,2896561.0698557715,6067.573842988866,-4915.968500461033,1427.07074988648
2020-02-02,9344.36529292,2896356.457603509,5918.59988478894,-4808.182381913626,1367.6079567018094
2020-02-03,9293.52108908,2895930.412066179,5836.974211073676,-4828.987577545382,1322.7476965788317
2020-02-04,9180.9629665,2901647.9866003986,6038.544706620758,-4716.585546379691,1309.4519294859087
2020-02-05,9613.42428895,2902253.2040634984,6085.96880319004,-4811.7924227583735,1313.6780979279904
2020-02-06,9729.80223149,2903742.6432562605,6106.509648726705,-4817.982414139815,1305.3570922785527
2020-02-07,9790.33384641,2906823.4233903303,6254.727425958925,-4846.71666473983,1296.9321031379345
2020-02-08,9866.50724373,2904743.43415254,6088.64889794766,-4913.171469995844,1285.0969133886429
2020-02-09,10119.1248203,2904498.090055,5957.551617228488,-4926.955624309453,1269.6135843501138
2020-02-10,9865.59260896,2897870.1497183708,5942.923852393255,-5422.896948110821,1235.1409444910107
2020-02-11,10205.1323621,2900487.2689551003,6273.206251824371,-5613.373192045434,1181.074480113562
2020-02-12,10322.7164894,2905974.0640411205,6437.825879574743,-5456.195351379739,1132.4784766032285
2020-02-13,10205.6192109,2910745.070440619,6567.963232495096,-5333.707646213089,1103.2576353552984
2020-02-14,10300.0506266,2903131.2339894404,6408.884943183424,-5764.502159398883,1057.7775213288498
2020-02-15,9891.83650918,2902311.5883039385,6261.704359746533,-5714.923473914289,1014.5757744220218
2020-02-16,9943.25998095,2898699.22625735,6063.71007718343,-5848.7853868460115,950.6120020978864
2020-02-17,9686.04920977,2901282.71506337,6232.304586001203,-5859.4756212849425,905.2435971827409
2020-02-18,10147.0726363,2900930.517056829,6113.025967551791,-5788.532134252616,833.9960738297485
2020-02-19,9635.05008713,2899515.3603644203,6050.970461449674,-5842.453329864442,757.8775560550032
2020-02-20,9618.25906453,2897177.309510269,6067.051627596356,-6028.305695060148,668.6074630513832
2020-02-21,9690.95528682,2893263.925497871,6047.222948299932,-6271.952345426133,551.9831660267193
2020-02-22,9660.91488832,2893519.0960610798,5797.3705611672685,-5990.10662760439,454.2536307132238
2020-02-23,9920.86796684,2902921.949807849,6318.737596424119,-5873.421008647436,412.44795891734157
2020-02-24,9645.39833042,2904596.473865261,6410.634296902512,-5883.370544483604,412.9648766413753
2020-02-25,9346.53346695,2900671.834855161,6469.7041867236785,-6239.233951806033,382.2961034369973
2020-02-26,8824.33122732,2898856.64029418,6588.482437023434,-6494.389855165626,318.9005358414832
2020-02-27,8786.87893969,2900391.627811561,6502.762452731205,-6312.610208505256,244.32172569462173
2020-02-28,8689.11524591,2900236.6739594587,6619.372555255123,-6452.227384117573,210.23332479126532
2020-02-29,8615.22772355,2899504.6425321777,6380.870275010781,-6273.670210434399,178.83469470156103
2020-03-01,8563.41168611,2900742.5231353305,6239.441138048063,-6111.222370900105,172.6414144737426
2020-03-02,8865.83955705,2902528.3709023204,6446.34916089753,-6207.621793760098,163.0627289323978
2020-03-03,8792.35171065,2900550.9452618198,6429.934877502356,-6338.951044207427,146.38344321780878
2020-03-04,8742.61166128,2891766.48739679,6362.128981665534,-6862.841261592263,95.724199538383
2020-03-05,9077.87946386,2882935.8798377914,6227.9755558905,-7284.014187755444,17.52530208115772
2020-03-06,9120.74845437,2882701.1224168204,6320.244021256465,-7321.5305723950805,-37.943066062586134
2020-03-07,8909.75828069,2883746.1682303096,6099.569451306037,-6964.433844802746,-85.95223228112802
2020-03-08,8110.25607808,2886746.5599639784,6246.880769086967,-7022.601420772572,-173.16917795700564
2020-03-09,7916.62214092,2905457.7774803503,7340.060093806508,-6816.6515342884,-173.44454887849116
2020-03-10,7915.61754792,2904270.778673949,7171.576979272737,-6762.195577482502,-160.66517981616315
2020-03-11,7912.81530473,2912860.5182607397,7630.062079021888,-6675.323464898334,-99.19046322575254
2020-03-12,4860.35383012,2929361.9408928803,9352.436753916432,-7361.25253859178,29.454677567012084
2020-03-13,5547.0651614,2969993.3779728,12760.842248884674,-8193.641175920331,343.74438484035437
2020-03-14,5195.85517452,2981639.4517128584,13674.301202862362,-8635.175285424973,696.0248029018545
2020-03-15,5391.06024919,2982537.354579078,13487.157814175533,-8639.133433485971,1033.153775297683
2020-03-16,5014.86830377,2974789.314248641,13571.566308439164,-9563.279575158238,1302.4080157365038
2020-03-17,5237.76209482,2967178.4656875813,13784.038916579218,-10550.361202921025,1526.8861500481653
2020-03-18,5237.91386092,2958197.747632099,13406.423441662608,-10987.038779280289,1735.46450307024
2020-03-19,6193.29577035,2958581.9356729197,13507.1156184111,-11223.4107307996,1974.0176116042715
2020-03-20,6186.21871982,2985548.0274158507,14768.21580617436,-10839.018461541626,2326.195032730796
2020-03-21,6172.9672775,2979325.936365482,14460.149299492068,-11207.704514526185,2620.2885454781235
2020-03-22,5833.51061024,2979756.22652999,13745.704991441266,-10683.203847839104,2894.447245141535
2020-03-23,6431.81003808,2995135.6495329915,14348.473948506513,-10464.844680944494,3134.4630100018135
2020-03-24,6732.65221467,2996399.5405156296,14327.94390964074,-10618.963861073524,3370.1486276287405
2020-03-25,6677.07432527,2994209.63945066,14081.785720508688,-10766.064412843954,3538.7902485959676
2020-03-26,6718.96731486,3001292.1706873,13959.624111144105,-10392.782141547692,3651.3372310439504
2020-03-27,6470.89335934,3003508.874048407,13773.471113801832,-10296.638384771175,3573.4537779058296
2020-03-28,6241.56512496,3002835.79645576,13375.871336163043,-10175.699295244429,3442.09992958306
2020-03-29,5929.677884,3005075.1015901,12874.891561135504,-9691.770647322133,3323.1782533776177
2020-03-30,6447.72579951,3012014.4592670603,12788.034091547135,-9354.49739352399,3282.1246794306335
2020-03-31,6443.31405026,3010717.90705524,12294.22597652866,-9176.028539161724,3273.876088266972
2020-04-01,6589.24919192,2999546.314567049,11797.717899892747,-9632.173124229606,3255.744667787031
2020-04-02,6795.04299179,3002325.0079103,11984.785873705232,-9778.364526869631,3250.2244148744667
2020-04-03,6736.36381431,2991382.9465387487,11633.879346206884,-10304.02351393032,3064.557163991883
2020-04-04,6858.69700969,2989603.1304917806,11150.668229218427,-10028.123855558299,2912.4214203271863
2020-04-05,6794.47452422,2989066.9239925,10642.389263637193,-9680.308281506414,2762.3914087935163
2020-04-06,7248.72410192,2988291.9409281905,10577.375118727376,-9731.098406359319,2545.4376548510904
2020-04-07,7172.87828873,2994576.71050857,10691.325839891555,-9482.482936322696,2366.85643020835
2020-04-08,7335.36979909,2994440.8989229496,10563.34875998678,-9444.149489030517,2209.9619990148876
2020-04-09,7301.01277516,2981635.081226028,10277.974958945666,-10087.11015251448,1968.820773074514
2020-04-10,6862.78799691,2975111.617610381,10623.686725439957,-10880.443813814181,1702.135786117022
2020-04-11,6852.50192071,2969861.369952369,10292.360165272627,-10882.016624955906,1431.4337503597437
2020-04-12,6998.39400574,2964988.4957548394,9774.767221779784,-10615.498197319508,1144.0157582630939
2020-04-13,6845.09526906,2959239.168562741,9818.522528400465,-10986.493251710875,815.3366567392683
2020-04-14,6841.27304616,2958064.9051817493,9558.669493937767,-10727.05972776015,509.15182308288803
2020-04-15,6643.97961617,2962343.702862458,9536.186994424588,-10341.43136727814,296.9525981888385
2020-04-16,7106.09484684,2966149.7138155093,9666.398183799609,-10164.225534926269,103.79197690581995
2020-04-17,7098.68627482,2969746.3307896303,9669.121838402967,-9893.98623451318,-7.259467978949704
2020-04-18,7259.90292944,2971323.787545712,9342.353167300776,-9447.062819931634,-94.92046985687739
2020-04-19,7191.11311495,2972618.512364009,9125.363043204052,-9027.243731106191,-156.63201771637162
2020-04-20,6882.34018581,2971004.54444222,8919.212140281787,-8935.231977109781,-218.22462837323232
2020-04-21,6878.03773926,2967286.982906811,8550.008251131667,-8812.7975345318,-323.3412131567315
2020-04-22,7118.68335661,2958732.2086829813,8219.86824655422,-9035.456525983012,-461.5403238985212
2020-04-23,7430.16504043,2964681.0082776505,8639.514074376608,-9004.143162198805,-501.2184592023341
2020-04-24,7549.13338764,2958540.3554757,8483.5500660095,-9233.247401440221,-536.4284768492265
2020-04-25,7569.23791751,2959024.2777199405,8237.535130129536,-8904.991160248874,-541.9855890232305
2020-04-26,7680.48287014,2955112.0478479005,7930.4456079769025,-8788.473227557615,-543.2210635975867
2020-04-27,7794.71391216,2957785.355230128,8135.973805423775,-8758.57909155044,-504.26638951303323
2020-04-28,7807.29683833,2956323.0962465885,7947.077609952852,-8625.659809240413,-469.28010133197404
2020-04-29,8801.03776688,3035639.1108428487,13360.857710371334,-8706.46678995572,-79.30615181274776
2020-04-30,8657.1939924,3035953.7595721497,13941.270642973912,-9576.195868632673,268.0440000063878
2020-05-01,8855.32022959,3049008.387582309,14256.611310107653,-9312.232986711826,637.2756228282477
2020-05-02,8985.17081572,3048196.5015513403,13767.566124379811,-9206.938757941702,970.513981333174
2020-05-03,8898.12241256,3050298.2634415887,13218.633292466488,-8811.863624440923,1278.2747210422958
2020-05-04,8915.36266471,3052498.645842839,12998.280242049386,-8738.603058475526,1583.6816510709994
2020-05-05,8987.61019034,3048171.6044608112,12518.191468506093,-8830.962189305825,1865.8258341138849
2020-05-06,9253.07620782,3048333.6821191586,12140.229233771019,-8688.010062627434,2170.669223440483
2020-05-07,9982.3230001,3053218.6848814613,12373.69346601162,-8825.95538879094,2450.124020943546
2020-05-08,9854.15920563,3064063.24907641,12721.644503248846,-8687.451351512878,2791.830484312595
2020-05-09,9590.06333149,3061353.08876189,12546.940700517593,-8962.37111319869,3095.5465998438985
2020-05-10,8761.29974684,3065839.53664948,12678.27466231642,-9020.713188312779,3418.088677957066
2020-05-11,8599.78194656,3057581.2912837304,12387.055752011996,-9523.881400658596,3667.072937777071
2020-05-12,8800.72972155,3044971.994611728,11852.332838681861,-10020.656555552025,3846.377115092599
2020-05-13,9274.85620315,3038115.045356879,11563.438772113068,-10311.004191515223,3603.3802336770445
2020-05-14,9742.73285277,3034926.626622972,11361.529866407536,-10405.152173443541,3359.9018707215278
2020-05-15,9324.74955892,3042536.480391209,11531.20192335103,-10131.259158701972,3106.727902239616
2020-05-16,9378.12485501,3044798.8341800706,11070.929850111625,-9613.493017181843,2885.07143556045
2020-05-17,9670.02672308,3043307.24131618,10611.318088491516,-9370.229902016383,2658.9513297354197
2020-05-18,9729.46527585,3040174.704068958,10199.791120916752,-9250.277963354632,2422.5110421631534
2020-05-19,9723.31137903,3034738.9729197687,9986.455633528307,-9462.625429749656,2196.5539653473243
2020-05-20,9522.46761378,3031792.5913999886,9623.590722367078,-9331.10796682568,1970.858507090026
2020-05-21,9083.12738671,3039964.6080463403,9726.495124500612,-8908.71010957197,1775.8618597834525
2020-05-22,9182.63979906,3042946.30858675,9711.070078312572,-8749.024028351841,1556.4227810852217
2020-05-23,9212.38362171,3045202.3967361613,9341.535408276402,-8293.219885019049,1375.2617765093974
2020-05-24,8792.95744169,3047967.61949366,9140.648523411308,-7947.859184537779,1199.206624000104
2020-05-25,8910.14065013,3039823.11610238,8939.50039665055,-8369.197239787261,1035.4301101079536
2020-05-26,8830.00836771,3039091.831417939,8591.28845624851,-8107.757822138778,939.1339923208037
2020-05-27,9178.8408253,3042805.954727612,8567.945022520615,-7869.041543373521,899.5960565028932
2020-05-28,9521.7710264,3043333.486717409,8630.621385535238,-7943.14267234462,880.3889865190808
2020-05-29,9440.88143521,3049884.63762773,8858.716713524882,-7780.326520525646,857.4209456869511
2020-05-30,9696.80790406,3051780.2658462496,8696.035698808559,-7563.162970774602,834.2377953372493
2020-05-31,9452.45408509,3054789.71433693,8603.189980053985,-7329.9922011769595,836.5313376516701
2020-06-01,10170.4099128,3070307.2230826383,9522.773796071053,-7299.95528607183,927.4817199686062
2020-06-02,9532.18934947,3082740.13743398,10271.02111788765,-7367.529551799039,1097.4575315621748
2020-06-03,9646.2557319,3079771.8985309084,10114.1544494918,-7602.1115813471015,1255.9975396052678
2020-06-04,9803.70548499,3080401.59910345,9889.50385141168,-7502.950469640631,1368.0524229511539
2020-06-05,9667.02313814,3069051.042424269,9490.864672740236,-8020.118628365921,1404.3881368378384
2020-06-06,9650.37975164,3067903.57291004,9052.541628377552,-7756.343287910184,1422.0940523528393
2020-06-07,9759.69521099,3067814.714842001,8749.634863705043,-7575.060283804837,1420.7929981404588
2020-06-08,9770.65850938,3071154.172090749,8864.609185740705,-7545.709094583847,1474.2642077328567
2020-06-09,9795.64961547,3071711.151949269,8608.739668824655,-7340.6342598435895,1530.305263080809
2020-06-10,9870.78990303,3070125.9756484693,8357.00759317568,-7279.120964846683,1557.3754880223735
2020-06-11,9324.47584156,3078931.392892949,8959.854054166635,-7366.798718094239,1622.0595325139293
2020-06-12,9481.74838924,3079582.20599831,9061.235313453524,-7530.996126095288,1654.3344606824294
2020-06-13,9474.74192302,3079048.340000189,8659.812234473959,-7267.1800594809365,1672.888706893791
2020-06-14,9386.78789214,3077319.046774499,8263.32355782036,-7090.226409539542,1665.738661851205
2020-06-15,9454.15015829,3065871.0723466426,7991.132762979002,-7659.440386440906,1530.658223746839
2020-06-16,9540.67651404,3067169.012255279,7832.008589731068,-7435.899711052844,1351.5594603603824
2020-06-17,9483.15268772,3066838.944850208,7638.542725164996,-7290.845598736652,1196.9633359520712
2020-06-18,9412.43597382,3055307.647329019,7349.663123891995,-7793.898973971541,994.7641051056002
2020-06-19,9277.04516149,3055727.884864341,7209.2643741285265,-7595.868665181437,862.0962240036555
2020-06-20,9335.17939289,3056267.050246669,6965.296421201961,-7290.182734029342,746.3044630540305
2020-06-21,9301.37004446,3057453.049448479,6703.117996963827,-6930.445275482051,646.1686160241426
2020-06-22,9649.2555242,3054316.7108018706,6635.5644828829045,-7056.82585260725,521.8713688183423
2020-06-23,9628.69403752,3057160.062891879,7087.372682101379,-7290.9931545101035,416.7480915762142
2020-06-24,9308.97002161,3063677.7829150395,7384.671612312619,-7140.202718350097,357.21825340718016
2020-06-25,9265.12255402,3062368.3817777573,7339.195234163109,-7198.317675616758,253.4912692981768
2020-06-26,9165.46400925,3053954.2585960594,7100.181331749573,-7529.6371558863075,113.51305419139302
2020-06-27,9050.08021288,3054874.47960541,6913.686100006269,-7253.1634685772215,-10.209056063176686
2020-06-28,9155.73195906,3056138.63452138,6754.253519475853,-6973.115402410738,-109.63470115001275
2020-06-29,9200.43803941,3055675.034245859,6777.439378088794,-7012.61715386269,-150.12542631515507
2020-06-30,9138.25078146,3050083.2716293093,6506.264307619539,-7098.54773944518,-220.72487706543114
2020-07-01,9228.16289438,3054556.02378134,6692.035208808907,-6946.649601710836,-263.7471284461648
2020-07-02,9123.41015432,3061873.1214443315,7021.849392464313,-6771.682981640114,-214.14696695304013
2020-07-03,9087.30391103,3062252.635072472,7128.631919818692,-6869.842361173443,-168.04740626031435
2020-07-04,9116.09384322,3062861.447863881,6961.126541058121,-6679.002100228546,-124.68949528481737
2020-07-05,9075.62293143,3063141.968233129,6710.356270953576,-6444.678768229313,-89.47486805321098
2020-07-06,9294.80678854,3063683.88905664,6805.461223095336,-6521.367498985359,-39.092361350759134
2020-07-07,9254.80043974,3060160.264889881,6853.821168818316,-6823.575304099665,-22.387622984517915
2020-07-08,9425.36948916,3075041.370767009,7766.6129773410985,-6746.309778461688,33.02911308097408
2020-07-09,9294.76603547,3082449.874775008,7977.042503738354,-6530.859250917575,126.26523410057597
2020-07-10,9278.8078672,3082185.917929421,7777.0639686057975,-6444.890055679071,252.09592960510886
2020-07-11,9240.34632654,3085779.0149216503,7735.496238260744,-6252.594120047133,382.26589294686335
2020-07-12,9276.49985018,3084844.6547975587,7374.503176555361,-6030.425207828658,493.9044537798339
2020-07-13,9243.61385509,3085971.4670996983,7628.097227169004,-6298.50363621475,605.6738371175588
2020-07-14,9243.21341642,3082676.21564582,7397.965339072403,-6376.694751107098,720.9276956740548
2020-07-15,9192.83736784,3080547.330184511,7412.048775207577,-6600.788590527294,797.061594072784
2020-07-16,9137.21825621,3080454.6886543697,7433.674565832407,-6682.674495473469,832.8354268966938
2020-07-17,9149.9429538,3072711.841279109,7174.757313330248,-6990.013739345911,827.5464279923427
2020-07-18,9158.56462749,3074316.989136601,7072.145478467565,-6792.708285582848,827.3544817105669
2020-07-19,9185.45240342,3075778.94265484,7001.009299295059,-6537.517684719987,841.4840611284815
2020-07-20,9177.86448262,3075660.5827826103,6998.377465095384,-6573.675949640655,851.5274747959634
2020-07-21,9374.78345925,3060861.789595289,6655.245867900363,-7245.443999297278,807.210046501994
2020-07-22,9525.36344997,3069402.6777467597,7117.967879400344,-7099.4269252727945,735.6556004482894
2020-07-23,9579.97977007,3076345.585054859,7655.573674254984,-7175.408296529277,666.6543236557841
2020-07-24,9537.79707625,3078842.50922704,7844.9615301706535,-7230.34556614799,615.4001844483507
2020-07-25,9677.11349729,3078769.8343705297,7850.733769162611,-7281.937193175454,550.1069314321751
2020-07-26,9906.34519401,3083515.2199874795,7955.7737755337685,-7066.017930149096,517.6553511934583
2020-07-27,11023.434646,3092904.176270239,8902.72170810152,-7446.352500225155,526.7107524021801
2020-07-28,10909.9046958,3113904.9334640084,10370.841257134747,-7611.512850198809,650.857739471511
2020-07-29,11098.4100908,3109785.009624348,10045.503016215096,-7744.791425718889,757.2471256012196
2020-07-30,11121.1587554,3115489.6896354286,10143.101957335428,-7615.4591388002955,884.1501790423761
2020-07-31,11332.4012834,3112813.647001638,9908.914214233739,-7728.183759186944,1026.7206705468368
2020-08-01,11766.9595624,3119138.58756126,9927.751701852823,-7470.740573167817,1182.2616659611426
2020-08-02,11059.3145305,3122751.21980766,9932.289490233297,-7409.530287033962,1329.3522080057326
2020-08-03,11245.5240356,3118361.0118092685,9755.446999578415,-7693.55227648503,1446.2945799799218
2020-08-04,11207.6483786,3119208.441137069,9773.62103597652,-7792.690672569369,1629.946615323069
2020-08-05,11751.6655847,3106420.60945411,9275.116196860752,-8278.769969878076,1699.789849098435
2020-08-06,11785.14051,3104511.715810627,9196.669019138706,-8394.005450186873,1722.8254341860154
2020-08-07,11595.3530615,3106986.6189276413,9777.38415089213,-8863.23794540308,1744.2204514336147
2020-08-08,11745.8403294,3108072.559592891,9608.917351199982,-8683.318181726881,1769.7063509683248
2020-08-09,11672.4786076,3109714.078297201,9439.542435307989,-8454.16196351242,1776.5366814262463
2020-08-10,11872.1227256,3105947.5215347903,9238.076347762122,-8569.491691580259,1720.2663563052106
2020-08-11,11412.1825511,3104713.87137059,9005.700057168648,-8463.931055678908,1561.8692559161966
2020-08-12,11576.8771692,3101533.2312383302,8754.704192228073,-8461.09579965498,1418.5047417788314
2020-08-13,11796.3961941,3101194.92868704,8570.860297701529,-8319.37930138598,1255.9217544774328
2020-08-14,11772.9732991,3093938.0634721685,8424.03289189343,-8673.108309656915,1082.3641921338417
2020-08-15,11864.5063121,3093366.7278148923,8323.827352542532,-8594.386786273792,887.5377233898229
2020-08-16,11895.1527133,3093260.56032198,8038.117813153039,-8316.911117496205,687.4268299939299
2020-08-17,12250.136396,3072629.6164993425,8030.541290210168,-9666.14462910646,423.319825566096
2020-08-18,11988.7456259,3079311.6704518897,8418.062887754157,-9499.155740554032,204.60388155130843
2020-08-19,11758.8645702,3077195.0743733994,8368.175874067214,-9518.302275246431,51.28440811117307
2020-08-20,11881.7212215,3076500.913757449,8152.094520030731,-9271.823202194664,-86.02932411138198
2020-08-21,11581.8887181,3083832.2211112496,8396.120229528682,-8952.446509295016,-191.06307305819564
2020-08-22,11689.4073895,3083234.738184632,8086.989679258104,-8646.05973548135,-297.1108748936493
2020-08-23,11667.8605615,3083316.6322720195,7775.407997925557,-8296.587111241259,-404.7222738301687
2020-08-24,11778.4188516,3083773.3534861,7558.388530951851,-8014.374289107831,-485.0487319971577
2020-08-25,11375.0539617,3078150.3649856206,7507.144294714389,-8307.596902358646,-580.9217040781575
2020-08-26,11487.5574841,3074713.081075769,7421.685249220761,-8397.926610345396,-671.6252579137096
2020-08-27,11322.8535935,3075481.0067959395,7341.5876724973805,-8201.551228202368,-751.0141544866051
2020-08-28,11539.83493,3085164.2392955204,7712.868393118878,-7869.952211804874,-744.4433259810703
2020-08-29,11512.5428548,3084334.4266683315,7473.729581258949,-7675.661987178541,-739.541395423094
2020-08-30,11711.5398306,3086781.990789901,7336.557049347688,-7439.669686767972,-726.9927763571737
2020-08-31,11685.3448054,3078355.4683080493,6988.398150272509,-7646.404777321451,-657.1644397966486
2020-09-01,11968.9674207,3082415.2614552607,7241.116136183008,-7584.6027782813535,-604.4782818893964
2020-09-02,11418.0179849,3079100.928138591,7420.207518360142,-7961.750605429929,-561.0080451672941
2020-09-03,10238.457762,3077081.6308733,7647.546928050798,-8287.60696033527,-526.7459987473324
2020-09-04,10511.8138807,3081191.7659876,8603.42944555875,-8926.809801404248,-510.107004181558
2020-09-05,10169.567221,3083536.7743383506,8646.0440134295,-8791.531788835306,-480.5654126945976
2020-09-06,10280.3517032,3086168.724008841,8480.262027107543,-8392.493972786953,-437.0691864348622
2020-09-07,10369.5637386,3086091.9887912003,8379.636266058373,-8302.835096535155,-399.0129773149193
2020-09-08,10131.5166457,3090160.442181031,8386.982612909149,-8044.07129536548,-317.3441255157816
2020-09-09,10242.3477803,3082663.565337321,8062.313467981873,-8242.054694521796,-260.45125875973065
2020-09-10,10363.1390401,3076183.086282618,7945.393492125748,-8545.183907209668,-241.86746300108263
2020-09-11,10400.9146854,3073077.72652494,7929.995221793367,-8696.823593050356,-285.4206453275818
2020-09-12,10442.1706031,3069264.2605628995,7694.989237193807,-8664.92678116967,-340.2781551887437
2020-09-13,10323.7557975,3066544.444734088,7411.458227460881,-8546.08099042569,-413.9574498704951
2020-09-14,10680.8374328,3066662.2008893206,7600.045203725494,-8651.176038810649,-442.03775044451
2020-09-15,10796.9509861,3062739.654915829,7575.332230399799,-8817.890741378604,-506.2571696502567
2020-09-16,10974.9048915,3066163.5924429097,7676.590866385809,-8608.049641494024,-534.1082902244297
2020-09-17,10948.9899152,3066848.808346769,7660.503088344076,-8484.183551521091,-547.2240352881826
2020-09-18,10944.5858045,3060245.59297044,7692.063036279138,-8901.045826999678,-610.4813520649711
2020-09-19,11094.3462761,3059276.4832403786,7659.477660907861,-8852.468914251032,-685.3030290604974
2020-09-20,10938.2712894,3058744.7657712493,7469.418209103332,-8582.04454349895,-771.0454853973695
2020-09-21,10462.2596185,3059510.815980792,7577.55347125378,-8564.934702720364,-847.058514039498
2020-09-22,10538.4603213,3052602.773806968,7711.7764420521935,-9093.868403009004,-970.2730339323895
2020-09-23,10225.8639271,3049372.54066048,7712.707574708714,-9218.008948034405,-1064.9559015599443
2020-09-24,10745.5486217,3044437.0612219214,7554.160000248799,-9288.139911256774,-1145.969436983091
2020-09-25,10702.290491,3050541.0634998586,7906.023528314872,-9117.471293392986,-1177.7279651131716
2020-09-26,10754.4375117,3049394.8872152097,7588.800912535879,-8795.897245585456,-1194.667878618437
2020-09-27,10774.4267558,3048167.5980708795,7335.063944854828,-8550.506465323095,-1200.4407184401127
2020-09-28,10721.3270409,3053311.97217076,7679.057989242502,-8470.512735020888,-1181.892426346772
2020-09-29,10848.8304873,3034766.211920721,7649.423022888335,-9624.49813561749,-1234.2150407575111
2020-09-30,10787.6178668,3037837.207437749,7575.077402393114,-9213.747806471663,-1284.730157112535
2020-10-01,10623.3301247,3041937.2927737506,7670.733268901571,-8926.819956974883,-1315.616316033699
2020-10-02,10575.9726652104,3041779.510291638,9138.328214714125,-10321.194622389892,-1313.7508601019292
2020-10-03,10549.3288996095,3046709.053902129,9162.17646856319,-9937.548875027898,-1283.9209424677533
2020-10-04,10668.4272919174,3046722.5911235907,8942.02175890631,-9613.92019017603,-1252.4403779587606
2020-10-05,10793.3394275097,3040503.9749185103,8682.795301697222,-9724.474917887634,-1256.3188340104628
2020-10-06,10604.3729766552,3043959.658256371,8688.876903254744,-9430.732322508455,-1210.5876524602418
2020-10-07,10669.0028923093,3028730.5283759106,8475.79818480176,-10183.471901469231,-1225.0428198417978
2020-10-08,10915.6111703496,3028676.84387307,8420.188339555652,-10017.596108634612,-1215.2876668468687
2020-10-09,11064.4575924439,3039877.236530132,8872.153788981946,-9616.374862984972,-1181.914331770077
2020-10-10,11296.3614282095,3046546.976613411,8921.45954418848,-9171.416541039313,-1113.5472363273097
2020-10-11,11384.210120674,3043505.2604033705,8628.671980867914,-8972.75292526469,-1051.307123750775
2020-10-12,11555.352382617,3045121.3246071385,8632.59767782872,-8846.002279014378,-1010.0178277084375
2020-10-13,11425.899400698,3042470.38583702,8341.335928837465,-8717.242807952083,-895.7915253073995
2020-10-14,11429.5305259496,3031363.386436909,7992.999435982301,-9084.312483163269,-856.694571243287
2020-10-15,11495.1362503457,3016200.9797960515,7604.954624402814,-9634.340577829053,-911.9302330542105
2020-10-16,11322.1221002533,3008218.45542819,7780.640957278624,-10206.902805000449,-1000.7441930575006
2020-10-17,11357.5076994191,3001536.6199190016,7458.46386981404,-10168.430628300419,-1138.9295039161916
2020-10-18,11483.3474470464,2998130.6841528816,7113.09330668977,-9837.691332351711,-1285.550903515636
2020-10-19,11742.0564640684,2983068.04632417,6966.669295435107,-10513.80330796693,-1464.5119318257368
2020-10-20,11916.3344745158,2979472.492298249,6814.423988463433,-10364.786001887791,-1665.1195456950688
2020-10-21,12823.7216130112,2970727.882403159,7141.171829820541,-11037.817035355938,-1821.474652042778
2020-10-22,12965.9389109671,2970376.418506221,7297.115119329835,-10957.414904292207,-1968.8240817487358
2020-10-23,12928.4222928933,2973913.20992446,7405.915464217179,-10586.40916896606,-2142.84355537344
2020-10-24,13112.5183088928,2970461.766912342,7232.005678330023,-10430.56267023699,-2353.457840734592
2020-10-25,13025.1527261713,2968762.785389281,7043.250118846687,-10083.582079497191,-2546.04719903843
2020-10-26,13072.2534305089,2962684.4573966493,6829.989376786239,-10072.85440623538,-2762.4372296286783
2020-10-27,13638.6134711885,2945885.052586062,6602.364031389822,-10748.99837958168,-3031.7749059913376
2020-10-28,13274.1015514869,2943977.809371341,6744.518428410504,-10741.860034370902,-3239.3483744755817
2020-10-29,13449.310773172,2951421.48739809,7162.04350918113,-10396.650472960842,-3325.4355895008293
2020-10-30,13567.7510904727,2947806.2268981417,7187.955265037063,-10447.93913122812,-3384.987162248631
2020-10-31,13779.026945511,2951961.309130179,7484.891770413259,-10250.537896722248,-3388.964259950246
2020-11-01,13712.1792267537,2952463.608718732,7386.324307417044,-9831.0807194021,-3368.9755732590393
2020-11-02,13558.7595675043,2921046.602053202,7491.168462458567,-11867.408224679964,-3428.19741252258
2020-11-03,13914.8069211995,2892697.049145851,7615.9513365433395,-13590.411975106636,-3601.347314318218
2020-11-04,14127.4345014326,2886727.7216399005,7564.197533218448,-13538.315962940858,-3749.7382589030044
2020-11-05,15556.6606742195,2901550.91810542,8820.826310715209,-13408.4570807548,-3815.97618640852
2020-11-06,15552.7894262368,2901020.3530111983,8974.445564442205,-13291.605289427147,-3897.166616425381
2020-11-07,14849.0923320695,2904049.767242891,8892.782033052723,-12720.170160926005,-3942.0831261372605
2020-11-08,15486.1287662426,2900983.137942191,8614.615790035203,-12251.866662763601,-3984.720191285682
2020-11-09,15336.7385976552,2902559.52441036,8820.24770442019,-12109.92275442202,-3988.0637641823037
2020-11-10,15289.7944663241,2893933.36795542,8643.890911454844,-12289.331388452554,-3952.2642019541513
2020-11-11,15693.9068734529,2887091.7945089694,8192.06730628852,-12050.583314583047,-3942.3480878351616
2020-11-12,16281.4145119656,2883909.584816321,8000.9545948719515,-11814.383515456846,-3983.6925133212458
2020-11-13,16311.5133226392,2886458.929128391,7934.879570921162,-11324.123609329055,-3992.925382765305
2020-11-14,16075.4527338736,2892518.953894979,8101.926921538418,-10861.219706279797,-3992.471572653333
2020-11-15,15962.0989515604,2889331.2592712604,7791.140946237857,-10517.433853577812,-4012.5813223215405
2020-11-16,16709.6122838794,2885745.8959053005,7568.3053889306675,-10351.869660178612,-3898.8187872520084
2020-11-17,17667.3815934344,2890130.20775594,7681.535100240616,-9987.240963362705,-3636.764874720494
2020-11-18,17812.23323675,2890757.661833541,8165.565659483904,-10275.727526557857,-3360.7679773884615
2020-11-19,17797.5526918571,2891759.015244091,8085.376702526976,-9988.104217759328,-3168.989173473659
2020-11-20,18624.9127370334,2893441.349149902,8112.5049849131765,-9776.228405409372,-2979.45800886732
2020-11-21,18681.8847398762,2891272.4765023203,8101.425073452296,-9798.82510908741,-2827.3160022788798
2020-11-22,18406.8363938575,2893584.91266661,7918.987117880143,-9315.198073520243,-2667.241722486859
2020-11-23,18340.950924022,2888908.4964040504,7970.033903181467,-9584.925212616232,-2547.6143124463547
2020-11-24,19081.1138092077,2887195.1024263785,8069.292642395372,-9690.750796379158,-2403.0441465167887
2020-11-25,18764.4765440494,2888596.9536837586,8019.187617957682,-9439.091811183878,-2228.857588297622
2020-11-26,17106.2907014696,2897971.8737431904,9953.958138172502,-10654.207381221615,-2006.4876113307805
2020-11-27,17096.7245330632,2915070.755229572,11373.951686749004,-10887.592214502842,-1729.6587891412053
2020-11-28,17714.060585997,2913584.8442836115,10975.037398979728,-10620.162621280653,-1507.2182489668871
2020-11-29,18147.6364598104,2910798.4978145123,10615.762825739755,-10515.829464493945,-1305.344944067904
2020-11-30,19689.8105449972,2904733.6869923114,10480.871685959775,-10791.921270277013,-1128.7367521442818
2020-12-01,18863.7808608613,2910289.9242444104,10790.917816269792,-10710.814944825888,-958.3218425324252
2020-12-02,19196.4370391648,2912197.4370259307,10534.765464269814,-10332.835265487498,-793.1724092569773
2020-12-03,19437.0816585009,2907273.432821801,10200.77224676516,-10340.571008177,-667.2489268412263
2020-12-04,18756.3408767156,2906313.2831443697,10063.522559973475,-10258.011382453198,-562.3035984114783
2020-12-05,19137.3706402972,2909950.8677045605,9868.115095564577,-9807.132359199644,-436.7048289829037
2020-12-06,19331.0579199583,2908089.0620904616,9538.867231836939,-9417.430385503008,-328.30141455618735
2020-12-07,19198.3221890773,2909562.0862922026,9350.89176447448,-9139.349094446796,-197.84184459458427
2020-12-08,18327.6948175764,2911272.746746068,9304.377749747513,-8992.893894130346,-59.77455819451651
2020-12-09,18564.9043662465,2902709.18827902,8940.397144175678,-9220.582776736319,21.63391042445163
2020-12-10,18272.716243561,2890487.4275419693,8809.500281389966,-9885.79092091657,-5.226189323940585
2020-12-11,18079.3121332072,2896787.311406859,9274.565925990637,-9859.111598556128,-81.71941395334446
2020-12-12,18799.9244382663,2870917.2434076406,9445.55981171193,-11715.806972721068,-269.2281238610741
2020-12-13,19148.6934562713,2876380.7005826207,9533.818747752468,-11165.245619695663,-392.8967119460034
2020-12-14,19246.4783873027,2884461.1029462293,9882.801005159645,-10866.77259473262,-440.96256946427076
2020-12-15,19423.8174165751,2887844.12415957,9969.726550336338,-10662.56528638178,-496.1726842849386
2020-12-16,21344.9612812471,2899296.111668079,10571.49857011457,-10454.682223189659,-502.2522451318964
2020-12-17,22790.8065382764,2926474.5384692093,12618.383468711601,-10697.459758173016,-355.0577828497234
2020-12-18,23078.7639555841,2937521.419593132,13384.27806377216,-10854.957192341479,-160.49994757040895
2020-12-19,23851.242514076,2951314.77583744,13579.229586274687,-10298.973023318715,69.44818290037954
2020-12-20,23549.7811233669,2952159.08275118,13435.395668635705,-9940.6557489608,310.3984024247349
2020-12-21,22875.455699731,2955487.5462691,13191.763337592001,-9708.108511367414,544.1206992959425
2020-12-22,23758.9336281691,2937637.926253209,12584.507760165869,-10523.071256748919,669.117316995927
2020-12-23,23279.5492931021,2928159.0277918805,12628.183500526144,-11336.102661425653,781.4220649717217
2020-12-24,23764.7534048731,2931432.1266003884,12439.191603005072,-11015.042899277283,960.0248752041781
2020-12-25,24688.2115203339,2939841.362912081,12416.313923724736,-10526.492712799474,1136.765366882089
2020-12-26,26440.2487002033,2941282.176868522,12083.13580530442,-10223.248411344843,1431.7749779512828
2020-12-27,26388.1494556721,2956503.947299442,13484.372453539465,-10200.572857115854,1782.8625828346262
2020-12-28,27098.9527539284,2960386.6720160493,13418.113378724174,-10094.385440954797,2090.555406216223
2020-12-29,27324.9881064342,2957933.476936121,12990.586115211217,-10051.986378621812,2349.9438685472837
2020-12-30,28827.0079735798,2947311.48162966,12435.041024859815,-10400.480957807024,2486.9255628421324
2020-12-31,28988.642493531,2938917.952908451,12053.817647193819,-10714.463499358557,2445.384879791895
2021-01-01,29354.3104926801,2918738.6277685384,11642.066558994227,-11737.291030341972,2257.9173553077217
2021-01-02,32031.6197124808,2879988.65676771,11179.274808681943,-13851.482381995182,1832.7413455742064
2021-01-03,32939.0574716838,2894867.8585768305,11687.99331723581,-13155.880265053504,1478.2679978961635
2021-01-04,31930.8394060544,2906043.460976521,12395.662394923429,-13020.65005290727,1184.7935347384187
2021-01-05,34070.2003318098,2908240.1501431703,12179.079856403205,-12615.955726078122,1006.3426509461425
2021-01-06,36850.1471535034,2897217.285020178,11830.843423817661,-12973.45191038025,832.436270541637
2021-01-07,39241.9363740178,2894884.897788961,11668.14024435049,-12890.067313890237,643.4308581653846
2021-01-08,40771.759464028,2905236.190608052,12225.21495088712,-12675.594027851554,476.2736947446925
2021-01-09,40388.8736375231,2905116.2291285587,12010.764512075984,-12439.115749208782,312.8280782380944
2021-01-10,38474.2960692985,2912649.12637588,11945.135704344248,-11967.957042513532,76.64086862431664
2021-01-11,35603.3637737794,2918874.327090629,12388.696131271956,-11994.982665913294,-132.64587940501997
2021-01-12,33879.4514297691,2926826.0987667986,12857.685148348492,-11960.101135602408,-278.43271682239987
2021-01-13,37320.8081008498,2926557.54773063,12603.195375878604,-11783.353699726913,-365.19831617247814
2021-01-14,39192.5632280153,2924289.33160467,12391.799236340685,-11777.828080329786,-417.0113870170751
2021-01-15,36732.7629254802,2946564.7606326416,13428.363988533974,-11370.29564105913,-263.2047571011756
2021-01-16,36206.7434167146,2943160.1078245603,12773.928277778376,-11080.041340673855,48.659136500093
2021-01-17,35774.0233685713,2946588.40777908,12528.761048218492,-11058.41990995293,258.5325712203254
2021-01-18,36642.5318946764,2953507.99692154,12522.258982269921,-10688.634643724736,434.14771382954143
2021-01-19,36072.634556726,2956491.6627581106,12898.155089277921,-10987.861317531087,601.8026882168095
2021-01-20,35553.5508096463,2960969.5885811704,12965.839305725398,-10884.370063891016,832.093954530879
2021-01-21,30818.5990085871,2958186.808133578,12520.849871982378,-10763.66394277628,1044.8877401555822
2021-01-22,33004.7233300404,2962181.448774881,12275.29276690622,-10368.943190227203,1213.225501130114
2021-01-23,32057.5712738143,2963687.09866592,11828.299135020468,-9948.662870717388,1378.0817512326769
2021-01-24,32293.2701468079,2971230.6165138604,12231.901271193772,-9491.559567981558,1575.4505399027835
2021-01-25,32368.1149983009,2972936.225842979,12014.88688087886,-9343.527335939454,1738.139545587122
2021-01-26,32571.3216857644,2974961.8356463388,11944.319171815601,-9316.009609648157,1861.7627991172187
2021-01-27,30438.3670042094,2959779.044324329,11371.826023077228,-9930.923186521617,1906.1243105746414
2021-01-28,33459.3512520692,2949681.190979721,10897.692411728074,-10226.039987250173,1910.2444011794269
2021-01-29,34318.5281998321,2952910.393218411,11493.279693093536,-10651.123947668151,1823.3935010330367
2021-01-30,34258.1229059642,2961269.7230140995,11682.57744996397,-10339.276767854277,1798.3516256762632
2021-01-31,33108.2966512959,2949612.3528671297,11811.783303999706,-10856.754010495333,1761.5436367647499
2021-02-01,33543.8597435009,2949693.90564398,11532.12948552106,-10635.331959793644,1694.6274358491949
2021-02-02,35524.1199522732,2954421.3641316798,11444.629160336995,-10292.454237144735,1640.4760895238683
2021-02-03,37451.3674729163,2955450.631750099,11418.625456195197,-10274.644353321088,1573.512651026706
2021-02-04,36924.7420058599,2963319.0943062706,11888.493990546187,-10296.214124119018,1561.733646542497
2021-02-05,38123.1535401472,2951577.10518098,11519.922242079772,-10816.593641767093,1475.8035768020445
2021-02-06,39271.9967681832,2961445.489361387,11827.191993072454,-10512.859687419945,1435.4247226127181
2021-02-07,38904.2141493887,2952555.9370829198,11652.608290828292,-10533.034957450614,1319.655553338823
2021-02-08,45981.8645896845,2940766.4319085698,11717.165877601727,-11458.197778072576,1147.3418786666625
2021-02-09,46506.1348090774,2956826.1932983883,12592.394718855625,-11280.040399973735,1053.3450755748374
2021-02-10,44886.3810996796,2959850.76824994,12333.829978961916,-10907.32761790216,1052.3164701822766
2021-02-11,47812.5353338969,2964613.16821749,12150.142191689125,-10501.24665686335,1122.1195494928395
2021-02-12,47482.8613524091,2978977.5225009294,12838.481120471182,-10341.888335737794,1240.293623729126
2021-02-13,47067.9391352625,2978569.523717829,12259.657778977764,-9956.704432099943,1308.8402426411358
2021-02-14,48747.4524415548,2979834.38139298,11881.64835059658,-9808.054715167284,1388.7376956357741
2021-02-15,47984.9547536791,2974351.4813900306,11345.18821968482,-9775.360826814134,1436.8112575745795
2021-02-16,49175.9005159218,2972037.912234069,11099.5631502605,-9788.628860645187,1448.1512123190835
2021-02-17,52138.0449876849,2972975.7381866123,10923.44846506245,-9637.388064585506,1458.2997335764292
2021-02-18,51649.5754362938,2975257.937165669,10799.7310616983,-9447.261422649142,1441.170431620857
2021-02-19,55776.1888125134,2980391.1746981195,10913.645736125081,-9309.124904182534,1505.5413053087048
2021-02-20,56134.5441520291,2988358.1015147003,11176.421086116065,-9147.739855197697,1556.5662285419803
2021-02-21,57487.0380740846,3023183.25274081,13154.586840869006,-8894.654276937847,1780.8776021529432
2021-02-22,54092.6887998871,3023990.790155799,13207.827402882396,-9178.054515547325,2050.2208012819374
2021-02-23,48548.9572135791,3026553.5785117205,13462.913061193583,-9530.939142619502,2237.336486974237
2021-02-24,49652.0100317287,3016073.4552358906,13071.766259234677,-10100.598820287541,2347.669706823335
2021-02-25,47209.5440687305,3024486.2414662205,13394.77007224569,-10060.82804720637,2468.030170410017
2021-02-26,46243.952054105,3033210.264098611,13478.025163610646,-9784.744431414612,2553.507880943063
2021-02-27,46319.6963936109,3035547.7926155515,13229.03493593327,-9626.137684754307,2646.3610169645726
2021-02-28,45119.1256976819,3040887.34389425,13175.357399099052,-9093.283212752021,2789.823913458696
2021-03-01,49768.1603501215,3033435.0604197704,12621.591591565782,-9308.474582607221,2914.344600322115
2021-03-02,48401.7329785249,3018887.11389232,12097.463360973397,-9975.083921108742,2972.304968197068
2021-03-03,50698.568335248,3025148.308691692,12104.793022760507,-9706.492558928818,3051.7506870081206
2021-03-04,48515.7702137772,3026439.077101041,11795.82611239113,-9471.361118858229,3121.178926614102
2021-03-05,48915.7895945687,3047329.3487244896,12777.59642655639,-9215.41099102901,3261.0121125844466
2021-03-06,48905.8798703098,3051361.2981764297,12293.07688964596,-8699.573853024409,3372.7850987061024
2021-03-07,51282.113698656,3050476.1138056493,12084.294616145564,-8583.90407335078,3318.532097196361
2021-03-08,52307.8607131832,3044151.7332003005,11559.437709036527,-8714.031909451396,3233.9344480713653
2021-03-09,54696.8218222056,3048559.977135932,11442.668238651424,-8493.073229996638,3163.764525934273
2021-03-10,56128.767227455,3046809.8195399903,10980.450239869997,-8344.172071521522,3139.843863748655
2021-03-11,57800.3667141908,3049590.221668641,10770.828488355322,-8124.942055986755,3090.697035700745
2021-03-12,57372.3295128343,3047085.791263249,10276.809751227642,-7974.277774709636,2991.3578388666
2021-03-13,61217.0508798956,3051223.951342038,10294.522912927796,-7869.615729591656,2907.2156911635416
2021-03-14,59728.5939289337,3077726.9281276898,11550.254609337931,-7962.756119180879,2871.8888557214004
2021-03-15,55813.8936028549,3066422.685929059,11138.837092208742,-8544.121314637485,2820.574482050879
2021-03-16,56488.6224704007,3069572.715195588,10886.72287242282,-8254.986195587655,2856.957141834487
2021-03-17,58748.9235428563,3067043.8665737105,10486.64521704464,-8198.94756012381,2849.0569413408543
2021-03-18,57887.8812431903,3073681.952182489,10465.258845114986,-7887.5353247368885,2867.146836115511
2021-03-19,58374.2068639123,3077154.677003997,10168.531168224652,-7531.140894437763,2801.0900388483333
2021-03-20,58443.5214344648,3075854.743809947,9703.022118141009,-7328.1200755432465,2714.047110703777
2021-03-21,57521.4567131999,3076075.04940082,10104.708740700284,-7440.619794884364,2654.311282348144
2021-03-22,54608.2591492133,3073172.4543804587,9837.316588938933,-7544.339907534736,2614.8520596209337
2021-03-23,54888.855370307,3061322.2946467,9606.63963024567,-8256.538709852419,2500.602481887967
2021-03-24,52774.2636904924,3061399.7129349406,9548.57127252996,-8283.315860946926,2402.6722849761495
2021-03-25,51704.1619251988,3058459.8097738978,9545.065516045963,-8560.154009304464,2284.03121885993
2021-03-26,55137.3137257793,3056049.9165798007,9529.272554384232,-8770.681361032168,2173.749734348077
2021-03-27,56067.9455484747,3057662.5767942183,9335.941065103956,-8520.411937014023,2058.7941589733473
2021-03-28,55991.2011964778,3057558.135553039,8911.955192900356,-8348.270756095088,1842.8074408767911
2021-03-29,57769.140120663,3057047.1557206903,8878.183502467667,-8386.143350272754,1692.6163247784807
2021-03-30,58937.6388868143,3062703.4837434907,8968.087807634494,-8131.761797399241,1564.3727057356296
2021-03-31,58954.4970081497,3059491.602803098,8923.515731069532,-8357.070184209299,1441.4261264455868
2021-04-01,59118.974077688,3055104.0332070696,8841.865164557563,-8605.687293890003,1274.1728657519768
2021-04-02,59392.1494811252,3057014.1377612897,9095.799703228391,-8748.026720324006,1110.6287735460837
2021-04-03,57642.9709581908,3060573.4603111786,8923.898951325162,-8362.022663955071,981.1269338869644
2021-04-04,58752.8065941548,3057273.952561389,9288.132907223482,-8514.315555664063,846.1075342972143
2021-04-05,58898.7658983339,3041357.002680602,9073.281854882584,-9412.18231881312,658.1163096304477
2021-04-06,58243.4539402529,3010594.543614189,11103.445924176414,-13470.583628272254,392.59926502408405
2021-04-07,56219.3962988062,3004963.2135027302,10714.213759639319,-13298.964290892767,117.5988405357638
2021-04-08,58321.1071354466,2999837.302249491,10414.795230536025,-13168.956476588586,-149.47778466381183
2021-04-09,58245.0030010835,3003262.751082249,10337.090850413624,-12679.278091212016,-370.9619585317015
2021-04-10,59793.2354100938,3016480.8381529893,10872.510310734051,-12177.345930763215,-522.4165833973511
2021-04-11,60226.4236096343,3013525.8981676805,10380.723979141114,-12405.819890188995,-707.3294653868619
2021-04-12,59915.4644652315,3017687.9903968303,10686.198320429037,-12298.815022130393,-857.662097808024
2021-04-13,63603.708172337,3020116.2206747,10522.97600551977,-11866.202908583029,-1013.3444487579177
2021-04-14,62922.2131802291,3029502.640607249,10819.337657502445,-11447.254771524824,-1098.65606739239
2021-04-15,63285.5672706734,3029925.644975042,10718.627235154283,-11276.482917055828,-1155.3727497187547
2021-04-16,61611.9968058427,3015540.7352754315,10353.475098475317,-11833.134381557442,-1285.9036258606484
2021-04-17,60803.8465316363,3007858.5782409185,9967.98426275896,-11861.14339593627,-1461.2632987568913
2021-04-18,56163.1054032771,3001536.566131431,10363.073365521026,-12479.216030452519,-1667.6890142205277
2021-04-19,55657.8392317476,2989516.3572849804,11492.471702290957,-14268.885445990349,-1841.7971056325887
2021-04-20,56379.2124771625,2991122.8504100405,11447.455672645558,-13931.675625094325,-1850.1601233720835
2021-04-21,53861.4369594758,2988430.9927284503,11384.786140495848,-13882.848608220706,-1843.9681188343266
2021-04-22,51826.893543727,2999794.0676970687,11841.515392754127,-13415.502031389311,-1759.6699325902282
2021-04-23,51027.7333278617,3018948.1146954787,12711.968406121186,-12904.086135620024,-1606.0935389259744
2021-04-24,50020.1534214591,3015362.769491692,12148.371129815107,-12566.704024266695,-1542.7719156704331
2021-04-25,49039.8623414981,3025790.301102319,12318.67248947343,-11840.76108358625,-1363.9856787464998
2021-04-26,54006.2520126261,3030996.45626572,12185.99500560121,-11392.867349213167,-1192.1467960258283
2021-04-27,54981.4799948714,3041728.984535268,12346.503287929121,-10890.748923996956,-992.219562669012
2021-04-28,54793.3945298051,3036729.586231878,11953.222754659177,-10927.811901881818,-874.124707897602
2021-04-29,53558.6620690632,3032217.206416218,11708.524742296555,-11052.299934081697,-787.404672889287
2021-04-30,57775.2781515529,3033173.310533729,12088.281793788121,-11412.065031620245,-633.4135268000007
2021-05-01,57811.5175275939,3033480.7839700086,11530.176343266245,-10878.542469490887,-451.6425977319528
2021-05-02,56613.2026484787,3035275.516889409,11009.074909197148,-10814.194432380162,-286.5695161784898
2021-05-03,57200.2912228916,3031266.7878849083,10918.239714149342,-11003.599869420152,-94.35140271930543
2021-05-04,53333.537752743,3037609.00980642,10906.501753225386,-10563.35643671081,107.6032593495048
2021-05-05,57424.0059481338,3039241.775875948,10628.113431423033,-10198.993398040753,316.6877237143002
2021-05-06,56485.7012969462,3039904.870471289,10381.171724294829,-9936.453386782045,460.8809362962979
2021-05-07,57369.5579987357,3033666.133912121,10273.90696924784,-10274.75229151391,474.5432510986384
2021-05-08,58766.5848746697,3041623.518799,10547.471398563986,-10017.768040220313,542.2601262982997
2021-05-09,58218.5660767975,3048823.7649092707,10817.966717294388,-10694.253842155626,516.9602312448412
2021-05-10,55824.861666664,3060865.487247622,11254.54998972276,-10336.303150369919,525.8973157423267
2021-05-11,56714.0889102323,3055852.0403155894,10852.103486631908,-10329.302898704591,459.25776031340916
2021-05-12,49916.4944991351,3082496.6679114103,12565.137127209115,-10300.881405422273,547.7466795283722
2021-05-13,49729.3025003253,3081273.598581999,12746.035431531842,-10714.26804649146,645.9997207301952
2021-05-14,49873.6863924086,3101369.1051402865,13652.65386447039,-10416.637201213363,828.8425708079915
2021-05-15,46803.8305224837,3109542.39262825,13442.246351113028,-9877.078299542472,1036.9521549362198
2021-05-16,46406.3315441962,3118786.23012278,13675.846193586154,-9562.66017915164,1316.8311219089003
2021-05-17,43382.1478591669,3129451.315535139,14146.102680331076,-9596.123372701531,1647.9267978303542
2021-05-18,42985.8430963998,3135156.1363216387,13908.412569987679,-9281.443830433427,1953.914185190331
2021-05-19,37151.9539355256,3146962.9727432397,15078.106210691833,-9972.479625667864,2287.9503674504513
2021-05-20,40512.1110801566,3163139.69424514,16262.217407129707,-10418.517827647342,2673.5918847339926
2021-05-21,37273.4423549615,3161336.8233474577,16010.113494731726,-10676.185280393522,3054.647137348584
2021-05-22,37645.7221468565,3170780.42458266,16434.66185545028,-10826.755439721279,3417.3759271618214
2021-05-23,34888.6783128069,3174935.206620811,16742.69830724293,-11346.240183352527,3794.000587786938
2021-05-24,38669.0184494052,3169506.438409262,16755.755920222724,-12080.979552028355,4062.3241255613325
2021-05-25,38211.7855219048,3178100.57830992,16502.920599187877,-11566.85332882913,4377.55746002072
2021-05-26,39266.3553511109,3180716.7336225915,15998.311475790686,-11216.90500261119,4557.353942263053
2021-05-27,38530.1395731867,3190487.779899702,15910.746920747979,-10796.697793973113,4777.516923815516
2021-05-28,35690.7435565341,3196592.658088844,15671.099711520781,-10490.995313921572,4916.380333411386
2021-05-29,34613.0638532581,3199895.8468837705,15630.809783725394,-10575.833092970797,5022.795236210247
2021-05-30,35639.9814545637,3201673.36584,14863.966658166366,-10038.747149713407,5073.6547714972785
2021-05-31,37317.2767973899,3210136.374257779,14940.196899739263,-9872.458130664509,5110.637590171937
2021-06-01,36642.3295918504,3216793.188310591,14608.239922364646,-9434.562801040875,5149.68818886976
2021-06-02,37659.8070952697,3214117.7731637293,13932.407777781003,-9282.003474336145,5117.172311614108
2021-06-03,39173.7932921505,3221562.892526221,13934.14231901694,-9097.423678302404,5045.24510170212
2021-06-04,36975.0065685056,3219964.58970304,13288.30690963581,-8880.589699847586,4979.087172805693
2021-06-05,35533.7465875977,3223753.1287602093,12824.422668615434,-8457.984002335079,4890.410904987932
2021-06-06,35797.4223899317,3215797.6715304004,12248.472496011731,-8640.780222804073,4762.64191565345
2021-06-07,33577.6942252335,3217979.539786358,12044.033112901621,-8531.395774177136,4679.63198497703
2021-06-08,33452.0022549023,3217955.796717801,11729.132889592178,-8452.254244686657,4561.11851173037
2021-06-09,37290.9917761784,3208092.3787626694,11347.664782745365,-8946.805911175546,4391.079397329679
2021-06-10,36744.7393084557,3221392.308309849,11762.832491984336,-8635.368908707183,4249.180429936985
2021-06-11,37242.8869133659,3227743.66462118,11950.448757886716,-8608.058992739363,4117.915099047566
2021-06-12,35512.9001145289,3233888.444894731,11738.509095032263,-8209.293295991403,4008.9321782108705
2021-06-13,39019.8874209247,3234134.168235038,11216.111459212108,-8216.048490753308,3878.5638539255738
2021-06-14,40536.0961867031,3233507.6533323787,11280.126270671972,-8521.835160287752,3713.60330687625
2021-06-15,40239.1880627208,3243520.75679652,11744.017423056508,-8502.072155755237,3575.622460160357
2021-06-16,38287.5259240971,3249186.83297416,11793.875287403405,-8390.321292746221,3486.561723818381
2021-06-17,38109.1970806497,3255403.8394675106,11879.803029262506,-8288.68553469247,3397.590213379488
2021-06-18,35713.8437778878,3265696.317543968,12312.119614193682,-8274.24474749764,3371.1729031586183
2021-06-19,35668.6958768699,3268892.212270671,12201.28235313609,-8219.539495773128,3343.6946310930907
2021-06-20,35704.6208578876,3277557.287415659,12180.855117089013,-7796.030107217585,3399.2041122833602
2021-06-21,31586.7545269988,3274665.435419641,12459.886340551082,-8560.173131072412,3426.8523887658016
2021-06-22,32477.4211309903,3279513.39134354,12609.544389497678,-8646.614999057572,3475.8560134468435
2021-06-23,33652.9241546368,3283570.5584119083,12522.592261349168,-8553.380359047076,3587.88122992772
2021-06-24,34629.9910446399,3285841.991520111,12422.99388141589,-8566.967232053938,3639.9214489337774
2021-06-25,31670.6725443713,3284877.306396651,12806.056717964831,-9271.410853457675,3653.6540274594777
2021-06-26,31982.5700317642,3284094.958842412,12717.378642505832,-9470.532339248497,3633.484777760654
2021-06-27,34607.2889731348,3287575.91535422,13030.809148407445,-9845.762164579932,3646.697921715562
2021-06-28,34408.6460923669,3285540.005735449,12683.158823365624,-9846.1756130446,3652.3187859967625
2021-06-29,35900.1543344789,3289336.357404011,12329.47694748724,-9428.535839950291,3627.9613460135965
2021-06-30,35024.6068287885,3284141.210332121,11851.553215886091,-9490.351320310929,3553.507624650595
2021-07-01,33568.5864306147,3274636.6045014407,11466.834097369683,-9896.686050211541,3409.152664121174
2021-07-02,33933.6014840779,3274930.700641351,11066.823905185036,-9581.745985176765,3226.810025072047
2021-07-03,34674.5324661941,3275922.171593391,10557.183673156038,-9105.012884345644,3046.1263058897207
2021-07-04,35285.0965662806,3277317.47635505,10088.73839363497,-8711.685339967938,2831.2854518751205
2021-07-05,33821.8091172224,3280928.10490562,9965.156118306633,-8439.198031512742,2661.731514540493
2021-07-06,34158.9212238135,3276997.11289115,9461.995853414859,-8299.834440038563,2461.6766590359352
2021-07-07,33850.9140907792,3269795.93947919,9162.499869578542,-8557.89411122466,2221.3476487539197
2021-07-08,32847.3967899128,3266245.7770439703,8820.745127115972,-8493.12391500035,1969.3186889506103
2021-07-09,33878.2368619327,3267038.321723719,8566.543012474229,-8207.926902516327,1742.4594207685207
2021-07-10,33517.873340094,3267392.36446466,8213.60113931128,-7855.289920621232,1536.1354861565717
2021-07-11,34242.6725066981,3265119.1381321903,7872.042075737864,-7735.1800271251495,1318.4079907840862
2021-07-12,33186.3768449809,3267317.6132419007,7866.840297087331,-7592.537377734805,1135.3593985720508
2021-07-13,32616.0209110282,3265578.110492538,7638.463664404849,-7498.414456299815,938.1528343269141
2021-07-14,32808.3151865427,3264109.62469219,7391.967057828523,-7359.153516953825,771.8393804197382
2021-07-15,31671.4430537093,3266451.008854648,7657.236755957954,-7470.51850697757,673.0229662641843
2021-07-16,31426.8994786954,3270157.3208416803,7691.42371124076,-7270.065879723733,597.0429599433813
2021-07-17,31548.9229576133,3313829.5448988318,10498.507205713371,-7193.758292487484,729.3699688302028
2021-07-18,31814.3482784059,3319953.020145222,11098.058616544477,-7079.661281107654,918.0374175280454
2021-07-19,30834.3683902332,3331715.30254039,11448.262531643511,-6913.606192224473,1132.9444355726991
2021-07-20,29783.0114171061,3331905.55647322,11280.95160620128,-7035.922093888173,1353.1492997824714
2021-07-21,32131.6354868829,3336403.158684041,11242.848423193864,-6980.980730980295,1614.3822950581634
2021-07-22,32328.20983805,3342200.228043108,10990.715752608941,-6626.501282604942,1902.710384907333
2021-07-23,33498.8224981856,3340896.4309295397,10651.548583575011,-6665.2015524759445,2161.8340221317017
2021-07-24,34265.556244742,3343239.3237225194,10342.365926790013,-6465.582511565548,2413.1534647413023
2021-07-25,35242.6443568511,3339452.537713772,9878.33919344801,-6529.92707315518,2642.549898432739
2021-07-26,37401.1887499893,3337351.9158674413,10912.796479467475,-7927.653290282836,2836.1813462778905
2021-07-27,39315.1322549214,3312122.296935449,10640.917410171643,-9536.75836239864,2905.046334825603
2021-07-28,40021.2728855842,3252180.76046642,10465.690928886866,-13431.244915567413,2690.877225714514
2021-07-29,40037.5216223072,3232235.6867099297,10143.593341012414,-14241.115312346918,2384.8600671205936
2021-07-30,42080.7549107719,3233466.66800415,10075.113463666918,-13817.401883964454,2087.456763419553
2021-07-31,41692.757323336,3230553.139791202,9699.51624617379,-13386.553985981489,1588.0434310600108
2021-08-01,40135.3320007472,3233385.9579612687,9882.44456273687,-12746.645241886055,1096.4292871610098
2021-08-02,39183.6724488346,3242466.999878032,10159.13672171708,-12226.987894472319,624.8216077199896
2021-08-03,38160.716653116,3240041.5689158407,9974.240507800609,-12065.930333184833,172.1987978844657
2021-08-04,39799.3037652714,3241603.6792385317,9903.223991105897,-11751.327139951842,-264.2276907626424
2021-08-05,40854.5997207364,3244957.382368719,9746.196275553497,-11247.512339130382,-683.1941574469911
2021-08-06,42826.8312632613,3246804.07456324,9802.106392723947,-11080.221905761025,-1059.2271963138585
2021-08-07,44689.8609593256,3246800.29100112,9677.297559828345,-10870.457609470956,-1421.3660152329353
2021-08-08,43785.4818193998,3249528.3798986604,9881.93826159045,-10870.815048087557,-1731.1723657179311
2021-08-09,46284.9739822162,3248074.73683506,9966.544493619087,-10986.405698589706,-2017.2441081575928
2021-08-10,45594.0762723664,3241086.118572078,9556.684639125813,-10974.462981297069,-2197.3824931536114
2021-08-11,45593.6359307052,3247797.3802646887,9648.70471485609,-10524.547054708599,-2048.117375523037
2021-08-12,44428.2884668064,3250737.621058909,9459.793103648353,-10081.229901229357,-1799.8255773977867
2021-08-13,47831.9760429127,3246543.5499951886,9203.445735712461,-10063.058151036068,-1593.920148471077
2021-08-14,47096.9456619804,3249291.966823622,9054.492254628296,-9673.569387034993,-1374.7801050852904
2021-08-15,47064.6303706254,3251333.2155422685,9068.739964937737,-9225.355373940662,-1181.3811572177
2021-08-16,46004.4840786022,3253668.202938461,8901.401897868554,-8891.910453191955,-1032.999541686854
2021-08-17,44695.357619213,3253664.744353732,8539.673406836659,-8531.045297453824,-882.976832060635
2021-08-18,44801.1887171441,3258204.38321741,8553.151801944883,-8242.456308942237,-728.7769290714498
2021-08-19,46717.5787452038,3255355.979761841,8263.875899488557,-8163.787003057429,-614.3908604994485
2021-08-20,49339.176036878,3254437.1594456406,8076.114196232652,-8043.952580643586,-520.7996370261523
2021-08-21,48905.490585549,3264208.885402772,8564.992534350471,-7883.526629325346,-386.89778312131375
2021-08-22,49321.6540494121,3262688.093229201,8177.08378832578,-7650.375088540326,-278.64167695827314
2021-08-23,49546.1477072891,3265950.47376382,8916.04578011873,-8206.958958010977,-155.14538930981752
2021-08-24,47756.0018810658,3266962.67177301,8703.301309922814,-7974.007075342911,-1.7830623990201893
2021-08-25,48961.7677866001,3214637.741560419,8832.156048137293,-11639.81011003539,-139.76961397370496
2021-08-26,46940.7076517785,3231297.481843168,11102.665654443475,-12612.493426698358,-203.22611216469627
2021-08-27,49024.0309449539,3227344.824252519,10491.53249521191,-12164.215588693141,-261.3025891759553
2021-08-28,48883.2901404512,3217733.4971144814,10020.16782044912,-12222.093850234258,-374.36322470298705
2021-08-29,48947.2589703193,3218460.03803258,9525.00011541717,-11718.281682009976,-519.8393788165505
2021-08-30,47093.8809185828,3218326.18243018,9167.238569671357,-11223.22507198463,-667.3735178872563
2021-08-31,47238.2268323822,3226766.3735059,9383.126843964597,-10739.36817440899,-764.8641921606301
2021-09-01,48763.8564353369,3215648.724450872,9820.057159885624,-11827.05900530239,-930.4140020477313
2021-09-02,49341.8538046278,3221788.6049749986,10034.392203383253,-11498.2685574969,-1042.1258056580727
2021-09-03,50011.3468120955,3235299.7722058003,10658.118437031033,-11123.65855215044,-1077.675929280107
2021-09-04,49951.9241505559,3232019.5590235987,10657.90436795764,-11311.089354215743,-1173.0081358003379
2021-09-05,51741.5507772271,3233297.609801929,10368.512089491798,-10754.35469144404,-1238.1903716387449
2021-09-06,52610.5411520828,3223873.1824508114,10120.675114733676,-11109.090033297103,-1359.4404959724006
2021-09-07,46795.2091075437,3220642.5206395304,10102.249674692765,-11240.14771943729,-1492.8113730670027
2021-09-08,46039.0821273611,3220139.8514641915,9990.179200938575,-11085.728654389466,-1370.5181867493454
2021-09-09,46377.168738477,3242516.7614555582,11167.537875399346,-10698.256699195503,-1229.1532618594365
2021-09-10,44888.1237052339,3169336.8853319203,10846.642921418721,-15287.305565204473,-1426.866086881188
2021-09-11,45147.4403588995,3168321.9364522286,10347.470463678806,-14559.752189858173,-1570.4629223379188
2021-09-12,46082.2315032119,3167628.22795011,9819.17313836289,-14102.849982938294,-1719.7768707652474
2021-09-13,45004.7019742212,3164368.087479681,9512.388591147363,-13727.829677446414,-1874.0236267642313
2021-09-14,47031.1673236441,3161905.2676060195,9021.195657070206,-13119.79532919332,-2069.906365455569
2021-09-15,48143.0374494642,3189078.7655894994,10697.070022373531,-12710.863184123098,-2070.3914594793405
2021-09-16,47799.185038831,3194009.4156442294,10567.19848919463,-12118.028769845563,-2076.6024542320038
2021-09-17,47204.6626601066,3189242.942976329,10278.154707022992,-12043.361146823867,-2169.435763137823
2021-09-18,48234.2154736678,3189147.918695029,9781.856871692127,-11435.717834259607,-2240.9126185884925
2021-09-19,47257.2870422188,3189476.845989469,9321.126767679985,-10978.668513113626,-2331.7482716943073
2021-09-20,42907.0657674559,3162758.4695448293,9302.11820788932,-12630.382266603385,-2498.880353133639
2021-09-21,40633.9343353387,3164454.899891801,9139.800394486698,-12133.08482615516,-2631.407952199635
2021-09-22,43569.1762005688,3169997.47508791,9040.129063522252,-11464.356186672148,-2726.313500035278
2021-09-23,44890.0474696476,3169042.387987257,8675.55373297477,-11001.838187958008,-2925.9967594057844
2021-09-24,42796.2432153252,3165128.770311989,8446.364973839118,-10878.471643508141,-2782.5284755403036
2021-09-25,42746.9792240337,3164440.687092259,8034.165283873178,-10350.003723546271,-2647.0682407898553
2021-09-26,43247.4568764652,3124627.1690606982,8753.982767858299,-12647.973180323854,-2619.2334956391514
2021-09-27,42248.01771774,3107707.2728756582,8299.694176690418,-13062.078307327598,-2658.3008559490177
2021-09-28,41032.2619291795,3110368.504720958,8287.224392226393,-12554.700791134437,-2670.3634792907983
2021-09-29,41538.2829880179,3157601.60336537,11227.248274288648,-12061.353003642142,-2586.100019833936
2021-09-30,43750.8717986245,3156557.253620489,11134.135029910072,-11982.256093632006,-2535.9065043390074
2021-10-01,48118.1777059521,3157913.3755666106,10998.278490682067,-11699.450020414532,-2459.9040107626925
2021-10-02,47756.2542830374,3127637.143263672,10567.33063101793,-13240.17287896423,-2532.688388289751
2021-10-03,48220.6530374676,3123223.3545706216,10203.2443318994,-12856.749676185947,-2603.8286453506726
2021-10-04,49080.669092317,3118733.499519028,9704.51011242811,-12480.438770534885,-2564.376116735866
2021-10-05,51559.362044223,3121085.908810949,9494.8572160929,-11928.896677531226,-2524.4300474337133
2021-10-06,55431.0270020136,3114622.948147628,9244.086310150708,-11946.720518381147,-2544.3162677966093
2021-10-07,53776.5428709291,3149198.0969871785,11309.25774636332,-11526.706418075071,-2393.6851404200743
2021-10-08,53884.2905331918,3147968.36288696,10869.00136050444,-11153.935727450063,-2240.315690225546
2021-10-09,55068.6435456213,3143935.483446761,10315.586281078142,-10850.383652907392,-2113.0984710938433
2021-10-10,54675.0932153114,3144856.644199559,10431.05014779159,-10291.81031131223,-1825.010596169207
2021-10-11,57434.2409902387,3153870.8660746804,10763.219540958817,-10032.314235236749,-1432.6327792864038
2021-10-12,56064.7699769786,3158305.2880057986,10733.08010332023,-9755.27368923829,-1057.9697212156907
2021-10-13,57377.7991769381,3151978.4044907605,10177.74046536488,-9686.91337989107,-963.3317344423122
2021-10-14,57354.3208633141,3150846.9858369776,10073.93351702122,-9691.256147497668,-875.4175606390631
2021-10-15,61571.0949052185,3145758.3036750187,9819.783904563808,-9801.863837139159,-824.0538751278405
2021-10-16,60890.1428308367,3151452.4945429214,9820.948767797558,-9424.610647007887,-604.8267059324137
2021-10-17,61640.3751053925,3150295.0159636266,9289.867122839054,-9499.496782054688,-430.2641569987768
2021-10-18,61975.546973147,3146067.348582107,8954.977811721112,-9432.476652423707,-266.0905986127638
2021-10-19,64238.2711078022,3147813.233702279,8860.283078450373,-9189.556321761462,-115.75015446081812
2021-10-20,65996.5661678894,3144507.5712321694,8621.44665114835,-9149.145842912703,39.6023467153309
2021-10-21,62385.1670712518,3143095.8333237986,8478.32051977979,-9064.955625984523,13.231887108689467
2021-10-22,60703.4295410214,3141399.713780019,10451.63706092314,-11112.237796299543,-13.601424922080326
2021-10-23,61342.908254819,3146554.2191856178,10203.17643319759,-10476.103425842239,5.103602162534165
2021-10-24,60881.9475648719,3131950.5555245182,9999.279149606422,-10931.401920148088,-71.42229833896752
2021-10-25,62967.4130230234,3125764.5027853386,9808.045634838658,-11090.430403289549,-215.2287322084648
2021-10-26,60449.355302608,3118701.79114896,9382.635070730748,-11050.37496371024,-404.1963255699959
2021-10-27,58639.680461392,3088056.971065669,9293.807835435366,-12893.35307443557,-696.36577731814
2021-10-28,60572.2712439758,3100657.620647681,10094.508918572354,-12614.041169505199,-903.6664644935972
2021-10-29,62234.0310114303,3100099.633930538,9734.369918420864,-12123.132467100855,-1075.5723656439293
2021-10-30,61735.3706698447,3098964.753861749,9331.31124378414,-11636.481627138133,-1268.5372587970487
2021-10-31,61366.9998815658,3099328.0473294505,9114.162155483205,-11106.361615433592,-1395.863673135246
2021-11-01,61058.2262653798,3078476.92839292,8639.299876651658,-11888.76063504068,-1593.8609529699913
2021-11-02,63176.5717853198,3076004.6053085686,8357.328147012873,-11554.979727132639,-1798.7451198848973
2021-11-03,62999.1224039112,3075210.3561597485,8364.22350358068,-11401.648254947131,-1978.0112312850476
2021-11-04,61434.6328168967,3075158.8378637587,8115.282234858637,-10953.646555866653,-2138.8490323424257
2021-11-05,61121.3105207274,3076657.2153519383,7983.879250772071,-10533.127451167544,-2273.752422700931
2021-11-06,61493.6638971142,3070398.236425539,7706.238737993258,-10502.802320122373,-2454.012179092679
2021-11-07,63252.4247617827,3072189.112362969,7423.445465700373,-10220.926413192215,-2587.252048874835
2021-11-08,67589.006579285,3078580.0778280785,7827.537330813691,-10012.45518413207,-2651.7186977939414
2021-11-09,66945.6988339685,3078262.593490647,7869.556844267443,-9929.979129859928,-2679.767440123441
2021-11-10,64818.2160292131,3072155.596581796,7530.318474646949,-9860.512401789942,-2589.099489276497
2021-11-11,64816.1345305689,3102950.7537237494,9554.843901144488,-9676.681090347947,-2417.8355562958263
2021-11-12,64282.4380605083,3107065.4228787585,9367.332150230195,-9206.735583152751,-2235.738476598866
2021-11-13,64468.2221088311,3105423.071163999,8874.06880252018,-8833.66878756523,-2068.1977338625125
2021-11-14,65342.4199021584,3107579.19325993,8549.200417556833,-8578.71893053688,-1928.006237650345
2021-11-15,63743.3999594891,3110181.67937089,8352.499473047712,-8206.551011098434,-1685.4770076261802
2021-11-16,60312.9023558478,3105383.5560791083,8387.352146538544,-8571.008468171205,-1470.1916320199582
2021-11-17,60357.171504733,3095986.479470497,8180.628098329975,-8978.512439094471,-1310.2244598341042
2021-11-18,56875.8657827076,3066150.748540628,8413.460221819978,-11147.20100185817,-1302.7513497648308
2021-11-19,58130.9984471752,3077143.2381975404,8792.906548261315,-10611.56529916962,-1250.5663890871758
2021-11-20,59767.4923960179,3080152.0077444897,8581.982531813886,-10078.812729531646,-1157.72829020065
2021-11-21,58653.9370635474,3081453.49587394,8264.745659230963,-9572.714635137538,-1051.3345779445592
2021-11-22,56345.4213422385,3079520.0626254813,8304.906512341578,-9654.573106418371,-991.6737737130175
2021-11-23,57599.5362349197,3079000.5788569693,8136.417734465467,-9430.738806837811,-936.9522584830074
2021-11-24,57185.9863848639,3086059.8948007296,8321.585701422437,-9058.997639385956,-823.1821163987593
2021-11-25,58927.89068783,3075365.2513465,8103.601554406939,-9504.828926788226,-914.5671294828896
2021-11-26,53761.7017245877,3078494.8568056403,8249.036968658476,-9348.208818938345,-1004.5505878655546
2021-11-27,54542.0636042875,3076747.005726761,7889.841636958577,-9032.258769145119,-1089.0375269470894
2021-11-28,57201.7080154558,3075556.621123951,7552.7751871780065,-9146.576817406109,-1200.7720353219502
2021-11-29,57816.0652920357,3070317.8000489683,7313.399723999457,-9150.202650544372,-1342.3971345001066
2021-11-30,56915.5122108448,3065836.480509561,7196.300252529494,-9209.404286598745,-1473.07197110272
2021-12-01,57182.6760137954,3080050.416601201,7923.38084341353,-8854.682202435488,-1482.60175812111
2021-12-02,56448.4486807157,3131385.9027358093,11191.286811065293,-8638.135670511789,-1104.9666209359889
2021-12-03,53765.7964830913,3129927.155494308,10905.963728590943,-8620.272480174337,-811.7987638413524
2021-12-04,48962.9209932725,3114851.0316177923,10825.542898554217,-9697.305991800047,-624.2939706647862
2021-12-05,49174.9029080607,3112314.790328068,10984.690897769264,-10209.672537446711,-475.50916093413434
2021-12-06,50492.4355963903,3109886.4942861903,11638.649991422653,-11077.185924580263,-338.9998280113355
2021-12-07,50592.0884979508,3096593.912132256,10992.713397381809,-11354.852411924254,-272.4153953091999
2021-12-08,50521.2363999483,3097666.484486497,10946.78010063969,-11213.27169059663,-238.77822759444427
2021-12-09,47911.0764042769,3127349.625254198,12382.310019279044,-10652.159452058857,-15.108374765767751
2021-12-10,47262.2374429955,3126361.2045790795,12040.893546057114,-10491.9810616596,174.04050628261643
2021-12-11,49354.0871686779,3122144.6128141773,11400.233551376634,-10235.68801693229,338.82355389910794
2021-12-12,50118.9209592841,3119568.296283289,10755.597158992854,-9857.535762237472,516.8137701122135
2021-12-13,46762.4825280562,3114707.5716740987,10464.822770026669,-9950.680440334307,684.7384312720185
2021-12-14,48413.7056473881,3113582.030300188,10378.87630653956,-9974.046223754016,857.4480110473604
2021-12-15,48819.8493472314,3117828.7714375067,10433.747184370255,-9772.789697949076,971.1807857218695
2021-12-16,47695.2803949022,3112506.121548838,10135.0173313209,-9872.967003239139,807.530727688173
2021-12-17,46326.9195956994,3140074.9836237286,11660.107488670843,-9577.603044135185,793.017384553819
2021-12-18,46962.9133405925,3152765.247678699,11927.634234981446,-9137.945816416835,911.6924925402785
2021-12-19,46791.8960559549,3149053.2771045207,11209.52622514135,-8996.728406093054,1014.3910253064025
2021-12-20,46853.7106345453,3156345.4777182387,11399.608265889929,-8848.183593863507,1156.531068533833
2021-12-21,48957.1939109845,3153152.271408248,11030.392918843932,-8861.943645618605,1337.2873748029588
2021-12-22,48646.4333756683,3142503.5698459395,10822.126149916334,-9508.153599060031,1450.1776705753327
2021-12-23,50770.6141896504,3145834.5687979683,10750.401858691252,-9301.960881090034,1430.05555703112
2021-12-24,50864.3289523512,3144630.4205354294,11019.6760404845,-9748.074345559358,1410.2476434973787
2021-12-25,50649.9261486623,3123871.023495668,11824.564407273521,-12021.695961327405,1312.9849943189333
2021-12-26,50806.4421753319,3123740.1944035883,11154.902357515954,-11551.827080771573,1220.4859857467188
2021-12-27,50610.9568029403,3127555.212205177,10982.479142854221,-11098.607697786803,1175.466636844937
2021-12-28,47669.7403720771,3131160.173184638,10781.823775813273,-10649.879695119678,1155.974779552655
2021-12-29,46407.5954896429,3130592.125847089,10831.827476331053,-10746.549490187026,1114.8548152471444
2021-12-30,47188.3205500879,3175137.5853678198,13466.655881920318,-10417.365793470557,1313.9433695591447
2021-12-31,46328.9431380899,3166215.991630208,13004.95023156763,-10753.719064855202,1325.9952782860576
2022-01-01,47620.4238109337,3162683.0640504383,12330.329509633786,-10464.708926020177,1259.9904329324154
2022-01-02,47344.8434097434,3163873.0410867007,11793.950656466865,-9938.852976010161,1234.4404230330163
2022-01-03,46467.6157952545,3165651.1538514183,11468.940017020404,-9618.974664279483,1184.3361859411955
2022-01-04,45926.7617865702,3122391.216786609,10983.551214564379,-12140.912689660185,946.7782753468296
2022-01-05,43589.355683072,3118258.6900109304,10493.476375542752,-11849.182204010851,756.0869625379446
2022-01-06,43154.4552248505,3125916.8276595687,10623.98940252124,-11378.772332515464,598.7138262811283
2022-01-07,41564.2390104385,3134103.20856292,10627.857409003165,-10786.562750107767,496.54903799329037
2022-01-08,41744.0578319856,3133699.1691634688,10165.824009642287,-10340.884954636582,498.1255100689762
2022-01-09,41910.5122677903,3132733.5871174484,9661.412394552139,-10038.614746281473,499.5342508922832
2022-01-10,41820.0178692238,3129121.528471558,9228.595174447993,-9821.45461245471,465.4820449584172
2022-01-11,42721.6954837235,3124828.8151802686,8732.12607108346,-9571.642432642406,396.09201336895075
2022-01-12,43935.6439849123,3126671.7583520184,8557.371207687234,-9218.056933692245,342.80889107259185
2022-01-13,42596.1233764377,3132549.763579711,8610.411008536086,-8835.18400429477,108.94724220056096
2022-01-14,43101.3359962645,3137067.0454102694,8557.028678428345,-8465.664685765787,-45.32898451728621
2022-01-15,43198.8698618119,3135724.70046588,8150.303900157788,-8154.520503298728,-178.88878357118207
2022-01-16,43122.7874144315,3134947.90702636,7783.572445231275,-8163.200837464145,-338.51207447757974
2022-01-17,42235.1848487035,3138351.865119389,7761.470094319189,-7888.859387534533,-479.75169204588406
2022-01-18,42372.5532733987,3136629.34559917,7541.5616732119115,-7775.292981560905,-413.77810870682583
2022-01-19,41731.9479208412,3131770.17589646,7490.657660640448,-8032.751528613516,-355.66296867146633
2022-01-20,40706.9315483169,3124813.684181909,7330.818667368421,-8300.539058446613,-371.0156444631785
2022-01-21,36440.2657685999,3129959.704737599,7756.425897809196,-8318.430225769507,-399.8227149528723
2022-01-22,35036.9447362001,3130501.9059174466,7759.497489211909,-8247.888116651538,-422.20340655611056
2022-01-23,36254.8798572428,3129603.1526776804,7605.627868281794,-8116.329336543434,-431.73905773698965
2022-01-24,36656.1938221723,3132967.518020289,7778.811227895007,-8031.174908765215,-407.4179322272392
2022-01-25,36946.2382832174,3136736.4168934603,7901.998037999341,-7886.277548600201,-346.32958573023325
2022-01-26,36851.3698799706,3138930.4791797176,7930.056191512062,-7769.112915655521,-287.64179988297997
2022-01-27,37148.3222790892,3117976.080679469,7790.797673733924,-9037.543849617816,-360.63988417763795
2022-01-28,37789.4788200197,3073533.680226537,7727.859650737662,-11854.316111757964,-661.9127737264141
2022-01-29,38137.4726968704,3090293.94754115,8668.974813524474,-11402.983022836099,-856.897888452892
2022-01-30,37936.3287774392,3114562.902802628,10383.627641415513,-10816.324952674357,-860.6885255261761
2022-01-31,38455.6896634557,3115711.080007739,10021.98304641582,-10349.288723250067,-874.968267213241
2022-02-01,38784.5022987054,3114025.8873615502,9579.075950121425,-9996.907424912728,-888.1182791019776
2022-02-02,36924.1023944158,3117454.5815167776,9371.54510984733,-9532.941542637214,-860.925605160322
2022-02-03,37018.587002679,3110344.7646064414,9036.587786980177,-9661.212251606736,-836.2758961280626
2022-02-04,41516.0728191583,3114400.9014001787,8966.150494816166,-9278.724208884953,-818.4594237072395
2022-02-05,41421.4764329111,3112674.8365217363,8484.21347371775,-8891.019932077957,-812.6319830587095
2022-02-06,42411.1042902743,3108645.37398278,8224.075263957902,-8908.852127691422,-825.0659398781296
2022-02-07,43921.9643782471,3105182.379259141,7942.2908773800455,-8812.282265107326,-869.1822046536348
2022-02-08,44110.3166906064,3105100.749347677,7759.116625634042,-8576.550581610172,-928.6932364661542
2022-02-09,44347.1209296635,3104628.3329011784,7645.811679041772,-8440.244467719493,-996.9343839328874
2022-02-10,43548.0718887081,3107202.2501734374,7614.256150887655,-8184.13226883619,-948.5865226517905
2022-02-11,42407.6876621475,3100813.0939273303,7366.0123335024655,-8323.840459995108,-722.2559273283864
2022-02-12,42198.7514316023,3102436.225168946,7135.9158136683,-7921.679982286761,-583.0956387074461
2022-02-13,42242.1001471313,3101522.973922318,6782.31317511508,-8018.109815600972,-640.4598765093781
2022-02-14,42601.7150721152,3099233.6183074885,6629.486697046731,-7935.520602488908,-710.3690356956588
2022-02-15,44600.7841738215,3100358.6663890406,6571.335490632291,-7715.297263608316,-762.2354855659961
2022-02-16,43980.5145592428,3102606.400351739,6581.455851832808,-7499.304575763762,-816.2677920760723
2022-02-17,40548.8398470681,3151090.408060649,9681.07432423862,-7305.465952646845,-601.9654466319055
2022-02-18,40031.5905380562,3149602.2511616,9323.067124363379,-7205.043104147721,-428.3513227544451
2022-02-19,40127.3692166278,3152483.33569148,8946.805291235143,-6777.9105703752075,-244.37266709586316
2022-02-20,38460.3912172186,3153241.882308641,8988.898461839477,-6469.200281226191,-15.481592499662392
2022-02-21,37012.5606394452,3150817.3221700285,8680.823026958176,-6490.742067626455,203.09500371883817
2022-02-22,38314.6497345406,3151681.467642619,8404.413696589638,-6302.728436374025,411.6035191611058
2022-02-23,37311.625612216,3149460.738071339,7957.925671780997,-6144.401400331755,597.886166313032
2022-02-24,38305.9277628848,3157321.3328450103,8328.747718386265,-6112.085413455637,796.9246250901156
2022-02-25,39216.7004378501,3089496.1760860286,8178.5855141631655,-10631.377813493265,690.1414698874405
2022-02-26,39048.1222748769,3089354.780427799,7906.169128126964,-10204.86831805038,582.0746826513728
2022-02-27,37721.4334156104,3088048.2226239904,7631.2099742051605,-9994.246405054353,501.55755476828006
2022-02-28,43204.6016302955,3084080.528307531,7362.759323468817,-9832.772946692061,418.4161463553469
2022-03-01,44348.1964269518,3086150.9727993994,7305.074628426224,-9472.39104397659,345.3193861714656
2022-03-02,43936.409710092,3081994.7960450496,7096.59330088181,-9396.50040568548,246.60093039484335
2022-03-03,42459.603765909,3133418.740676369,10185.45531313969,-8903.772302201778,168.46340463385326
2022-03-04,39146.8844693976,3137319.8806539904,10059.451785717043,-8603.138310333663,121.19836571726229
2022-03-05,39416.4626875355,3137282.4514187807,9613.981822811238,-8257.25119480075,63.18664479944471
2022-03-06,38423.618936056,3136245.026201909,9073.014440927825,-7931.9808692427,-35.28939869542391
2022-03-07,38018.6495049252,3140467.3597021988,8940.690359556638,-7594.236792631186,-95.54849815301472
2022-03-08,38726.3021021878,3134194.29558512,8475.4775156022,-7636.991794277107,-185.77703664519478
2022-03-09,41977.383461872,3131055.8564845,8181.981655695386,-7608.6242558333,-274.360384615706
2022-03-10,39455.2319187226,3130937.54785234,7890.269072045022,-7363.022740984416,-395.0329541778505
2022-03-11,38811.4963411146,3127088.276479539,7748.310851904023,-7512.832367767452,-203.01361250165985
2022-03-12,38934.9435628973,3126028.405207378,7310.292885947088,-7161.171052230287,-28.169253670216087
2022-03-13,37835.3405665225,3125682.831786021,7115.563602124617,-6880.334785412933,157.42112115556083
2022-03-14,39618.0932912249,3127166.6245874576,6950.619376250307,-6632.152960556747,356.5982667924754
2022-03-15,39322.5484924003,3124310.2163990084,7113.488132524953,-7006.680023774297,519.0357328139769
2022-03-16,41144.926833867,3054337.8980208985,6802.928900101303,-11368.062557141346,357.23383622566433
2022-03-17,40948.6656564469,3115261.899205239,10607.28893233454,-10806.480266615925,251.45709728142862
2022-03-18,41819.0716019158,3106141.157206296,10214.51818322424,-11008.479561816197,90.7231791403327
2022-03-19,42189.9385188489,3106966.295302117,9750.302728609295,-10436.324142240446,-55.187680976927595
2022-03-20,41245.0600499595,3051794.62214798,9549.753843572671,-13591.552039904422,-425.3899501209904
2022-03-21,41080.7104931317,3048737.796671379,9144.02655573516,-13120.159904084789,-805.5747297834963
2022-03-22,42356.043586636,3042474.243103579,8920.483196098814,-13049.111225745148,-1160.3685691385983
2022-03-23,42893.5066795671,3039302.8930685567,8679.32311181824,-12744.13260848947,-1491.6662046052636
2022-03-24,43957.6083492665,3037348.403182611,8535.166663163025,-12459.288185786187,-1809.6210512969612
2022-03-25,44383.2571270102,3042128.1667148774,8619.156197746159,-11963.018716709776,-2065.288265804117
2022-03-26,44521.2239054721,3037867.2409348385,8203.169197062425,-11608.169266764458,-2319.1541160483193
2022-03-27,46823.671757069,3036005.7592811286,7897.6614688849295,-11458.420310854164,-2590.2960916683846
2022-03-28,47063.1140076103,3026883.797603228,7643.167457971266,-11574.673155669227,-2893.8655283392077
2022-03-29,47488.1670762562,3022287.29654282,7724.358100465189,-11700.196822343949,-3185.483159098451
2022-03-30,47098.9030284521,3016627.426541799,7581.153337514843,-11669.260811336355,-3151.409860297127
2022-03-31,45558.2635949215,3013089.660113438,7440.689843839186,-11492.107914629927,-3426.568912904938
2022-04-01,46259.2135529215,3006925.380692681,7219.202456745235,-11411.477950867267,-3669.3056354428
2022-04-02,45892.8769783515,3012369.25478535,7288.725479722223,-10838.591001391447,-3873.8659288740905
2022-04-03,46440.8878814586,3011562.34005886,6917.974856678742,-10420.270325336021,-3835.330019754485
2022-04-04,46617.08558,3014364.2278193715,6763.27444797349,-9845.291034686272,-3771.464536780424
2022-04-05,45581.2936368598,3019795.1818460794,6826.564793124592,-9341.05000560919,-3656.1686212688714
2022-04-06,43200.531454832,3020257.95581147,6871.934529813607,-9187.935797106575,-3531.2537477418527
2022-04-07,43526.5828055933,3073149.7888664324,10272.350521245367,-8907.829500388125,-3153.4935660646806
2022-04-08,42307.7071537653,3025690.401615708,9956.194431245676,-11846.600628493594,-3049.6752573707017
2022-04-09,42772.6705990588,3028257.7262526173,9591.5521462213,-11184.776287858691,-2920.2626910803697
2022-04-10,42268.7330341967,3025158.922078748,9085.975650741879,-10764.911794528118,-2785.846784067299
2022-04-11,39506.7533696183,3024855.262827652,8959.423640172423,-10546.674657779564,-2618.4000212036685
2022-04-12,40168.5563308243,3026074.89342923,8791.675542503595,-10191.801118831607,-2434.420510807186
2022-04-13,41161.4987377093,3019852.7314507915,8531.718240984697,-10253.312910786834,-2265.3838819486587
2022-04-14,39919.9721005912,3065491.10328818,11484.50683389372,-10048.770403216378,-1873.4442747009384
2022-04-15,40546.2846225431,3066577.8723976826,11288.989661984138,-9876.517719385289,-1473.1051720780179
2022-04-16,40424.4832933225,3066560.22905053,10724.044231434516,-9406.91330815227,-1125.4625688671983
2022-04-17,39722.8154140145,3067585.008952628,10157.295667801554,-9000.98814593145,-792.7052124009564
2022-04-18,40830.991984173,3069429.96916058,9886.52661093478,-8684.308909992687,-486.688477568465
2022-04-19,41502.2824794896,3068652.73331923,9701.403888871122,-8631.149757415178,-230.63566728699706
2022-04-20,41374.3782012031,3072072.496474029,9771.216152901046,-8544.328086555499,22.42785654432614
2022-04-21,40527.3640835385,3074973.897815481,9564.715668935653,-8226.193384249798,20.570803960656097
2022-04-22,39740.3198538771,3077204.6535182283,9327.379560878608,-7929.375048321821,255.45728323242105
2022-04-23,39486.7287113245,3079117.583594809,8922.083331548703,-7489.7504480570315,471.5684993130687
2022-04-24,39485.8957520025,3079757.6563567594,8579.099717701458,-7170.724175645893,692.0907625874836
2022-04-25,40480.7742107815,3081438.39042307,8717.101035486694,-7290.5682584808255,907.3610336312701
2022-04-26,38069.2654251023,3075038.72381586,8484.165598872249,-7579.379447480777,1071.9975856112333
2022-04-27,39240.4698134219,3070021.6205128506,8161.339893854764,-7651.346372756727,1231.3967421041027
2022-04-28,39755.269132457,3066610.548834789,7989.758808573115,-7741.169634085614,1146.6005095191142
2022-04-29,38600.1533465325,3071734.1406466304,7997.399523018249,-7423.81017270724,1086.680324355697
2022-04-30,37716.8844757087,3072259.098023848,7876.4404208737,-7306.093202102092,1033.3386311763654
2022-05-01,38480.5835264622,3024492.4108765107,7686.600108495451,-11051.301847464632,710.4093982592733
2022-05-02,38531.4687187729,3009786.786747639,7438.868398040423,-11559.631629669648,330.19647450417864
2022-05-03,37751.4458161084,3016591.336861559,7871.975479655727,-11264.384488248334,11.434821643567199
2022-05-04,39693.1114608402,3027173.0013240874,8230.29262388068,-10691.096734398448,-251.97176241809896
2022-05-05,36566.4164944455,3037112.1668386576,8864.620407316635,-10498.759876161886,-464.3047448131785
2022-05-06,36054.1601209023,3047215.92135799,9314.608782855528,-10166.221985822429,-624.9917244934425
2022-05-07,35542.9084065901,3050808.4527415303,9200.13454080516,-9755.471438004934,-766.9681373999748
2022-05-08,33987.6413606512,3053010.9561226377,9264.863634610148,-9658.331179922605,-895.6712150691196
2022-05-09,30384.5798164025,3103378.5795290195,12249.24793176414,-9258.642746963766,-783.9517573695126
2022-05-10,31007.7550893843,3125272.8485435084,13744.471403719863,-9493.62196360685,-544.9472367465457
2022-05-11,28900.1838817858,3167100.49043998,17146.386884696545,-10390.417947493052,-98.80613559615642
2022-05-12,29100.4324583418,3175172.8286409387,17635.874554196776,-10792.147666076182,372.2751296633497
2022-05-13,29260.8571277443,3189101.4096340504,17846.75214599633,-10530.70165087645,853.8794971496968
2022-05-14,30100.3060629475,3160106.4147455874,17323.505162983907,-12428.191026769346,1162.8057055384786
2022-05-15,31300.5561307512,3158228.573395569,16477.39391364498,-11976.556809846055,1724.6299085933426
2022-05-16,29872.9954742449,3154348.2218477367,15801.194667256646,-11859.103473566327,2300.5480818304522
2022-05-17,30440.9649962508,3156540.78055062,15446.858088928217,-11621.402394625238,2816.1098463229932
2022-05-18,28762.3839642561,3163684.2530839304,15087.361994795006,-11040.705177891554,3280.928483995937
2022-05-19,30339.6621833054,3170815.316767181,14949.775020432668,-10697.491079106116,3701.3872990082077
2022-05-20,29214.7444185247,3182939.32950138,15077.228735623825,-10300.162874772373,4103.435803566661
2022-05-21,29423.8971901249,3184445.135147798,14379.036182999569,-9820.054336443553,4468.744285263502
2022-05-22,30340.5982668532,3184847.975045647,13734.200012021593,-9434.314295379314,4803.983803974554
2022-05-23,29113.4774982626,3180729.1332924385,13073.789593882819,-9335.152375230686,4857.414663535394
2022-05-24,29659.8637408343,3189816.6975062806,13008.816649913953,-8913.584298249307,4846.299157217653
2022-05-25,29571.5716709909,3200705.2109211097,13156.957626637035,-8608.83987076135,4688.595501408523
2022-05-26,29337.4801846482,3194615.5958612286,12632.305784652563,-8793.37021649393,4473.967549982669
2022-05-27,28607.0807746612,3195045.728063708,12309.795126672392,-8698.113116225666,4209.369801077443
2022-05-28,29030.5611740018,3186475.300700709,11696.6363148649,-8897.094929314628,4059.6717474585657
2022-05-29,29424.7278790451,3186433.07567321,11247.41074569125,-8610.600454344318,3926.5269751405663
2022-05-30,31703.0360551878,3186815.5369999786,10943.048128390485,-8456.527768015365,3822.557629903766
2022-05-31,31835.1050830417,3133776.9638412977,10597.382541901783,-11812.535082797005,3462.5141845324665
2022-06-01,29791.5178104388,3153367.585974717,11377.793304915662,-11205.894200856534,3185.7457764721576
2022-06-02,30467.907055857,3111346.5872676885,10972.973045869956,-13613.933795883433,2693.3711556621556
2022-06-03,29715.661422085,3117787.4926962308,11512.093627429293,-13547.59663220588,2206.7590938315816
2022-06-04,29828.900897983,3101930.1847562497,11239.046201192674,-14196.002868316156,1669.906342854475
2022-06-05,29902.2258488882,3109035.6983285807,11184.21076600316,-13979.082750496413,1163.1379356305088
2022-06-06,31372.1909367675,3116766.026225001,11532.978974466283,-13626.17096689865,746.5787062673306
2022-06-07,31164.9011093249,3129084.9258384225,12108.708733755202,-13241.09461913074,373.1774036216036
2022-06-08,30217.6428559248,3128263.005336409,11581.306114540192,-12692.994307691357,-31.09444988031387
2022-06-09,30112.4685241016,3126306.444114341,11010.799413072178,-12178.81247481793,-388.7336377306268
2022-06-10,29082.1500281494,3128746.015730319,10660.382961693369,-11587.890378257398,-712.9614539456805
2022-06-11,28359.078867995,3127414.061128599,10229.118162543135,-11183.58872478424,-981.1051645022071
2022-06-12,26773.5883809315,3121477.0906894715,9901.619788418266,-11362.143675785292,-1273.7718915532034
2022-06-13,22499.379928266,3135309.7136617983,11358.326232625039,-11799.306996012268,-1482.8791146790852
2022-06-14,22202.8037303595,3173016.9103524988,14957.127080192038,-12854.896013306772,-1245.9231426947647
2022-06-15,22567.6262041357,3217667.127326508,18095.336022343898,-13156.57256165032,-905.4328315065898
2022-06-16,20368.6027652944,3223724.7998784515,17976.32952409897,-12962.972123988973,-358.69582078348475
2022-06-17,20468.644712733,3162384.638643858,17280.870616903707,-16691.081125773693,-171.1749282187279
2022-06-18,19021.819037789,3165426.812674591,17196.91998214013,-16443.63818837013,93.842104702235
2022-06-19,20526.5095290004,3171938.354922861,16960.378033926787,-15814.218876523442,375.3443291234203
2022-06-20,20642.6700827313,3166034.49234306,16223.891153756995,-15547.733445500544,573.1550220297642
2022-06-21,20722.6029395992,3174756.5931851803,16494.217596161197,-15281.663678980509,740.6507222123514
2022-06-22,19984.7168730269,3158012.60625556,16117.129375613113,-16101.678181552476,821.1606784417656
2022-06-23,21080.3098495812,3155183.8042228217,15534.087960708246,-15708.25364843431,892.1497765860287
2022-06-24,21266.2277304143,3156513.4031201275,15369.472896707695,-15443.387612098024,953.1206838127215
2022-06-25,21481.2629610279,3153564.9350055703,14470.492142355175,-14736.043751023495,1002.3291804964917
2022-06-26,21037.045133728,3151216.1432539,13613.12832926083,-13987.129280795923,1079.9379616273438
2022-06-27,20739.1843433276,3210214.7585865194,16945.29325820811,-13361.11979079953,1367.4489781127586
2022-06-28,20281.2650899531,3203890.0440754383,16366.9120329709,-13443.331097461562,1426.1168258716211
2022-06-29,20089.3186906676,3201841.6841340885,15630.819268268186,-13038.701057882792,1258.4993079924652
2022-06-30,19763.6952774366,3203447.42968764,15468.537637330299,-12942.177604067268,1080.8566389319678
2022-07-01,19329.3235243471,3196862.340228808,14905.115652615612,-12986.185585492114,1175.7952515029313
2022-07-02,19241.9281031633,3193130.9988897094,14262.922895399237,-12720.677588690638,1232.1497881414027
2022-07-03,19298.5751553353,3191874.1948595904,13569.08477161994,-12234.049420699928,1245.6409448211646
2022-07-04,20251.3694537735,3192158.6473484198,13077.31766902861,-11812.321175581266,1287.7008580490858
2022-07-05,20176.5588718361,3192798.483375649,12771.63214826604,-11548.31301923318,1288.4698017528128
2022-07-06,20561.9363261429,3182603.03357966,12464.748084874971,-12002.680217510295,1320.3709927031016
2022-07-07,21645.8716870398,3175006.8083573203,11956.810315346636,-12031.96198729561,1327.4434224014656
2022-07-08,21822.0877764005,3169776.885850572,11601.268864438192,-12020.071925373895,1302.8085405767963
2022-07-09,21588.6528719916,3171341.67007234,11211.714774012968,-11498.278682768301,1301.307661999153
2022-07-10,20856.2644133476,3168203.4982359577,10917.527588007439,-11193.612025271086,1308.301698732828
2022-07-11,19991.5367838589,3168343.3233637665,10593.279447838277,-10841.636580763674,1034.5495129946871
2022-07-12,19321.7059522949,3173474.1376499976,10540.127773525055,-10429.873478506763,833.59761010247
2022-07-13,20196.9307174547,3177773.492990937,10442.74105145071,-10053.213353370977,676.2697163663519
2022-07-14,20573.8248073523,3179027.008084889,10223.444362092,-9776.317504287572,527.7530609764522
2022-07-15,20828.2312993254,3191613.9237345094,10854.07853670453,-9597.632426112401,480.4327783670693
2022-07-16,21196.9735310061,3193489.718743239,10408.856818228891,-9111.120781094238,462.96783054035944
2022-07-17,20824.4219439899,3208630.733247319,10848.33001965764,-8646.248751393292,524.8996817792411
2022-07-18,22390.399829503,3206572.412048419,10486.48838240446,-8568.433945284407,571.5466777558634
2022-07-19,23396.6155182471,3249084.0500994283,14040.241966833497,-9415.948622120783,814.473407447282
2022-07-20,23318.1604588776,3248306.6703245607,13563.777022602595,-9299.59521919539,1086.0529743074635
2022-07-21,23157.5363121651,3321850.8478323272,17954.544112848413,-9071.695929150366,1725.91010685368
2022-07-22,22716.5636261223,3333675.473365589,18111.739375307196,-9032.77270163834,2404.322230754006
2022-07-23,22479.5229338009,3331595.382604921,17086.292066562713,-8751.262555183117,3020.150332192216
2022-07-24,22625.6802622819,3329188.321440399,16092.3982637192,-8482.60146406625,3583.427563400545
2022-07-25,21387.8666015321,3329992.522420812,15517.731433933923,-8361.641022230495,4112.316673731175
2022-07-26,21214.4122549269,3331760.932888099,14838.231137348324,-8041.319388605795,4589.9350632829055
2022-07-27,22905.3201467801,3329412.054277161,14201.077401398441,-8013.885009968078,5004.053969950807
2022-07-28,23839.5120338714,3332678.0399829308,13837.726093707213,-7845.280814654207,5400.148142897135
2022-07-29,23813.7935056561,3328142.6503352597,13230.270238510067,-7939.680621238593,5688.301250517087
2022-07-30,23657.6172892915,3327663.30450078,12528.291230236719,-7622.363976415352,5946.029194566137
2022-07-31,23341.2078457337,3326374.2260792013,11862.159717868268,-7293.839509073665,6115.04626174687
2022-08-01,23318.6741289877,3327157.2051202785,11359.400362422391,-7043.43623147542,6286.32552559165
2022-08-02,22981.6406318257,3333585.3045389485,11521.403959953563,-7064.630809825059,6274.359797407063
2022-08-03,22852.6944017391,3327203.17441087,11036.178817941987,-7301.999219694056,6236.502497038543
2022-08-04,22640.3955891482,3333198.6509542465,10804.772883622521,-6919.840155699118,5879.508535911783
2022-08-05,23248.4539263128,3316180.9504754706,10471.517060911687,-7980.093213435165,5408.969762612331
2022-08-06,22968.0760089488,3317229.6501112995,9937.166186895567,-7541.9239535288225,4984.69924275427
2022-08-07,23172.9679689875,3317354.4040407413,9387.604883097196,-7185.235203325567,4598.454448477032
2022-08-08,23801.3497511068,3314412.7061186004,8977.296435252714,-7117.864595608528,4220.121693329944
2022-08-09,23173.1383715564,3315301.25116486,8903.893058827201,-7109.1870054086185,3862.8212865210903
2022-08-10,23933.8019126906,3318598.3493252588,8704.860097150051,-6809.994569932711,3556.2265105058746
2022-08-11,23958.2824285332,3315095.6631110585,8344.294889895382,-6809.266145439195,3237.83961517753
2022-08-12,24404.6160719396,3314235.076761729,8245.039579034355,-6869.718507497251,2958.1775761965037
2022-08-13,24431.2686713633,3313770.3111488805,7880.564569124069,-6627.915943212771,2697.2291027743554
2022-08-14,24325.8405236146,3306793.8762921384,7481.925645419798,-6908.6225850185865,2411.87073503197
2022-08-15,24147.3078245494,3308100.2608202626,7369.7176394451435,-6747.542481196021,2148.028665553552
2022-08-16,23892.4844395905,3305985.3572544004,7064.912628985469,-6625.209385676952,1861.0951007806957
2022-08-17,23318.9443354551,3311791.0260722884,7315.855614891104,-6518.42133327716,1651.3275781639823
2022-08-18,23217.3312946477,3310296.878708172,7041.909228689031,-6397.247056790674,1419.87968130505
2022-08-19,20882.6507067123,3322522.99447759,8046.118459445097,-6629.3593810453,1343.1179120852837
2022-08-20,21169.0766722861,3321502.9007971003,7635.37850881943,-6381.076281012281,1261.6221974024552
2022-08-21,21541.5318333653,3319420.1890813,7241.5033519041335,-6297.83538700413,1171.7149320544816
2022-08-22,21371.3952632278,3322903.550495529,7091.24965764653,-5978.268796124519,1118.3970050457544
2022-08-23,21526.1664959397,3328833.3406297094,7138.6538944394315,-5704.55241474022,1092.6395354943706
2022-08-24,21399.6253787026,3322355.0044369297,6820.506766482804,-5913.901131615541,1022.0495431836505
2022-08-25,21604.0645670616,3319252.9108269312,6579.357772295943,-5939.998753753173,958.0731341898346
2022-08-26,20233.2052908585,3323922.596765588,6576.87688060155,-5668.829400717628,924.69644907175
2022-08-27,20059.3694590567,3322820.5835503405,6450.211826532778,-5676.16839299112,890.5103639024899
2022-08-28,19649.7191862551,3323737.3923715977,6254.329482559255,-5522.068356503047,901.8645114492753
2022-08-29,20284.9006810602,3322929.4397541904,6192.097387742641,-5562.517177917505,902.3934437047046
2022-08-30,19790.3279489311,3327063.58224252,6297.863910448462,-5434.646215389669,932.6444759725812
2022-08-31,20044.0076430109,3348040.46465482,7398.066468423236,-5193.937792215024,1033.1226470150286
2022-09-01,20114.4114039023,3347020.695248022,7307.129485575675,-5317.927348234688,1129.1612159752162
2022-09-02,19945.9517422637,3356077.618274549,7668.2952865699635,-5207.911756616362,1203.7058196576306
2022-09-03,19815.0495411116,3356120.60601224,7342.124981815285,-5042.901171345936,1278.3430755620732
2022-09-04,19978.8066598985,3354119.4277083403,7081.284217302931,-5005.427214458193,1359.2137211295542
2022-09-05,19832.6172729017,3366125.1573141194,7496.678487712059,-4758.829978004981,1475.2756959999163
2022-09-06,18849.6753555976,3358749.8419053387,7727.704971146589,-5664.067389338646,1520.2425604362545
2022-09-07,19290.0382038841,3359917.36964064,7744.5439946561455,-5740.647069282069,1598.6205097581699
2022-09-08,19328.2611306367,3364612.730635899,7810.907224921072,-5627.579361554602,1708.9039986741486
2022-09-09,21366.2314998992,3367956.1856502504,7836.194490404334,-5575.524816972299,1805.5198696418713
2022-09-10,21678.0754348102,3369857.28232287,7604.619192064046,-5367.921052019477,1909.9952058206507
2022-09-11,21766.3274168508,3368732.676137161,7321.362455278444,-5426.337936950844,1993.0497338400357
2022-09-12,22334.582423389,3371221.911750658,7451.715653025878,-5517.077061686778,2086.2681896624617
2022-09-13,20189.6989563714,3321693.9176738807,8047.041490078154,-9543.245076613664,1917.7380981200117
2022-09-14,20253.9460385493,3307984.6513355896,7986.739358139609,-10297.14712812542,1595.271209106153
2022-09-15,19713.1985309829,3320580.864175149,9235.015492092964,-10551.648554775724,1359.140123390171
2022-09-16,19755.1304994057,3331643.78993974,9556.320444364768,-10047.64958522934,1148.303504046016
2022-09-17,20132.0630259975,3329371.0908987992,9410.201059979116,-10020.288194182049,940.4955794265674
2022-09-18,19415.1877230739,3330421.8564502965,9093.651010427175,-9530.96129891658,760.983630045557
2022-09-19,19562.552629579,3338419.359332049,9512.683870572699,-9387.67328104614,574.3523500326628
2022-09-20,18883.7186228706,3354728.590358429,10208.770931502519,-9004.8123128524,512.9467098071037
2022-09-21,18536.0271299148,3344424.1249960205,9900.036860177019,-9463.306506930909,401.0062403693918
2022-09-22,19419.0399890887,3354809.294758189,10404.013919758552,-9304.054272584179,323.62279635567035
2022-09-23,19305.2177215994,3368662.493306489,10868.070988907315,-8917.895414991232,301.4446463902451
2022-09-24,18945.014357508,3369295.3097985717,10364.060294168163,-8501.708659041153,274.7056103247052
2022-09-25,18794.8612616858,3371565.6990491394,10008.151879286952,-8067.751069797079,277.94677397915325
2022-09-26,19204.7216214916,3366643.3169289287,9539.117334760498,-8056.23538725061,245.6784422770666
2022-09-27,19114.0732790285,3370237.2161542284,9830.695498455123,-8207.079065759237,468.5227293650234
2022-09-28,19429.8141180282,3378987.875758271,10006.31071651145,-7907.558072392621,783.4627589439262
2022-09-29,19542.4779914474,3398724.509099991,10905.207364640686,-7630.596007348448,1111.4087889421403
2022-09-30,19451.4111780518,3363121.193944316,10516.673218646643,-9833.923628885217,1195.2715554154256
2022-10-01,19309.7614239346,3355681.38701927,10022.751420420196,-9881.505598312873,1248.9381951518728
2022-10-02,19047.293137875,3349911.153088652,9488.132916306851,-9808.105744381348,1257.3194423243667
2022-10-03,19623.3842510898,3356395.12119366,9546.528009611731,-9412.90477548059,1257.9346312246944
2022-10-04,20336.3052517934,3344861.1221644697,9243.84373650828,-9888.061986598546,1125.9219977432385
2022-10-05,20166.1318767575,3347774.673827388,9462.033332932393,-9869.066922155313,1065.6531447097368
2022-10-06,19952.0789059054,3342605.8275851496,9141.911120620234,-9866.398886710958,935.3354723336587
2022-10-07,19545.9509487813,3328431.116047257,8883.637849988221,-10504.807200865562,680.2394062769858
2022-10-08,19412.5842776521,3329069.011569351,8466.371909407002,-9936.936935419855,442.17393048128145
2022-10-09,19443.8017974638,3330601.120867222,8125.579504811201,-9398.086242565201,212.6805342495763
2022-10-10,19141.061493731,3333714.1841855096,7945.810367717124,-8925.945768401516,36.75072366427077
2022-10-11,19049.8632579463,3336037.2957002087,7791.307286181313,-8551.226225840086,-133.50180293249034
2022-10-12,19157.5407658463,3347002.6490540085,8397.600201268557,-8375.834321363413,-281.85800037632475
2022-10-13,19385.4112671968,3340630.9110104274,8144.04504368132,-8548.512758675179,-544.6493626824742
2022-10-14,19186.2823440279,3337712.6761530195,8029.735697841896,-8601.787888996842,-634.2780613193577
2022-10-15,19066.5776282421,3341480.2832174595,7837.2654033164345,-8120.006977431716,-664.5628753352579
2022-10-16,19266.8895837666,3341059.317566037,7585.233136352671,-7767.069648954936,-654.6959956586699
2022-10-17,19552.7255051626,3341061.9949911186,7342.082183683158,-7511.617767106605,-676.3501969125689
2022-10-18,19338.5227710068,3329422.4707096885,7097.53349711495,-8031.7349937388335,-697.0632859506841
2022-10-19,19137.3951919105,3335370.6261496907,7191.5148624532885,-7666.892563302243,-701.9450082096864
2022-10-20,19050.9229668731,3337753.274007608,7123.4625094684,-7408.305173066093,-670.5417866030413
2022-10-21,19175.5779435326,3330627.3478014213,6860.289487523841,-7601.2043872943495,-607.6664686668388
2022-10-22,19207.5132472086,3334214.785559491,6734.071284606246,-7186.429340520726,-534.9373993740976
2022-10-23,19569.5004918108,3331563.963643061,6398.45458691783,-7038.8702335333455,-489.7880357213485
2022-10-24,19342.9504977438,3333105.44126923,6326.845668114641,-6821.801763211123,-455.13237103649755
2022-10-25,20100.359604507,3331868.116044901,6537.536336915001,-7081.983707293712,-439.74154465935
2022-10-26,20777.2378745095,3332118.951813272,6986.581709250667,-7478.010203712803,-476.3982856855842
2022-10-27,20285.2758821134,3334402.3723132573,7145.248725629288,-7451.687287127945,-469.39620329306973
2022-10-28,20601.8588176954,3339040.106847768,7229.543373608,-7206.370395372753,-426.8801197651989
2022-10-29,20817.5706336963,3336721.034350679,6950.445122394137,-7083.421842513901,-416.1826301940906
2022-10-30,20632.6321770794,3336603.2025257507,6653.6101546191985,-7071.563881726307,-433.04814551586543
2022-10-31,20499.2197698344,3342943.67813508,6785.01339005592,-6752.405161400554,-418.60930179595033
2022-11-01,20481.8803685749,3337782.7750639906,6586.970978810192,-6900.596836804517,-374.2824704652677
2022-11-02,20162.8932357976,3318809.2228795574,6579.214535628841,-8136.835482052216,-451.58555943486925
2022-11-03,20204.7645080719,3317278.3936209776,6626.132559386252,-8181.967393286736,-542.3707144564974
2022-11-04,21149.0275520611,3389969.1009002286,11617.29698384451,-8223.362343534951,-247.0243187364927
2022-11-05,21276.1015711656,3387435.2081429195,11020.87899966354,-8022.132852528627,-0.5168756615361421
2022-11-06,20932.9567094981,3385271.753404691,10757.119918140637,-8049.167163363383,238.65229586651864
2022-11-07,20593.7267584047,3357891.656674618,11462.390252318595,-10760.307463197823,324.1550733106079
2022-11-08,18534.268954304,3366064.2278830498,12054.990815265353,-10854.875464857303,448.7666962239477
2022-11-09,15863.3444420538,3348273.230154558,12387.381244002996,-12453.340098854813,479.15738476754166
2022-11-10,17571.8455991075,3325157.1540036597,12472.148681098799,-14074.782022353826,386.57204335637215
2022-11-11,17008.5846034813,3316013.830327389,12891.493251610213,-14996.839281866234,234.53497132128132
2022-11-12,16798.1058875748,3285334.5307032,12802.742557408199,-16813.018827259824,-42.41499651670898
2022-11-13,16346.559408916,3264506.1968627586,12136.346536360985,-17272.139977585175,-379.40354752507204
2022-11-14,16634.9151166923,3254617.935295198,12014.941555332922,-17467.566204979496,-771.2058959752108
2022-11-15,16867.7787530461,3252619.241555857,12252.334055235395,-17474.696644194864,-1121.829948187007
2022-11-16,16663.0785119941,3242870.696037118,12844.09854386437,-18368.206661475873,-1405.1504604147303
2022-11-17,16686.2157713881,3243990.6931821294,12696.696678040069,-17777.864444810148,-1656.9599556197013
2022-11-18,16695.3517671969,3298435.07259746,16128.879175514066,-17241.677130144137,-1978.8694266868174
2022-11-19,16717.7103026608,3300464.965736068,15549.291686496465,-16452.576901577195,-2257.5859525593632
2022-11-20,16287.9153275063,3296008.9174577785,14700.935699941367,-15803.231785902719,-2529.746584040692
2022-11-21,15797.5306160848,3297292.505672499,14185.300559525947,-15128.53769210854,-2647.269435590932
2022-11-22,16178.883701743,3326789.0383933536,15478.964966363556,-14392.884108717304,-2655.4147565024887
2022-11-23,16622.3073757729,3281030.698520869,15046.035750414649,-17082.916274776817,-2796.1948757532273
2022-11-24,16589.3319620691,3280800.0434435084,14247.358925121007,-16163.824419683038,-2818.611458132298
2022-11-25,16526.6323199933,3280851.848660869,13727.62151283427,-15512.868959934836,-2795.747273621194
2022-11-26,16470.6078999551,3287058.569567282,13382.542294739327,-14634.991851605846,-2598.7596512651144
2022-11-27,16449.9969497286,3283556.901403419,12663.022420088038,-14087.393217420788,-2333.658033844297
2022-11-28,16221.6197474809,3279016.8456840194,12040.543668002168,-13672.626793472735,-2060.7622106888675
2022-11-29,16447.883987852,3282184.1664885194,11752.049861680684,-13064.172725153216,-1781.4593731540863
2022-11-30,17178.3154069279,3283508.3424822814,11337.028435368642,-12473.398041692333,-1468.0494794906713
2022-12-01,16962.9864042288,3285946.425859939,11099.928390572064,-11998.001131296845,-1169.2569776302932
2022-12-02,17076.2987834337,3281238.0280679585,10613.489550059925,-11765.58396086839,-1172.0638673573212
2022-12-03,16915.7101046282,3282134.3983909087,10077.668955251931,-11093.199050476494,-1180.0813587961666
2022-12-04,17137.5971606099,3279219.63232955,9567.598551749135,-10645.237711382737,-1178.3201497727562
2022-12-05,16974.709589803,3277679.074839341,9190.740826351192,-10299.241208023213,-1190.1246675648583
2022-12-06,17085.2759876795,3277645.3885205598,8799.439454025112,-9836.285564837666,-1341.7623081690588
2022-12-07,16850.7725156191,3278066.824229769,8387.363938636106,-9326.991261447152,-1263.3870794868362
2022-12-08,17243.5175017402,3276552.947803002,8044.325809860365,-9022.23640626868,-1196.3474439044285
2022-12-09,17137.6591719095,3269177.4811414317,7762.767185247672,-9167.181519333431,-1169.1450786890857
2022-12-10,17124.0154778202,3263474.25219746,7312.298699960494,-9003.300674705204,-1200.4702513946713
2022-12-11,17102.8393952077,3263216.49547502,7032.747994361794,-8693.233618952852,-1217.3355961988366
2022-12-12,17211.8140173909,3255324.9810938397,6844.350447353013,-8920.23798905,-1249.0359116435814
2022-12-13,17783.9600929862,3220496.393311339,7072.9047106901435,-11332.305601774002,-1459.5557707586763
2022-12-14,17827.3238934862,3219229.9604425197,7176.151009290799,-11236.0206988904,-1668.3772052783843
2022-12-15,17371.0623816473,3216858.9615813587,7009.020656274744,-10956.298957311705,-1886.17760244354
2022-12-16,16626.2363396483,3205428.439320459,6889.147715547095,-11335.308947241589,-2121.468089649685
2022-12-17,16800.2299463017,3196620.361529137,6643.754458635949,-11380.710127638817,-2387.2842020624216
2022-12-18,16777.875946925,3194682.051768429,6330.103743186885,-10899.669684970228,-2636.7075436445457
2022-12-19,16450.954176429,3196540.9425504203,6273.9407102890955,-10414.94287048754,-2853.3148135392908
2022-12-20,16899.8165427898,3199150.446132909,6154.246607703152,-9845.21505172237,-3042.89498019691
2022-12-21,16810.9313539419,3199112.766110686,5976.346208300945,-9423.762090866878,-3222.0227344651166
2022-12-22,16829.6053834631,3203587.2685522586,6083.136961242219,-9002.424955532419,-3360.692548599537
2022-12-23,16795.7521963342,3208388.862863549,6178.779856686738,-8583.34236393826,-3432.1317038256634
2022-12-24,16850.4640968049,3206398.5904573696,5863.994801905618,-8240.937969085713,-3481.127503285334
2022-12-25,16838.6202253249,3207854.142655429,5698.046190125919,-7799.00299962333,-3512.589730778646
2022-12-26,16892.5830891551,3205314.540245768,5421.120756633527,-7551.320606141779,-3516.4691813365935
2022-12-27,16711.6871278683,3209608.385360192,5566.845756089958,-7268.775941336323,-3333.7927023482016
2022-12-28,16547.5668695962,3207468.0206425395,5574.145717408628,-7305.304871481907,-3167.4562355248936
2022-12-29,16633.730496622,3201309.8961863206,5526.08606895472,-7552.376243171113,-3030.2427978948535
2022-12-30,16605.9224361608,3205368.148224508,5861.978579497738,-7482.632606220371,-2828.420854682578
2022-12-31,16553.3369865751,3206342.53017307,5864.009057020558,-7311.660685391012,-2593.4705660659774
2023-01-01,16620.8199266805,3208857.676839889,5902.3347613505175,-7012.859836708277,-2346.39621846415
2023-01-02,16693.9300090974,3219473.730766938,6327.394812907143,-6656.147954771052,-2074.0927171545404
2023-01-03,16682.7158853094,3216172.5608340106,6127.75262669,-6654.666887958315,-1848.0888469580473
2023-01-04,16865.1597548515,3233213.9522269703,7005.794593777331,-6361.488478097093,-1555.8229899404635
2023-01-05,16841.8215955243,3229500.656857219,6669.822566543507,-6316.023216558621,-1322.031036777957
2023-01-06,16961.0574113138,3228351.555546759,6557.649774227273,-6304.043801605372,-1132.161859644141
2023-01-07,16950.8882359895,3228321.122483781,6311.312594636116,-6076.642557721017,-945.6180593516268
2023-01-08,17057.224457919,3227933.3298365884,6151.783678453705,-5776.144487145613,-768.7183450083762
2023-01-09,17190.709689133,3223001.3951367536,5929.180262235461,-5907.379330337238,-615.0040034793419
2023-01-10,17437.1071503611,3223499.2963789687,5756.078755905094,-5702.537803318748,-489.61320791986213
2023-01-11,17915.6525152447,3218323.2247730205,5514.901451503421,-5810.001336152835,-387.0375458181571
2023-01-12,18869.8571757962,3219939.428790139,5718.891403281859,-5886.571027813314,-254.27964941208975
2023-01-13,19865.2735827629,3210780.9123270293,5601.825036805738,-6368.893783909093,-193.30927229642668
2023-01-14,21020.7215506419,3216041.152256808,5806.677179303356,-6171.925347947822,-115.99473945885585
2023-01-15,20873.3528803426,3211270.016265159,5651.390314274463,-6151.931004452629,-72.42442623174173
2023-01-16,21171.4001086333,3216551.3356114225,5835.298534466162,-5950.381888881785,-57.162298556863924
2023-01-17,21187.1355580904,3213218.0966140702,5719.308525856416,-6048.935589801001,-43.07035589088312
2023-01-18,20722.7180850346,3218593.2794685024,6013.138656687324,-5962.445059406934,-85.47125006230065
2023-01-19,21067.802828203,3227218.8377514,6498.296763110837,-5875.945520122471,-66.2889719906235
2023-01-20,22664.2359854773,3214293.6964413,6448.048951587451,-6728.863878804979,-104.46189340772563
2023-01-21,22795.6825348052,3213804.54279714,6486.38711298095,-6781.091287994644,-142.27433711692524
2023-01-22,22715.7809479875,3215759.320984632,6343.327598244884,-6442.9929490916675,-176.22466155655928
2023-01-23,22954.1108635781,3220118.916429532,6339.608054997897,-6141.989352794889,-163.66624939193196
2023-01-24,22625.9958975026,3217045.1856018994,6083.142728907369,-6103.613995359895,-168.95283646613723
2023-01-25,23149.5513940547,3216402.5299386904,5907.3943245755445,-5969.344550811897,-152.29928943663293
2023-01-26,23023.9445728568,3212894.1240914995,5613.579636239839,-5905.29357053977,-161.15888299152428
2023-01-27,23071.7989901938,3206980.6452190303,5465.822129388515,-6132.3203928997855,-153.9752770206611
2023-01-28,23015.4616798857,3205285.049760789,5241.588776594615,-5976.693519754469,-180.39360377176033
2023-01-29,23773.9859406473,3207603.277061042,5284.21481547097,-5866.950755736838,-186.26469306373903
2023-01-30,22813.3797227136,3209954.946641321,5693.252286284903,-6080.361191847712,-205.6950895742523
2023-01-31,23137.1610289574,3213361.82064131,5646.656153323243,-5780.83286518253,-191.73435013958812
2023-02-01,23711.5276291104,3213453.4292199225,5712.753673895694,-5831.878033057024,-203.86420417113956
2023-02-02,23494.4363886378,3212557.5427424107,5651.463935349985,-5822.372435734558,-260.5256144120637
2023-02-03,23459.9535879408,3216391.1470781905,5798.471697433317,-5702.412675406917,-233.60604660892582
2023-02-04,23318.7479950308,3215250.3995805127,5498.505232691762,-5484.899978645795,-211.5839445332357
2023-02-05,22965.0722306378,3216423.579471329,5368.26156822498,-5186.038005060736,-191.44902210387656
2023-02-06,22768.9717738561,3217475.5124241514,5197.118403989982,-4956.914214848691,-188.40720160828477
2023-02-07,23273.9843360699,3215876.008173441,5104.163725400647,-4986.606765582781,-178.54804258897104
2023-02-08,22945.9456066122,3217094.029205001,4976.982950955278,-4786.061719687934,-160.48579562442129
2023-02-09,21835.0704743514,3217185.2599837827,4837.2452115982605,-4652.9700104967405,-126.48657166717477
2023-02-10,21641.6928126042,3223307.903082781,5260.844083345711,-4680.677689050961,-37.43909610960193
2023-02-11,21871.6150723341,3228176.0897026905,5414.893470512667,-4548.859061176893,76.9279862115143
2023-02-12,21768.0249514631,3224396.327988028,5157.908411185826,-4602.027076783104,158.25779154498483
2023-02-13,21816.4969923938,3222618.9919845904,5112.668399012104,-4712.334887132229,214.50367850517645
2023-02-14,22226.895796023,3219348.2922118083,4966.181886823963,-4810.583927254752,235.2018693214976
2023-02-15,24295.782326844,3225095.0036969115,5181.5409270317,-4662.628732427102,280.7759088762067
2023-02-16,23657.2506992149,3233281.9080281407,5634.209961043593,-4577.604957330625,368.4554448831738
2023-02-17,24577.916547538,3232295.5389662804,5596.514121660021,-4672.840722318594,427.5707575485328
2023-02-18,24636.1826568973,3232370.3452383303,5386.051537544686,-4541.835946689354,486.90006732063017
2023-02-19,24359.1634691171,3232197.2258249894,5149.739133291708,-4336.8125427160585,531.950283564302
2023-02-20,24801.8254036576,3235747.215369779,5143.357315002259,-4173.75986081232,584.0498024963484
2023-02-21,24412.7766763074,3233952.967439701,5163.540703802776,-4395.79960856417,630.4915264549728
2023-02-22,24190.5007953479,3235823.2031935714,5137.935510393925,-4333.501437913231,674.3138722559265
2023-02-23,23946.3366542478,3237312.563224819,5085.299328501002,-4264.730192102341,719.7634390628652
2023-02-24,23203.8254047461,3240603.530962181,5158.081276663597,-4174.218900200851,748.5988663605792
2023-02-25,23169.273079849,3241743.8487165887,5028.658158765349,-4008.8987571061293,759.5792229551112
2023-02-26,23540.4512720207,3242453.197374089,4818.643675371668,-3823.444989989722,790.9590337393416
2023-02-27,23519.8639792693,3241600.08062225,4743.578433530221,-3895.9341106297397,822.9098059550994
2023-02-28,23159.3538037001,3243344.60227067,4727.287724062204,-3784.9849127937573,879.103009647902
2023-03-01,23652.7497737762,3253400.994939509,5247.381405142724,-3827.732603369507,943.4413387313749
2023-03-02,23479.3218870689,3254452.6836529,5120.844201657208,-3672.1327391095388,971.4489429338538
2023-03-03,22359.2172096883,3255155.423447699,5181.504371388727,-3792.724353357568,1004.6708442688348
2023-03-04,22347.3439242321,3254361.6560412417,4997.951908983481,-3749.4750525850645,1033.546648950484
2023-03-05,22442.4745388988,3256662.7737905625,4929.775643273246,-3610.189394013397,1069.7366245707842
2023-03-06,22428.6763935183,3259143.0582560515,4992.657797439028,-3611.0250004305035,1099.1677204863977
2023-03-07,22221.3132269194,3257098.7730536307,4962.279087475759,-3842.9074904291306,1124.2841849012566
2023-03-08,21723.276831259,3249313.5018847906,5005.989522026705,-4302.354109372519,1117.0842806279347
2023-03-09,20370.7466111065,3255790.906436712,5338.883302593589,-4527.436613988351,1116.432677214119
2023-03-10,20176.7876459319,3249985.5909408694,5552.713897740015,-5126.718021431122,1076.5850700602725
2023-03-11,20663.8971913591,3237366.317258144,5468.8460166473515,-5821.668110941052,978.5435346350641
2023-03-12,22123.7422269452,3238098.5128446803,5581.869576594187,-5740.823825498982,896.1040393288685
2023-03-13,24156.6678970693,3261695.374574842,7268.053893629241,-5807.88707726305,939.8556460049907
2023-03-14,24781.7852795927,3271865.221923929,7983.390853977297,-5968.045335429511,1016.5015536678007
2023-03-15,24377.2940104285,3273680.415064401,8089.924981043473,-5893.656287700878,1071.9744030656134
2023-03-16,25050.1492606499,3273531.8912680303,7920.93416585191,-5870.918305156817,1114.9247172190007
2023-03-17,27399.9518526489,3274185.9840348926,8004.465725098448,-6078.911403992355,1153.2657388672103
2023-03-18,26954.365598303,3278875.4911321187,8219.894454009882,-6038.80994782887,1219.8805709945384
2023-03-19,28101.0152763422,3278213.9511763626,8041.555576543222,-6065.512701158275,1266.7703300034736
2023-03-20,27716.6859641119,3279613.0633912417,7996.425244315675,-6032.644412964391,1308.3523324565278
2023-03-21,28151.3251208052,3276206.2211421314,7792.531604086632,-6245.192311432767,1338.9214535713304
2023-03-22,27328.3976309554,3282881.074939999,8213.85397180219,-6256.333712133914,1428.4846569294798
2023-03-23,28335.1620723499,3281476.648103401,7897.75701267337,-6221.579892756323,1490.2511163088948
2023-03-24,27446.9425539074,3279490.019779269,7696.157602684481,-6264.567512370564,1562.0792744521107
2023-03-25,27488.8024550984,3280671.454624083,7481.689178246843,-6032.576104299859,1690.7889293264454
2023-03-26,28013.8277232926,3281797.24999441,7151.615802664388,-5781.590575625201,1800.00174903673
2023-03-27,27158.4993024627,3279867.3750515706,6964.8033655834315,-5805.371483202853,1778.520682323472
2023-03-28,27270.2629329723,3272124.104613521,6837.069765761198,-6201.7513714093275,1679.947316309478
2023-03-29,28349.632751093,3270637.904128742,6620.86303117045,-6136.772562094034,1557.6488717190368
2023-03-30,28021.2103883324,3255272.09605894,6712.3960944117525,-7264.505527927103,1371.7827792754338
2023-03-31,28479.2287189028,3250408.286821191,6531.270708898305,-7371.626796029296,1174.217750115642
2023-04-01,28473.5683778214,3250159.1412394205,6504.146889949086,-7323.355610056008,959.9110910950753
2023-04-02,28194.1022318852,3251196.142156793,6207.481977468476,-6928.410055076943,767.2703087384032
2023-04-03,27767.6378517015,3250359.4573495886,6113.536699711916,-6818.248559293145,576.6636879575095
2023-04-04,28167.697403943,3250771.271128609,5925.91335435379,-6555.656838028271,421.15777536262766
2023-04-05,28173.7362916007,3253966.595325548,6053.123957396205,-6313.849595696388,262.711639793452
2023-04-06,28041.1975310074,3255587.4263387,5968.89751094779,-6235.399372484634,123.94885540388827
2023-04-07,27924.6805888283,3256311.31848045,5820.660256443939,-6018.869184428323,7.534639811152409
2023-04-08,27942.7676656288,3255086.19085976,5537.68036855434,-5779.550542719104,-113.24987791111536
2023-04-09,28340.4168537808,3257125.206564409,5501.926099386052,-5503.670548296494,-211.23342619323176
2023-04-10,29628.5443755146,3258984.130742569,5577.4522839309875,-5415.952157703397,-282.5142659184453
2023-04-11,30254.021967482,3258859.94853155,5693.734982100918,-5573.88034502317,-319.33310572373983
2023-04-12,29887.1999587814,3260670.3997068712,5678.160693378192,-5518.19962041762,-342.48520544630026
2023-04-13,30391.6738955012,3255096.494986069,5589.080270749641,-5699.976917373114,-310.97000638259476
2023-04-14,30476.9517386248,3256182.280817362,5640.298410897,-5683.682892326236,-254.04346311818372
2023-04-15,30311.3454516351,3257652.79715854,5535.713994135192,-5477.705087390485,-191.38506120021017
2023-04-16,30307.7565221151,3258290.820092579,5354.933454815513,-5315.990279584452,-137.10854314024397
2023-04-17,29459.3796486051,3265172.6078722905,5698.4516525611525,-5141.118837031489,-46.9624949180374
2023-04-18,30374.5055872356,3265590.382878959,5579.293837393733,-5135.264875788056,29.73553688768813
2023-04-19,28787.5762750889,3265768.986585083,5649.2936677541575,-5248.966389847519,76.95360233103246
2023-04-20,28262.4940909424,3270135.565789229,5824.455879861878,-5238.371806872353,137.8525976543446
2023-04-21,27284.5816888357,3278527.299131989,6382.139565917086,-5237.345541609524,233.7813799609121
2023-04-22,27809.9630088153,3279720.746902127,6258.040946913279,-5125.470006216888,331.9557453081374
2023-04-23,27598.759708663,3278758.7136461786,5943.205512095728,-4955.274851175761,402.6468245817381
2023-04-24,27524.7670205672,3280893.743057599,5949.059563921342,-4831.988986301378,470.9018568240504
2023-04-25,28336.0379696166,3281447.210536689,5913.808294223254,-4826.24458983862,540.0239330602565
2023-04-26,28377.9780770092,3284191.35004496,5963.303775437705,-4724.681684127386,617.071148656667
2023-04-27,29474.4655321431,3285220.5878755986,6020.28638230786,-4775.176575042225,713.9287525058891
2023-04-28,29357.3343140901,3281101.31208963,5811.018769044,-4929.668001327404,779.9812703020199
2023-04-29,29231.586577885,3280990.72206987,5739.073141627731,-4924.118426409578,834.0488280501232
2023-04-30,29325.8399426098,3279588.703243439,5419.959045788547,-4829.535900013608,873.4402545175432
2023-05-01,28095.0419163598,3285381.3040279094,5570.604233916642,-4594.16924556203,903.3761240050396
2023-05-02,28648.3688581359,3279070.9969725995,5308.515192737533,-4794.596340627229,908.3682590410845
2023-05-03,29007.5458862813,3281340.831306901,5285.387552186362,-4748.554334596745,918.1186833041545
2023-05-04,28844.3230167531,3282168.204520147,5313.660847296609,-4629.511629996298,925.1233364692106
2023-05-05,29524.6092600713,3275476.6193778003,5175.797149455501,-5025.7635561318775,854.069019970358
2023-05-06,28917.3607874342,3271970.6838160683,4960.6677759278,-5084.03212627442,764.3593563244286
2023-05-07,28441.3680383238,3281574.4348039585,5530.345895155284,-5056.035889619462,727.6721666541328
2023-05-08,27716.3672626902,3276091.039840339,5680.629207476934,-5606.566199884836,653.1716259378568
2023-05-09,27652.9466298251,3272310.594283351,5463.64160892447,-5648.345838971187,562.2953449070461
2023-05-10,27611.8581265476,3271766.34204556,5234.852702886177,-5458.10680011577,457.8756171541953
2023-05-11,27002.4930001727,3275675.9618700976,5299.567892873099,-5286.783728651379,369.8523569367729
2023-05-12,26817.2354769501,3274789.2906333297,5261.9193979735555,-5310.6989271512875,303.4144785871781
2023-05-13,26803.4936629342,3274443.86305188,5026.615694680652,-5085.771760676546,240.9779942147462
2023-05-14,26916.4422754725,3284750.202207609,5490.38325866662,-4842.439643214108,245.08659919171575
2023-05-15,27197.1535928115,3266328.99788859,5232.22840604951,-5864.027986228502,130.21270143931548
2023-05-16,27028.6215113561,3270833.3395815734,5447.620919440207,-5712.744414741937,74.5668194813131
2023-05-17,27402.0195800047,3272176.7684345003,5408.76367849486,-5638.4703505811385,19.813970218749215
2023-05-18,26834.6127494502,3275276.7119027707,5437.532087275868,-5407.708750005065,-26.92359264050123
2023-05-19,26876.9963212768,3276950.071185162,5346.814035335481,-5192.621635056726,-26.626535000848925
2023-05-20,27123.2302584679,3277259.101008441,5088.850770341778,-4948.202541862943,-7.768493656173614
2023-05-21,26754.8331721037,3278011.86185344,4881.276404032324,-4693.287334452079,-28.219989081572137
2023-05-22,26854.9458192556,3279097.1222125483,4794.10576320017,-4521.498607651274,-14.03826422751527
2023-05-23,27222.4248683509,3279694.262237578,4692.140717514165,-4457.69803733319,15.900800788748288
2023-05-24,26342.0065190902,3282969.94408404,4803.897368335215,-4307.492077068979,67.30504282416472
2023-05-25,26477.0972031435,3266091.211863939,4766.726100011532,-5461.609976169715,16.757325654171726
2023-05-26,26719.1165481612,3260887.849035988,4689.721232321437,-5675.570371932405,-50.17621794820223
2023-05-27,26868.2284112847,3254067.017224557,4559.001632015343,-5853.049616414244,-138.38278354841714
2023-05-28,28107.0550116629,3253861.094435469,4416.183159803653,-5659.956131181963,-273.50539689347596
2023-05-29,27753.1834088847,3250583.5910310266,4249.044670761409,-5631.266337677167,-327.1069745175307
2023-05-30,27705.1379897579,3254946.150877189,4546.88861578865,-5578.258181832687,-381.8388367134098
2023-05-31,27228.5688045953,3259902.022047708,4927.384480529405,-5617.384664135842,-414.7169446791355
2023-06-01,26816.7130277403,3266448.023065771,5275.085597984117,-5422.705701479452,-427.39147616243116
2023-06-02,27247.5506846746,3262548.3242207784,5137.160973753167,-5546.452993348156,-467.64036329627
2023-06-03,27066.7495139147,3266047.46991252,5103.639768433627,-5249.6359406062775,-488.1149633428046
2023-06-04,27100.6725352805,3268390.806843889,5131.38556831005,-5203.492866913192,-506.69327535590355
2023-06-05,25770.9571020305,3263196.45972438,5304.009851614044,-5617.33313827765,-548.5454497996536
2023-06-06,27208.7304034823,3261044.9198852526,5286.968983093112,-5782.373373254471,-600.6773833955347
2023-06-07,26354.2800049894,3248527.7683036886,5290.802665282239,-6669.396868203507,-734.6059186946424
2023-06-08,26518.6520246485,3247664.6590694496,5278.199293920756,-6531.821165596603,-774.5157755173329
2023-06-09,26488.6089619127,3250179.3880148907,5258.5559410500355,-6302.8210915848285,-778.6883477261778
2023-06-10,25862.0063908444,3249478.100807568,5258.117626728697,-6274.050914382507,-758.8230122443856
2023-06-11,25917.1977344574,3244000.67608432,5110.996931463452,-6426.562981490339,-763.9510892907123
2023-06-12,25898.4229819551,3249384.205231611,5287.055325790551,-6154.281695996313,-727.1657109542839
2023-06-13,25897.1535855588,3252340.307087778,5291.104068149843,-5956.908556597228,-701.0539196973799
2023-06-14,25122.9625600642,3255328.2518855007,5697.724672043863,-5795.679208080074,-658.7649448709352
2023-06-15,25565.9134167308,3251462.246533348,5730.3589797822715,-6323.650236892735,-690.5985987005873
2023-06-16,26322.8639661297,3246748.7318418324,5622.749130978785,-6478.788617049889,-722.5091320203098
2023-06-17,26517.5945490646,3247804.6552831694,5527.588481564201,-6267.430439141232,-764.9266881206228
2023-06-18,26325.8901810201,3245785.06422632,5277.576014895251,-6069.467912423814,-816.339873758153
2023-06-19,26783.2471969441,3245149.709019041,5282.858656652235,-5965.581441497566,-842.7255521997048
2023-06-20,28363.1350283142,3239618.596410221,5333.960550146755,-6228.375989923725,-871.2263414579628
2023-06-21,30038.5197092391,3232670.31306724,5384.368478960301,-6676.035112284141,-865.0172293438608
2023-06-22,29915.4403051216,3221976.826963611,5261.677455352281,-7139.072053363204,-909.5724240820804
2023-06-23,30622.9336472913,3222068.7599199475,5339.449051612129,-7096.0884793329915,-960.4563010239424
2023-06-24,30542.4242516921,3217279.6270664283,5197.425954185988,-7160.364943626791,-1028.0995654372991
2023-06-25,30464.3768442492,3222931.271296109,5352.293371124926,-6821.660145957669,-1039.0853314948604
2023-06-26,30286.0199271532,3226730.846913849,5438.575777043266,-6528.213059037821,-1054.9718251940599
2023-06-27,30725.4543534843,3227807.553822968,5365.19723417038,-6351.678236757303,-1077.8772904897412
2023-06-28,30091.6397568426,3224804.946977752,5228.458877334354,-6321.228269430155,-1148.9354944939978
2023-06-29,30458.25082528,3223073.842130779,5035.527311616728,-6173.172400704142,-1187.81791106378
2023-06-30,30490.7915153195,3227515.020743689,5273.380377595617,-6031.170553216538,-1180.8001031744814
2023-07-01,30586.1626093886,3209130.74698628,5207.077014552576,-7138.03276229277,-1265.8796596147074
2023-07-02,30622.2369972301,3211419.1268982696,5129.960730210406,-6743.627433968579,-1324.5778600596798
2023-07-03,31152.7134509953,3211368.573311952,5022.317176965048,-6557.243006227342,-1385.449506089463
2023-07-04,30791.3543255026,3213172.9814720494,4993.934361278702,-6324.171257916855,-1416.579610150976
2023-07-05,30501.9777128283,3215111.1811619024,4915.575299246124,-6035.229756785058,-1404.2930261663398
2023-07-06,29995.789295014,3218065.379480969,4987.494173163046,-5838.311778928055,-1330.9660981487746
2023-07-07,30321.1643734029,3215740.6402383726,4887.107412729514,-5840.3197942835195,-1273.5784519939991
2023-07-08,30270.0471237424,3218908.3187952703,4843.395967003544,-5530.015619327281,-1182.412785057066
2023-07-09,30177.561426356,3219942.780313231,4705.834938974636,-5260.849179946129,-1117.1018897812623
2023-07-10,30399.5676252617,3220317.595516431,4691.274611688327,-5170.900223048379,-1073.5296275930834
2023-07-11,30625.232132438,3220615.76174935,4544.855622545768,-4988.69511095382,-1034.7695194374498
2023-07-12,30386.1848843036,3231624.4189152285,5033.398626239377,-4745.098337694898,-936.1216851060011
2023-07-13,31454.3854580246,3235921.976189477,5268.569078840761,-4684.958324582568,-813.1748391527435
2023-07-14,30326.1414839973,3231557.79511744,5189.653032448041,-4937.561733276398,-741.0404480961317
2023-07-15,30291.1085531506,3232286.9126866586,5128.401025963507,-4848.707975455308,-583.1369625069608
2023-07-16,30232.8659422061,3232564.204561459,4924.248596460604,-4651.382290999625,-448.38460470559266
2023-07-17,30160.6471317664,3233117.588461359,4809.15084189657,-4536.183363472985,-319.2493684423155
2023-07-18,29854.1616294549,3232908.960326439,4690.810724194125,-4446.482953326785,-206.7804636204945
2023-07-19,29928.0626337793,3232964.2636081986,4553.65837073386,-4360.725565806998,-113.02423058722346
2023-07-20,29795.7509329067,3232616.4324671086,4414.685882131601,-4219.610673605868,-38.31760099502774
2023-07-21,29918.0622451605,3234224.863812699,4328.484169837495,-4046.7852188408165,49.89035133002097
2023-07-22,29748.9259907675,3233928.496866892,4126.230065930995,-3863.668841388087,117.68898539192394
2023-07-23,30058.5812563158,3234533.8961447272,4014.9526562182614,-3790.0688947888807,173.39598556341468
2023-07-24,29181.3927993408,3236394.4430725197,4205.217459750376,-3867.6228205636207,231.7688606024722
2023-07-25,29242.2700718324,3237700.9093126794,4168.148540830349,-3758.0291282453777,292.7659249591165
2023-07-26,29339.2283738779,3236834.8606198006,3974.3752820569894,-3662.6470765030163,294.43934760265154
2023-07-27,29204.3502221115,3245495.413471499,4356.615391845858,-3477.1855432154807,315.5692829149502
2023-07-28,29320.9363484864,3246259.07222161,4302.219368276801,-3427.907592881115,360.0136026452388
2023-07-29,29359.2726808107,3246201.226002749,4072.979214781683,-3266.011305669715,397.6760925455078
2023-07-30,29275.109106224,3245513.7611928075,3864.223909567572,-3160.1515150590653,428.47652747747395
2023-07-31,29229.6766283125,3245925.7245568503,3836.129958171066,-3119.998165693796,460.13112133845135
2023-08-01,29668.5781139684,3253302.901160959,4198.260270371662,-3074.12549045221,522.9744791278878
2023-08-02,29150.1782003986,3253180.1943019605,4120.712400890221,-3052.513730232065,585.4934695372658
2023-08-03,29175.81635559,3252019.113938889,3983.1145211515386,-3096.2544527419277,634.9066738146856
2023-08-04,29074.5525483206,3252384.701097849,3887.2784934734364,-3037.23661902713,675.5025969182304
2023-08-05,29045.6162542304,3253697.004465149,3862.0159941065376,-2981.7566868033146,719.6238885439673
2023-08-06,29042.0480211678,3253586.614078469,3702.930308548106,-2879.5143141770977,762.3761908969408
2023-08-07,29179.4548728283,3257858.8564683883,3900.7216237595662,-2807.917203018625,816.3197467222398
2023-08-08,29763.2397185717,3250101.609757148,3740.7672824329284,-3251.699603824051,821.9589085810902
2023-08-09,29578.6047350551,3253137.873122519,3811.191159412732,-3210.0104350197794,842.6340884981602
2023-08-10,29437.8426384499,3253342.889706927,3907.31803120122,-3285.5815828071272,824.2274170527113
2023-08-11,29401.4028588253,3255076.509329901,3899.236475395139,-3202.4411486959907,811.5476707172443
2023-08-12,29416.3209521918,3257125.932518288,3855.8172828961356,-3078.1800987509273,809.4526189339043
2023-08-13,29283.4330763789,3257904.051885129,3723.707383354385,-2937.3047203628644,815.3333523969767
2023-08-14,29412.6629632129,3260130.527504849,3793.4571457427587,-2926.6496189693394,826.0959048467015
2023-08-15,29168.9393102894,3259740.031507578,3638.3832247732425,-2886.929266269385,799.4758461741591
2023-08-16,28716.955675677,3261029.1790409912,3751.5701389190313,-3116.509942088091,768.5373837579293
2023-08-17,26641.1490175833,3267017.7546170466,4156.43274369509,-3188.898188248883,774.2998471176862
2023-08-18,26047.655701857,3267556.908366388,4331.676130961416,-3389.5002959222893,780.8808443028877
2023-08-19,26087.6681513793,3264848.4658734486,4174.8899637806535,-3470.1553506068008,768.3433661507898
2023-08-20,26188.2940150577,3264028.9533491507,4033.342129375276,-3434.5573253663474,752.298281124927
2023-08-21,26119.6865997804,3259484.0066105486,3925.9559265629255,-3675.41989206126,692.1362535364074
2023-08-22,26023.4584889966,3263458.251400308,4147.8706115114,-3623.420659992509,694.6635587442655
2023-08-23,26424.425885267,3255705.068699818,4129.892217594639,-4098.791109543009,653.9435861484569
2023-08-24,26139.0400945493,3255843.642157241,4300.010287194327,-4345.3043558514755,606.2985492162255
2023-08-25,26051.0276962783,3254586.046350431,4282.661988301375,-4411.70950616871,547.3097746043339
2023-08-26,26006.6715364229,3255913.7976815985,4241.40513335795,-4267.666061289462,489.8884808845683
2023-08-27,26087.2252240873,3255046.4462810704,4073.8192622434235,-4155.286221681502,427.8977935681685
2023-08-28,26108.558274789,3255086.0738895703,4087.9920816265267,-4053.919403202063,368.41673297181455
2023-08-29,27722.8571506219,3250937.9892085483,4148.527250922089,-4421.198396460596,295.2649398259314
2023-08-30,27301.8029928452,3247854.839105339,3981.6695512266174,-4544.052627276554,209.73327747729746
2023-08-31,25929.8273633107,3254306.966765937,4301.858548186839,-4394.4609084601125,134.00921206876325
2023-09-01,25802.6775814268,3267270.368653799,4995.815239297044,-4213.350649694772,122.60126596613085
2023-09-02,25862.6621403054,3267508.284194889,4803.029616010574,-4050.0682963091126,126.04603071810288
2023-09-03,25971.1192769633,3266690.6688682004,4617.273816596536,-3979.217606654504,128.851131141896
2023-09-04,25818.2004165872,3266914.3526726444,4488.69335788677,-3880.3953083115425,154.40556079000763
2023-09-05,25776.0931954926,3265560.882248561,4308.1268679443165,-3832.8133832794383,150.89581315757815
2023-09-06,25755.844925776,3263954.1061616507,4201.3017318353595,-3832.72088527548,175.0015087653102
2023-09-07,26215.697676474,3265006.208547019,4103.079269849005,-3710.47032070178,206.28029575133684
2023-09-08,25903.4558171567,3258359.564329531,4017.0042868684063,-4094.345548830331,209.9735997445804
2023-09-09,25894.3716789264,3258670.3030350017,3886.2135898998454,-3942.282854032978,207.84443287303608
2023-09-10,25841.8915371782,3258086.9786486006,3740.5769946865234,-3876.5966003041117,203.9478152887854
2023-09-11,25131.8536107488,3257561.637906768,3868.359014768093,-3984.6000294665023,193.21112292286594
2023-09-12,25851.2382753878,3255951.010164509,3801.982036931551,-3992.2488334674063,199.0971478516269
2023-09-13,26230.4112960061,3254328.205691548,3666.152779914782,-3891.382088212243,223.17955983394654
2023-09-14,26536.0822077804,3256471.84618908,3797.2972198464668,-3900.008541088763,222.4574911933021
2023-09-15,26647.2234097979,3267061.8219313878,4596.200725713369,-3988.73290938551,209.95772167370123
2023-09-16,26560.6818264789,3267396.571820751,4592.5825820304735,-4005.36262750048,198.11905273288224
2023-09-17,26527.9355736059,3268048.5162174604,4451.646541481112,-3844.578290805782,195.90562707097502
2023-09-18,26750.8306586876,3267274.33378832,4466.511843819036,-3921.593638464731,191.37849534090918
2023-09-19,27225.1652880122,3266626.7229882707,4400.450761483773,-3940.967823156416,190.24774203108635
2023-09-20,27130.3198936111,3262556.985892151,4261.820546647529,-4155.358943949994,171.52493889806195
2023-09-21,26565.4443305877,3264205.0815641214,4190.749656009689,-3966.8391153606563,159.4750525767627
2023-09-22,26580.948241166,3268097.62259198,4292.270365225707,-3823.7177920959466,198.46746936902605
2023-09-23,26579.7118609358,3266919.574200649,4086.054683453325,-3749.342174620887,226.52331029513834
2023-09-24,26251.9400012604,3267977.48312718,3944.885039959107,-3557.0927699468284,263.9384442687003
2023-09-25,26301.8478092495,3265784.64781766,3916.9318125798295,-3709.114714536367,287.08545232169126
2023-09-26,26207.0988402769,3270430.39784214,4106.835104483175,-3591.155811343944,337.51017301276886
2023-09-27,26351.9237997275,3270709.4148247787,4275.6722976962965,-3679.503825257015,396.1814430653934
2023-09-28,27020.0201195083,3250661.5503140995,4130.513225141213,-4970.146951576548,343.5441284087479
2023-09-29,26918.0472594945,3247172.9350770903,4098.7574125044675,-5110.989906311453,227.8512491134021
2023-09-30,26969.662422276,3245956.7544811806,4112.6474675815025,-5071.4098348620155,117.42394041265179
2023-10-01,27971.7200796628,3248392.1107053994,4138.090184019401,-4901.711311866547,19.51755623247516
2023-10-02,27615.8109222834,3251876.6343672,4556.428339755442,-5042.03981495945,-54.09170666454709
2023-10-03,27442.0484635127,3251375.0838078004,4415.006233103079,-4877.7469805868195,-119.9648270796254
2023-10-04,27793.8355959913,3251767.7522523897,4454.35759994621,-4921.3244012916975,-160.92399879698414
2023-10-05,27435.1378448644,3250379.491689339,4400.465865429791,-4856.998917555583,-209.52711256661442
2023-10-06,27945.9233719191,3245871.3314570477,4229.156885899805,-4953.798416703208,-294.75526284755455
2023-10-07,27972.8616832872,3255767.247888821,4748.789943678484,-4767.994276976996,-320.17789442833663
2023-10-08,27946.9408191196,3256349.5319047403,4578.982625745919,-4581.554402429865,-348.0610406209241
2023-10-09,27589.8725283071,3259881.8576930203,4643.899907682865,-4423.3451800358725,-347.15120993495754
2023-10-10,27391.3405159958,3257805.0381879117,4533.370792029339,-4501.7076798994885,-381.72379429277044
2023-10-11,26839.4634565126,3269349.294410031,5225.689565156047,-4328.246912360185,-360.204209981586
2023-10-12,26740.6222791905,3274421.44278482,5342.9990762183115,-4265.849375289506,-223.29110802700453
2023-10-13,26846.4089605135,3275193.1970121,5226.3896468850935,-4169.666310866205,-75.50854875372787
2023-10-14,26863.172256085,3274929.73265179,5068.5428341167535,-4078.565344519794,63.68715530894869
2023-10-15,27147.7227567254,3273420.7526777885,4866.629466647634,-3953.582474623806,183.44916387116115
2023-10-16,28525.7121658639,3265059.166157488,4765.4833063897895,-4478.145215187545,238.6598471858935
2023-10-17,28418.9494449073,3271946.7454491304,5469.396134987137,-4747.37529708905,323.285674713167
2023-10-18,28329.0609562546,3258828.682639161,5691.319554683996,-5481.17762664378,371.65058395500296
2023-10-19,28706.1628299467,3252636.4440335096,5474.540832795731,-6011.550940334863,365.9022228540501
2023-10-20,29681.5310015572,3264266.678415221,6326.310132043349,-6036.370606965872,438.3722982741128
2023-10-21,29910.6982115522,3266735.460234529,6196.300578185793,-5755.638233492811,471.2199181306479
2023-10-22,29976.4814093799,3267861.85020886,6155.6746763427445,-5463.963823007292,520.811534560605
2023-10-23,32960.9031300207,3256905.8927703192,6228.191395698563,-6257.0584284881415,502.99569452942126
2023-10-24,33832.9215678228,3258841.460966129,6935.364572373328,-6794.535923256271,510.79323288565024
2023-10-25,34470.461305634,3261949.3600922674,6985.6521439097705,-6584.505462991187,475.3435206087018
2023-10-26,34168.1992300833,3263957.4758388,6838.79313744512,-6432.695185485773,427.41125282516896
2023-10-27,33916.7642368565,3262529.38031909,6674.380623054109,-6378.362235872725,373.07518505106145
2023-10-28,34097.5290899961,3264569.15993155,6510.030207963169,-6067.827739096539,333.948397856038
2023-10-29,34551.3650387274,3266166.9466773006,6307.985440762289,-5792.1440201034375,305.5765713299681
2023-10-30,34497.3037052442,3266744.6751810224,6197.494344586805,-5665.793785057205,323.03103335335055
2023-10-31,34653.6842729529,3267366.3534894884,6110.716310124352,-5521.283900665391,313.5604313219843
2023-11-01,35421.1309038313,3267384.7764434395,5942.943138482065,-5379.284692723693,338.8116111589953
2023-11-02,34934.7416820697,3268658.3580309,5770.065005960587,-5218.30501742212,416.5809037359666
2023-11-03,34740.1173306426,3261741.940180527,5600.0436525438845,-5522.762186599312,401.39104236933053
2023-11-04,35070.0478456889,3262227.82515484,5328.716294559624,-5227.461261390693,377.1476629747555
2023-11-05,35053.76045609,3262778.0290916897,5114.297571424317,-4982.245944676646,337.1720039327711
2023-11-06,35032.6453205807,3264571.7712902776,5095.821574076034,-4827.257242538871,358.4171013846812
2023-11-07,35448.2806676018,3273080.3855807288,5605.835285064297,-4774.600956266284,407.7317927904638
2023-11-08,35708.9365763642,3271427.8917788668,5714.975581734014,-4898.809794979866,437.3760146358612
2023-11-09,36718.2999658518,3271522.8324322808,5705.490449774409,-4975.586338576537,460.50502601004166
2023-11-10,37327.7140067953,3277184.96562032,5970.989664794118,-4924.470281806768,514.1122399961821
2023-11-11,37128.8108883206,3279295.9819954,6007.482403069844,-4894.196553942983,562.046767157627
2023-11-12,37057.8000758565,3278953.22973592,5684.175226043853,-4707.625250824118,594.954521054833
2023-11-13,36534.6332410215,3277865.2571380674,5417.647270572262,-4640.665466890517,612.4746099228433
2023-11-14,35534.1172334461,3297093.7549388194,6706.413848556121,-4543.93097840315,724.8353571152725
2023-11-15,37964.8928323147,3297191.7016328587,6707.363347164379,-4712.976222085602,827.0302627810156
2023-11-16,36208.8007371058,3292209.4695463595,6383.143902824089,-4907.004725183898,893.0573477168529
2023-11-17,36549.8505906689,3290536.7240056894,6482.50121625314,-5219.554353166972,977.7477332269668
2023-11-18,36580.4198914963,3290682.3169628587,6211.511662747602,-4969.121726722508,1059.2573691452642
2023-11-19,37420.2440093735,3290303.0160256694,5937.206345633095,-4797.262467822342,1131.249672792627
2023-11-20,37485.7690254478,3290103.9011993594,6030.260633273556,-5094.320669070848,1178.9193608401658
2023-11-21,35969.2471775108,3289328.7671768293,6311.583897431989,-5378.44886567813,1186.197982479869
2023-11-22,37459.0315813038,3289895.4490478984,6438.661221888523,-5500.223067513585,1194.9317230242111
2023-11-23,37289.7765055617,3288514.9003777406,6365.054462977953,-5589.882096905346,1198.1651698009778
2023-11-24,37727.337028466,3286585.75442598,6425.261156874755,-5826.376678657661,1166.1912480316735
2023-11-25,37803.4732110331,3285499.5105527686,6156.456879775774,-5692.780958320479,1119.7905389122757
2023-11-26,37484.8035550384,3282671.6658647,5898.002659202056,-5668.094778381779,1066.4589607408855
2023-11-27,37269.4009872799,3280301.84528471,5921.325423963246,-5825.066107196992,1017.8359259612074
2023-11-28,37793.2165423987,3272963.134219238,5704.214170488362,-6101.819545871199,834.9724798515068
2023-11-29,37827.1841495604,3270280.2464242475,5917.937411178473,-6074.714947868452,681.3178611537382
2023-11-30,37714.6103228717,3272394.737103299,5879.159732498582,-6221.89938813922,551.3979444908217
2023-12-01,38670.5303577682,3273376.777435621,6004.216997828676,-6207.171320938606,446.690716905386
2023-12-02,39476.8592997238,3270976.6485383203,5804.043819658766,-6119.343114381362,335.427200423408
2023-12-03,39944.9090519596,3270697.31609202,5677.780884020174,-5857.949055514605,241.13348261589493
2023-12-04,41968.8995766902,3279093.897309957,6224.491529014835,-5691.276407880299,212.36742239673967
2023-12-05,44139.7146093222,3271126.1967414506,6154.370850661846,-6209.083442170278,141.80687787800454
2023-12-06,43728.4368629685,3282841.353009629,6687.658571459724,-6017.239905655592,122.66262869437561
2023-12-07,43268.4384833721,3292381.2114897883,7038.865717727069,-5690.2243976325535,163.62469683879766
2023-12-08,44191.7140039497,3298182.141865981,7150.9723460685955,-5536.045088901047,236.19918104954434
2023-12-09,43723.6922369816,3304029.0672317194,7214.242113205365,-5313.248315466308,338.8647436412416
2023-12-10,43764.5810311404,3305373.533794949,6964.197153887664,-5270.838505115889,443.396941352063
2023-12-11,41195.1155003121,3314045.4494235096,7431.126672659824,-5256.330891902164,591.8638316371635
2023-12-12,41507.4506928681,3321629.215157408,7760.159178503175,-5130.965400869361,808.0637711383529
2023-12-13,42910.6269940646,3319306.34386258,7518.2985381303015,-5169.642431994074,987.0233170545106
2023-12-14,43038.8790072248,3319539.2187790503,7327.047291716281,-5232.509931557798,1161.1145324687332
2023-12-15,41949.3273007756,3324141.121921678,7303.0034138991905,-5020.775001575941,1338.6275849996746
2023-12-16,42222.3828498701,3318324.476263708,6904.000532927242,-5221.163725290208,1481.3515923110767
2023-12-17,41413.0982283744,3319499.6393596386,6884.006835144093,-5148.3482749541945,1618.1963588599574
2023-12-18,42679.42154111,3319570.395474879,6824.489231761817,-5225.424167901915,1694.328497626055
2023-12-19,42266.9195913608,3319173.7799902004,6899.7526019310235,-5339.799574640454,1809.661756111698
2023-12-20,43629.8314864979,3318239.45934042,6791.572316022962,-5411.697533870423,1860.3371929937268
2023-12-21,43879.5874841327,3313092.7606988405,6675.8851917534375,-5694.72197118306,1834.0887573134312
2023-12-22,44026.9012829493,3318775.82698852,6870.554876391872,-5594.53145121419,1809.8813407427267
2023-12-23,43751.5464428811,3318962.954620146,6577.722706706408,-5421.625667765244,1756.67442940002
2023-12-24,43047.9068447895,3310426.263039958,6443.564213719981,-5895.586416054219,1674.8615114638762
2023-12-25,43624.1033163758,3312775.9210475003,6270.73543115331,-5674.645619495938,1562.096799385284
2023-12-26,42529.0229843751,3313858.849972908,6304.290664197097,-5611.878244956218,1423.7552737857886
2023-12-27,43414.9531275116,3313229.67317134,6240.235809483291,-5677.562671629804,1296.185061765593
2023-12-28,42624.5766672541,3318429.983798021,6270.94475422374,-5450.329117115154,1205.1906529763148
2023-12-29,42077.0305270328,3317037.4002154414,6198.980224609493,-5521.177868813473,1090.5887917957987
2023-12-30,42215.2909221348,3319337.2203152287,6292.924708580192,-5497.921169851243,1027.1721297309357
2023-12-31,42225.169797635,3310113.2600136683,6245.031856074846,-5991.159240031833,921.3302765775868
2024-01-01,44152.2269044367,3311247.465661211,6147.390804284531,-5782.629319475046,833.1657352168428
2024-01-02,44977.0380911767,3307618.745787329,5951.395948809561,-5993.599887912709,718.7259519030057
2024-01-03,42830.904205168,3318882.132929851,6845.736344142922,-5880.7142111378635,689.0936198210429
2024-01-04,44230.162584014,3319108.46713276,6786.078097935392,-6035.221826936664,672.6431234230681
2024-01-05,44144.4512554344,3320015.1704520187,6766.2197908743665,-6018.240383324891,634.9256935924819
2024-01-06,43951.9630636431,3319430.9186718096,6697.753257463409,-6041.389262431233,599.2304761704114
2024-01-07,43903.649415426,3321234.910774201,6635.74896075785,-5701.543091901816,626.8181955411452
2024-01-08,46944.0012168687,3329877.7533469084,7044.380728140656,-5652.665745694363,683.6485648832112
2024-01-09,46088.4187903228,3336281.8307995475,7538.117880909279,-5776.112067116742,760.0480930654727
2024-01-10,46608.1898075882,3349216.615744201,8017.058986869334,-5771.414564352959,880.2603276842507
2024-01-11,46393.1001465856,3363232.7636479368,8700.772821380708,-5668.148166782765,1038.2609717906334
2024-01-12,42897.8584804556,3377741.379659987,9293.70004371333,-5491.675965285248,1261.4196662643524
2024-01-13,42838.735969874,3377332.4330056417,8961.311159323772,-5515.751796414233,1450.745082277252
2024-01-14,41769.4393366528,3376060.219598409,8590.165373070186,-5407.190861503281,1659.9666462432447
2024-01-15,42582.9215313985,3377613.8190678195,8404.500747714845,-5287.48457229173,1856.5562670013614
2024-01-16,43152.4934266257,3379078.041124,8311.184336425857,-5328.754435618951,2072.6015412806514
2024-01-17,42730.9262333834,3385218.563868508,8318.517499646796,-5305.161409259687,2218.911109665084
2024-01-18,41261.2424951907,3392000.8333686497,8488.316145119681,-5119.885827415709,2405.8806844297446
2024-01-19,41609.5625077872,3393320.8240292994,8308.657921888365,-5077.856914654662,2583.22508440719
2024-01-20,41648.7186457886,3394182.615123309,7978.902776798477,-4908.035763779688,2755.6895856919487
2024-01-21,41535.7591631473,3394753.9113304685,7611.751787978581,-4709.322828683704,2896.276949294723
2024-01-22,39450.4018713302,3397695.2061035093,7546.493413197338,-4753.673399652793,2996.3558800874557
2024-01-23,39827.3493961979,3398408.80079133,7442.9112643328435,-4772.906272503273,3061.212964232958
2024-01-24,40110.3806221753,3404853.0128441616,7591.798829444,-4507.266700214388,3121.1335147124746
2024-01-25,39928.1446773402,3407709.655036281,7418.268311611062,-4398.508844855429,3120.2145727237385
2024-01-26,41874.3439345598,3405463.7625451093,7162.963812616324,-4473.381143055734,3040.7544720903466
2024-01-27,42115.2234786391,3404615.250689649,6819.599576019906,-4371.6898747940195,2969.493781970086
2024-01-28,42023.4372020074,3404681.90882097,6561.712620186577,-4188.419690287757,2911.6593832795083
2024-01-29,43260.5183645658,3405636.5401813397,6422.866395856806,-4167.017570593238,2850.147429696683
2024-01-30,42911.9531776631,3404583.795299877,6716.607479830349,-4706.7315683483475,2780.6792876020468
2024-01-31,42585.0250674347,3414542.526676707,7303.2059352229935,-4764.806326051122,2746.753824658101
2024-02-01,43049.0605001377,3416230.76674774,7324.440713760122,-4800.185073797715,2686.4556333908463
2024-02-02,43163.942721844,3414111.61751167,7066.620828337448,-4864.058846777202,2613.009988699885
2024-02-03,42978.4281258609,3413650.4541687896,6662.950224832953,-4666.369931568718,2536.275223003131
2024-02-04,42597.652842411,3416656.81627426,6451.96690694275,-4383.267826198136,2476.7230888209688
2024-02-05,42660.5222343998,3420138.814219009,6488.938512918571,-4297.352841240261,2433.777778687666
2024-02-06,43100.8018336135,3422314.1543653896,6484.6099206880035,-4212.040617362911,2405.3895152230602
2024-02-07,44243.0733581119,3418689.170779237,6787.616989720135,-4406.811212360051,2355.1233472323793
2024-02-08,45330.3815185534,3417907.636356239,6963.978783544791,-5106.602352875384,2272.095987511934
2024-02-09,47132.700228221,3414654.6825780976,6769.367826645136,-5211.280076563024,2191.2749218348995
2024-02-10,47778.3030407316,3413704.68554819,6446.509773481465,-5019.561008732156,2118.349140658001
2024-02-11,48254.9440913297,3419224.8253040607,6568.867174034033,-4759.972343210011,2078.034990724087
2024-02-12,49971.508918197,3417936.7446826976,6608.674430839094,-5018.711296827345,2030.471727063243
2024-02-13,49757.6996516723,3412747.5863229595,6704.615834999162,-5429.660800570857,1977.9773787022646
2024-02-14,51819.5146191197,3413839.173316178,6685.915782757211,-5363.3519510761325,1891.1319660243507
2024-02-15,51932.7441152015,3415704.601169928,6951.517706477401,-5643.52960665839,1804.2557131569652
2024-02-16,52182.3052364303,3407621.0410951194,6612.406136512902,-5916.254581669166,1696.6549683915
2024-02-17,51665.3847844768,3407852.337562859,6329.010424042045,-5696.982541671885,1599.1869390419233
2024-02-18,52122.5454555893,3410411.501290549,6143.655944995242,-5352.885672937092,1507.9063098500328
2024-02-19,51770.6346169228,3396639.872953148,5926.370315278894,-6128.559950517956,1336.9223593559348
2024-02-20,52300.9337458208,3397477.431810219,5995.6743513529655,-6096.2807537714225,1167.4098089456813
2024-02-21,51847.0582869566,3396474.3213989097,5826.422457291437,-6014.129126969326,983.9446341572548
2024-02-22,51321.3945878377,3396647.562869259,5627.243244866007,-5818.820038542041,837.5908324182946
2024-02-23,50723.7477632909,3394639.6079454585,5497.832108047613,-5857.767443731904,700.58918343498
2024-02-24,51569.8528965524,3394536.933201479,5335.089718389768,-5622.674347960446,578.1225124121237
2024-02-25,51730.1657122085,3395219.3685358595,5202.710875242453,-5415.627507216419,433.70740792655306
2024-02-26,54521.8318883338,3388606.974027799,5291.361128002285,-5743.642951715319,287.83276808906845
2024-02-27,57040.0028449957,3388846.977733239,5716.611625861465,-5953.341080964296,179.85530455113008
2024-02-28,62547.6812033348,3398785.156750269,6612.244135052033,-5808.51302534601,142.79582441005468
2024-02-29,61296.2878391983,3405634.9168218705,7074.101380486558,-5955.901673320942,129.23951064909784
2024-03-01,62486.3891327543,3395300.5714218304,6931.456184206789,-6492.359484188206,110.87844959015816
2024-03-02,62022.1280771121,3396157.76275777,6667.2484915250025,-6229.078815778331,97.03143483133731
2024-03-03,63119.3909012458,3398384.847365011,6541.31387459134,-5909.349870078441,85.6881300066763
2024-03-04,68365.4263909785,3404123.201387388,7295.855511267923,-5977.665505563877,194.28667578832676
2024-03-05,63889.5184269347,3413141.553998109,7755.437823880061,-6222.503644508287,310.9681459162002
2024-03-06,66125.9771682434,3411231.1656205286,7990.584323824055,-6535.938314915731,428.2790515295008
2024-03-07,66996.4355069651,3411865.80560356,7841.795494039122,-6385.816553522688,545.9616039718196
2024-03-08,68350.0441306461,3408614.5259658694,7718.815591733176,-6483.65388976384,659.8971066613642
2024-03-09,68511.1870763922,3406806.687641589,7335.77961139163,-6294.88457783892,754.7885111701773
2024-03-10,68989.0410391792,3410470.010097399,7264.09734479952,-6011.240483096325,859.4866178614029
2024-03-11,72106.0919089749,3415920.628449479,8124.745021044221,-6386.770726649238,1015.933483440547
2024-03-12,71455.5351057279,3422044.7196874707,8330.065487366612,-6341.750063398622,1174.865260517034
2024-03-13,73104.5022761031,3418531.969137222,8392.094483947505,-6662.850124927387,1240.973349753755
2024-03-14,71401.2809536193,3408146.3200738104,8365.988561551005,-7558.937097359554,1218.7484752556004
2024-03-15,69522.7282035036,3399745.2823874364,8267.93674774027,-8199.024560252916,1192.3067243605126
2024-03-16,65222.4408656723,3401825.66606853,7980.447967915578,-8060.104347521392,1155.3191489781925
2024-03-17,68550.5518606481,3392759.73501966,7840.101802021879,-8312.97649291197,1076.4020993065506
2024-03-18,67725.6460834997,3391760.0770484987,7583.238248853758,-8142.365158428503,942.3080339294944
2024-03-19,61860.4972729429,3400655.279040379,8196.581911588166,-8502.486894399266,810.9623794878607
2024-03-20,67880.9721239257,3403160.8013547705,8555.608084986958,-8277.351247984649,726.9345814945742
2024-03-21,65471.57257769,3404618.9594611595,8455.488874321163,-8257.038619359668,637.111103954936
2024-03-22,63582.3444617418,3390152.902778931,8331.190594283082,-9222.5074684677,485.2197770867966
2024-03-23,64015.4623958801,3389292.5766099286,7998.249851766879,-8873.034012272521,348.3855489397718
2024-03-24,67255.2033505341,3389464.7754197894,7789.085617392427,-8383.33757987369,216.4492043551679
2024-03-25,69962.1417196642,3390620.5541429487,7858.496775282941,-8157.146692054781,70.9760464146808
2024-03-26,70007.2864148748,3388121.3287144387,7625.048569267408,-8062.336853488462,-102.28136131310775
2024-03-27,69478.6896428178,3393141.428011911,7597.987669622911,-7709.516781731231,-233.76518067942453
2024-03-28,70747.3047677376,3381819.047032769,7406.625047005381,-8175.144283582481,-346.3059450200351
2024-03-29,69898.0485040493,3370397.34180002,7295.027094121024,-8831.625397109648,-460.9852657683192
2024-03-30,69661.229721392,3387584.2210530126,8052.306458027623,-8359.006257284338,-477.2026528862407
2024-03-31,71354.8508746677,3379316.8962366013,7735.636135660454,-8462.110936060715,-495.3169464226813
2024-04-01,69704.0888536103,3371864.544559451,7564.86218410642,-8847.262109623342,-546.9793047042654
2024-04-02,65458.8482329813,3377010.6141833398,7623.004021524664,-8759.239310414448,-606.2886122813142
2024-04-03,66041.8463825227,3373538.382666019,7354.211143205686,-8610.646180657483,-715.9094604566073
2024-04-04,68539.4560210812,3370394.7123964424,7274.644146770638,-8487.894866364317,-816.7452443534055
2024-04-05,67887.107000787,3374063.441355068,7271.980029855258,-8204.365437567361,-819.6787110339402
2024-04-06,68960.285354956,3358098.756463579,6973.014377164245,-8837.419750461539,-890.3659405190583
2024-04-07,69374.9004208595,3359437.0180487605,6708.402443539959,-8329.296686272102,-963.6975319655501
2024-04-08,71634.1542303815,3374385.268762827,7788.936126743955,-8153.754039022627,-968.4238173588955
2024-04-09,69148.7225107242,3364040.0961043374,7950.051373825034,-9145.359602517783,-1022.568099106874
2024-04-10,70514.2837112009,3363599.4833322093,7690.190176118034,-8736.452041039933,-1089.3347243078442
2024-04-11,70090.1001087453,3361328.6583542526,7323.409719958166,-8491.10912574927,-1117.8475935374163
2024-04-12,67246.1811739544,3358761.4542716914,7367.08338267695,-8817.283100252655,-1111.6762660079223
2024-04-13,64459.3394915427,3381902.590005619,8518.28484362316,-8539.728864431807,-1091.3008532616318
2024-04-14,65771.2252859931,3383508.3774536606,8355.76137874561,-8154.38996829769,-1025.0261239153335
2024-04-15,63488.4511710499,3384603.87074056,8092.353045313237,-7984.573509768511,-925.7275909823591
2024-04-16,63749.0475167084,3380011.2137215505,7951.534881117024,-8132.65111587594,-857.5048014015831
2024-04-17,61331.6803360844,3384003.9087380106,7856.642933811218,-7929.771751822207,-772.9829285843829
2024-04-18,63521.5000287111,3383286.5039084195,7786.644241155138,-7753.991459938065,-683.9898213836152
2024-04-19,64013.4406500117,3388376.002959717,7868.57305559946,-7475.730523043526,-589.3306827930412
2024-04-20,64900.5503393868,3387363.3119827383,7499.807310257501,-7124.4670116706175,-429.3488490870287
2024-04-21,64949.4607160551,3388207.3897975385,7160.920424332332,-6756.597624664583,-284.6904889156079
2024-04-22,66857.5356562364,3385047.6513449308,7069.742609728844,-6775.757226879606,-237.63311069218577
2024-04-23,66403.1484328433,3386925.58342704,6911.14265554092,-6541.760826074303,-125.86953510937384
2024-04-24,64267.7848074256,3392741.706600639,6923.991519274193,-6334.026933532018,-8.99621720479706
2024-04-25,64509.8003389681,3390182.4043992106,6718.055433230584,-6315.641966633218,103.15470225152237
2024-04-26,63787.1194630159,3383986.712575308,6468.2264737878795,-6562.886693223676,199.97895211865875
2024-04-27,63486.5093326137,3384514.99725286,6239.886344332689,-6314.883570636098,196.15372315474738
2024-04-28,63054.5391067747,3385917.913512869,6079.935573652513,-6077.005234201692,181.97936094066915
2024-04-29,63830.8314485122,3389298.93208714,6053.334308526343,-5777.198086754249,194.00483852833864
2024-04-30,60734.7130164064,3400439.3757869382,6529.853889921254,-5743.2971696139675,263.124335318782
2024-05-01,58295.1761610524,3406116.266893208,6608.331325136505,-5652.685645765034,336.608227988958
2024-05-02,59132.3990753491,3409305.64661069,6597.28411883207,-5435.922836920034,417.2302637528843
2024-05-03,62880.9316945143,3409795.357142009,6860.834936307271,-5490.850371101361,487.0261232278829
2024-05-04,63892.4549874494,3409382.934453309,6511.090653973446,-5211.733239027936,553.0273458249279
2024-05-05,64044.0474564526,3410564.7704880685,6275.51066456522,-4956.054674965408,618.3940022486469
2024-05-06,63165.9074854637,3407911.552232559,6003.7396533422025,-5008.995280083045,668.4482158493555
2024-05-07,62364.820729336,3408768.5948760514,5815.636103531388,-4886.338512256843,708.4421988356362
2024-05-08,61158.5764717661,3410225.635981568,5611.637071729295,-4723.82324617172,729.7171445367362
2024-05-09,63046.7647145035,3408726.5500399875,5500.34254406334,-4645.122036314935,762.0605046189531
2024-05-10,60784.670968246,3410624.579762202,5390.117089017783,-4617.642633638598,823.998695677166
2024-05-11,60777.8491576298,3410596.9585784394,5100.873901607264,-4380.07248883736,880.841455610974
2024-05-12,61478.1635313231,3410475.3739771307,4959.825944068779,-4251.383598904203,931.2351703048136
2024-05-13,62894.2692189475,3410768.4286366496,4881.665886797523,-4103.782720675924,967.0742377583493
2024-05-14,61574.3057331452,3412526.1332592205,4792.710736175026,-4040.1728062901975,964.644324156745
2024-05-15,66226.0271454156,3384929.0760028013,4930.0293038686905,-5755.931053070851,837.3909364014854
2024-05-16,65259.4331063986,3383562.149669152,4818.628179668109,-5746.5982345001285,688.1529837769099
2024-05-17,67021.3303584509,3380935.2628175425,4775.452882515569,-5696.884057132788,524.4804309324005
2024-05-18,66935.4609385415,3378840.2449484924,4516.76432484053,-5523.901279086597,359.73083313300214
2024-05-19,66309.3438002627,3377929.2933489494,4304.574066378494,-5350.431996977492,190.77983883308713
2024-05-20,71409.6796868195,3392639.655367129,5681.94175673593,-5333.785024082988,144.59500736121464
2024-05-21,70157.4128460141,3400363.904919101,6112.305530154857,-5356.942609547456,132.17110231356156
2024-05-22,69173.2995421522,3400932.8530024835,6117.320322171202,-5441.251724045623,117.04644321127627
2024-05-23,67901.1068065005,3408322.00110098,6378.210437729126,-5334.269872911914,130.5264472876199
2024-05-24,68529.7202345497,3406829.3631136096,6270.477180156514,-5356.041852151785,140.66650961801614
2024-05-25,69279.5263713847,3406923.51802919,6019.932888712745,-5110.916254869662,154.11045398038624
2024-05-26,68518.4773050655,3407248.996257201,5725.014851561227,-4908.300778107024,161.84414885821698
2024-05-27,69385.7367256296,3408752.2108472395,5611.035725267146,-4688.688284040562,172.16302565143027
2024-05-28,68280.5942643546,3409718.871049792,5701.658740783342,-4846.690448801855,179.479480086906
2024-05-29,67573.789721303,3412190.8612215696,5598.76065568712,-4686.190905052397,303.6560157895405
2024-05-30,68378.323205537,3399542.92127223,5382.10397445531,-5320.501537152236,374.3397652277614
2024-05-31,67488.3241702433,3409303.10198618,5733.497555018959,-5083.189899272757,486.6068245394344
2024-06-01,67705.1487161649,3412636.3120688093,5659.720073726366,-4815.885589521239,618.8190701430909
2024-06-02,67753.8098570756,3412302.20058262,5430.109726997944,-4662.738307485825,748.3354522938848
2024-06-03,68808.6995974575,3410603.3734463397,5410.789197284074,-4737.964348158103,771.5260320419583
2024-06-04,70619.7659476015,3404836.396912871,5431.648203305135,-5070.676779685567,743.3552108285415
2024-06-05,71114.4634708747,3398482.41123072,5135.723100866128,-5185.748817631193,691.4913311934954
2024-06-06,70799.0827135803,3397937.418975647,5063.490899003058,-5169.4477183217805,609.3558037552141
2024-06-07,69343.5217611093,3395965.6854629903,4924.181356567522,-5249.923288775661,520.7717137400091
2024-06-08,69307.3523282929,3399098.457177808,4899.1043960430125,-4996.278751782616,448.90092876981714
2024-06-09,69646.0274020644,3399084.3471921715,4746.996170987483,-4815.766235387112,385.6520617802577
2024-06-10,69482.5234083248,3400427.9091696586,4681.40938951898,-4665.6239844593,320.897630625479
2024-06-11,67329.0860210946,3392639.5663242894,4964.85214070772,-5614.075285676682,213.45538512901845
2024-06-12,68237.5407440275,3395222.5419448684,5062.647651193195,-5435.25754512557,121.65683908851179
2024-06-13,66751.0584813773,3394540.193062187,4901.018258442987,-5393.810751625195,82.05720119670617
2024-06-14,66010.3307548423,3402569.3400199665,5234.270686992789,-5208.867216777516,37.42118794449711
2024-06-15,66188.6098339667,3403776.9757300965,5058.886432478599,-4942.267479602353,-14.522778578994076
2024-06-16,66625.3825250137,3403759.0200647577,4861.555148926026,-4723.574503930863,-59.479262473062064
2024-06-17,66492.7981793497,3405868.95612504,4820.650268013627,-4561.872595332807,-89.05406079057256
2024-06-18,65160.1241537217,3407466.6006985,4727.173503672726,-4468.804704273285,-96.38281966343858
2024-06-19,64929.8045033661,3400305.566815301,4531.217254467875,-4780.608633908396,-110.62322414025664
2024-06-20,64855.2539924026,3401888.54088532,4500.654254981345,-4634.621271124505,-112.62395248485912
2024-06-21,64066.1051619201,3405096.5353741487,4583.65468087859,-4543.357596690205,-86.47830845653583
2024-06-22,64259.3301254128,3404286.71502096,4337.192835063352,-4344.43691336686,-80.05471721110035
2024-06-23,63216.6642439661,3404626.70890749,4157.3290386637955,-4213.623919311734,-79.16363265740821
2024-06-24,60318.1804473846,3414075.9129190887,4636.868864182215,-4250.99715201362,-52.7288964353428
2024-06-25,61802.3702304301,3412872.5710898205,4708.806464226061,-4329.082321486714,20.76733840096501
2024-06-26,60778.0653177623,3417826.5924610905,4862.941536602328,-4243.730911960932,91.61166115623428
2024-06-27,61588.1769955159,3424823.711670018,5121.613900750839,-4023.742703823538,205.23049616405623
2024-06-28,60301.9818950371,3430361.322701009,5330.014102064121,-4022.826916199302,296.78647585330947
2024-06-29,60871.0868440363,3432146.463598362,5228.246989175176,-3851.196222544684,386.8173196928983
2024-06-30,62754.3103608551,3432485.7400649004,5164.489628430161,-3736.8904818056985,478.9329269521338
2024-07-01,62833.0670673428,3432670.098326878,5144.689850905487,-3784.240096590651,557.623789925992
2024-07-02,62024.3945152038,3433706.890523891,5297.9485300411225,-4017.942612879941,630.5978697661162
2024-07-03,60232.047441226,3437594.182102032,5258.504853471709,-3930.4798922452846,743.2704655280407
2024-07-04,57170.3382491864,3445558.0171311176,5532.113091518937,-3968.6341257682643,864.5166070918858
2024-07-05,56740.6690076138,3447122.169272291,5777.571907967673,-4240.7147305223925,971.4137566102355
2024-07-06,58208.9785386202,3448562.7676158207,5760.495258473832,-4122.455336622895,1088.9340423355532
2024-07-07,55884.8814534343,3450179.6491099987,5569.616078026909,-4093.5200513540376,1198.3905357156111
2024-07-08,56650.6211722978,3459375.111166769,5930.1429093504485,-3881.289147337774,1317.1749678473313
2024-07-09,58021.5340377792,3461650.414031469,5987.118298346424,-3835.9012628212554,1443.7101744748902
2024-07-10,57720.3008105798,3461248.3676173887,5730.828467069999,-3768.495661518504,1539.6474731113262
2024-07-11,57369.0262138897,3465691.042813979,5754.337349394662,-3653.9150511072717,1611.2582660656185
2024-07-12,57907.2827275081,3466737.221858427,5643.361950399687,-3575.155869034789,1665.6167586013387
2024-07-13,59225.0012274809,3469016.830392129,5570.136065108377,-3400.1698202544685,1722.25357847444
2024-07-14,60748.8078238425,3469299.13457908,5482.13042496715,-3332.4749839735014,1773.8290280722392
2024-07-15,64816.939931862,3466436.2320932685,5587.571042702669,-3507.8861301626075,1825.2029679454697
2024-07-16,65172.1164849953,3422348.4080490493,8701.891939175162,-9679.440957085766,1663.9490440117709
2024-07-17,64120.9202628393,3422084.060721201,8276.495237868816,-9270.564143108713,1498.0851964070334
2024-07-18,63959.4300477669,3422210.06793134,7916.847393336899,-8845.9778908848,1320.041663314278
2024-07-19,66707.0678088278,3421633.5634431723,8052.663065290437,-8776.018495546483,1158.597905621326
2024-07-20,67204.9514832769,3421173.0644589006,7676.749595629072,-8352.047929486045,993.3594587850465
2024-07-21,68077.2658880114,3421348.2976598395,7409.967804466466,-7962.164036003644,848.4814403414713
2024-07-22,67614.9074351261,3420048.5596621083,7112.31656072004,-7754.415576670065,656.2705276298495
2024-07-23,65929.5908976716,3414675.3702161917,7445.222783126031,-8510.927827740727,426.4903790484303
2024-07-24,65399.0192727271,3448551.0599584384,9686.56274048497,-8460.908132642013,373.8705077835343
2024-07-25,65726.3447730287,3456387.6872607702,10005.195477573974,-8310.276023431881,344.9060189160126
2024-07-26,67896.8787415156,3455367.386311442,9747.721754462378,-8090.816993885098,315.52735314546806
2024-07-27,68069.8245781841,3458144.1356511107,9520.417962303556,-7791.123563120092,284.0507927404359
2024-07-28,68222.7149148794,3459257.584570612,9077.65254469265,-7366.814510821417,252.70669223169148
2024-07-29,66805.9854758281,3452117.236488271,8674.126464609808,-7650.3675051526525,177.28340986862634
2024-07-30,66225.4696191826,3448583.590691861,10629.29363339982,-9950.361657667147,295.6034808431458
2024-07-31,64687.8374433244,3448913.904273052,10152.5664869045,-9599.34240414133,406.12440855765027
2024-08-01,65361.2898566105,3444599.714015892,10015.653044076193,-9742.789917307904,491.9810960088064
2024-08-02,61414.6703903518,3448746.94208617,9711.672728626447,-9438.98527229071,563.1270164796479
2024-08-03,60692.7465513283,3449772.2160315304,9224.251593006684,-8956.991704069329,630.4526038220996
2024-08-04,58008.0604870608,3448890.5336503377,8743.021015786231,-8716.290611524038,671.8045063791974
2024-08-05,54017.7875253875,3456395.3847198007,9252.668524621824,-8955.863409346433,738.8690871810128
2024-08-06,56002.9878639063,3457371.514241721,9191.9159189477,-8758.022509896013,845.9832624428973
2024-08-07,55041.603923646,3456842.1386836385,8921.59450649719,-8614.71902858761,780.3561817333705
2024-08-08,61784.6807672979,3458336.2791678505,9073.218276447375,-8249.925131451102,718.0971596515262
2024-08-09,60925.357310865,3464842.5939585776,9021.404239686883,-7875.309651641696,681.6107187563767
2024-08-10,60879.1047785142,3463243.938094307,8549.55644655443,-7580.111888663585,627.3357300926185
2024-08-11,58757.7734285243,3459174.3294625,8037.4313060828035,-7552.8569608386815,539.7454666192536
2024-08-12,59342.120678939,3465496.803599751,8136.95799000062,-7219.790325289437,532.1318027088274
2024-08-13,60595.3481904949,3429997.9399550506,7755.703446599243,-9183.604535848812,381.64372663866754
2024-08-14,58732.3365757333,3432633.859664291,7631.26549335863,-8913.91186270889,250.51012291628004
2024-08-15,57619.4649865465,3429524.70752631,7360.694458430723,-8843.507879022964,125.10465524767118
2024-08-16,58921.3360823619,3423285.158787,7187.429933771335,-8897.49237561144,-16.52033747917436
2024-08-17,59446.2624508841,3425330.4145796304,6971.16453330925,-8390.739092851343,-137.0085123705632
2024-08-18,58482.7453172541,3427051.111519279,6671.091538295303,-7950.0479978912535,-230.27185978900172
2024-08-19,59569.7229493952,3427333.601525,6502.8345351736125,-7610.227897081835,-330.5717510164026
2024-08-20,59051.2774869839,3428363.020256361,6277.982441680043,-7272.8549973703775,-432.6264627836897
2024-08-21,61164.6944167579,3429353.03535528,6465.215091829372,-7184.428470545687,-505.9185239712535
2024-08-22,60388.1533923417,3429709.029001151,6282.046862228746,-6982.646439305973,-614.7680041193604
2024-08-23,64033.1899577438,3425763.38883164,6482.789324126163,-7152.458274032242,-744.4653996873077
2024-08-24,64120.1732328145,3459451.341026112,8381.279121708414,-6754.83999532276,-697.5372162233925
2024-08-25,64308.383166174,3460557.2828640314,8009.637054083186,-6410.497746928576,-617.9254332297861
2024-08-26,62929.6078626517,3458912.7418196085,7620.374081002306,-6332.680130619339,-591.4592699675158
2024-08-27,59545.8405351091,3455477.040559271,7511.022412316157,-6765.421475981384,-436.20912528291984
2024-08-28,59024.8230392339,3434629.7896728893,7440.101922090419,-8162.424440603292,-396.18599308024926
2024-08-29,59352.7290331122,3425520.932712489,7105.583401031724,-8363.674882337082,-380.13442598832904
2024-08-30,59145.6299649464,3428309.54482137,7117.9379145982775,-8123.9824898912775,-329.8474355206786
2024-08-31,58971.6543364991,3428230.10986869,6747.539919326398,-7701.0105197785215,-296.5542955856807
2024-09-01,57319.9485439699,3428205.435595959,6396.154811957965,-7397.7056572286265,-276.73960884815995
2024-09-02,59099.3799773517,3429665.0125619117,6269.344804965436,-6986.353796154713,-248.8550109396637
2024-09-03,57469.4226985167,3424511.4306856976,6125.17708651774,-7245.557603375067,-257.8198653087345
2024-09-04,57982.5872161001,3424088.195023989,5918.465670424561,-6961.9698636053945,-280.98349491334295
2024-09-05,56163.8494779936,3429603.088139509,5992.3982645049155,-6719.075970439036,-282.84621840312093
2024-09-06,53914.8198573214,3433259.6242137104,6150.705767903261,-6732.702555161764,-276.5839210711512
2024-09-07,54174.6012164995,3431289.359300388,5854.255922282375,-6515.603917944984,-439.9972869317415
2024-09-08,54796.3110707265,3431261.297909608,5642.161450128215,-6213.090338798652,-595.0021580621019
2024-09-09,57106.0488471757,3424853.6883881595,5647.792766981669,-6461.833697837405,-745.1260781505808
2024-09-10,57626.3829411293,3415821.65451438,5502.305437451559,-6826.345897835578,-892.9576064876375
2024-09-11,57388.9397831628,3410203.876493448,5266.725171714121,-6895.681469467876,-957.7171621477005
2024-09-12,58121.3182559756,3412845.2991338787,5333.040261653851,-6624.837963528683,-960.1247493312344
2024-09-13,60637.8903086522,3411531.31297117,5573.250126080258,-6706.127058677439,-969.1842034243903
2024-09-14,60001.4544149817,3409965.9417796,5428.7005021929135,-6625.743718721613,-986.5822474298602
2024-09-15,59207.1911017603,3412198.491710373,5314.928069006051,-6341.865075714841,-988.3955446754409
2024-09-16,58232.1797464585,3417355.8055078434,5441.091901501646,-6117.278854598516,-985.4796848116977
2024-09-17,60304.8912841112,3417975.685962969,5541.202065166203,-5990.58452438128,-937.5512521229657
2024-09-18,61321.1441185249,3421497.969971108,5671.325809884458,-5760.997171275861,-869.4203355665778
2024-09-19,62928.7890625,3410338.2517502,5618.686203092827,-6365.827355118803,-870.8820102874249
2024-09-20,63163.23046875,3415222.194196029,5736.63953609864,-6091.375114934217,-854.6490668286445
2024-09-21,63389.6328125,3417991.8359884387,5659.1321495113925,-5795.57590359727,-817.155906716021
2024-09-22,63652.66015625,3419355.07440119,5502.417212977306,-5521.548822607452,-777.7418153560006
2024-09-23,63316.78515625,3422345.8217608896,5490.397943716146,-5327.7376220576225,-707.9774401764109
2024-09-24,64317.44140625,3415848.7770123403,5416.85296104707,-5635.572977402448,-629.025979888651
2024-09-25,63143.8984375,3414911.4253916778,5209.097875130602,-5551.193331772948,-537.1073483806936
2024-09-26,65182.53515625,3409776.813925121,5064.106885161893,-5589.770075798753,-482.3834547208386
2024-09-27,65801.4609375,3403657.69247042,4880.462426761098,-5738.489501668836,-462.7513220287357
2024-09-28,65895.1484375,3404016.387337999,4648.9958468343675,-5420.841458909582,-432.38006456777254
2024-09-29,65652.90625,3406546.7256828486,4592.378124929403,-5160.878139876276,-399.6345651562071
2024-09-30,63312.28125,3412912.497428111,4794.71594070611,-5052.3978383058575,-369.7413469064127
2024-10-01,60858.9140625,3418263.811686402,5017.383485873699,-5069.065639747469,-341.33418223917636
2024-10-02,60641.09375,3419993.16302477,4921.318508850792,-4866.198429908304,-330.99193650104127
2024-10-03,60746.625,3422053.3166866098,4867.434489360067,-4672.04550489108,-263.6683553228295
2024-10-04,62056.09375,3422262.291278337,4822.289141145393,-4536.527782859003,-217.91857409983174
2024-10-05,62089.9453125,3421289.304808839,4578.994886966368,-4379.150050532401,-193.89796049127136
2024-10-06,62507.75,3418976.602966712,4397.310256407275,-4314.435198544241,-186.6117699560441
2024-10-07,62317.390625,3416134.9717689613,4407.622292774125,-4557.6476519519565,-208.94646144435507
2024-10-08,62164.6484375,3413475.7127616294,4298.666073713181,-4624.173676101158,-216.57414616096915
2024-10-09,60805.296875,3415667.6168382484,4264.4214878002995,-4524.634978254418,-210.72543429038123
2024-10-10,60210.2421875,3419053.164211931,4307.733884043615,-4344.896650222125,-175.83254682907034
2024-10-11,62417.61328125,3415192.9318686905,4387.614745662042,-4530.982150311312,-124.78542752489388
2024-10-12,63196.0390625,3414380.654702219,4334.24765431057,-4477.0757097478945,-79.85560205075875
2024-10-13,62954.62109375,3414761.46732535,4160.387241410533,-4291.3059182767,-48.5997921878512
2024-10-14,66025.3515625,3418498.8510375493,4651.962315456494,-4310.727499718254,-5.820026949423364
2024-10-15,67039.3515625,3410764.993528288,4651.919697926067,-4781.757703854372,-11.402587810461545
2024-10-16,67541.2109375,3412562.720089869,4786.819133535658,-4751.886168296746,-12.844524503574064
2024-10-17,67315.75,3410054.15349842,4767.026233829951,-4915.059905703631,-37.37471424233598
2024-10-18,68429.5546875,3405691.0256550275,4648.7073633259515,-5010.480646634052,-83.62718864194238
2024-10-19,68369.390625,3405101.080785252,4440.431026061558,-4821.21574846778,-125.10072855909864
2024-10-20,68881.546875,3406157.278222252,4296.707176996777,-4538.293088775929,-148.276512104969
2024-10-21,67444.5859375,3409191.862031551,4456.810064652992,-4590.984661693531,-147.14431480944805
2024-10-22,67361.15625,3410535.654403439,4527.552723572799,-4560.596189351291,-126.25401933734199
2024-10-23,66671.0,3413614.177507367,4577.017361800609,-4467.156389598545,-99.82012914761465
2024-10-24,68171.65625,3414942.157515849,4723.549446443235,-4416.813871822644,-75.25596194767887
2024-10-25,66624.6875,3411845.4099234203,4589.870289162353,-4615.166925678465,-66.82233565245333
2024-10-26,67009.8515625,3413515.6678457838,4568.599283874868,-4451.392283132567,-48.24840306819453
2024-10-27,67933.296875,3413937.1855699182,4419.881496135211,-4220.78711383306,-24.676041699028936
2024-10-28,69850.7265625,3410483.183372301,4482.303255670198,-4394.4819786961925,-42.77700875361717
2024-10-29,72729.890625,3410825.684334372,4773.800337042841,-4484.733747729115,-12.855251950614953
2024-10-30,72343.90625,3404314.99465304,4525.055016641319,-4713.705512037171,-28.825499138812447
2024-10-31,70344.359375,3410560.07236259,4809.9063395825615,-4707.774954648694,-10.95656650970209
2024-11-01,69494.734375,3415048.82792532,5057.085164249062,-4714.178834128779,39.37769159232503
2024-11-02,69280.5234375,3415555.9186500814,4852.097547461129,-4508.512257698195,91.1184067472645
2024-11-03,68746.71875,3418389.1033866582,4949.897604075727,-4479.67235119165,141.9620613660664
2024-11-04,67735.734375,3425125.48739921,5203.709783106673,-4377.873946244875,210.53423521623324
2024-11-05,69363.703125,3436837.3893309603,5969.653297994893,-4312.613054807214,331.2545001423883
2024-11-06,75828.5625,3429013.049650442,6762.0909543679,-5319.942706094059,426.41787700465795
2024-11-07,75958.2890625,3418532.373869969,6647.725312566038,-5982.698666208456,452.01009641444296
2024-11-08,76527.921875,3406680.3018855,6398.593602611633,-6525.04019830923,444.7850993300513
2024-11-09,76781.7578125,3404634.599099488,6120.158255334191,-6363.421930385947,419.0371939161903
2024-11-10,80458.0234375,3408552.392971221,6368.928955857905,-6087.455461124215,424.92141623272875
2024-11-11,89557.7109375,3422131.932161529,7749.034527236718,-6027.023319464602,541.6492684325938
2024-11-12,88111.125,3424031.2456794,7744.381376512935,-6018.083348067628,644.3086569419922
2024-11-13,90492.40625,3418285.64081072,7657.489890436077,-6304.785388465783,754.4054424681456
2024-11-14,87992.8671875,3415268.197635079,7831.7405403676685,-6982.579216904732,807.7647237916505
2024-11-15,91046.796875,3412067.6953332718,7811.317043069825,-6982.133294625082,842.4988251005403
2024-11-16,90585.7890625,3415125.6865617405,7638.582916731175,-6695.545336284746,885.3168458636471
2024-11-17,89834.9921875,3415613.0071607498,7289.451732723754,-6424.061951039758,913.5428836350699
2024-11-18,90643.09375,3415823.16889409,7344.547424946835,-6477.172846485775,916.5099366064456
2024-11-19,92362.7421875,3411145.79823374,7296.5846613317135,-6675.726432124719,842.4969356078253
2024-11-20,94211.421875,3400386.7631458896,7363.5364585289335,-7368.337783792406,739.1433946408744
2024-11-21,98504.765625,3400524.20212932,7660.582683566333,-7382.767988250248,711.4853981379102
2024-11-22,99000.1796875,3403152.760382989,8128.8913479025805,-7657.893748696228,754.1599834881921
2024-11-23,97780.6015625,3402536.2957347,7846.121431573744,-7530.421315533815,794.0859685661695
2024-11-24,97890.21875,3404708.49261171,7608.063914319494,-7151.13068088156,806.6188070450442
2024-11-25,93782.734375,3404618.003649838,7478.768645709522,-7392.99689195879,689.7445603292311
2024-11-26,91964.9296875,3394073.882166809,7524.836745005554,-8220.124540373534,516.7741443425679
2024-11-27,95981.171875,3388644.952051758,7617.765787297182,-8359.696403977296,367.1573501532531
2024-11-28,95654.7734375,3378050.4506512363,7310.9727066833675,-8728.541375619478,205.24806498189278
2024-11-29,97443.3515625,3371685.447612449,7088.128264850477,-8711.925891776847,30.035109598241966
2024-11-30,96458.9609375,3370242.535443959,6790.76949944778,-8472.974762478387,-157.48223636440332
2024-12-01,97287.140625,3370928.8573387307,6608.486257994594,-8079.989710505162,-324.4031816640148
2024-12-02,95590.921875,3365318.809717628,6538.331083891612,-8409.670814308149,-520.0256322981288
2024-12-03,96005.5859375,3365380.9323823582,6694.89172510284,-8401.933962509607,-686.3042370562545
2024-12-04,98928.640625,3358159.309783368,6711.107315706652,-8597.988243885628,-820.7384944073618
2024-12-05,97078.9765625,3356884.5147605906,6909.8106702448795,-8868.552538063917,-980.4925346312992
2024-12-06,99899.7890625,3361569.8627736717,7342.203413044556,-8670.139288803659,-1108.9877828431177
2024-12-07,99914.65625,3364812.0645442195,7256.916375010918,-8276.976407682745,-1204.3992220368145
2024-12-08,101346.7109375,3363778.0080581983,6995.493547053514,-7932.353343281896,-1303.9558670129802
2024-12-09,97485.7265625,3353969.52753846,6770.598373016614,-8549.699550812427,-1437.1610764091624
2024-12-10,96681.9140625,3346299.1624795,6508.511914668834,-8731.3640178756,-1546.2728126833617
2024-12-11,101160.0390625,3343349.851084372,6757.133882255573,-8725.883271590552,-1633.9027250158526
2024-12-12,100057.328125,3338637.872275389,6478.2866291325345,-8708.784646443848,-1691.9691070426531
2024-12-13,101453.8203125,3330937.813670168,6284.797973347033,-8785.40002985226,-1754.5979948697145
2024-12-14,101373.125,3330388.5534013906,5956.236810620563,-8328.682747944109,-1803.9009001763534
2024-12-15,104255.5703125,3333859.705851689,6135.260161901855,-7921.066206717169,-1826.3510853409784
2024-12-16,105608.1171875,3327517.6558537493,6208.820688583739,-8183.709663607355,-1833.7474599557702
2024-12-17,106131.6640625,3326828.095189044,6147.57760396549,-8031.711358301529,-1846.396854022147
2024-12-18,100104.4765625,3324544.803940819,6187.881365945785,-8434.492286540759,-1872.0918534804325
2024-12-19,97622.6953125,3331390.282021209,6714.543906146736,-8602.41556000938,-1867.02969534069
2024-12-20,97741.6640625,3344091.7933272813,7329.896139682286,-8219.875596216087,-1835.7470939674545
2024-12-21,97239.2109375,3345290.283659389,7092.344151214131,-7879.692288505009,-1819.1248157259583
2024-12-22,95076.6328125,3347632.8232654096,6882.17646720252,-7602.932088272672,-1803.688803214656
2024-12-23,94661.5234375,3352205.82148504,7008.803181276348,-7398.775212966498,-1704.465292778537
2024-12-24,98706.6796875,3359630.1069895807,7563.902277609922,-7177.723806884727,-1518.1059660691112
2024-12-25,99435.171875,3355223.4088807805,7358.870503611931,-7242.550471521746,-1369.1724359673135
2024-12-26,95714.359375,3358311.7941157795,7198.737689491799,-7129.013310540962,-1204.8708362343025
2024-12-27,94161.546875,3354462.7756614992,7143.224412203682,-7435.4828888015645,-1047.1320090980632
2024-12-28,95204.7578125,3351944.1401544297,6797.224485216769,-7173.441430512794,-904.5442239532399
2024-12-29,93616.4140625,3346779.4440006805,6407.541148888987,-7207.856708081942,-834.1520464087854
2024-12-30,92645.3359375,3344579.699623939,6505.669664859722,-7461.280478555815,-761.3464634568192
2024-12-31,93460.421875,3341574.13415426,6319.75486374107,-7365.762654502762,-701.4803232015083
2025-01-01,94443.5234375,3341758.8971974,6306.433125807007,-7199.522860975248,-604.80023852817
2025-01-02,96876.2421875,3344133.6359195285,6400.272257913874,-6907.973429262232,-506.21663263429224
2025-01-03,98101.703125,3345905.05578812,6485.281069216286,-6758.240837902082,-462.14379778800605
2025-01-04,98256.7578125,3345104.523760771,6091.494701148536,-6394.825953745281,-427.5711631669965
2025-01-05,98319.6640625,3345026.1189506403,5835.747038897969,-6093.816528663597,-394.5221537881017
2025-01-06,102125.8046875,3339229.755940171,5831.241588506104,-6216.930646318693,-394.21622708256155
2025-01-07,96936.1875,3337302.6899278704,5531.988327981697,-6377.369182760117,-482.1847503328196
2025-01-08,95038.3125,3340473.5706255105,5510.757258476254,-6213.187343093445,-540.6669015262034
2025-01-09,92480.140625,3344750.8581548994,5547.647312598503,-6085.229556281881,-584.0459460000758
2025-01-10,94685.2734375,3346167.9467695034,5676.055238267936,-5940.05942473242,-582.0277824191187
2025-01-11,94555.1484375,3346336.8721793494,5391.960356170073,-5636.169236213593,-572.5986349010826
2025-01-12,94491.4140625,3347781.153969668,5184.684901340071,-5322.1277366926915,-525.2505831982018
2025-01-13,94228.5390625,3349816.8443821794,5222.145350774737,-5212.5793029365095,-456.30937880289315
2025-01-14,96545.5546875,3354904.4817485525,5592.35212381042,-5109.381321403409,-347.0966221479857
2025-01-15,100451.9765625,3357358.000157398,6026.041839905725,-5147.567863735853,-220.55635705240627
2025-01-16,100049.921875,3354207.104275612,5790.179213773344,-5214.996561467458,-143.2075125056746
2025-01-17,104167.921875,3346725.180644759,5876.039847971122,-5563.930947875632,-101.41689330701132
2025-01-18,104385.1171875,3346911.1099616503,5866.657011604381,-5539.693417055925,-56.39583279663969
2025-01-19,100968.796875,3351113.610378643,5956.506384219426,-5585.373668174863,-11.45281809591178
2025-01-20,102997.5078125,3354716.1146522304,6059.968292284797,-5411.344139070534,62.42669697743481
2025-01-21,106193.625,3352030.033304202,6156.762148942476,-5464.051695811165,172.29036182812993
2025-01-22,103670.3125,3349962.1512531503,5912.251461772313,-5558.980508919767,247.69757879025397
2025-01-23,104064.984375,3348845.1583698587,5869.378448329492,-5607.191751219779,304.8239317040462
2025-01-24,104840.0625,3347978.0576362,5775.151183889528,-5527.116982164459,341.3981022890141
2025-01-25,104696.578125,3348051.766704522,5540.090285755564,-5312.677759590828,375.0853455896038
2025-01-26,102545.53125,3348068.22440108,5300.088186975187,-5225.805982784108,390.20856269986814
2025-01-27,102060.71875,3347372.51051671,5222.737217034843,-5234.521418747836,388.6835448747809
2025-01-28,101327.4140625,3348928.8902629195,5114.196548231185,-5079.103153415975,356.69230147536666
2025-01-29,103736.0078125,3350062.37147043,5228.6017571211,-4954.882508126241,313.4955352485801
2025-01-30,105096.4140625,3347931.5684404303,5168.087823012359,-4986.270059283827,285.3980432073407
2025-01-31,102390.9296875,3343781.593836612,5022.43233004887,-5285.067390823573,244.34490314518425
2025-02-01,100644.203125,3342900.014010541,4788.708630474948,-5211.27334226933,190.80716697783868
2025-02-02,97682.859375,3347192.611765975,4894.0236932826165,-5199.444240594714,142.48193388093435
2025-02-03,101526.53125,3347809.521064701,5347.941083463112,-5341.072974373067,96.64221644349011
2025-02-04,97887.1875,3349025.01867896,5423.288284083573,-5583.778207982197,35.69933236992318
2025-02-05,96619.953125,3327552.6673514703,5250.156120277337,-6903.903471082058,-107.65911789131025
2025-02-06,96614.6796875,3323474.7778152297,5081.115827329513,-6898.8059904965885,-256.22175076822384
2025-02-07,96508.671875,3327637.918056317,5110.950796794214,-6532.652266344144,-375.4885844307238
2025-02-08,96504.9609375,3325372.662459589,4918.511315225937,-6399.676517921197,-497.52985077786656
2025-02-09,96505.203125,3330236.223251441,4965.094580785534,-6033.979633844449,-579.1846548671521
2025-02-10,97417.015625,3328336.31074876,5014.748521541835,-6066.975029908812,-653.5019624852941
2025-02-11,95740.734375,3331370.49092718,5041.368367145046,-5930.025971059557,-719.4841766802746
2025-02-12,97866.640625,3333601.059218412,5160.332452994702,-5710.738497232926,-778.3502690540665
2025-02-13,96635.0234375,3337877.6109309606,5184.899093667729,-5487.267038120065,-812.9349624955573
2025-02-14,97524.21875,3339454.09983631,5222.129189560545,-5341.733010026066,-802.7184453306161
2025-02-15,97579.46875,3338196.836864326,4946.3216436358425,-5137.020282868991,-786.1565830048138
2025-02-16,96201.59375,3337928.0150245223,4706.184113442114,-4999.436424047055,-785.287423240017
2025-02-17,95816.3125,3336549.989717412,4689.382786273308,-5077.228338645245,-813.4812562015873
2025-02-18,95524.3046875,3339419.7042779094,4792.626875549088,-4978.635920396231,-815.304050555053
2025-02-19,96636.1015625,3343051.703675972,4855.75792316315,-4712.4590718164845,-686.9436075442399
2025-02-20,98185.7421875,3341091.934995669,4882.622168999602,-4768.762486429382,-548.9757614201475
2025-02-21,96134.921875,3339503.2420744896,5046.7677589869645,-5188.402250000088,-457.54240581037584
2025-02-22,96580.2578125,3334548.5381275085,5423.611773964497,-5857.931562042084,-382.76773333768506
2025-02-23,96277.328125,3334321.376592268,5295.644984246201,-5760.984888801277,-339.65736558741094
2025-02-24,91393.390625,3335517.039620379,5324.695664968461,-5959.54137401253,-309.84445135006024
2025-02-25,88701.9140625,3347759.4674186697,6111.62974421256,-6088.809219434357,-244.7388707291521
2025-02-26,83993.6328125,3354333.084694761,6379.6727080657165,-6233.805066533403,-195.0050360312565
2025-02-27,84614.5078125,3355323.33264976,6536.2626032780045,-6291.154940847838,-155.89963553964924
2025-02-28,84374.015625,3361807.112943869,6838.921999234808,-6188.012828025982,-100.8629932771959
2025-03-01,86039.7578125,3359349.87712688,6645.936277267819,-6098.3494386055845,-48.128316284668564
2025-03-02,94098.5390625,3358930.029990169,7202.838126541295,-6188.470219570544,45.273127827880955
2025-03-03,86016.4140625,3355523.867891609,7064.850900943872,-6846.180994341844,88.5956606117357
2025-03-04,87257.0625,3358108.718895268,7037.612466938946,-6608.6204871997215,132.5243052250477
2025-03-05,90334.6796875,3360825.0200423286,7130.659307362356,-6321.1753831350725,180.10895328794894
2025-03-06,89978.21875,3360660.796516648,6873.9740471482,-6179.676619581401,221.56879221627602
2025-03-07,86745.3359375,3364299.764942219,6820.313636378987,-6143.060142278644,280.06079115295233
2025-03-08,86141.828125,3364474.321020029,6477.220300905057,-5869.773301224067,354.47270456427935
2025-03-09,80646.7421875,3365586.356226342,6215.081057068716,-5948.725510279124,406.7366653746129
2025-03-10,79173.703125,3374955.8278312595,6790.6742320408,-6054.191614709182,504.68868868716197
2025-03-11,82833.953125,3377266.90213371,6908.154848422081,-5778.618118749237,583.7398461796364
2025-03-12,83746.859375,3380911.06941744,6845.355132443273,-5496.852365833288,669.6423551137558
2025-03-13,81075.5234375,3377847.974967399,6663.258644027054,-5778.3930251937245,715.3393519996961
2025-03-14,83979.75,3379387.84770632,6818.4674613059115,-5692.82603446681,749.2487988304302
2025-03-15,84335.3984375,3379598.192103969,6502.662763170848,-5416.903138277695,787.6897121326386
2025-03-16,82602.9296875,3379632.084170221,6156.762014391461,-5259.877560074516,779.2980369430811
2025-03-17,84094.3515625,3379467.979932192,5966.716689875368,-5057.44548171488,828.626701340114
2025-03-18,82717.046875,3379437.0689401417,5775.469520137008,-5006.2031253238865,852.9320167025352
2025-03-19,86802.453125,3375846.074386908,5897.134255045209,-5139.7099234349635,849.2134743727468
2025-03-20,84251.8828125,3376045.618876931,6093.038001276865,-5543.796325772629,838.8523492254209
2025-03-21,84041.2734375,3371189.495233536,5801.698382085073,-5629.153727840459,802.8017178071545
2025-03-22,83811.0,3370771.329852611,5495.182600614069,-5378.711948714429,767.7319786799152
2025-03-23,85944.6171875,3370699.2722596405,5377.807111863131,-5148.712342954805,765.070494545539
2025-03-24,87453.65625,3364991.5402164105,5515.754294994921,-5562.439980229151,709.1299015051213
2025-03-25,87493.1484375,3356520.217167919,5301.196880451266,-5907.750389902534,585.1234558533992
2025-03-26,86908.4765625,3359706.6498318603,5388.793041205845,-5784.618139097708,460.52860838898147
2025-03-27,87184.421875,3353603.2522188965,5171.8596457794565,-5924.5702446758505,343.5588785511441
2025-03-28,84351.46875,3354888.877167838,5279.541198880821,-6086.314094588137,205.5292840835429
2025-03-29,82614.953125,3357137.105994367,5146.250692072771,-5865.069472964261,76.63082652749712
2025-03-30,82313.90625,3361179.642096008,5143.249316278585,-5570.201771667979,-17.928952737241246
2025-03-31,82538.5234375,3351219.805037389,5084.99550388135,-6138.624932819446,-158.13614110142578
2025-04-01,85190.859375,3349588.5473854886,5083.256295051259,-5991.000272186816,-277.9225962406169
2025-04-02,82599.9609375,3347419.541015758,4849.113663986512,-6017.125133961692,-415.45372492529003
2025-04-03,83105.1328125,3347717.226759097,5125.18461868941,-6153.860274443579,-528.1621057294617
2025-04-04,83843.578125,3346417.492481537,5033.967385655448,-6034.262282863346,-611.9363594046408
2025-04-05,83463.734375,3348375.080604329,4895.29028529975,-5732.0089811744565,-680.0213128170939
2025-04-06,78088.5625,3353175.480270891,4989.89424718244,-5781.58838556149,-752.9348061947634
2025-04-07,79133.5,3357988.5238030595,5523.979994494943,-5855.214954837396,-773.2597544167793
2025-04-08,76261.375,3360540.2628764883,5669.4977647752785,-6034.330456199568,-755.9939817005663
2025-04-09,82527.4140625,3359977.223588977,5985.6073240455935,-5948.087788542263,-725.0407936009095
2025-04-10,79560.1484375,3359207.84809149,5950.599256162556,-6164.033389525445,-686.5210460628019
2025-04-11,83434.4453125,3358385.657074281,6053.646049146383,-6045.969308099078,-628.3460720089004
2025-04-12,85271.6171875,3358161.447596538,5933.534432645287,-5822.366106183804,-569.0612786265451
2025-04-13,83702.3515625,3359213.517456059,5714.372023187604,-5646.143594522218,-533.6912154797751
2025-04-14,84518.3515625,3355012.867381589,5541.924839063093,-5703.918310606738,-470.0029328087428
2025-04-15,83628.125,3350399.10962716,5337.926960862223,-5852.891384598288,-441.9472504230648
2025-04-16,84035.1328125,3348315.445823128,5301.327282297405,-5895.982998053067,-400.9932679788134
2025-04-17,84896.9921875,3344417.990291298,5147.662116148244,-5907.183819642197,-381.76798567451203
2025-04-18,84441.7734375,3343140.5838534203,4917.858086976362,-5740.763439429382,-369.09730390630654
2025-04-19,85095.8203125,3342815.186337468,4780.147958732602,-5528.510788752096,-362.78617063093424
2025-04-20,85125.859375,3341891.2919065203,4521.426980382434,-5279.098583797287,-360.35598956206303
2025-04-21,87519.1328125,3340065.757906318,4654.867470351606,-5346.397900218804,-386.0913802424019
2025-04-22,93477.8984375,3337652.725410026,5376.935657179498,-5753.342891474879,-386.91813330462276
2025-04-23,93663.7890625,3329440.262945758,5147.7031571561965,-6041.624073449894,-453.44959414726765
2025-04-24,93907.7734375,3323530.134557578,4995.473177415784,-6211.097925168556,-525.0346380322593
2025-04-25,94736.796875,3316458.1081025703,4929.905407970062,-6483.486269539992,-636.5530382192046
2025-04-26,94665.6484375,3318440.0076459805,4831.946188255391,-6148.623022826656,-738.5419782929723
2025-04-27,93817.1484375,3320213.214198688,4679.756787777696,-5852.1707298635465,-827.1592904894892
2025-04-28,95011.09375,3314475.92375372,4569.6325828378485,-5961.074291782638,-914.977021732428
2025-04-29,94287.4375,3313958.167958789,4427.821926963988,-5836.024574974457,-978.7797520377427
2025-04-30,94201.046875,3310083.657126639,4252.969753536391,-5805.392280489493,-1047.191667123274
2025-05-01,96489.25,3313520.395323989,4659.756403148634,-5742.115548481531,-1070.2514843974845
2025-05-02,96829.7265625,3309364.198630818,4508.28562193205,-5758.708603787432,-1100.7884579262247
2025-05-03,95881.328125,3310440.527571497,4349.551556931258,-5506.144410617602,-1129.9477453309999
2025-05-04,94261.671875,3310239.8500562888,4207.697591921838,-5393.089423043099,-1160.499190167172
2025-05-05,94751.0234375,3304742.694785777,4231.612682399718,-5686.958076146885,-1215.057401872884
2025-05-06,96837.59375,3299065.191511578,4193.2382540344015,-5807.841506478432,-1303.4999745977875
2025-05-07,97038.53125,3298535.869727808,4168.3082170954485,-5682.29937162787,-1347.7907059005538
2025-05-08,102862.828125,3298803.953346729,4609.64481535908,-5601.880318328015,-1331.8343312731372
2025-05-09,102942.5546875,3291263.602835881,4490.405672916476,-5926.422843077475,-1323.4369247439279
2025-05-10,104779.5703125,3289679.5243424573,4417.643590004709,-5766.705515049651,-1325.7501454920477
2025-05-11,104087.2109375,3289562.404957781,4266.441299071064,-5562.235721425006,-1334.5630369397688
2025-05-12,102924.6328125,3284011.439945489,4136.152030279661,-5790.867825296002,-1353.3683288020225
2025-05-13,104211.1328125,3284640.6603278616,4306.183947427018,-5720.9039972842675,-1353.8338575053638
2025-05-14,103542.5,3286828.221006688,4371.667916902538,-5585.525918180649,-1329.6506771000074
2025-05-15,103743.5859375,3282558.0767409294,4203.7454715470385,-5611.385890457266,-1352.8850537841026
2025-05-16,103504.53125,3283065.2458682195,4198.019717537232,-5496.6608333674485,-1356.3292062108767
2025-05-17,103199.3828125,3283037.369838437,4025.2037313980827,-5256.221174824953,-1361.6452483352
2025-05-18,106478.234375,3284993.422663179,4191.702824675545,-5010.336250224625,-1335.4482193657584
2025-05-19,105613.5,3281388.022071098,4113.397302139175,-5159.96787212365,-1306.2500176684232
2025-05-20,106767.015625,3276508.1396711683,3966.302362041898,-5188.533720689406,-1278.2234538258144
2025-05-21,109622.03125,3273340.744133328,4115.052647283106,-5273.8582845434385,-1252.853059734951
2025-05-22,111679.4140625,3278034.1638294766,4447.305841708892,-5105.48512340854,-1228.9919010728593
2025-05-23,107174.71875,3275670.0512965387,4399.1298449943,-5452.962676776641,-1201.6930197600982
2025-05-24,107836.4765625,3273790.1716212183,4287.063688918681,-5352.277643603535,-1181.4181647343778
2025-05-25,109041.421875,3274561.078032948,4248.097101086101,-5114.867698009957,-1150.773605775086
2025-05-26,109307.421875,3274135.799762038,4198.143973932357,-5000.915749121958,-1089.9204615017477
2025-05-27,109000.375,3270268.378805758,4181.860505245534,-5218.2015591744885,-1062.8933903640125
2025-05-28,107772.6796875,3268907.77419782,4172.724747063158,-5310.376704592857,-1057.4501015248406
2025-05-29,105617.1640625,3267655.632266289,4073.5864396976144,-5362.260395493999,-1048.9524970167095
2025-05-30,103999.2734375,3270346.89097254,4081.083417825771,-5209.9518628190635,-1036.825877671215
2025-05-31,104654.40625,3271433.2315306272,4046.0784722860544,-4984.62831707379,-1015.935334911277
2025-06-01,105669.28125,3272749.8527517794,4085.4333453523154,-4808.285785744201,-1009.0938359714777
2025-06-02,105885.8046875,3270168.96152504,4146.899182424164,-4978.605541905923,-993.7463923641411
2025-06-03,105445.9296875,3257614.6507768678,3986.6449849192195,-5630.7836369801935,-1023.8826276079603
2025-06-04,104723.546875,3253334.981583412,3900.394729798609,-5766.27408461951,-1074.3878931480012
2025-06-05,101675.9609375,3253698.8338890984,3906.176556913366,-5829.67180103355,-1164.767604749468
2025-06-06,104332.9765625,3254382.260781098,4361.548199573146,-5929.490634618651,-1201.4897192682654
2025-06-07,105626.4375,3253129.5967252897,4259.7262654636,-5724.250141893403,-1230.0118565357618
2025-06-08,106198.2109375,3253563.294272609,4091.650069388025,-5421.902517567848,-1263.117703054045
2025-06-09,110015.734375,3250404.9315213664,4322.309417038154,-5484.2898854219875,-1288.7754668536327
2025-06-10,110153.78125,3249593.4183221576,4314.871526728945,-5440.867510501187,-1295.1793904138672
2025-06-11,108683.1328125,3246651.539161009,4104.906771439012,-5458.519633703113,-1310.6051693234667
2025-06-12,105938.03125,3247899.880311207,4048.315492938416,-5404.270087704903,-1315.410929249902
2025-06-13,106087.9375,3251199.2419995093,4137.988819399188,-5179.966995294573,-1309.204481457194
2025-06-14,105474.4609375,3251081.5126162083,3977.9229612932436,-4997.701217682273,-1315.006510857286
2025-06-15,105552.8671875,3251212.340213348,3810.4244132730255,-4744.932279426784,-1330.1247555545622
2025-06-16,108689.21875,3252045.8467420307,3898.486953758157,-4625.565860256329,-1322.6513660557341
2025-06-17,104621.234375,3250819.987874473,3821.9737836542804,-4730.2686875565705,-1270.0910983301135
2025-06-18,104806.109375,3251717.92758416,3797.2511729006583,-4584.569769230133,-1193.0510441521544
2025-06-19,104678.21875,3248622.748122228,3667.7624897126097,-4613.080477082125,-1123.1812400985348
2025-06-20,103303.46875,3248705.4150968883,3589.0014245344387,-4556.540414435311,-1080.2952797310609
2025-06-21,102282.40625,3249564.318540117,3510.4752413808037,-4427.909402406295,-1041.217442916467
2025-06-22,100952.453125,3251452.514758677,3564.9798742540847,-4386.601343307208,-1004.8866586931313
2025-06-23,106023.171875,3249605.0048519378,3976.9117011958183,-4555.581066094729,-963.2215798727797
2025-06-24,106021.4140625,3248437.893374338,3940.3125122320985,-4525.818017977749,-924.6151171565947
2025-06-25,107371.703125,3246423.851389499,3866.65082381063,-4468.784761495903,-870.93805111525
2025-06-26,106954.1015625,3242047.243033349,3652.0233272679225,-4523.673559517518,-836.3448823640434
2025-06-27,107090.296875,3235628.4426853983,3464.2343848767296,-4701.046624839676,-850.2616012260122
2025-06-28,107332.0234375,3234598.9621025203,3385.1664143002804,-4586.163210457698,-863.20578263804
2025-06-29,108388.9765625,3235386.8957526404,3317.117734047588,-4317.012500453188,-867.8762755131715
2025-06-30,107288.6796875,3228596.6077046483,3184.0898330624154,-4651.643484906972,-920.767328752199
2025-07-01,105573.8671875,3230390.8647812763,3206.5386380795926,-4564.420908025845,-952.8807120410535
2025-07-02,108859.609375,3230923.2353910506,3563.9418606229556,-4574.664605254792,-968.838151205508
2025-07-03,109645.609375,3228360.0513609685,3457.5358341107603,-4520.591331105808,-977.2479733216176
2025-07-04,108058.296875,3228895.737737169,3439.515999514043,-4498.62803829609,-983.7889053845588
2025-07-05,108096.0234375,3229098.945102819,3301.6226875824436,-4266.194766069012,-987.1558994889216
2025-07-06,109236.2734375,3229340.2241649493,3265.701903114952,-4079.5472388937483,-986.6004613978985
2025-07-07,108048.671875,3224757.526958789,3182.1439612326194,-4313.747421703501,-1026.0957539387537
2025-07-08,108956.2421875,3224058.2950199083,3143.8245704651044,-4201.321262829935,-1059.809410125838
2025-07-09,111322.34375,3222600.0238333098,3303.7384758207636,-4226.071467801264,-1082.6807711469257
2025-07-10,115990.015625,3221080.30550489,3661.4371680600475,-4318.188515803176,-1067.3308508250354
2025-07-11,117550.265625,3221010.782285951,3946.7256254933804,-4454.576431316303,-1015.262176957891
2025-07-12,117418.8203125,3222066.9493212006,3882.0583829778225,-4301.500666062551,-959.4368545955563
2025-07-13,119097.421875,3225373.1875517694,4013.9158241459663,-4097.923406320381,-894.016341436186
2025-07-14,120221.5234375,3232610.01986241,4466.401628699573,-3985.58321801969,-754.8469083987263
2025-07-15,117740.9921875,3256538.536355543,5854.112365976274,-3943.59074979971,-521.3894879613824
2025-07-16,118700.6015625,3250782.1857896,5736.376169288523,-4278.24603191973,-345.0428535327662
2025-07-17,120223.0078125,3245546.5824371413,5730.055623832623,-4659.315052452422,-192.6288486488199
2025-07-18,117740.28125,3242726.723379151,5639.142372412452,-4939.710442990263,-67.01856520566027
2025-07-19,117934.9453125,3242420.182341559,5390.912035550288,-4760.292303928912,46.92370694490713
2025-07-20,117275.203125,3242007.0706547606,5108.953065142936,-4592.9174280829875,141.91520500481738
2025-07-21,117456.6015625,3241796.7742825565,4986.026169130074,-4503.607332687446,257.20251192721094
2025-07-22,120033.6328125,3242675.817790408,5095.76860630673,-4415.140791770285,381.3542624201593
2025-07-23,118695.25,3240638.373041719,4867.96269971495,-4458.753056060261,476.4644506798157
2025-07-24,118348.0703125,3249366.6343117,5280.639616862613,-4339.2078647862445,590.6203863812084
2025-07-25,117617.0078125,3270549.713543971,6569.6048437391055,-4342.981259649825,785.9399856606515
2025-07-26,117946.296875,3271288.7296493715,6491.147625409831,-4324.686539899836,970.6473691317032
2025-07-27,119455.046875,3271351.8560600104,6274.673277567172,-4148.353170381846,1128.5279183716846
2025-07-28,118091.375,3266057.81006256,6009.2822489666905,-4474.209882090393,1203.8317723857144
2025-07-29,117909.7421875,3259045.33960707,5818.565568780912,-4868.526723395694,1135.2258601863327
2025-07-30,117826.8203125,3255983.1888341014,5650.319565304186,-4981.477361142639,1078.8481506715295
2025-07-31,116533.390625,3256433.92578223,5470.493455692571,-4946.310268599801,1039.8083375081417
2025-08-01,113405.3359375,3260384.3525878284,5533.551408397066,-4932.475980070481,1032.7828731441703
2025-08-02,112513.46875,3260522.6145595014,5277.296895225927,-4753.451697343119,1025.1561207342727
2025-08-03,114218.2421875,3260370.0773578286,5149.557351157532,-4565.082313244909,1030.0446493666068
2025-08-04,115096.875,3266062.3785141893,5320.461422579694,-4337.072643437251,1065.828216702308
2025-08-05,114134.421875,3268304.247492692,5180.118193365051,-4191.115400932096,1087.855000837773
2025-08-06,115009.640625,3266047.16111731,5114.779225460715,-4263.5157108819585,1119.4302773323493
2025-08-07,117498.5859375,3262972.0575055806,5060.6894373646655,-4303.9170645398235,1106.240321671526
2025-08-08,116893.5,3259176.5067867106,4822.798554627023,-4430.34572124851,975.2281251921855
2025-08-09,116510.625,3260944.071458749,4685.142987943896,-4216.706698654609,853.9406397478492
2025-08-10,119313.0625,3262364.798611099,4821.041950850966,-4101.6996040243,753.4422282936591
2025-08-11,118318.578125,3264030.7695855577,5042.08766890024,-4301.512080231347,696.6924584217016
2025-08-12,120195.0546875,3263364.5437017297,4972.54301271822,-4226.324855549263,682.1338378348256
2025-08-13,123361.953125,3256983.946790202,5201.000976956349,-4715.579824367311,669.0323341510748
2025-08-14,118373.78125,3255866.5912837693,5137.476496855256,-5084.373788200823,635.3837285483361
2025-08-15,117374.96875,3258277.035186068,5263.050286198232,-5133.436831300767,601.7078733033985
2025-08-16,117503.9765625,3258483.3345307014,5036.922087952347,-4887.68757373938,574.9499673269809
2025-08-17,117454.890625,3259032.6340655787,4783.035685343523,-4610.7415030860875,545.5084776373244
2025-08-18,117012.3125,3257563.3969492908,4783.866907827955,-4799.736812140341,474.1328573905508
2025-08-19,112833.203125,3263363.489455712,4916.606326376084,-4754.143403306317,415.09429529318
2025-08-20,114258.2265625,3267951.3636757517,5193.241100512351,-4657.9040909778905,392.5281163614444
2025-08-21,112419.2734375,3268632.3938138494,5373.975769894854,-4949.927885122698,368.76208150053816
2025-08-22,116729.546875,3273623.2171118488,5817.92194661586,-4793.68236762852,413.8897061868829
2025-08-23,115378.8515625,3276246.2089096685,5715.411817003472,-4684.241423427287,454.08499935023275
2025-08-24,113420.0703125,3285357.2387387296,5967.209417221241,-4525.549727946135,505.67909523940705
2025-08-25,110276.6015625,3284513.011702869,5864.3276868331595,-4792.641112567049,529.3298799249225
2025-08-26,111788.875,3285361.41431139,5858.502723270948,-4693.987746721246,559.2082241664042
2025-08-27,111207.3828125,3283871.0823170715,5689.73591150755,-4744.276733015832,592.0680831594528
2025-08-28,112564.375,3283326.069424059,5526.157240778379,-4594.10820038678,654.849963997822
2025-08-29,108464.0,3286011.3804480005,5560.960143310486,-4781.184304015654,701.2901343119199
2025-08-30,108810.75,3287947.295302689,5471.096891197788,-4594.836450876614,753.2205576053634
2025-08-31,108248.1328125,3292778.6227403004,5452.599556632597,-4354.356649825503,819.3597522160534
2025-09-01,108105.796875,3295602.788000468,5503.026229082421,-4214.37116538447,912.5401070739346
2025-09-02,111194.046875,3295835.561665349,5572.972778700926,-4229.252474924168,996.9156342672911
2025-09-03,111711.046875,3292132.5595329213,5393.306855093533,-4329.82604706389,1034.6401913026614
2025-09-04,110732.3046875,3290883.207352018,5221.291182677293,-4345.999240576299,1066.8719096832929
2025-09-05,110819.953125,3296212.473652977,5306.072132320148,-4189.043232961879,1073.4997182812165
2025-09-06,110225.75,3296650.9245241806,5075.8011800334725,-4033.0294825524197,1074.32838284585
2025-09-07,111146.4609375,3297309.494475909,4935.526187618573,-3857.5912731875983,1048.348041785555
2025-09-08,112401.1875,3296768.4284758912,4792.791186783338,-3755.3276666490906,1045.9035379189936
2025-09-09,111536.3671875,3290788.2039494007,4617.306462501783,-4088.1588121424834,1000.5201574768221
2025-09-10,113926.6875,3293976.800407289,4849.692020729665,-3980.9811165349824,995.0381378841768
2025-09-11,115516.46875,3289962.935229771,4713.17102601502,-4069.942527267983,974.4080991952795
2025-09-12,116037.2109375,3288316.29124766,4628.879309844685,-4095.51030982145,956.8076106758798
2025-09-13,115954.34375,3284788.3569835094,4390.720870341704,-4139.867421263363,912.1356827299633
2025-09-14,115400.28125,3284905.13964564,4270.803192538929,-4068.063129257136,848.1711939067276
2025-09-15,115508.46875,3278984.92845137,4088.8033343590023,-4290.21202158066,741.7380688410415
2025-09-16,116827.5,3278006.341813689,4088.486455701731,-4255.278339620618,633.8443411484956
2025-09-17,116466.671875,3274114.47741937,3889.0877344809487,-4321.919785759906,526.9648511978814
2025-09-18,117134.8046875,3272897.3961146874,3905.696564038885,-4345.399232211255,433.0366647497841
2025-09-19,115638.296875,3263810.275581981,3706.0884610676267,-4818.506986875834,273.79042009503604
2025-09-20,115724.0234375,3262755.55553874,3541.211838841791,-4646.824465812114,120.33439691993793
2025-09-21,115300.796875,3263275.9313913607,3466.7040438350027,-4491.63343883264,-29.870196610677116
2025-09-22,112696.75,3259457.4484115285,3435.843455912666,-4820.969756565794,-202.91232666691812
2025-09-23,112003.8515625,3260501.7000728203,3486.7400688884904,-4753.354505412073,-331.1810471585524
2025-09-24,113348.765625,3259344.5085461987,3520.8781547432536,-4692.7937306066,-476.9400814484113
2025-09-25,109050.71875,3258755.70934429,3603.559472561036,-5021.7672901608275,-624.1855326160417
2025-09-26,109717.671875,3248103.437052137,3827.2741781842988,-5826.285627420768,-805.0698504203061
2025-09-27,109663.03125,3247651.336911981,3687.328595580013,-5581.801290878049,-958.3074321614757
2025-09-28,110751.890625,3247665.2285526604,3725.8927045333435,-5319.235110766184,-1086.5990371268065
2025-09-29,114308.09375,3251173.374600809,3972.351111663791,-5088.908954271104,-1151.9668339400675
2025-09-30,114043.4453125,3236288.54159672,3833.7135114935386,-5887.507031533032,-1286.7526650915395
2025-10-01,118568.6484375,3236074.373583381,4123.321180396634,-5771.206999989496,-1373.5422199711043
2025-10-02,120653.765625,3232722.2735550813,4169.688397262863,-5771.827164102863,-1456.573369875935
2025-10-03,122315.8125,3231635.6960284994,4434.658786921335,-5894.564804410674,-1481.3939049960159
2025-10-04,122416.4921875,3232406.101441089,4276.856017597245,-5577.806606414626,-1495.34661655652
2025-10-05,123507.8203125,3236663.7327904794,4441.58116661476,-5297.964959551651,-1483.3076449807527
2025-10-06,124959.109375,3233385.207659441,4569.196384211111,-5504.502266354876,-1451.1776150872267
2025-10-07,121461.640625,3226522.5856473525,4467.978780129705,-6003.387737603213,-1470.377223726507
2025-10-08,123358.421875,3224245.173670461,4519.848728139723,-5992.587220241001,-1491.8645748863598
2025-10-09,121709.9140625,3222230.639749281,4405.236122239741,-6036.161642946269,-1507.058696536841
2025-10-10,114155.8984375,3223411.5762649733,4479.15881013643,-6457.572195083189,-1505.5874062304333
2025-10-11,110818.7890625,3227365.36424398,4755.256027697999,-6514.573988380971,-1495.9334966150718
2025-10-12,115173.9453125,3225230.831141469,4951.056784361468,-6455.163087832909,-1489.559489274972
2025-10-13,115251.4453125,3227825.764390161,5159.879026049368,-6385.7240260433855,-1497.3657148025936
2025-10-14,113112.265625,3229523.346150908,5387.842656866739,-6529.735206144492,-1432.229931176755
2025-10-15,110777.1171875,3227404.636857958,5320.315407324291,-6706.741739513521,-1413.5542535050668
2025-10-16,108074.328125,3230882.2361456994,5389.150006026007,-6623.4079635532935,-1387.2770528398726
2025-10-17,106447.984375,3235276.8484784705,5480.3878753129475,-6456.117813487073,-1352.6930471745
2025-10-18,107171.265625,3237071.372588447,5444.693456736082,-6189.084458366605,-1312.9387909468671
2025-10-19,108663.375,3237472.7857312085,5368.589858765012,-5939.443250769496,-1292.543762308838
2025-10-20,110605.1875,3236021.035128711,5334.802524564679,-5832.225063935529,-1261.2663806822013
2025-10-21,108400.8828125,3238532.252919532,5388.544709275032,-5821.137226633165,-1182.493777816817
2025-10-22,107719.2890625,3236334.7895431686,5302.779274331363,-5902.840515622952,-1120.1596884732678
2025-10-23,110071.640625,3242398.242349808,5601.408009153945,-5606.674980583419,-1004.0412206677639
2025-10-24,111011.515625,3242022.339244829,5446.9337981183435,-5415.001178451193,-860.4450774810559
2025-10-25,111654.6953125,3242628.74679372,5208.86808931712,-5096.063141035117,-726.7220125549862
2025-10-26,114455.125,3243442.947524438,5240.251693138648,-4880.725026027442,-593.605371799083
2025-10-27,114123.109375,3239852.51542363,5084.875014079409,-5020.460931496281,-501.4440087578584
2025-10-28,112963.1875,3239637.501078319,4941.345240217447,-4967.412386160523,-421.74219423395306
2025-10-29,110091.921875,3239307.55721224,4869.073823603614,-5120.224750889161,-340.6510938836903
2025-10-30,108300.6015625,3249792.8371992176,5313.011741133382,-4959.558607467884,-227.24315879849155
2025-10-31,109599.6875,3255644.713266069,5531.285846679158,-4725.241184134693,-99.97354446144955
2025-11-01,110093.375,3256656.284334268,5441.445160009214,-4593.475403754379,13.7665096732187
2025-11-02,110653.2734375,3258283.9429168594,5292.654954969926,-4348.087276959417,122.01087181714665
2025-11-03,106151.4375,3264090.6326026395,5491.075293210592,-4501.8934813487895,228.19689690519314
2025-11-04,101627.46875,3267344.6364788697,5697.9702996918895,-4908.7663502055375,315.4680731083706
2025-11-05,103917.0703125,3271296.728226519,5974.167972633767,-4798.826169936501,442.28257625043153
2025-11-06,101318.703125,3274419.4974862705,6085.210558024849,-4953.262258190736,523.5122384835449
2025-11-07,103373.3671875,3271488.7321519204,6062.068041271188,-5060.041317049357,592.8046745231649
2025-11-08,102283.6875,3271139.57392326,5795.71691378911,-4947.351853092728,645.3446825527632
2025-11-09,104740.078125,3269904.695750248,5701.94526911117,-4848.682423995214,680.6115524102453
2025-11-10,106006.609375,,,,
2025-11-11,103035.6015625,,,,
2025-11-12,101650.5546875,,,,
2025-11-13,99735.015625,,,,
2025-11-14,94287.484375,,,,
2025-11-15,95522.75,,,,
2025-11-16,94238.8046875,,,,
2025-11-17,92068.9921875,,,,
2025-11-18,92945.421875,,,,
2025-11-19,89327.90625,,,,
2025-11-20,86698.3671875,,,,
2025-11-21,84767.1015625,,,,
2025-11-22,84661.171875,,,,
2025-11-23,86763.125,,,,
2025-11-24,88830.0859375,,,,
2025-11-25,87349.984375,,,,
2025-11-26,90522.234375,,,,
2025-11-27,91287.6015625,,,,
2025-11-28,90933.6874307953,,,,
2025-11-29,90850.890625,,,,
2025-11-30,90440.6328125,,,,
2025-12-01,86305.8984375,,,,
2025-12-02,91451.6484375,,,,
2025-12-03,93592.453125,,,,
2025-12-04,92146.9921875,,,,
2025-12-05,89297.1875,,,,
2025-12-06,89270.5859375,,,,
2025-12-07,90320.2421875,,,,
2025-12-08,90606.3671875,,,,
2025-12-09,92866.296875,,,,
2025-12-10,92055.515625,,,,
2025-12-11,92516.328125,,,,
2025-12-12,90297.25,,,,
2025-12-13,90297.0078125,,,,
2025-12-14,88172.1484375,,,,
2025-12-15,86422.1875,,,,
2025-12-16,87713.8203125,,,,
2025-12-17,85592.0078125,,,,
2025-12-18,85176.4921875,,,,
2025-12-19,88104.1875,,,,
2025-12-20,88351.671875,,,,
2025-12-21,88610.0234375,,,,
2025-12-22,88488.765625,,,,
2025-12-23,87404.21875,,,,
2025-12-24,87615.5703125,,,,
2025-12-25,87204.3671875,,,,
2025-12-26,87303.9375,,,,
2025-12-27,87805.5625,,,,
2025-12-28,87830.1171875,,,,
2025-12-29,87230.2109375,,,,
2025-12-30,88404.546875,,,,
2025-12-31,87501.953125,,,,
2026-01-01,88722.0703125,,,,
2026-01-02,89946.1171875,,,,
2026-01-03,90600.7421875,,,,
2026-01-04,91393.3203125,,,,
2026-01-05,93901.1328125,,,,
2026-01-06,93440.015625,,,,
2026-01-07,91303.484375,,,,
2026-01-08,91011.1171875,,,,
2026-01-09,90490.7734375,,,,
2026-01-10,90422.9453125,,,,
2026-01-11,90810.1484375,,,,
2026-01-12,91157.1015625,,,,
2026-01-13,95648.703125,,,,
2026-01-14,96932.2109375,,,,
2026-01-15,95546.2578125,,,,
2026-01-16,95531.8515625,,,,
2026-01-17,95113.1953125,,,,
2026-01-18,95432.6796875,,,,
2026-01-19,92548.5,,,,
2026-01-20,88339.6171875,,,,
2026-01-21,89368.671875,,,,
2026-01-22,89462.078125,,,,
2026-01-23,89285.875,,,,
2026-01-24,89244.171875,,,,
2026-01-25,86557.3828125,,,,
2026-01-26,87774.765625,,,,
2026-01-27,89145.6171875,,,,
2026-01-28,89192.453125,,,,
2026-01-29,84561.9765625,,,,
2026-01-30,84118.9765625,,,,
2026-01-31,78336.1484375,,,,
2026-02-01,77061.609375,,,,
2026-02-02,78679.671875,,,,
2026-02-03,75774.78125,,,,
2026-02-04,73042.9765625,,,,
2026-02-05,63840.04296875,,,,
2026-02-06,70533.25,,,,
2026-02-07,68910.265625,,,,
2026-02-08,70338.71875,,,,
2026-02-09,70325.765625,,,,
2026-02-10,68622.828125,,,,
2026-02-11,66993.1875,,,,
2026-02-12,66228.3984375,,,,
2026-02-13,68850.875,,,,
2026-02-14,69787.8203125,,,,
2026-02-15,68750.171875,,,,
2026-02-16,68473.9921875,,,,
2026-02-17,67507.3203125,,,,
2026-02-18,66415.5234375,,,,
2026-02-19,66944.359375,,,,
2026-02-20,67999.625,,,,
2026-02-21,67991.1796875,,,,
2026-02-22,67683.7890625,,,,
2026-02-23,64567.2890625,,,,
2026-02-24,64069.87109375,,,,
2026-02-25,67972.640625,,,,
2026-02-26,67454.8984375,,,,
2026-02-27,65888.90625,,,,
2026-02-28,66967.6484375,,,,
2026-03-01,65722.3046875,,,,
2026-03-02,68793.3828125,,,,
2026-03-03,68300.28125,,,,
2026-03-04,72670.125,,,,
2026-03-05,70790.78125,,,,
2026-03-06,68119.6484375,,,,
2026-03-07,67267.703125,,,,
2026-03-08,65990.9765625,,,,
2026-03-09,68401.4609375,,,,
2026-03-10,69919.15625,,,,
2026-03-11,70190.3671875,,,,
2026-03-12,70492.3671875,,,,
2026-03-13,70941.1875,,,,
2026-03-14,71236.1328125,,,,
2026-03-15,72779.0,,,,
2026-03-16,74852.5078125,,,,
2026-03-17,73940.0703125,,,,
2026-03-18,71264.0078125,,,,
2026-03-19,69939.875,,,,
2026-03-20,70507.984375,,,,
2026-03-21,68875.703125,,,,
2026-03-22,67846.703125,,,,
2026-03-23,70919.921875,,,,
2026-03-24,70531.625,,,,
2026-03-25,71317.3515625,,,,
2026-03-26,68772.9375,,,,
2026-03-27,66351.5703125,,,,
2026-03-28,66324.1875,,,,
2026-03-29,65973.1328125,,,,
2026-03-30,66691.9140625,,,,
2026-03-31,68211.078125,,,,
2026-04-01,68071.5625,,,,
2026-04-02,66889.09375,,,,
2026-04-03,66930.5078125,,,,
2026-04-04,67289.9375,,,,
2026-04-05,67395.2578125,,,,
2026-04-06,68896.75,,,,
2026-04-07,71926.7578125,,,,
2026-04-08,71115.125,,,,
2026-04-09,71771.6328125,,,,
2026-04-10,72971.1484375,,,,
2026-04-11,73055.7734375,,,,
2026-04-12,70726.0703125,,,,
2026-04-13,74532.7421875,,,,
2026-04-14,74213.28125,,,,
2026-04-15,74827.0234375,,,,
2026-04-16,75183.6484375,,,,
2026-04-17,77140.828125,,,,
2026-04-18,75730.578125,,,,
2026-04-19,73815.203125,,,,
2026-04-20,75875.0390625,,,,
2026-04-21,76356.0,,,,
2026-04-22,78208.546875,,,,
2026-04-23,78281.3203125,,,,
2026-04-24,77461.796875,,,,
2026-04-25,77650.7109375,,,,
2026-04-26,78388.5625,,,,
2026-04-27,77364.421875,,,,
2026-04-28,76315.90625,,,,
2026-04-29,75775.25,,,,
2026-04-30,76296.7265625,,,,
2026-05-01,78234.046875,,,,
2026-05-02,78682.3125,,,,
2026-05-03,78558.8828125,,,,
2026-05-04,79841.1171875,,,,
2026-05-05,80907.7265625,,,,
2026-05-06,81438.109375,,,,
2026-05-07,79996.28125,,,,
2026-05-08,80188.8203125,,,,
2026-05-09,80658.9765625,,,,
2026-05-10,82199.9921875,,,,
2026-05-11,81727.0625,,,,
2026-05-12,80483.75,,,,
2026-05-13,79288.25,,,,
2026-05-14,81079.03125,,,,
2026-05-15,79058.5078125,,,,
2026-05-16,78105.4609375,,,,
2026-05-17,77411.390625,,,,
2026-05-18,76942.7109375,,,,
2026-05-19,76764.046875,,,,
2026-05-20,77475.0390625,,,,
2026-05-21,77542.65625,,,,
2026-05-22,75439.96875,,,,
2026-05-23,76644.2421875,,,,
2026-05-24,76961.8515625,,,,
2026-05-25,77249.078125,,,,
2026-05-26,75821.25,,,,
2026-05-27,74321.9921875,,,,
2026-05-28,73512.5625,,,,
2026-05-29,73366.7734375,,,,
2026-05-30,73768.0234375,,,,
2026-05-31,73575.171875,,,,
2026-06-01,71307.1875,,,,
2026-06-02,66656.546875,,,,
2026-06-03,64040.0,,,,
2026-06-04,63811.91015625,,,,
2026-06-05,61028.0,,,,
2026-06-06,60852.0,,,,
2026-06-07,63308.26171875,,,,
2026-06-08,63062.96875,,,,
2026-06-09,61685.80078125,,,,
2026-06-10,61452.0,,,,
2026-06-11,63557.640625,,,,
2026-06-12,63538.4296875,,,,
2026-06-13,64382.78125,,,,
2026-06-14,65707.5,,,,
2026-06-15,66274.921875,,,,
2026-06-16,65616.6484375,,,,
2026-06-17,64452.66015625,,,,
2026-06-18,62879.01171875,,,,
2026-06-19,63475.6484375,,,,
2026-06-20,64245.30859375,,,,
2026-06-21,63224.87109375,,,,
2026-06-22,63950.609375,,,,
2026-06-23,62644.73828125,,,,
2026-06-24,60983.140625,,,,
2026-06-25,59699.62109375,,,,
2026-06-26,59999.28125,,,,
2026-06-27,59934.83984375,,,,
2026-06-28,59472.30078125,,,,
2026-06-29,60161.5390625,,,,
2026-06-30,58523.9296875,,,,
2026-07-01,59963.44140625,,,,
2026-07-02,61484.03125,,,,
2026-07-03,62554.140625,,,,
2026-07-04,63083.890625,,,,
2026-07-05,63583.51953125,,,,
2026-07-06,64001.83984375,,,,
2026-07-07,63325.01171875,,,,
2026-07-08,62237.69921875,,,,
2026-07-09,63175.25,,,,
2026-07-10,64128.48828125,,,,
2026-07-11,63773.05078125,,,,
2026-07-12,64164.05859375,,,,
2026-07-13,62264.94140625,,,,
2026-07-14,64988.66015625,,,,
2026-07-15,64712.01171875,,,,
2026-07-16,63769.87109375,,,,
2026-07-17,63889.66015625,,,,
2026-07-18,64793.76171875,,,,
2026-07-19,64681.828125,,,,
2026-07-20,65213.05078125,,,,
2026-07-21,66516.1796875,,,,
2026-07-22,66086.609375,,,,
2026-07-23,65051.23046875,,,,
2026-07-24,64083.3203125,,,,
2026-07-25,64293.9296875,,,,
2026-07-26,65336.30859375,,,,
2026-07-27,64671.98046875,,,,
2026-07-28,63847.12109375,,,,
2026-07-29,63897.578125,,,,
2026-07-30,64721.890625,,,,
2026-07-31,62824.75,,,,
2026-08-01,62764.19921875,,,,
2026-08-02,63499.48828125,,,,
2026-08-03,63466.51171875,,,,
2026-08-04,64050.51171875,,,,
2026-08-05,64597.859375,,,,
2026-08-06,64267.30078125,,,,
2026-08-07,64891.6015625,,,,
2026-08-08,64908.71875,,,,
2026-08-09,64848.69140625,,,,
2026-08-10,63911.87890625,,,,
2026-08-11,63531.75,,,,
2026-08-12,63411.71875,,,,
2026-08-13,63425.3515625,,,,
2026-08-14,62975.19140625,,,,
2026-08-15,63018.76171875,,,,
2026-08-16,62830.578125,,,,
2026-08-17,64477.25,,,,
2026-08-18,64681.328125,,,,
2026-08-19,69300.0078125,,,,
2026-08-20,72609.0,,,,
2026-08-21,78325.546875,,,,
2026-08-22,77054.4375,,,,
2026-08-23,77279.640625,,,,
2026-08-24,78942.59375,,,,
2026-08-25,78843.5,,,,
2026-08-26,79026.1796875,,,,
2026-08-27,80081.6484375,,,,
2026-08-28,77576.546875,,,,
2026-08-29,78241.3125,,,,
2026-08-30,78865.921875,,,,
2026-08-31,78999.65625,,,,
2026-09-01,77258.84375,,,,
2026-09-02,77118.03125,,,,
2026-09-03,81142.03125,,,,
