date,sp500_close,sp500_volume,dowjones_close,dowjones_volume,oil_close,oil_volume,eth_close,eth_volume_usd,eth_price_is_backfilled
2015-03-08,2079.429931640625,3349090000.0,17995.720703125,85820000.0,50.0,409877.0,3.0,0.0,True
2015-03-09,2079.429931640625,3349090000.0,17995.720703125,85820000.0,50.0,409877.0,3.0,0.0,True
2015-03-10,2044.1600341796875,3668900000.0,17662.939453125,120450000.0,48.290000915527344,395761.0,3.0,0.0,True
2015-03-11,2040.239990234375,3406570000.0,17635.390625,102120000.0,48.16999816894531,404590.0,3.0,0.0,True
2015-03-12,2065.949951171875,3405860000.0,17895.220703125,111550000.0,47.04999923706055,358381.0,3.0,0.0,True
2015-03-13,2053.39990234375,3498560000.0,17749.310546875,113620000.0,44.84000015258789,395722.0,3.0,0.0,True
2015-03-14,2053.39990234375,3498560000.0,17749.310546875,113620000.0,44.84000015258789,395722.0,3.0,0.0,True
2015-03-15,2053.39990234375,3498560000.0,17749.310546875,113620000.0,44.84000015258789,395722.0,3.0,0.0,True
2015-03-16,2081.18994140625,3295600000.0,17977.419921875,101760000.0,43.880001068115234,367600.0,3.0,0.0,True
2015-03-17,2074.280029296875,3221840000.0,17849.080078125,82560000.0,43.459999084472656,346310.0,3.0,0.0,True
2015-03-18,2099.5,4128210000.0,18076.189453125,130950000.0,44.65999984741211,220638.0,3.0,0.0,True
2015-03-19,2089.27001953125,3305220000.0,17959.029296875,107820000.0,43.959999084472656,106907.0,3.0,0.0,True
2015-03-20,2108.10009765625,5554120000.0,18127.650390625,333870000.0,45.720001220703125,379180.0,3.0,0.0,True
2015-03-21,2108.10009765625,5554120000.0,18127.650390625,333870000.0,45.720001220703125,379180.0,3.0,0.0,True
2015-03-22,2108.10009765625,5554120000.0,18127.650390625,333870000.0,45.720001220703125,379180.0,3.0,0.0,True
2015-03-23,2104.419921875,3267960000.0,18116.0390625,98030000.0,47.45000076293945,292417.0,3.0,0.0,True
2015-03-24,2091.5,3189820000.0,18011.140625,87190000.0,47.5099983215332,309553.0,3.0,0.0,True
2015-03-25,2061.050048828125,3521140000.0,17718.5390625,106560000.0,49.209999084472656,398795.0,3.0,0.0,True
2015-03-26,2056.14990234375,3510670000.0,17678.23046875,117740000.0,51.43000030517578,515277.0,3.0,0.0,True
2015-03-27,2061.02001953125,3008550000.0,17712.66015625,103220000.0,48.869998931884766,384092.0,3.0,0.0,True
2015-03-28,2061.02001953125,3008550000.0,17712.66015625,103220000.0,48.869998931884766,384092.0,3.0,0.0,True
2015-03-29,2061.02001953125,3008550000.0,17712.66015625,103220000.0,48.869998931884766,384092.0,3.0,0.0,True
2015-03-30,2086.239990234375,2917690000.0,17976.310546875,104040000.0,48.68000030517578,355866.0,3.0,0.0,True
2015-03-31,2067.889892578125,3376550000.0,17776.119140625,119470000.0,47.599998474121094,365748.0,3.0,0.0,True
2015-04-01,2059.68994140625,3543270000.0,17698.1796875,103360000.0,50.09000015258789,451104.0,3.0,0.0,True
2015-04-02,2066.9599609375,3095960000.0,17763.240234375,87370000.0,49.13999938964844,453394.0,3.0,0.0,True
2015-04-03,2066.9599609375,3095960000.0,17763.240234375,87370000.0,49.13999938964844,453394.0,3.0,0.0,True
2015-04-04,2066.9599609375,3095960000.0,17763.240234375,87370000.0,49.13999938964844,453394.0,3.0,0.0,True
2015-04-05,2066.9599609375,3095960000.0,17763.240234375,87370000.0,49.13999938964844,453394.0,3.0,0.0,True
2015-04-06,2080.6201171875,3302970000.0,17880.849609375,100850000.0,52.13999938964844,325282.0,3.0,0.0,True
2015-04-07,2076.330078125,3065510000.0,17875.419921875,72150000.0,53.97999954223633,548870.0,3.0,0.0,True
2015-04-08,2081.89990234375,3265330000.0,17902.509765625,76820000.0,50.41999816894531,552627.0,3.0,0.0,True
2015-04-09,2091.179931640625,3172360000.0,17958.73046875,86740000.0,50.790000915527344,449531.0,3.0,0.0,True
2015-04-10,2102.06005859375,3156200000.0,18057.650390625,116410000.0,51.63999938964844,395135.0,3.0,0.0,True
2015-04-11,2102.06005859375,3156200000.0,18057.650390625,116410000.0,51.63999938964844,395135.0,3.0,0.0,True
2015-04-12,2102.06005859375,3156200000.0,18057.650390625,116410000.0,51.63999938964844,395135.0,3.0,0.0,True
2015-04-13,2092.429931640625,2908420000.0,17977.0390625,120090000.0,51.90999984741211,375534.0,3.0,0.0,True
2015-04-14,2095.840087890625,3301270000.0,18036.69921875,82830000.0,53.290000915527344,431026.0,3.0,0.0,True
2015-04-15,2106.6298828125,4013760000.0,18112.609375,113610000.0,56.38999938964844,508904.0,3.0,0.0,True
2015-04-16,2104.989990234375,3434120000.0,18105.76953125,89520000.0,56.709999084472656,413134.0,3.0,0.0,True
2015-04-17,2081.179931640625,3627600000.0,17826.30078125,138860000.0,55.7400016784668,230623.0,3.0,0.0,True
2015-04-18,2081.179931640625,3627600000.0,17826.30078125,138860000.0,55.7400016784668,230623.0,3.0,0.0,True
2015-04-19,2081.179931640625,3627600000.0,17826.30078125,138860000.0,55.7400016784668,230623.0,3.0,0.0,True
2015-04-20,2100.39990234375,3000160000.0,18034.9296875,103160000.0,56.380001068115234,112382.0,3.0,0.0,True
2015-04-21,2097.2900390625,3243410000.0,17949.58984375,95180000.0,55.2599983215332,354244.0,3.0,0.0,True
2015-04-22,2107.9599609375,3348480000.0,18038.26953125,91260000.0,56.15999984741211,329631.0,3.0,0.0,True
2015-04-23,2112.929931640625,3636670000.0,18058.689453125,100240000.0,57.7400016784668,415569.0,3.0,0.0,True
2015-04-24,2117.68994140625,3375780000.0,18080.140625,119130000.0,57.150001525878906,328322.0,3.0,0.0,True
2015-04-25,2117.68994140625,3375780000.0,18080.140625,119130000.0,57.150001525878906,328322.0,3.0,0.0,True
2015-04-26,2117.68994140625,3375780000.0,18080.140625,119130000.0,57.150001525878906,328322.0,3.0,0.0,True
2015-04-27,2108.919921875,3438750000.0,18037.970703125,121110000.0,56.9900016784668,250558.0,3.0,0.0,True
2015-04-28,2114.760009765625,3546270000.0,18110.140625,124930000.0,57.060001373291016,281864.0,3.0,0.0,True
2015-04-29,2106.85009765625,4074970000.0,18035.529296875,102080000.0,58.58000183105469,411097.0,3.0,0.0,True
2015-04-30,2085.510009765625,4509680000.0,17840.51953125,129180000.0,59.630001068115234,340322.0,3.0,0.0,True
2015-05-01,2108.2900390625,3379390000.0,18024.060546875,91700000.0,59.150001525878906,244753.0,3.0,0.0,True
2015-05-02,2108.2900390625,3379390000.0,18024.060546875,91700000.0,59.150001525878906,244753.0,3.0,0.0,True
2015-05-03,2108.2900390625,3379390000.0,18024.060546875,91700000.0,59.150001525878906,244753.0,3.0,0.0,True
2015-05-04,2114.489990234375,3091580000.0,18070.400390625,86010000.0,58.93000030517578,215046.0,3.0,0.0,True
2015-05-05,2089.4599609375,3793950000.0,17928.19921875,95340000.0,60.400001525878906,389743.0,3.0,0.0,True
2015-05-06,2080.14990234375,3792210000.0,17841.98046875,100430000.0,60.93000030517578,423583.0,3.0,0.0,True
2015-05-07,2088.0,3676640000.0,17924.060546875,80920000.0,58.939998626708984,437022.0,3.0,0.0,True
2015-05-08,2116.10009765625,3399440000.0,18191.109375,94960000.0,59.38999938964844,434575.0,3.0,0.0,True
2015-05-09,2116.10009765625,3399440000.0,18191.109375,94960000.0,59.38999938964844,434575.0,3.0,0.0,True
2015-05-10,2116.10009765625,3399440000.0,18191.109375,94960000.0,59.38999938964844,434575.0,3.0,0.0,True
2015-05-11,2105.330078125,2992670000.0,18105.169921875,86050000.0,59.25,332694.0,3.0,0.0,True
2015-05-12,2099.1201171875,3139520000.0,18068.23046875,89270000.0,60.75,397345.0,3.0,0.0,True
2015-05-13,2098.47998046875,3374260000.0,18060.490234375,85180000.0,60.5,426835.0,3.0,0.0,True
2015-05-14,2121.10009765625,3225740000.0,18252.240234375,91580000.0,59.880001068115234,361432.0,3.0,0.0,True
2015-05-15,2122.72998046875,3092080000.0,18272.560546875,108220000.0,59.689998626708984,222089.0,3.0,0.0,True
2015-05-16,2122.72998046875,3092080000.0,18272.560546875,108220000.0,59.689998626708984,222089.0,3.0,0.0,True
2015-05-17,2122.72998046875,3092080000.0,18272.560546875,108220000.0,59.689998626708984,222089.0,3.0,0.0,True
2015-05-18,2129.199951171875,2888190000.0,18298.880859375,79080000.0,59.43000030517578,144389.0,3.0,0.0,True
2015-05-19,2127.830078125,3296030000.0,18312.390625,87200000.0,57.2599983215332,336779.0,3.0,0.0,True
2015-05-20,2125.85009765625,3025880000.0,18285.400390625,80190000.0,58.97999954223633,287129.0,3.0,0.0,True
2015-05-21,2130.820068359375,3070460000.0,18285.740234375,84270000.0,60.720001220703125,329765.0,3.0,0.0,True
2015-05-22,2126.06005859375,2571860000.0,18232.01953125,78890000.0,59.720001220703125,230307.0,3.0,0.0,True
2015-05-23,2126.06005859375,2571860000.0,18232.01953125,78890000.0,59.720001220703125,230307.0,3.0,0.0,True
2015-05-24,2126.06005859375,2571860000.0,18232.01953125,78890000.0,59.720001220703125,230307.0,3.0,0.0,True
2015-05-25,2126.06005859375,2571860000.0,18232.01953125,78890000.0,59.720001220703125,230307.0,3.0,0.0,True
2015-05-26,2104.199951171875,3342130000.0,18041.5390625,109440000.0,58.029998779296875,330128.0,3.0,0.0,True
2015-05-27,2123.47998046875,3127960000.0,18162.990234375,96400000.0,57.5099983215332,314917.0,3.0,0.0,True
2015-05-28,2120.7900390625,2980350000.0,18126.119140625,67510000.0,57.68000030517578,340682.0,3.0,0.0,True
2015-05-29,2107.389892578125,3927390000.0,18010.6796875,139810000.0,60.29999923706055,452222.0,3.0,0.0,True
2015-05-30,2107.389892578125,3927390000.0,18010.6796875,139810000.0,60.29999923706055,452222.0,3.0,0.0,True
2015-05-31,2107.389892578125,3927390000.0,18010.6796875,139810000.0,60.29999923706055,452222.0,3.0,0.0,True
2015-06-01,2111.72998046875,3011710000.0,18040.369140625,85640000.0,60.20000076293945,292189.0,3.0,0.0,True
2015-06-02,2109.60009765625,3049350000.0,18011.939453125,77550000.0,61.2599983215332,344508.0,3.0,0.0,True
2015-06-03,2114.070068359375,3099980000.0,18076.26953125,73120000.0,59.63999938964844,371298.0,3.0,0.0,True
2015-06-04,2095.840087890625,3200050000.0,17905.580078125,93470000.0,58.0,363345.0,3.0,0.0,True
2015-06-05,2092.830078125,3243690000.0,17849.4609375,89140000.0,59.130001068115234,461016.0,3.0,0.0,True
2015-06-06,2092.830078125,3243690000.0,17849.4609375,89140000.0,59.130001068115234,461016.0,3.0,0.0,True
2015-06-07,2092.830078125,3243690000.0,17849.4609375,89140000.0,59.130001068115234,461016.0,3.0,0.0,True
2015-06-08,2079.280029296875,2917150000.0,17766.55078125,86300000.0,58.13999938964844,339845.0,3.0,0.0,True
2015-06-09,2080.14990234375,3034580000.0,17764.0390625,90550000.0,60.13999938964844,405486.0,3.0,0.0,True
2015-06-10,2105.199951171875,3414320000.0,18000.400390625,96980000.0,61.43000030517578,459765.0,3.0,0.0,True
2015-06-11,2108.860107421875,3128600000.0,18039.369140625,89490000.0,60.77000045776367,352421.0,3.0,0.0,True
2015-06-12,2094.110107421875,2719400000.0,17898.83984375,83760000.0,59.959999084472656,246898.0,3.0,0.0,True
2015-06-13,2094.110107421875,2719400000.0,17898.83984375,83760000.0,59.959999084472656,246898.0,3.0,0.0,True
2015-06-14,2094.110107421875,2719400000.0,17898.83984375,83760000.0,59.959999084472656,246898.0,3.0,0.0,True
2015-06-15,2084.429931640625,3061570000.0,17791.169921875,91920000.0,59.52000045776367,275187.0,3.0,0.0,True
2015-06-16,2096.2900390625,2919900000.0,17904.48046875,77510000.0,59.970001220703125,233935.0,3.0,0.0,True
2015-06-17,2100.43994140625,3222240000.0,17935.740234375,92410000.0,59.91999816894531,396155.0,3.0,0.0,True
2015-06-18,2121.239990234375,3520360000.0,18115.83984375,94460000.0,60.45000076293945,181875.0,3.0,0.0,True
2015-06-19,2109.989990234375,4449810000.0,18015.94921875,258300000.0,59.61000061035156,116656.0,3.0,0.0,True
2015-06-20,2109.989990234375,4449810000.0,18015.94921875,258300000.0,59.61000061035156,116656.0,3.0,0.0,True
2015-06-21,2109.989990234375,4449810000.0,18015.94921875,258300000.0,59.61000061035156,116656.0,3.0,0.0,True
2015-06-22,2122.85009765625,3030020000.0,18119.779296875,77780000.0,59.68000030517578,255306.0,3.0,0.0,True
2015-06-23,2124.199951171875,3091190000.0,18144.0703125,75970000.0,61.0099983215332,336224.0,3.0,0.0,True
2015-06-24,2108.580078125,3102480000.0,17966.0703125,104980000.0,60.27000045776367,312985.0,3.0,0.0,True
2015-06-25,2102.31005859375,3214610000.0,17890.359375,78990000.0,59.70000076293945,222341.0,3.0,0.0,True
2015-06-26,2101.489990234375,5025470000.0,17946.6796875,158120000.0,59.630001068115234,231957.0,3.0,0.0,True
2015-06-27,2101.489990234375,5025470000.0,17946.6796875,158120000.0,59.630001068115234,231957.0,3.0,0.0,True
2015-06-28,2101.489990234375,5025470000.0,17946.6796875,158120000.0,59.630001068115234,231957.0,3.0,0.0,True
2015-06-29,2057.639892578125,3678960000.0,17596.349609375,116340000.0,58.33000183105469,286035.0,3.0,0.0,True
2015-06-30,2063.110107421875,4078540000.0,17619.509765625,126460000.0,59.470001220703125,282475.0,3.0,0.0,True
2015-07-01,2077.419921875,3727260000.0,17757.91015625,87010000.0,56.959999084472656,373405.0,3.0,0.0,True
2015-07-02,2076.780029296875,2996540000.0,17730.109375,83080000.0,56.93000030517578,297050.0,3.0,0.0,True
2015-07-03,2076.780029296875,2996540000.0,17730.109375,83080000.0,56.93000030517578,297050.0,3.0,0.0,True
2015-07-04,2076.780029296875,2996540000.0,17730.109375,83080000.0,56.93000030517578,297050.0,3.0,0.0,True
2015-07-05,2076.780029296875,2996540000.0,17730.109375,83080000.0,56.93000030517578,297050.0,3.0,0.0,True
2015-07-06,2068.760009765625,3486360000.0,17683.580078125,90130000.0,52.529998779296875,540608.0,3.0,0.0,True
2015-07-07,2081.340087890625,4458660000.0,17776.91015625,105840000.0,52.33000183105469,527267.0,3.0,0.0,True
2015-07-08,2046.6800537109375,3608780000.0,17515.419921875,69830000.0,51.650001525878906,434752.0,3.0,0.0,True
2015-07-09,2051.31005859375,3446810000.0,17548.619140625,100520000.0,52.779998779296875,382334.0,3.0,0.0,True
2015-07-10,2076.6201171875,3065070000.0,17760.41015625,85800000.0,52.7400016784668,349075.0,3.0,0.0,True
2015-07-11,2076.6201171875,3065070000.0,17760.41015625,85800000.0,52.7400016784668,349075.0,3.0,0.0,True
2015-07-12,2076.6201171875,3065070000.0,17760.41015625,85800000.0,52.7400016784668,349075.0,3.0,0.0,True
2015-07-13,2099.60009765625,3096730000.0,17977.6796875,86380000.0,52.20000076293945,359477.0,3.0,0.0,True
2015-07-14,2108.949951171875,3002120000.0,18053.580078125,76740000.0,53.040000915527344,422756.0,3.0,0.0,True
2015-07-15,2107.39990234375,3261810000.0,18050.169921875,80460000.0,51.40999984741211,334563.0,3.0,0.0,True
2015-07-16,2124.2900390625,3227080000.0,18120.25,85030000.0,50.90999984741211,319167.0,3.0,0.0,True
2015-07-17,2126.639892578125,3362750000.0,18086.44921875,106510000.0,50.88999938964844,203485.0,3.0,0.0,True
2015-07-18,2126.639892578125,3362750000.0,18086.44921875,106510000.0,50.88999938964844,203485.0,3.0,0.0,True
2015-07-19,2126.639892578125,3362750000.0,18086.44921875,106510000.0,50.88999938964844,203485.0,3.0,0.0,True
2015-07-20,2128.280029296875,3245870000.0,18100.41015625,75060000.0,50.150001525878906,102597.0,3.0,0.0,True
2015-07-21,2119.2099609375,3343690000.0,17919.2890625,100170000.0,50.36000061035156,254321.0,3.0,0.0,True
2015-07-22,2114.14990234375,3694070000.0,17851.0390625,112370000.0,49.189998626708984,347986.0,3.0,0.0,True
2015-07-23,2102.14990234375,3772810000.0,17731.919921875,88600000.0,48.45000076293945,316060.0,3.0,0.0,True
2015-07-24,2079.64990234375,3870040000.0,17568.529296875,103470000.0,48.13999938964844,278233.0,3.0,0.0,True
2015-07-25,2079.64990234375,3870040000.0,17568.529296875,103470000.0,48.13999938964844,278233.0,3.0,0.0,True
2015-07-26,2079.64990234375,3870040000.0,17568.529296875,103470000.0,48.13999938964844,278233.0,3.0,0.0,True
2015-07-27,2067.639892578125,3836750000.0,17440.58984375,117860000.0,47.38999938964844,273614.0,3.0,0.0,True
2015-07-28,2093.25,4117740000.0,17630.26953125,103450000.0,47.97999954223633,338107.0,3.0,0.0,True
2015-07-29,2108.570068359375,4038900000.0,17751.390625,93140000.0,48.790000915527344,366893.0,3.0,0.0,True
2015-07-30,2108.6298828125,3579410000.0,17745.98046875,76650000.0,48.52000045776367,247662.0,3.0,0.0,True
2015-07-31,2103.840087890625,3681340000.0,17689.859375,106120000.0,47.119998931884766,334474.0,3.0,0.0,True
2015-08-01,2103.840087890625,3681340000.0,17689.859375,106120000.0,47.119998931884766,334474.0,3.0,0.0,True
2015-08-02,2103.840087890625,3681340000.0,17689.859375,106120000.0,47.119998931884766,334474.0,3.0,0.0,True
2015-08-03,2098.0400390625,3476770000.0,17598.19921875,87880000.0,45.16999816894531,371085.0,3.0,0.0,True
2015-08-04,2093.320068359375,3546710000.0,17550.689453125,99060000.0,45.7400016784668,285786.0,3.0,0.0,True
2015-08-05,2099.840087890625,3968680000.0,17540.470703125,102450000.0,45.150001525878906,367326.0,3.0,0.0,True
2015-08-06,2083.56005859375,4246570000.0,17419.75,96170000.0,44.65999984741211,360977.0,3.0,0.0,True
2015-08-07,2077.570068359375,3602320000.0,17373.380859375,81800000.0,43.869998931884766,400070.0,3.0,0.0,False
2015-08-08,2077.570068359375,3602320000.0,17373.380859375,81800000.0,43.869998931884766,400070.0,1.19999,0.0,False
2015-08-09,2077.570068359375,3602320000.0,17373.380859375,81800000.0,43.869998931884766,400070.0,1.19999,0.0,False
2015-08-10,2104.179931640625,3514460000.0,17615.169921875,92430000.0,44.959999084472656,491433.0,1.19999,0.0,False
2015-08-11,2084.070068359375,3708880000.0,17402.83984375,103010000.0,43.08000183105469,538005.0,0.99,0.0,False
2015-08-12,2086.050048828125,4269130000.0,17402.509765625,120400000.0,43.29999923706055,492271.0,1.288,0.0,False
2015-08-13,2083.389892578125,3221300000.0,17408.25,88550000.0,42.22999954223633,420146.0,1.8848,0.0,False
2015-08-14,2091.5400390625,2795590000.0,17477.400390625,82120000.0,42.5,317211.0,1.79489,0.0,False
2015-08-15,2091.5400390625,2795590000.0,17477.400390625,82120000.0,42.5,317211.0,1.79,0.0,False
2015-08-16,2091.5400390625,2795590000.0,17477.400390625,82120000.0,42.5,317211.0,1.5893,0.0,False
2015-08-17,2102.43994140625,2867690000.0,17545.1796875,73380000.0,41.869998931884766,314275.0,1.29638,0.0,False
2015-08-18,2096.919921875,2949990000.0,17511.33984375,79900000.0,42.619998931884766,200185.0,1.10001,0.0,False
2015-08-19,2079.610107421875,3512920000.0,17348.73046875,104720000.0,40.79999923706055,107578.0,1.24,0.0,False
2015-08-20,2035.72998046875,3922470000.0,16990.689453125,128530000.0,41.13999938964844,380433.0,1.5218,0.0,False
2015-08-21,1970.8900146484375,5018240000.0,16459.75,225170000.0,40.45000076293945,377181.0,1.43588,0.0,False
2015-08-22,1970.8900146484375,5018240000.0,16459.75,225170000.0,40.45000076293945,377181.0,1.4,0.0,False
2015-08-23,1970.8900146484375,5018240000.0,16459.75,225170000.0,40.45000076293945,377181.0,1.35,0.0,False
2015-08-24,1893.2099609375,6612690000.0,15871.349609375,293920000.0,38.2400016784668,468366.0,1.23804,0.0,False
2015-08-25,1867.6099853515625,5183560000.0,15666.4404296875,213220000.0,39.310001373291016,375650.0,1.27119,0.0,False
2015-08-26,1940.510009765625,5338250000.0,16285.509765625,208420000.0,38.599998474121094,368722.0,1.18,0.0,False
2015-08-27,1987.6600341796875,5006390000.0,16654.76953125,171980000.0,42.560001373291016,533682.0,1.13646,0.0,False
2015-08-28,1988.8699951171875,3949080000.0,16643.009765625,131790000.0,45.220001220703125,666328.0,1.295,0.0,False
2015-08-29,1988.8699951171875,3949080000.0,16643.009765625,131790000.0,45.220001220703125,666328.0,1.1795,0.0,False
2015-08-30,1988.8699951171875,3949080000.0,16643.009765625,131790000.0,45.220001220703125,666328.0,1.32,0.0,False
2015-08-31,1972.1800537109375,3915100000.0,16528.029296875,141440000.0,49.20000076293945,757503.0,1.30651,0.0,False
2015-09-01,1913.8499755859375,4371850000.0,16058.349609375,171390000.0,45.40999984741211,713418.0,1.36,0.0,False
2015-09-02,1948.8599853515625,3742620000.0,16351.3798828125,133480000.0,46.25,689301.0,1.32795,0.0,False
2015-09-03,1951.1300048828125,3520700000.0,16374.759765625,109730000.0,46.75,539450.0,1.23357,0.0,False
2015-09-04,1921.219970703125,3167090000.0,16102.3798828125,127270000.0,46.04999923706055,385631.0,1.23357,0.0,False
2015-09-05,1921.219970703125,3167090000.0,16102.3798828125,127270000.0,46.04999923706055,385631.0,1.37,0.0,False
2015-09-06,1921.219970703125,3167090000.0,16102.3798828125,127270000.0,46.04999923706055,385631.0,1.34,0.0,False
2015-09-07,1921.219970703125,3167090000.0,16102.3798828125,127270000.0,46.04999923706055,385631.0,1.27561,0.0,False
2015-09-08,1969.4100341796875,3548650000.0,16492.6796875,123870000.0,45.939998626708984,508815.0,1.26349,0.0,False
2015-09-09,1942.0400390625,3652120000.0,16253.5703125,118790000.0,44.150001525878906,422735.0,1.21,0.0,False
2015-09-10,1952.2900390625,3626320000.0,16330.400390625,122690000.0,45.91999816894531,498992.0,1.1857,0.0,False
2015-09-11,1961.050048828125,3218590000.0,16433.08984375,104630000.0,44.630001068115234,395838.0,0.92422,0.0,False
2015-09-12,1961.050048828125,3218590000.0,16433.08984375,104630000.0,44.630001068115234,395838.0,1.14639,0.0,False
2015-09-13,1961.050048828125,3218590000.0,16433.08984375,104630000.0,44.630001068115234,395838.0,0.88557,0.0,False
2015-09-14,1953.030029296875,3000200000.0,16370.9599609375,92660000.0,44.0,326269.0,0.955,0.0,False
2015-09-15,1978.0899658203125,3239860000.0,16599.849609375,93050000.0,44.59000015258789,335953.0,0.95,0.0,False
2015-09-16,1995.31005859375,3630680000.0,16739.94921875,99620000.0,47.150001525878906,421981.0,0.93634,0.0,False
2015-09-17,1990.199951171875,4183790000.0,16674.740234375,129600000.0,46.900001525878906,366390.0,0.875,0.0,False
2015-09-18,1958.030029296875,6021240000.0,16384.580078125,341690000.0,44.68000030517578,211301.0,0.85226,0.0,False
2015-09-19,1958.030029296875,6021240000.0,16384.580078125,341690000.0,44.68000030517578,211301.0,0.89,0.0,False
2015-09-20,1958.030029296875,6021240000.0,16384.580078125,341690000.0,44.68000030517578,211301.0,0.94116,0.0,False
2015-09-21,1966.969970703125,3269350000.0,16510.189453125,90730000.0,46.68000030517578,104528.0,0.94116,0.0,False
2015-09-22,1942.739990234375,3808260000.0,16330.4697265625,119010000.0,45.83000183105469,345875.0,0.80588,0.0,False
2015-09-23,1938.760009765625,3190530000.0,16279.8896484375,86030000.0,44.47999954223633,411957.0,0.91,0.0,False
2015-09-24,1932.239990234375,4091530000.0,16201.3203125,122220000.0,44.90999984741211,371976.0,0.8,0.0,False
2015-09-25,1931.3399658203125,3721870000.0,16314.669921875,130790000.0,45.70000076293945,338622.0,0.68233,0.0,False
2015-09-26,1931.3399658203125,3721870000.0,16314.669921875,130790000.0,45.70000076293945,338622.0,0.77032,0.0,False
2015-09-27,1931.3399658203125,3721870000.0,16314.669921875,130790000.0,45.70000076293945,338622.0,0.70077,0.0,False
2015-09-28,1881.77001953125,4326660000.0,16001.8896484375,139930000.0,44.43000030517578,273906.0,0.6,0.0,False
2015-09-29,1884.0899658203125,4132390000.0,16049.1298828125,121160000.0,45.22999954223633,265176.0,0.68163,0.0,False
2015-09-30,1920.030029296875,4525070000.0,16284.7001953125,145740000.0,45.09000015258789,355853.0,0.71365,0.0,False
2015-10-01,1923.8199462890625,3983600000.0,16272.009765625,111420000.0,44.7400016784668,478979.0,0.65479,0.0,False
2015-10-02,1951.3599853515625,4378570000.0,16472.369140625,136870000.0,45.540000915527344,420740.0,0.66467,0.0,False
2015-10-03,1951.3599853515625,4378570000.0,16472.369140625,136870000.0,45.540000915527344,420740.0,0.6796,0.0,False
2015-10-04,1951.3599853515625,4378570000.0,16472.369140625,136870000.0,45.540000915527344,420740.0,0.60954,0.0,False
2015-10-05,1987.050048828125,4334490000.0,16776.4296875,127660000.0,46.2599983215332,323061.0,0.60777,0.0,False
2015-10-06,1979.9200439453125,4202400000.0,16790.189453125,120010000.0,48.529998779296875,453101.0,0.65114,0.0,False
2015-10-07,1995.8299560546875,4666470000.0,16912.2890625,115690000.0,47.810001373291016,547488.0,0.6,0.0,False
2015-10-08,2013.4300537109375,3939140000.0,17050.75,100730000.0,49.43000030517578,509760.0,0.62,0.0,False
2015-10-09,2014.8900146484375,3706900000.0,17084.490234375,103730000.0,49.630001068115234,508680.0,0.6352,0.0,False
2015-10-10,2014.8900146484375,3706900000.0,17084.490234375,103730000.0,49.630001068115234,508680.0,0.6352,0.0,False
2015-10-11,2014.8900146484375,3706900000.0,17084.490234375,103730000.0,49.630001068115234,508680.0,0.59934,0.0,False
2015-10-12,2017.4599609375,2893250000.0,17131.859375,72500000.0,47.099998474121094,408663.0,0.63,0.0,False
2015-10-13,2003.68994140625,3401920000.0,17081.890625,99400000.0,46.65999984741211,465388.0,0.60166,0.0,False
2015-10-14,1994.239990234375,3644590000.0,16924.75,120110000.0,46.63999938964844,348241.0,0.48324,0.0,False
2015-10-15,2023.8599853515625,3746290000.0,17141.75,122960000.0,46.380001068115234,370940.0,0.56,0.0,False
2015-10-16,2033.1099853515625,3595430000.0,17215.970703125,145880000.0,47.2599983215332,198127.0,0.525,0.0,False
2015-10-17,2033.1099853515625,3595430000.0,17215.970703125,145880000.0,47.2599983215332,198127.0,0.52299,0.0,False
2015-10-18,2033.1099853515625,3595430000.0,17215.970703125,145880000.0,47.2599983215332,198127.0,0.505,0.0,False
2015-10-19,2033.6600341796875,3287320000.0,17230.5390625,118430000.0,45.88999938964844,125840.0,0.5,0.0,False
2015-10-20,2030.77001953125,3331500000.0,17217.109375,106670000.0,45.54999923706055,361314.0,0.44,0.0,False
2015-10-21,2018.93994140625,3627790000.0,17168.609375,107100000.0,45.20000076293945,384288.0,0.41999,0.0,False
2015-10-22,2052.510009765625,4430850000.0,17489.16015625,152420000.0,45.380001068115234,322742.0,0.609,0.0,False
2015-10-23,2075.14990234375,4108460000.0,17646.69921875,158090000.0,44.599998474121094,406577.0,0.56491,0.0,False
2015-10-24,2075.14990234375,4108460000.0,17646.69921875,158090000.0,44.599998474121094,406577.0,0.55607,0.0,False
2015-10-25,2075.14990234375,4108460000.0,17646.69921875,158090000.0,44.599998474121094,406577.0,0.62,0.0,False
2015-10-26,2071.179931640625,3385800000.0,17623.05078125,116660000.0,43.97999954223633,302084.0,0.70604,0.0,False
2015-10-27,2065.889892578125,4216880000.0,17581.4296875,113960000.0,43.20000076293945,370825.0,0.83,0.0,False
2015-10-28,2090.35009765625,4698110000.0,17779.51953125,115630000.0,45.939998626708984,521518.0,0.99,0.0,False
2015-10-29,2089.409912109375,4008940000.0,17755.80078125,90300000.0,46.060001373291016,436513.0,1.12287,0.0,False
2015-10-30,2079.360107421875,4256200000.0,17663.5390625,149250000.0,46.59000015258789,363307.0,1.1385,0.0,False
2015-10-31,2079.360107421875,4256200000.0,17663.5390625,149250000.0,46.59000015258789,363307.0,0.86764,0.0,False
2015-11-01,2079.360107421875,4256200000.0,17663.5390625,149250000.0,46.59000015258789,363307.0,0.99,0.0,False
2015-11-02,2104.050048828125,3760020000.0,17828.759765625,100840000.0,46.13999938964844,305518.0,0.9878,0.0,False
2015-11-03,2109.7900390625,4272060000.0,17918.150390625,92290000.0,47.900001525878906,434574.0,1.06,0.0,False
2015-11-04,2102.31005859375,4078870000.0,17867.580078125,99890000.0,46.31999969482422,459307.0,0.799,0.0,False
2015-11-05,2099.929931640625,4051890000.0,17863.4296875,98910000.0,45.20000076293945,437646.0,0.87638,0.0,False
2015-11-06,2099.199951171875,4369020000.0,17910.330078125,107450000.0,44.290000915527344,448133.0,0.98987,0.0,False
2015-11-07,2099.199951171875,4369020000.0,17910.330078125,107450000.0,44.290000915527344,448133.0,0.93,0.0,False
2015-11-08,2099.199951171875,4369020000.0,17910.330078125,107450000.0,44.290000915527344,448133.0,1.0,0.0,False
2015-11-09,2078.580078125,3882350000.0,17730.48046875,121210000.0,43.869998931884766,487992.0,0.998,0.0,False
2015-11-10,2081.719970703125,3821440000.0,17758.2109375,108640000.0,44.209999084472656,445973.0,0.9,0.0,False
2015-11-11,2075.0,3692410000.0,17702.220703125,95230000.0,42.93000030517578,502371.0,0.75,0.0,False
2015-11-12,2045.969970703125,4016370000.0,17448.0703125,113660000.0,41.75,545351.0,0.88,0.0,False
2015-11-13,2023.0400390625,4278750000.0,17245.240234375,134640000.0,40.7400016784668,480893.0,0.9,0.0,False
2015-11-14,2023.0400390625,4278750000.0,17245.240234375,134640000.0,40.7400016784668,480893.0,0.88,0.0,False
2015-11-15,2023.0400390625,4278750000.0,17245.240234375,134640000.0,40.7400016784668,480893.0,0.91926,0.0,False
2015-11-16,2053.18994140625,3741240000.0,17483.009765625,137590000.0,41.7400016784668,535179.0,0.925,0.0,False
2015-11-17,2050.43994140625,4427350000.0,17489.5,167190000.0,40.66999816894531,363714.0,1.0,0.0,False
2015-11-18,2083.580078125,3926390000.0,17737.16015625,106810000.0,40.75,251518.0,0.99727,0.0,False
2015-11-19,2081.239990234375,3628110000.0,17732.75,114630000.0,40.540000915527344,131356.0,0.94,0.0,False
2015-11-20,2089.169921875,3929600000.0,17823.810546875,153140000.0,40.38999938964844,432642.0,0.92,0.0,False
2015-11-21,2089.169921875,3929600000.0,17823.810546875,153140000.0,40.38999938964844,432642.0,0.96,0.0,False
2015-11-22,2089.169921875,3929600000.0,17823.810546875,153140000.0,40.38999938964844,432642.0,0.97,0.0,False
2015-11-23,2086.590087890625,3587980000.0,17792.6796875,134680000.0,41.75,516190.0,0.92,0.0,False
2015-11-24,2089.139892578125,3884930000.0,17812.189453125,127170000.0,42.869998931884766,430304.0,0.91002,0.0,False
2015-11-25,2088.8701171875,2852940000.0,17813.390625,82540000.0,43.040000915527344,383158.0,0.87,0.0,False
2015-11-26,2088.8701171875,2852940000.0,17813.390625,82540000.0,43.040000915527344,383158.0,0.86,0.0,False
2015-11-27,2090.110107421875,1466840000.0,17813.390625,82540000.0,41.709999084472656,316475.0,0.88,0.0,False
2015-11-28,2090.110107421875,1466840000.0,17813.390625,82540000.0,41.709999084472656,316475.0,0.91,0.0,False
2015-11-29,2090.110107421875,1466840000.0,17813.390625,82540000.0,41.709999084472656,316475.0,0.87,0.0,False
2015-11-30,2080.409912109375,4275030000.0,17719.919921875,155560000.0,41.650001525878906,369509.0,0.88,0.0,False
2015-12-01,2102.6298828125,3712120000.0,17888.349609375,103880000.0,41.849998474121094,415537.0,0.87,0.0,False
2015-12-02,2079.510009765625,3950640000.0,17729.6796875,102860000.0,39.939998626708984,545289.0,0.82,0.0,False
2015-12-03,2049.6201171875,4306490000.0,17477.669921875,126990000.0,41.08000183105469,496884.0,0.83,0.0,False
2015-12-04,2091.68994140625,4214910000.0,17847.630859375,137650000.0,39.970001220703125,510758.0,0.84,0.0,False
2015-12-05,2091.68994140625,4214910000.0,17847.630859375,137650000.0,39.970001220703125,510758.0,0.86993,0.0,False
2015-12-06,2091.68994140625,4214910000.0,17847.630859375,137650000.0,39.970001220703125,510758.0,0.82499,0.0,False
2015-12-07,2077.070068359375,4043820000.0,17730.509765625,99670000.0,37.650001525878906,635413.0,0.79,0.0,False
2015-12-08,2063.590087890625,4173570000.0,17568.0,113720000.0,37.5099983215332,767184.0,0.79461,0.0,False
2015-12-09,2047.6199951171875,4385250000.0,17492.30078125,122020000.0,37.15999984741211,646166.0,0.80511,0.0,False
2015-12-10,2052.22998046875,3715150000.0,17574.75,107310000.0,36.7599983215332,513940.0,0.84374,0.0,False
2015-12-11,2012.3699951171875,4301060000.0,17265.2109375,134510000.0,35.619998931884766,505406.0,0.8998,0.0,False
2015-12-12,2012.3699951171875,4301060000.0,17265.2109375,134510000.0,35.619998931884766,505406.0,0.96,0.0,False
2015-12-13,2012.3699951171875,4301060000.0,17265.2109375,134510000.0,35.619998931884766,505406.0,0.91993,0.0,False
2015-12-14,2021.93994140625,4612440000.0,17368.5,142540000.0,36.310001373291016,550476.0,0.99,0.0,False
2015-12-15,2043.4100341796875,4353540000.0,17524.91015625,123430000.0,37.349998474121094,474159.0,1.0,0.0,False
2015-12-16,2073.070068359375,4635450000.0,17749.08984375,123790000.0,35.52000045776367,402967.0,0.803,0.0,False
2015-12-17,2041.8900146484375,4327390000.0,17495.83984375,115780000.0,34.95000076293945,196227.0,0.94,0.0,False
2015-12-18,2005.550048828125,6683070000.0,17128.55078125,344560000.0,34.72999954223633,116038.0,0.9,0.0,False
2015-12-19,2005.550048828125,6683070000.0,17128.55078125,344560000.0,34.72999954223633,116038.0,0.89348,0.0,False
2015-12-20,2005.550048828125,6683070000.0,17128.55078125,344560000.0,34.72999954223633,116038.0,1.065,0.0,False
2015-12-21,2021.1500244140625,3760280000.0,17251.619140625,114910000.0,34.7400016784668,298080.0,0.91,0.0,False
2015-12-22,2038.969970703125,3520860000.0,17417.26953125,91570000.0,36.13999938964844,302263.0,0.88,0.0,False
2015-12-23,2064.2900390625,3484090000.0,17602.609375,92820000.0,37.5,374658.0,0.87093,0.0,False
2015-12-24,2060.989990234375,1411860000.0,17552.169921875,40350000.0,38.099998474121094,205873.0,0.87,0.0,False
2015-12-25,2060.989990234375,1411860000.0,17552.169921875,40350000.0,38.099998474121094,205873.0,0.88,0.0,False
2015-12-26,2060.989990234375,1411860000.0,17552.169921875,40350000.0,38.099998474121094,205873.0,0.853,0.0,False
2015-12-27,2060.989990234375,1411860000.0,17552.169921875,40350000.0,38.099998474121094,205873.0,0.91799,0.0,False
2015-12-28,2056.5,2492510000.0,17528.26953125,59770000.0,36.810001373291016,220644.0,0.87489,0.0,False
2015-12-29,2078.360107421875,2542000000.0,17720.98046875,69860000.0,37.869998931884766,241945.0,0.86,0.0,False
2015-12-30,2063.360107421875,2367430000.0,17603.869140625,59760000.0,36.599998474121094,267912.0,0.89254,0.0,False
2015-12-31,2043.93994140625,2655330000.0,17425.029296875,93690000.0,37.040000915527344,283623.0,0.94885,0.0,False
2016-01-01,2043.93994140625,2655330000.0,17425.029296875,93690000.0,37.040000915527344,283623.0,0.92037,0.0,False
2016-01-02,2043.93994140625,2655330000.0,17425.029296875,93690000.0,37.040000915527344,283623.0,0.95466,0.0,False
2016-01-03,2043.93994140625,2655330000.0,17425.029296875,93690000.0,37.040000915527344,283623.0,0.96,0.0,False
2016-01-04,2012.6600341796875,4304880000.0,17148.939453125,148060000.0,36.7599983215332,431985.0,0.95,0.0,False
2016-01-05,2016.7099609375,3706620000.0,17158.66015625,105750000.0,35.970001220703125,410131.0,0.9426,0.0,False
2016-01-06,1990.260009765625,4336660000.0,16906.509765625,120250000.0,33.970001220703125,563811.0,0.95,0.0,False
2016-01-07,1943.0899658203125,5076590000.0,16514.099609375,176240000.0,33.27000045776367,617409.0,0.94,0.0,False
2016-01-08,1922.030029296875,4664940000.0,16346.4501953125,141850000.0,33.15999984741211,596496.0,0.985,0.0,False
2016-01-09,1922.030029296875,4664940000.0,16346.4501953125,141850000.0,33.15999984741211,596496.0,0.985,0.0,False
2016-01-10,1922.030029296875,4664940000.0,16346.4501953125,141850000.0,33.15999984741211,596496.0,1.0,0.0,False
2016-01-11,1923.6700439453125,4607290000.0,16398.5703125,127790000.0,31.40999984741211,648640.0,1.07,0.0,False
2016-01-12,1938.6800537109375,4887260000.0,16516.220703125,117480000.0,30.440000534057617,627218.0,1.2249,0.0,False
2016-01-13,1890.280029296875,5087030000.0,16151.41015625,153530000.0,30.479999542236328,637903.0,1.13743,0.0,False
2016-01-14,1921.8399658203125,5241110000.0,16379.0498046875,158830000.0,31.200000762939453,537906.0,1.17,0.0,False
2016-01-15,1880.3299560546875,5468460000.0,15988.080078125,239210000.0,29.420000076293945,329094.0,1.29891,0.0,False
2016-01-16,1880.3299560546875,5468460000.0,15988.080078125,239210000.0,29.420000076293945,329094.0,1.21179,0.0,False
2016-01-17,1880.3299560546875,5468460000.0,15988.080078125,239210000.0,29.420000076293945,329094.0,1.32,0.0,False
2016-01-18,1880.3299560546875,5468460000.0,15988.080078125,239210000.0,29.420000076293945,329094.0,1.46625,0.0,False
2016-01-19,1881.3299560546875,4928350000.0,16016.01953125,144360000.0,28.459999084472656,188026.0,1.35506,0.0,False
2016-01-20,1859.3299560546875,6416070000.0,15766.740234375,191870000.0,26.549999237060547,690039.0,1.40261,0.0,False
2016-01-21,1868.989990234375,5078810000.0,15882.6796875,145140000.0,29.530000686645508,694040.0,1.49593,0.0,False
2016-01-22,1906.9000244140625,4901760000.0,16093.509765625,145850000.0,32.189998626708984,636573.0,1.51999,0.0,False
2016-01-23,1906.9000244140625,4901760000.0,16093.509765625,145850000.0,32.189998626708984,636573.0,2.0,0.0,False
2016-01-24,1906.9000244140625,4901760000.0,16093.509765625,145850000.0,32.189998626708984,636573.0,2.1,0.0,False
2016-01-25,1877.0799560546875,4401380000.0,15885.2197265625,123250000.0,30.34000015258789,606892.0,2.59554,0.0,False
2016-01-26,1903.6300048828125,4357940000.0,16167.23046875,118210000.0,31.450000762939453,642432.0,2.30001,0.0,False
2016-01-27,1882.949951171875,4754040000.0,15944.4599609375,138350000.0,32.29999923706055,738551.0,2.4,0.0,False
2016-01-28,1893.3599853515625,4693010000.0,16069.6396484375,130120000.0,33.220001220703125,833378.0,2.54645,0.0,False
2016-01-29,1940.239990234375,5497570000.0,16466.30078125,217940000.0,33.619998931884766,618110.0,2.49874,0.0,False
2016-01-30,1940.239990234375,5497570000.0,16466.30078125,217940000.0,33.619998931884766,618110.0,2.44067,0.0,False
2016-01-31,1940.239990234375,5497570000.0,16466.30078125,217940000.0,33.619998931884766,618110.0,2.2004,0.0,False
2016-02-01,1939.3800048828125,4322530000.0,16449.1796875,114450000.0,31.6200008392334,595612.0,2.16537,0.0,False
2016-02-02,1903.030029296875,4463190000.0,16153.5400390625,126210000.0,29.8799991607666,602564.0,2.44653,0.0,False
2016-02-03,1912.530029296875,5172950000.0,16336.66015625,141870000.0,32.279998779296875,811699.0,2.53,0.0,False
2016-02-04,1915.449951171875,5193320000.0,16416.580078125,131490000.0,31.719999313354492,696721.0,2.55007,0.0,False
2016-02-05,1880.050048828125,4929940000.0,16204.9697265625,139010000.0,30.889999389648438,616531.0,2.56453,0.0,False
2016-02-06,1880.050048828125,4929940000.0,16204.9697265625,139010000.0,30.889999389648438,616531.0,2.54903,0.0,False
2016-02-07,1880.050048828125,4929940000.0,16204.9697265625,139010000.0,30.889999389648438,616531.0,2.89791,0.0,False
2016-02-08,1853.43994140625,5636460000.0,16027.0498046875,165880000.0,29.690000534057617,603646.0,3.18998,0.0,False
2016-02-09,1852.2099609375,5183220000.0,16014.3798828125,127740000.0,27.940000534057617,738219.0,4.0,0.0,False
2016-02-10,1851.8599853515625,4471170000.0,15914.740234375,122290000.0,27.450000762939453,781280.0,4.35016,0.0,False
2016-02-11,1829.0799560546875,5500800000.0,15660.1796875,172070000.0,26.209999084472656,795965.0,5.99986,0.0,False
2016-02-12,1864.780029296875,4696920000.0,15973.83984375,132550000.0,29.440000534057617,675157.0,5.4999,0.0,False
2016-02-13,1864.780029296875,4696920000.0,15973.83984375,132550000.0,29.440000534057617,675157.0,5.33018,0.0,False
2016-02-14,1864.780029296875,4696920000.0,15973.83984375,132550000.0,29.440000534057617,675157.0,5.2,0.0,False
2016-02-15,1864.780029296875,4696920000.0,15973.83984375,132550000.0,29.440000534057617,675157.0,5.15216,0.0,False
2016-02-16,1895.5799560546875,4570670000.0,16196.41015625,142030000.0,29.040000915527344,651956.0,4.25011,0.0,False
2016-02-17,1926.8199462890625,5011540000.0,16453.830078125,124080000.0,30.65999984741211,578639.0,3.79448,0.0,False
2016-02-18,1917.8299560546875,4436490000.0,16413.4296875,104950000.0,30.770000457763672,225497.0,4.49,0.0,False
2016-02-19,1917.780029296875,4142850000.0,16391.990234375,134340000.0,29.639999389648438,103202.0,4.72,0.0,False
2016-02-20,1917.780029296875,4142850000.0,16391.990234375,134340000.0,29.639999389648438,103202.0,4.37354,0.0,False
2016-02-21,1917.780029296875,4142850000.0,16391.990234375,134340000.0,29.639999389648438,103202.0,4.63,0.0,False
2016-02-22,1945.5,4054710000.0,16620.66015625,102240000.0,31.479999542236328,521016.0,5.6,0.0,False
2016-02-23,1921.27001953125,3890650000.0,16431.779296875,98170000.0,31.8700008392334,539379.0,5.55,0.0,False
2016-02-24,1929.800048828125,4317250000.0,16484.990234375,93620000.0,32.150001525878906,652245.0,6.23427,0.0,False
2016-02-25,1951.699951171875,4118210000.0,16697.2890625,94120000.0,33.06999969482422,611874.0,6.09999,0.0,False
2016-02-26,1948.050048828125,4348510000.0,16639.970703125,98480000.0,32.779998779296875,646294.0,5.87016,0.0,False
2016-02-27,1948.050048828125,4348510000.0,16639.970703125,98480000.0,32.779998779296875,646294.0,6.31101,0.0,False
2016-02-28,1948.050048828125,4348510000.0,16639.970703125,98480000.0,32.779998779296875,646294.0,6.49862,0.0,False
2016-02-29,1932.22998046875,4588180000.0,16516.5,126220000.0,33.75,512468.0,6.34758,0.0,False
2016-03-01,1978.3499755859375,4819750000.0,16865.080078125,105050000.0,34.400001525878906,566226.0,7.55,0.0,False
2016-03-02,1986.449951171875,4666610000.0,16899.3203125,104470000.0,34.65999984741211,597834.0,8.41,0.0,False
2016-03-03,1993.4000244140625,5081700000.0,16943.900390625,91110000.0,34.56999969482422,512962.0,9.05,0.0,False
2016-03-04,1999.989990234375,6049930000.0,17006.76953125,106910000.0,35.91999816894531,578290.0,10.03,0.0,False
2016-03-05,1999.989990234375,6049930000.0,17006.76953125,106910000.0,35.91999816894531,578290.0,10.88907,0.0,False
2016-03-06,1999.989990234375,6049930000.0,17006.76953125,106910000.0,35.91999816894531,578290.0,11.18745,0.0,False
2016-03-07,2001.760009765625,4968180000.0,17073.94921875,100290000.0,37.900001525878906,709870.0,9.48871,0.0,False
2016-03-08,1979.260009765625,4641650000.0,16964.099609375,108380000.0,36.5,706933.0,9.76,0.0,False
2016-03-09,1989.260009765625,4038120000.0,17000.359375,116690000.0,38.290000915527344,740632.0,11.55,0.0,False
2016-03-10,1989.5699462890625,4376790000.0,16995.130859375,117570000.0,37.84000015258789,701435.0,11.19,0.0,False
2016-03-11,2022.18994140625,4078620000.0,17213.310546875,123420000.0,38.5,564791.0,11.05,0.0,False
2016-03-12,2022.18994140625,4078620000.0,17213.310546875,123420000.0,38.5,564791.0,13.45,0.0,False
2016-03-13,2022.18994140625,4078620000.0,17213.310546875,123420000.0,38.5,564791.0,14.39791,0.0,False
2016-03-14,2019.6400146484375,3487850000.0,17229.130859375,96350000.0,37.18000030517578,489938.0,12.59969,0.0,False
2016-03-15,2015.9300537109375,3560280000.0,17251.529296875,92830000.0,36.34000015258789,446100.0,13.15,0.0,False
2016-03-16,2027.219970703125,4057020000.0,17325.759765625,118710000.0,38.459999084472656,494174.0,12.54,0.0,False
2016-03-17,2040.5899658203125,4530480000.0,17481.490234375,117990000.0,40.20000076293945,298013.0,10.94,0.0,False
2016-03-18,2049.580078125,6503140000.0,17602.30078125,321230000.0,39.439998626708984,130151.0,10.98,0.0,False
2016-03-19,2049.580078125,6503140000.0,17602.30078125,321230000.0,39.439998626708984,130151.0,10.54672,0.0,False
2016-03-20,2049.580078125,6503140000.0,17602.30078125,321230000.0,39.439998626708984,130151.0,10.3428,0.0,False
2016-03-21,2051.60009765625,3376600000.0,17623.869140625,84410000.0,39.90999984741211,479337.0,11.89489,0.0,False
2016-03-22,2049.800048828125,3418460000.0,17582.5703125,95450000.0,41.45000076293945,463693.0,11.44996,0.0,False
2016-03-23,2036.7099609375,3639510000.0,17502.58984375,84240000.0,39.790000915527344,492003.0,12.42,0.0,False
2016-03-24,2035.93994140625,3407720000.0,17515.73046875,84100000.0,39.459999084472656,495168.0,11.1306,0.0,False
2016-03-25,2035.93994140625,3407720000.0,17515.73046875,84100000.0,39.459999084472656,495168.0,10.6115,0.0,False
2016-03-26,2035.93994140625,3407720000.0,17515.73046875,84100000.0,39.459999084472656,495168.0,10.9909,0.0,False
2016-03-27,2035.93994140625,3407720000.0,17515.73046875,84100000.0,39.459999084472656,495168.0,10.4348,0.0,False
2016-03-28,2037.050048828125,2809090000.0,17535.390625,70460000.0,39.38999938964844,299775.0,11.5621,0.0,False
2016-03-29,2055.010009765625,3822330000.0,17633.109375,86160000.0,38.279998779296875,488032.0,11.62002,0.0,False
2016-03-30,2063.949951171875,3590310000.0,17716.66015625,79330000.0,38.31999969482422,542469.0,11.85,0.0,False
2016-03-31,2059.739990234375,3715280000.0,17685.08984375,102600000.0,38.34000015258789,532152.0,11.37,0.0,False
2016-04-01,2072.780029296875,3749990000.0,17792.75,104890000.0,36.790000915527344,547190.0,11.6343,0.0,False
2016-04-02,2072.780029296875,3749990000.0,17792.75,104890000.0,36.790000915527344,547190.0,11.5757,0.0,False
2016-04-03,2072.780029296875,3749990000.0,17792.75,104890000.0,36.790000915527344,547190.0,11.61449,0.0,False
2016-04-04,2066.1298828125,3485710000.0,17737.0,85230000.0,35.70000076293945,549477.0,11.15,0.0,False
2016-04-05,2045.1700439453125,4154920000.0,17603.3203125,115230000.0,35.88999938964844,485543.0,10.45824,0.0,False
2016-04-06,2066.659912109375,3750800000.0,17716.05078125,99410000.0,37.75,751048.0,10.7,0.0,False
2016-04-07,2041.9100341796875,3801250000.0,17541.9609375,90120000.0,37.2599983215332,626749.0,10.0687,0.0,False
2016-04-08,2047.5999755859375,3359530000.0,17576.9609375,79990000.0,39.720001220703125,817230.0,9.6863,0.0,False
2016-04-09,2047.5999755859375,3359530000.0,17576.9609375,79990000.0,39.720001220703125,817230.0,9.01031,0.0,False
2016-04-10,2047.5999755859375,3359530000.0,17576.9609375,79990000.0,39.720001220703125,817230.0,8.95092,0.0,False
2016-04-11,2041.989990234375,3567840000.0,17556.41015625,107100000.0,40.36000061035156,679351.0,8.6926,0.0,False
2016-04-12,2061.719970703125,4239740000.0,17721.25,81020000.0,42.16999816894531,796837.0,7.4785,0.0,False
2016-04-13,2082.419921875,4191830000.0,17908.279296875,91710000.0,41.7599983215332,730437.0,8.0,0.0,False
2016-04-14,2082.780029296875,3765870000.0,17926.4296875,84510000.0,41.5,488614.0,8.4578,0.0,False
2016-04-15,2080.72998046875,3701450000.0,17897.4609375,118160000.0,40.36000061035156,520146.0,8.1949,0.0,False
2016-04-16,2080.72998046875,3701450000.0,17897.4609375,118160000.0,40.36000061035156,520146.0,8.57,0.0,False
2016-04-17,2080.72998046875,3701450000.0,17897.4609375,118160000.0,40.36000061035156,520146.0,9.3205,0.0,False
2016-04-18,2094.340087890625,3316880000.0,18004.16015625,89390000.0,39.779998779296875,342463.0,9.0,0.0,False
2016-04-19,2100.800048828125,3896830000.0,18053.599609375,89820000.0,41.08000183105469,101734.0,8.6876,0.0,False
2016-04-20,2102.39990234375,4184880000.0,18096.26953125,100210000.0,42.630001068115234,796240.0,8.4701,0.0,False
2016-04-21,2091.47998046875,4175290000.0,17982.51953125,102720000.0,43.18000030517578,671103.0,8.12879,0.0,False
2016-04-22,2091.580078125,3790580000.0,18003.75,134120000.0,43.72999954223633,575107.0,7.84002,0.0,False
2016-04-23,2091.580078125,3790580000.0,18003.75,134120000.0,43.72999954223633,575107.0,8.31517,0.0,False
2016-04-24,2091.580078125,3790580000.0,18003.75,134120000.0,43.72999954223633,575107.0,7.95,0.0,False
2016-04-25,2087.7900390625,3319740000.0,17977.240234375,83770000.0,42.63999938964844,606383.0,7.56491,0.0,False
2016-04-26,2091.699951171875,3557190000.0,17990.3203125,92570000.0,44.040000915527344,564392.0,7.43,0.0,False
2016-04-27,2095.14990234375,4100110000.0,18041.55078125,109090000.0,45.33000183105469,648028.0,7.76876,0.0,False
2016-04-28,2075.81005859375,4309840000.0,17830.759765625,100920000.0,46.029998779296875,487412.0,7.2218,0.0,False
2016-04-29,2065.300048828125,4704720000.0,17773.640625,136670000.0,45.91999816894531,598439.0,7.49446,0.0,False
2016-04-30,2065.300048828125,4704720000.0,17773.640625,136670000.0,45.91999816894531,598439.0,8.85,0.0,False
2016-05-01,2065.300048828125,4704720000.0,17773.640625,136670000.0,45.91999816894531,598439.0,8.79,0.0,False
2016-05-02,2081.429931640625,3841110000.0,17891.16015625,80100000.0,44.779998779296875,464027.0,10.14775,0.0,False
2016-05-03,2063.3701171875,4173390000.0,17750.91015625,97060000.0,43.650001525878906,625551.0,9.38359,0.0,False
2016-05-04,2051.1201171875,4058560000.0,17651.259765625,95020000.0,43.779998779296875,711125.0,9.46589,0.0,False
2016-05-05,2050.6298828125,4008530000.0,17660.7109375,81530000.0,44.31999969482422,746159.0,9.8,0.0,False
2016-05-06,2057.139892578125,3796350000.0,17740.630859375,80020000.0,44.65999984741211,695306.0,9.3088,0.0,False
2016-05-07,2057.139892578125,3796350000.0,17740.630859375,80020000.0,44.65999984741211,695306.0,9.3199,0.0,False
2016-05-08,2057.139892578125,3796350000.0,17740.630859375,80020000.0,44.65999984741211,695306.0,9.535,0.0,False
2016-05-09,2058.68994140625,3788620000.0,17705.91015625,85590000.0,43.439998626708984,767568.0,9.351,0.0,False
2016-05-10,2084.389892578125,3600200000.0,17928.349609375,75790000.0,44.65999984741211,709415.0,9.41,0.0,False
2016-05-11,2064.4599609375,3821980000.0,17711.119140625,87390000.0,46.22999954223633,869957.0,9.98,0.0,False
2016-05-12,2064.110107421875,3782390000.0,17720.5,88560000.0,46.70000076293945,715102.0,10.13,0.0,False
2016-05-13,2046.6099853515625,3579880000.0,17535.3203125,86640000.0,46.209999084472656,519363.0,10.6465,0.0,False
2016-05-14,2046.6099853515625,3579880000.0,17535.3203125,86640000.0,46.209999084472656,519363.0,10.12592,0.0,False
2016-05-15,2046.6099853515625,3579880000.0,17535.3203125,86640000.0,46.209999084472656,519363.0,9.93,0.0,False
2016-05-16,2066.659912109375,3501360000.0,17710.7109375,88440000.0,47.720001220703125,550863.0,11.13,0.0,False
2016-05-17,2047.2099609375,4108960000.0,17529.98046875,103260000.0,48.310001373291016,470440.0,12.14288,0.0,False
2016-05-18,2047.6300048828125,4101320000.0,17526.619140625,79120000.0,48.189998626708984,343184.0,13.499,0.0,False
2016-05-19,2040.0400390625,3846770000.0,17435.400390625,95530000.0,48.15999984741211,108816.0,14.45,0.0,False
2016-05-20,2052.320068359375,3507650000.0,17500.939453125,111990000.0,47.75,538047.0,13.5,0.0,False
2016-05-21,2052.320068359375,3507650000.0,17500.939453125,111990000.0,47.75,538047.0,13.81876,0.0,False
2016-05-22,2052.320068359375,3507650000.0,17500.939453125,111990000.0,47.75,538047.0,14.2,0.0,False
2016-05-23,2048.0400390625,3055480000.0,17492.9296875,87790000.0,48.08000183105469,475453.0,13.35,0.0,False
2016-05-24,2076.06005859375,3627340000.0,17706.05078125,86480000.0,48.619998931884766,475965.0,12.7,0.0,False
2016-05-25,2090.5400390625,3859160000.0,17851.509765625,79180000.0,49.560001373291016,550501.0,12.5,0.0,False
2016-05-26,2090.10009765625,3230990000.0,17828.2890625,68940000.0,49.47999954223633,488465.0,12.301,0.0,False
2016-05-27,2099.06005859375,3079150000.0,17873.220703125,73190000.0,49.33000183105469,406386.0,11.29649,0.0,False
2016-05-28,2099.06005859375,3079150000.0,17873.220703125,73190000.0,49.33000183105469,406386.0,11.56001,0.0,False
2016-05-29,2099.06005859375,3079150000.0,17873.220703125,73190000.0,49.33000183105469,406386.0,12.07017,0.0,False
2016-05-30,2099.06005859375,3079150000.0,17873.220703125,73190000.0,49.33000183105469,406386.0,12.63097,0.0,False
2016-05-31,2096.949951171875,4514410000.0,17787.19921875,147390000.0,49.099998474121094,476988.0,14.06591,0.0,False
2016-06-01,2099.330078125,3525170000.0,17789.669921875,78530000.0,49.0099983215332,568839.0,13.9625,0.0,False
2016-06-02,2105.260009765625,3632720000.0,17838.560546875,75560000.0,49.16999816894531,564846.0,13.72,0.0,False
2016-06-03,2099.1298828125,3627780000.0,17807.060546875,82270000.0,48.619998931884766,481034.0,13.82,0.0,False
2016-06-04,2099.1298828125,3627780000.0,17807.060546875,82270000.0,48.619998931884766,481034.0,13.65,0.0,False
2016-06-05,2099.1298828125,3627780000.0,17807.060546875,82270000.0,48.619998931884766,481034.0,13.95997,0.0,False
2016-06-06,2109.409912109375,3442020000.0,17920.330078125,71870000.0,49.689998626708984,450472.0,13.94782,0.0,False
2016-06-07,2112.1298828125,3534730000.0,17938.279296875,78750000.0,50.36000061035156,542254.0,14.509,0.0,False
2016-06-08,2119.1201171875,3562060000.0,18005.05078125,71260000.0,51.22999954223633,656416.0,14.3879,0.0,False
2016-06-09,2115.47998046875,3290320000.0,17985.189453125,69690000.0,50.560001373291016,560723.0,14.45,0.0,False
2016-06-10,2096.070068359375,3515010000.0,17865.33984375,90540000.0,49.06999969482422,596119.0,13.96857,0.0,False
2016-06-11,2096.070068359375,3515010000.0,17865.33984375,90540000.0,49.06999969482422,596119.0,14.18995,0.0,False
2016-06-12,2096.070068359375,3515010000.0,17865.33984375,90540000.0,49.06999969482422,596119.0,15.66,0.0,False
2016-06-13,2079.06005859375,3392030000.0,17732.48046875,101690000.0,48.880001068115234,506036.0,17.65865,0.0,False
2016-06-14,2075.320068359375,3759770000.0,17674.8203125,93740000.0,48.4900016784668,456144.0,18.86699,0.0,False
2016-06-15,2071.5,3544720000.0,17640.169921875,94130000.0,48.0099983215332,527870.0,18.45,0.0,False
2016-06-16,2077.989990234375,3628280000.0,17733.099609375,91950000.0,46.209999084472656,507910.0,20.48967,0.0,False
2016-06-17,2071.219970703125,4952630000.0,17675.16015625,248680000.0,47.97999954223633,226653.0,15.35,0.0,False
2016-06-18,2071.219970703125,4952630000.0,17675.16015625,248680000.0,47.97999954223633,226653.0,11.2,0.0,False
2016-06-19,2071.219970703125,4952630000.0,17675.16015625,248680000.0,47.97999954223633,226653.0,12.23579,0.0,False
2016-06-20,2083.25,3467440000.0,17804.869140625,99380000.0,49.369998931884766,98293.0,11.7606,0.0,False
2016-06-21,2088.89990234375,3232880000.0,17829.73046875,85130000.0,48.849998474121094,475407.0,13.21691,0.0,False
2016-06-22,2085.449951171875,3168160000.0,17780.830078125,89440000.0,49.130001068115234,569939.0,13.39,0.0,False
2016-06-23,2113.320068359375,3297940000.0,18011.0703125,98070000.0,50.11000061035156,401885.0,13.6405,0.0,False
2016-06-24,2037.4100341796875,7597450000.0,17400.75,239000000.0,47.63999938964844,649446.0,14.41,0.0,False
2016-06-25,2037.4100341796875,7597450000.0,17400.75,239000000.0,47.63999938964844,649446.0,14.44,0.0,False
2016-06-26,2037.4100341796875,7597450000.0,17400.75,239000000.0,47.63999938964844,649446.0,13.97,0.0,False
2016-06-27,2000.5400390625,5431220000.0,17140.240234375,138740000.0,46.33000183105469,504613.0,14.09,0.0,False
2016-06-28,2036.0899658203125,4385810000.0,17409.720703125,112190000.0,47.849998474121094,498851.0,12.122,0.0,False
2016-06-29,2070.77001953125,4241740000.0,17694.6796875,106380000.0,49.880001068115234,511476.0,12.64999,0.0,False
2016-06-30,2098.860107421875,4622820000.0,17929.990234375,133030000.0,48.33000183105469,508736.0,12.4545,0.0,False
2016-07-01,2102.949951171875,3458890000.0,17949.369140625,82160000.0,48.9900016784668,405187.0,12.17899,0.0,False
2016-07-02,2102.949951171875,3458890000.0,17949.369140625,82160000.0,48.9900016784668,405187.0,12.14377,0.0,False
2016-07-03,2102.949951171875,3458890000.0,17949.369140625,82160000.0,48.9900016784668,405187.0,11.74531,0.0,False
2016-07-04,2102.949951171875,3458890000.0,17949.369140625,82160000.0,48.9900016784668,405187.0,11.39999,0.0,False
2016-07-05,2088.550048828125,3658380000.0,17840.619140625,103650000.0,46.599998474121094,609194.0,10.54,0.0,False
2016-07-06,2099.72998046875,3909380000.0,17918.619140625,93000000.0,47.43000030517578,607663.0,10.45771,0.0,False
2016-07-07,2097.89990234375,3604550000.0,17895.880859375,81570000.0,45.13999938964844,710893.0,10.17,0.0,False
2016-07-08,2129.89990234375,3607500000.0,18146.740234375,93460000.0,45.40999984741211,583078.0,11.53202,0.0,False
2016-07-09,2129.89990234375,3607500000.0,18146.740234375,93460000.0,45.40999984741211,583078.0,10.98,0.0,False
2016-07-10,2129.89990234375,3607500000.0,18146.740234375,93460000.0,45.40999984741211,583078.0,11.06043,0.0,False
2016-07-11,2137.159912109375,3253340000.0,18226.9296875,80880000.0,44.7599983215332,533657.0,10.5,0.0,False
2016-07-12,2152.139892578125,4097820000.0,18347.669921875,90170000.0,46.79999923706055,658257.0,10.58,0.0,False
2016-07-13,2152.429931640625,3502320000.0,18372.119140625,80920000.0,44.75,686245.0,10.4205,0.0,False
2016-07-14,2163.75,3465610000.0,18506.41015625,87050000.0,45.68000030517578,573761.0,11.6,0.0,False
2016-07-15,2161.739990234375,3122600000.0,18516.55078125,123690000.0,45.95000076293945,430256.0,12.02993,0.0,False
2016-07-16,2161.739990234375,3122600000.0,18516.55078125,123690000.0,45.95000076293945,430256.0,11.7,0.0,False
2016-07-17,2161.739990234375,3122600000.0,18516.55078125,123690000.0,45.95000076293945,430256.0,11.24449,0.0,False
2016-07-18,2166.889892578125,3009310000.0,18533.05078125,75540000.0,45.2400016784668,211393.0,11.06934,0.0,False
2016-07-19,2163.780029296875,2968340000.0,18559.009765625,85840000.0,44.650001525878906,128127.0,11.719,0.0,False
2016-07-20,2173.02001953125,3211860000.0,18595.029296875,93230000.0,44.939998626708984,541014.0,12.499,0.0,False
2016-07-21,2165.169921875,3438900000.0,18517.23046875,86800000.0,44.75,432972.0,12.679,0.0,False
2016-07-22,2175.030029296875,3023280000.0,18570.849609375,87710000.0,44.189998626708984,428407.0,14.6695,0.0,False
2016-07-23,2175.030029296875,3023280000.0,18570.849609375,87710000.0,44.189998626708984,428407.0,14.29999,0.0,False
2016-07-24,2175.030029296875,3023280000.0,18570.849609375,87710000.0,44.189998626708984,428407.0,12.78798,0.0,False
2016-07-25,2168.47998046875,3057240000.0,18493.060546875,76810000.0,43.130001068115234,389837.0,13.815,0.0,False
2016-07-26,2169.179931640625,3442350000.0,18473.75,85370000.0,42.91999816894531,461324.0,11.84952,0.0,False
2016-07-27,2166.580078125,3995500000.0,18472.169921875,111370000.0,41.91999816894531,537390.0,13.03996,0.0,False
2016-07-28,2170.06005859375,3664240000.0,18456.349609375,85750000.0,41.13999938964844,447913.0,12.89129,0.0,False
2016-07-29,2173.60009765625,4038840000.0,18432.240234375,111550000.0,41.599998474121094,478763.0,12.8,0.0,False
2016-07-30,2173.60009765625,4038840000.0,18432.240234375,111550000.0,41.599998474121094,478763.0,12.49,0.0,False
2016-07-31,2173.60009765625,4038840000.0,18432.240234375,111550000.0,41.599998474121094,478763.0,11.87998,0.0,False
2016-08-01,2170.840087890625,3505990000.0,18404.509765625,83470000.0,40.060001373291016,533020.0,10.89968,0.0,False
2016-08-02,2157.030029296875,3848750000.0,18313.76953125,89680000.0,39.5099983215332,534512.0,8.6,0.0,False
2016-08-03,2163.7900390625,3786530000.0,18355.0,78550000.0,40.83000183105469,655186.0,10.37108,0.0,False
2016-08-04,2164.25,3709200000.0,18352.05078125,64500000.0,41.93000030517578,598836.0,11.20998,0.0,False
2016-08-05,2182.8701171875,3663070000.0,18543.529296875,92420000.0,41.79999923706055,550189.0,10.90505,0.0,False
2016-08-06,2182.8701171875,3663070000.0,18543.529296875,92420000.0,41.79999923706055,550189.0,10.94,0.0,False
2016-08-07,2182.8701171875,3663070000.0,18543.529296875,92420000.0,41.79999923706055,550189.0,10.9762,0.0,False
2016-08-08,2180.889892578125,3327550000.0,18529.2890625,71810000.0,43.02000045776367,562530.0,11.23323,0.0,False
2016-08-09,2181.739990234375,3334300000.0,18533.05078125,60090000.0,42.77000045776367,624703.0,12.23823,0.0,False
2016-08-10,2175.489990234375,3254950000.0,18495.66015625,62780000.0,41.709999084472656,676148.0,12.22799,0.0,False
2016-08-11,2185.7900390625,3423160000.0,18613.51953125,71470000.0,43.4900016784668,682235.0,11.7128,0.0,False
2016-08-12,2184.050048828125,3000660000.0,18576.470703125,61580000.0,44.4900016784668,536081.0,11.68583,0.0,False
2016-08-13,2184.050048828125,3000660000.0,18576.470703125,61580000.0,44.4900016784668,536081.0,11.5381,0.0,False
2016-08-14,2184.050048828125,3000660000.0,18576.470703125,61580000.0,44.4900016784668,536081.0,11.13868,0.0,False
2016-08-15,2190.14990234375,3078530000.0,18636.05078125,62350000.0,45.7400016784668,522526.0,11.18251,0.0,False
2016-08-16,2178.14990234375,3196400000.0,18552.01953125,67570000.0,46.58000183105469,550440.0,11.21,0.0,False
2016-08-17,2182.219970703125,3388910000.0,18573.939453125,71000000.0,46.790000915527344,563354.0,10.777,0.0,False
2016-08-18,2187.02001953125,3300570000.0,18597.69921875,70740000.0,48.220001220703125,229277.0,10.8,0.0,False
2016-08-19,2183.8701171875,3084800000.0,18552.5703125,93170000.0,48.52000045776367,162438.0,10.66023,0.0,False
2016-08-20,2183.8701171875,3084800000.0,18552.5703125,93170000.0,48.52000045776367,162438.0,11.30194,0.0,False
2016-08-21,2183.8701171875,3084800000.0,18552.5703125,93170000.0,48.52000045776367,162438.0,11.17001,0.0,False
2016-08-22,2182.639892578125,2777550000.0,18529.419921875,73450000.0,47.04999923706055,515256.0,11.041,0.0,False
2016-08-23,2186.89990234375,3041490000.0,18547.30078125,73990000.0,48.099998474121094,623904.0,11.0768,0.0,False
2016-08-24,2175.43994140625,3148280000.0,18481.48046875,72270000.0,46.77000045776367,603495.0,11.09,0.0,False
2016-08-25,2172.469970703125,2969310000.0,18448.41015625,64480000.0,47.33000183105469,458816.0,11.34,0.0,False
2016-08-26,2169.0400390625,3342340000.0,18395.400390625,78730000.0,47.63999938964844,558344.0,11.2666,0.0,False
2016-08-27,2169.0400390625,3342340000.0,18395.400390625,78730000.0,47.63999938964844,558344.0,11.16,0.0,False
2016-08-28,2169.0400390625,3342340000.0,18395.400390625,78730000.0,47.63999938964844,558344.0,11.02,0.0,False
2016-08-29,2180.3798828125,2654780000.0,18502.990234375,64480000.0,46.97999954223633,309254.0,10.95,0.0,False
2016-08-30,2176.1201171875,3006800000.0,18454.30078125,68920000.0,46.349998474121094,464449.0,11.2999,0.0,False
2016-08-31,2170.949951171875,3766390000.0,18400.880859375,98250000.0,44.70000076293945,549007.0,11.61012,0.0,False
2016-09-01,2170.860107421875,3392120000.0,18419.30078125,74780000.0,43.15999984741211,605003.0,12.0,0.0,False
2016-09-02,2179.97998046875,3091120000.0,18491.9609375,74350000.0,44.439998626708984,576915.0,12.13441,0.0,False
2016-09-03,2179.97998046875,3091120000.0,18491.9609375,74350000.0,44.439998626708984,576915.0,11.8929,0.0,False
2016-09-04,2179.97998046875,3091120000.0,18491.9609375,74350000.0,44.439998626708984,576915.0,11.60411,0.0,False
2016-09-05,2179.97998046875,3091120000.0,18491.9609375,74350000.0,44.439998626708984,576915.0,11.7894,0.0,False
2016-09-06,2186.47998046875,3447650000.0,18538.119140625,83710000.0,44.83000183105469,932145.0,11.66401,0.0,False
2016-09-07,2186.159912109375,3319420000.0,18526.140625,67570000.0,45.5,572884.0,11.58,0.0,False
2016-09-08,2181.300048828125,3727840000.0,18479.91015625,79060000.0,47.619998931884766,761943.0,11.40003,0.0,False
2016-09-09,2127.81005859375,4233960000.0,18085.44921875,120670000.0,45.880001068115234,688191.0,11.6999,0.0,False
2016-09-10,2127.81005859375,4233960000.0,18085.44921875,120670000.0,45.880001068115234,688191.0,12.24,0.0,False
2016-09-11,2127.81005859375,4233960000.0,18085.44921875,120670000.0,45.880001068115234,688191.0,11.75498,0.0,False
2016-09-12,2159.0400390625,4010480000.0,18325.0703125,103260000.0,46.290000915527344,745016.0,11.95849,0.0,False
2016-09-13,2127.02001953125,4141670000.0,18066.75,102830000.0,44.900001525878906,657775.0,11.96181,0.0,False
2016-09-14,2125.77001953125,3664100000.0,18034.76953125,103360000.0,43.58000183105469,705861.0,11.9619,0.0,False
2016-09-15,2147.260009765625,3373720000.0,18212.48046875,99550000.0,43.90999984741211,537185.0,12.08291,0.0,False
2016-09-16,2139.159912109375,5014360000.0,18123.80078125,278510000.0,43.029998779296875,231191.0,12.55131,0.0,False
2016-09-17,2139.159912109375,5014360000.0,18123.80078125,278510000.0,43.029998779296875,231191.0,12.8075,0.0,False
2016-09-18,2139.159912109375,5014360000.0,18123.80078125,278510000.0,43.029998779296875,231191.0,12.49792,0.0,False
2016-09-19,2139.1201171875,3141820000.0,18120.169921875,78090000.0,43.29999923706055,129857.0,13.2,0.0,False
2016-09-20,2139.760009765625,3117380000.0,18129.9609375,72450000.0,43.439998626708984,694130.0,14.43979,0.0,False
2016-09-21,2163.1201171875,3685450000.0,18293.69921875,94090000.0,45.34000015258789,585987.0,13.7895,0.0,False
2016-09-22,2177.179931640625,3523860000.0,18392.4609375,73030000.0,46.31999969482422,521680.0,13.25,0.0,False
2016-09-23,2164.68994140625,3289860000.0,18261.44921875,87170000.0,44.47999954223633,718395.0,13.3115,0.0,False
2016-09-24,2164.68994140625,3289860000.0,18261.44921875,87170000.0,44.47999954223633,718395.0,12.9,0.0,False
2016-09-25,2164.68994140625,3289860000.0,18261.44921875,87170000.0,44.47999954223633,718395.0,13.05,0.0,False
2016-09-26,2146.10009765625,3199910000.0,18094.830078125,95510000.0,45.93000030517578,527119.0,12.82042,0.0,False
2016-09-27,2159.929931640625,3414090000.0,18228.30078125,84130000.0,44.66999816894531,630757.0,13.05083,0.0,False
2016-09-28,2171.3701171875,3860390000.0,18339.240234375,97650000.0,47.04999923706055,1008434.0,13.27085,0.0,False
2016-09-29,2151.1298828125,4215620000.0,18143.44921875,95880000.0,47.83000183105469,702649.0,13.09,0.0,False
2016-09-30,2168.27001953125,4158800000.0,18308.150390625,135470000.0,48.2400016784668,496515.0,13.26576,0.0,False
2016-10-01,2168.27001953125,4158800000.0,18308.150390625,135470000.0,48.2400016784668,496515.0,13.25076,0.0,False
2016-10-02,2168.27001953125,4158800000.0,18308.150390625,135470000.0,48.2400016784668,496515.0,13.15611,0.0,False
2016-10-03,2161.199951171875,3113850000.0,18253.849609375,68520000.0,48.810001373291016,458021.0,13.44396,0.0,False
2016-10-04,2150.489990234375,3716100000.0,18168.44921875,79710000.0,48.689998626708984,513710.0,13.26172,0.0,False
2016-10-05,2159.72998046875,3883710000.0,18281.029296875,76190000.0,49.83000183105469,520070.0,13.02,0.0,False
2016-10-06,2160.77001953125,3438040000.0,18268.5,78660000.0,50.439998626708984,547915.0,12.8757,0.0,False
2016-10-07,2153.739990234375,3578770000.0,18240.490234375,82680000.0,49.810001373291016,618809.0,12.73078,0.0,False
2016-10-08,2153.739990234375,3578770000.0,18240.490234375,82680000.0,49.810001373291016,618809.0,12.25,0.0,False
2016-10-09,2153.739990234375,3578770000.0,18240.490234375,82680000.0,49.810001373291016,618809.0,12.06597,0.0,False
2016-10-10,2163.659912109375,2881970000.0,18329.0390625,72110000.0,49.810001373291016,618809.0,11.76999,0.0,False
2016-10-11,2136.72998046875,3393060000.0,18128.66015625,88610000.0,50.790000915527344,765608.0,11.8169,0.0,False
2016-10-12,2139.179931640625,2959510000.0,18144.19921875,72230000.0,50.18000030517578,533884.0,11.85631,0.0,False
2016-10-13,2132.550048828125,3538030000.0,18098.939453125,83160000.0,50.439998626708984,740676.0,11.91,0.0,False
2016-10-14,2132.97998046875,3187910000.0,18138.380859375,87050000.0,50.349998474121094,519431.0,11.93,0.0,False
2016-10-15,2132.97998046875,3187910000.0,18138.380859375,87050000.0,50.349998474121094,519431.0,11.9945,0.0,False
2016-10-16,2132.97998046875,3187910000.0,18138.380859375,87050000.0,50.349998474121094,519431.0,11.97899,0.0,False
2016-10-17,2126.5,2832440000.0,18086.400390625,75960000.0,49.939998626708984,418723.0,12.03,0.0,False
2016-10-18,2139.60009765625,3172940000.0,18161.939453125,74600000.0,50.290000915527344,192803.0,12.48257,0.0,False
2016-10-19,2144.2900390625,3364990000.0,18202.619140625,88040000.0,51.599998474121094,132427.0,12.03679,0.0,False
2016-10-20,2141.340087890625,3339320000.0,18162.349609375,88830000.0,50.43000030517578,548947.0,12.04775,0.0,False
2016-10-21,2141.159912109375,3456390000.0,18145.7109375,117810000.0,50.849998474121094,551300.0,12.16,0.0,False
2016-10-22,2141.159912109375,3456390000.0,18145.7109375,117810000.0,50.849998474121094,551300.0,12.211,0.0,False
2016-10-23,2141.159912109375,3456390000.0,18145.7109375,117810000.0,50.849998474121094,551300.0,12.02002,0.0,False
2016-10-24,2151.330078125,3359950000.0,18223.029296875,88540000.0,50.52000045776367,623398.0,11.975,0.0,False
2016-10-25,2143.159912109375,3756200000.0,18169.26953125,83190000.0,49.959999084472656,553778.0,11.35,0.0,False
2016-10-26,2139.429931640625,3778120000.0,18199.330078125,86340000.0,49.18000030517578,679320.0,11.51,0.0,False
2016-10-27,2133.0400390625,4209400000.0,18169.6796875,83530000.0,49.720001220703125,543173.0,11.5022,0.0,False
2016-10-28,2126.409912109375,4028270000.0,18161.189453125,107850000.0,48.70000076293945,550081.0,11.10812,0.0,False
2016-10-29,2126.409912109375,4028270000.0,18161.189453125,107850000.0,48.70000076293945,550081.0,10.42966,0.0,False
2016-10-30,2126.409912109375,4028270000.0,18161.189453125,107850000.0,48.70000076293945,550081.0,11.26309,0.0,False
2016-10-31,2126.14990234375,3926560000.0,18142.419921875,110080000.0,46.86000061035156,649237.0,10.90001,0.0,False
2016-11-01,2111.719970703125,4539190000.0,18037.099609375,101280000.0,46.66999816894531,834989.0,10.7724,0.0,False
2016-11-02,2097.93994140625,4289120000.0,17959.640625,88610000.0,45.34000015258789,674322.0,10.84707,0.0,False
2016-11-03,2088.659912109375,3892100000.0,17930.669921875,77860000.0,44.65999984741211,540439.0,10.91529,0.0,False
2016-11-04,2085.179931640625,3841910000.0,17888.279296875,97760000.0,44.06999969482422,736685.0,11.13347,0.0,False
2016-11-05,2085.179931640625,3841910000.0,17888.279296875,97760000.0,44.06999969482422,736685.0,11.0775,0.0,False
2016-11-06,2085.179931640625,3841910000.0,17888.279296875,97760000.0,44.06999969482422,736685.0,10.951,0.0,False
2016-11-07,2131.52001953125,3739720000.0,18259.599609375,93450000.0,44.88999938964844,605733.0,10.88468,0.0,False
2016-11-08,2139.56005859375,3921850000.0,18332.740234375,79820000.0,44.97999954223633,669639.0,10.8826,0.0,False
2016-11-09,2163.260009765625,6267590000.0,18589.689453125,173110000.0,45.27000045776367,946512.0,10.6929,0.0,False
2016-11-10,2167.47998046875,6458450000.0,18807.880859375,164390000.0,44.65999984741211,686338.0,10.50006,0.0,False
2016-11-11,2164.449951171875,4993990000.0,18847.66015625,107300000.0,44.65999984741211,686338.0,10.26489,0.0,False
2016-11-12,2164.449951171875,4993990000.0,18847.66015625,107300000.0,44.65999984741211,686338.0,9.75,0.0,False
2016-11-13,2164.449951171875,4993990000.0,18847.66015625,107300000.0,44.65999984741211,686338.0,10.12356,0.0,False
2016-11-14,2164.199951171875,5373670000.0,18868.689453125,112250000.0,43.31999969482422,704766.0,10.03473,0.0,False
2016-11-15,2180.389892578125,4548110000.0,18923.060546875,100660000.0,45.810001373291016,706177.0,10.15551,0.0,False
2016-11-16,2176.93994140625,3847900000.0,18868.140625,87320000.0,45.56999969482422,658169.0,10.04,0.0,False
2016-11-17,2187.1201171875,3811730000.0,18903.8203125,89940000.0,45.41999816894531,284874.0,9.92045,0.0,False
2016-11-18,2181.89990234375,3580900000.0,18867.9296875,109880000.0,45.689998626708984,155651.0,9.48026,0.0,False
2016-11-19,2181.89990234375,3580900000.0,18867.9296875,109880000.0,45.689998626708984,155651.0,9.7377,0.0,False
2016-11-20,2181.89990234375,3580900000.0,18867.9296875,109880000.0,45.689998626708984,155651.0,9.5,0.0,False
2016-11-21,2198.179931640625,3611500000.0,18956.689453125,80520000.0,47.4900016784668,665326.0,9.64298,0.0,False
2016-11-22,2202.93994140625,3960520000.0,19023.869140625,85310000.0,48.029998779296875,826208.0,9.88088,0.0,False
2016-11-23,2204.719970703125,3419850000.0,19083.1796875,77880000.0,47.959999084472656,556861.0,9.80434,0.0,False
2016-11-24,2204.719970703125,3419850000.0,19083.1796875,77880000.0,47.959999084472656,556861.0,9.20754,0.0,False
2016-11-25,2213.35009765625,1584590000.0,19152.140625,45890000.0,46.060001373291016,465977.0,9.41057,0.0,False
2016-11-26,2213.35009765625,1584590000.0,19152.140625,45890000.0,46.060001373291016,465977.0,9.2901,0.0,False
2016-11-27,2213.35009765625,1584590000.0,19152.140625,45890000.0,46.060001373291016,465977.0,8.99205,0.0,False
2016-11-28,2201.719970703125,3515100000.0,19097.900390625,88460000.0,47.08000183105469,734381.0,8.67695,0.0,False
2016-11-29,2204.659912109375,3709190000.0,19121.599609375,81510000.0,45.22999954223633,732818.0,8.14285,0.0,False
2016-11-30,2198.81005859375,5538400000.0,19123.580078125,164570000.0,49.439998626708984,1311000.0,8.55384,0.0,False
2016-12-01,2191.080078125,5067470000.0,19191.9296875,108800000.0,51.060001373291016,974805.0,8.40341,0.0,False
2016-12-02,2191.949951171875,3782370000.0,19170.419921875,84920000.0,51.68000030517578,667099.0,7.6439,0.0,False
2016-12-03,2191.949951171875,3782370000.0,19170.419921875,84920000.0,51.68000030517578,667099.0,7.82738,0.0,False
2016-12-04,2191.949951171875,3782370000.0,19170.419921875,84920000.0,51.68000030517578,667099.0,7.36101,0.0,False
2016-12-05,2204.7099609375,3898530000.0,19216.240234375,317800000.0,51.790000915527344,600782.0,6.7756,0.0,False
2016-12-06,2212.22998046875,3857290000.0,19251.779296875,284960000.0,50.93000030517578,642746.0,7.75812,0.0,False
2016-12-07,2241.35009765625,4504070000.0,19549.619140625,385200000.0,49.77000045776367,816879.0,8.3242,0.0,False
2016-12-08,2246.18994140625,4203270000.0,19614.810546875,324570000.0,50.84000015258789,780062.0,8.19899,0.0,False
2016-12-09,2259.530029296875,3886460000.0,19756.849609375,334470000.0,51.5,652040.0,8.35578,0.0,False
2016-12-10,2259.530029296875,3886460000.0,19756.849609375,334470000.0,51.5,652040.0,8.15,0.0,False
2016-12-11,2259.530029296875,3886460000.0,19756.849609375,334470000.0,51.5,652040.0,8.22757,0.0,False
2016-12-12,2256.9599609375,4038850000.0,19796.4296875,333660000.0,52.83000183105469,847025.0,8.52,0.0,False
2016-12-13,2271.719970703125,3875630000.0,19911.2109375,388420000.0,52.97999954223633,638396.0,8.3943,0.0,False
2016-12-14,2253.280029296875,4409670000.0,19792.529296875,408430000.0,51.040000915527344,677957.0,8.21262,0.0,False
2016-12-15,2262.030029296875,4173360000.0,19852.240234375,357350000.0,50.900001525878906,551759.0,7.75679,0.0,False
2016-12-16,2258.070068359375,5928980000.0,19843.41015625,573470000.0,51.900001525878906,252567.0,7.81734,0.0,False
2016-12-17,2258.070068359375,5928980000.0,19843.41015625,573470000.0,51.900001525878906,252567.0,7.88,0.0,False
2016-12-18,2258.070068359375,5928980000.0,19843.41015625,573470000.0,51.900001525878906,252567.0,7.8803,0.0,False
2016-12-19,2262.530029296875,3252840000.0,19883.060546875,302310000.0,52.119998931884766,129990.0,7.61649,0.0,False
2016-12-20,2270.760009765625,3306250000.0,19974.619140625,284080000.0,52.22999954223633,416592.0,7.66632,0.0,False
2016-12-21,2265.179931640625,2854880000.0,19941.9609375,256640000.0,52.4900016784668,471993.0,7.82815,0.0,False
2016-12-22,2260.9599609375,2880670000.0,19918.880859375,258290000.0,52.95000076293945,393487.0,7.57487,0.0,False
2016-12-23,2263.7900390625,2021230000.0,19933.810546875,158260000.0,53.02000045776367,285166.0,7.13321,0.0,False
2016-12-24,2263.7900390625,2021230000.0,19933.810546875,158260000.0,53.02000045776367,285166.0,7.26,0.0,False
2016-12-25,2263.7900390625,2021230000.0,19933.810546875,158260000.0,53.02000045776367,285166.0,7.1544,0.0,False
2016-12-26,2263.7900390625,2021230000.0,19933.810546875,158260000.0,53.02000045776367,285166.0,7.25649,0.0,False
2016-12-27,2268.8798828125,1989730000.0,19945.0390625,158540000.0,53.900001525878906,277306.0,7.20999,0.0,False
2016-12-28,2249.919921875,2402750000.0,19833.6796875,188350000.0,54.060001373291016,322535.0,7.5484,0.0,False
2016-12-29,2249.260009765625,2338700000.0,19819.779296875,172040000.0,53.77000045776367,360194.0,8.3639,0.0,False
2016-12-30,2238.830078125,2671550000.0,19762.599609375,271910000.0,53.720001220703125,271094.0,8.20027,0.0,False
2016-12-31,2238.830078125,2671550000.0,19762.599609375,271910000.0,53.720001220703125,271094.0,8.07,0.0,False
2017-01-01,2238.830078125,2671550000.0,19762.599609375,271910000.0,53.720001220703125,271094.0,8.1995,0.0,False
2017-01-02,2238.830078125,2671550000.0,19762.599609375,271910000.0,53.720001220703125,271094.0,8.3965,0.0,False
2017-01-03,2257.830078125,3773010000.0,19881.759765625,339180000.0,52.33000183105469,727793.0,9.5669,0.0,False
2017-01-04,2270.75,3768890000.0,19942.16015625,280010000.0,53.2599983215332,512641.0,11.02,0.0,False
2017-01-05,2269.0,3785080000.0,19899.2890625,269920000.0,53.7599983215332,517362.0,10.31859,0.0,False
2017-01-06,2276.97998046875,3342080000.0,19963.80078125,277700000.0,53.9900016784668,528333.0,10.15915,0.0,False
2017-01-07,2276.97998046875,3342080000.0,19963.80078125,277700000.0,53.9900016784668,528333.0,9.871,0.0,False
2017-01-08,2276.97998046875,3342080000.0,19963.80078125,277700000.0,53.9900016784668,528333.0,10.27581,0.0,False
2017-01-09,2268.89990234375,3219730000.0,19887.380859375,287510000.0,51.959999084472656,564893.0,10.4014,0.0,False
2017-01-10,2268.89990234375,3640560000.0,19855.529296875,299410000.0,50.81999969482422,632573.0,10.51713,0.0,False
2017-01-11,2275.320068359375,3625080000.0,19954.279296875,336150000.0,52.25,815846.0,9.7998,0.0,False
2017-01-12,2270.43994140625,3466220000.0,19891.0,306290000.0,53.0099983215332,660703.0,9.75,0.0,False
2017-01-13,2274.639892578125,3090680000.0,19885.73046875,263780000.0,52.369998931884766,477986.0,9.7978,0.0,False
2017-01-14,2274.639892578125,3090680000.0,19885.73046875,263780000.0,52.369998931884766,477986.0,9.60165,0.0,False
2017-01-15,2274.639892578125,3090680000.0,19885.73046875,263780000.0,52.369998931884766,477986.0,9.79079,0.0,False
2017-01-16,2274.639892578125,3090680000.0,19885.73046875,263780000.0,52.369998931884766,477986.0,9.6081,0.0,False
2017-01-17,2267.889892578125,3586950000.0,19826.76953125,341900000.0,52.47999954223633,606023.0,10.23208,0.0,False
2017-01-18,2271.889892578125,3317670000.0,19804.720703125,279760000.0,51.08000183105469,236238.0,10.35,0.0,False
2017-01-19,2263.68994140625,3168390000.0,19732.400390625,301750000.0,51.369998931884766,122593.0,10.44988,0.0,False
2017-01-20,2271.31005859375,3536850000.0,19827.25,435260000.0,52.41999816894531,567231.0,10.62001,0.0,False
2017-01-21,2271.31005859375,3536850000.0,19827.25,435260000.0,52.41999816894531,567231.0,10.92204,0.0,False
2017-01-22,2271.31005859375,3536850000.0,19827.25,435260000.0,52.41999816894531,567231.0,10.78807,0.0,False
2017-01-23,2265.199951171875,3155240000.0,19799.849609375,326690000.0,52.75,455333.0,10.80851,0.0,False
2017-01-24,2280.070068359375,3816950000.0,19912.7109375,374460000.0,53.18000030517578,520285.0,10.5,0.0,False
2017-01-25,2298.3701171875,3849340000.0,20068.509765625,372240000.0,52.75,589709.0,10.50829,0.0,False
2017-01-26,2296.679931640625,3611510000.0,20100.91015625,356730000.0,53.779998779296875,578065.0,10.54,0.0,False
2017-01-27,2294.68994140625,3137420000.0,20093.779296875,343130000.0,53.16999816894531,495556.0,10.58636,0.0,False
2017-01-28,2294.68994140625,3137420000.0,20093.779296875,343130000.0,53.16999816894531,495556.0,10.5254,0.0,False
2017-01-29,2294.68994140625,3137420000.0,20093.779296875,343130000.0,53.16999816894531,495556.0,10.43361,0.0,False
2017-01-30,2280.89990234375,3595040000.0,19971.130859375,317280000.0,52.630001068115234,486309.0,10.43574,0.0,False
2017-01-31,2278.8701171875,4089730000.0,19864.08984375,373750000.0,52.810001373291016,586676.0,10.66911,0.0,False
2017-02-01,2279.550048828125,3919190000.0,19890.939453125,426670000.0,53.880001068115234,577243.0,10.59066,0.0,False
2017-02-02,2280.85009765625,3809760000.0,19884.91015625,347220000.0,53.540000915527344,492553.0,10.7705,0.0,False
2017-02-03,2297.419921875,3605970000.0,20071.4609375,344220000.0,53.83000183105469,462616.0,10.98073,0.0,False
2017-02-04,2297.419921875,3605970000.0,20071.4609375,344220000.0,53.83000183105469,462616.0,11.34979,0.0,False
2017-02-05,2297.419921875,3605970000.0,20071.4609375,344220000.0,53.83000183105469,462616.0,11.25399,0.0,False
2017-02-06,2292.56005859375,3112390000.0,20052.419921875,281720000.0,53.0099983215332,425085.0,11.3,0.0,False
2017-02-07,2293.080078125,3452460000.0,20090.2890625,279670000.0,52.16999816894531,624057.0,11.43001,0.0,False
2017-02-08,2294.669921875,3611950000.0,20054.33984375,280410000.0,52.34000015258789,767379.0,11.39262,0.0,False
2017-02-09,2307.8701171875,3681600000.0,20172.400390625,325310000.0,53.0,610196.0,10.93949,0.0,False
2017-02-10,2316.10009765625,3496600000.0,20269.369140625,312230000.0,53.86000061035156,596449.0,11.3495,0.0,False
2017-02-11,2316.10009765625,3496600000.0,20269.369140625,312230000.0,53.86000061035156,596449.0,11.41999,0.0,False
2017-02-12,2316.10009765625,3496600000.0,20269.369140625,312230000.0,53.86000061035156,596449.0,11.3649,0.0,False
2017-02-13,2328.25,3352370000.0,20412.16015625,314620000.0,52.93000030517578,586034.0,11.31341,0.0,False
2017-02-14,2337.580078125,3528040000.0,20504.41015625,356580000.0,53.20000076293945,493022.0,13.1847,0.0,False
2017-02-15,2349.25,3785870000.0,20611.859375,384380000.0,53.11000061035156,463638.0,12.99848,0.0,False
2017-02-16,2347.219970703125,3675900000.0,20619.76953125,354120000.0,53.36000061035156,343363.0,12.9,0.0,False
2017-02-17,2351.159912109375,3516830000.0,20624.05078125,340620000.0,53.400001525878906,195352.0,12.70031,0.0,False
2017-02-18,2351.159912109375,3516830000.0,20624.05078125,340620000.0,53.400001525878906,195352.0,12.8,0.0,False
2017-02-19,2351.159912109375,3516830000.0,20624.05078125,340620000.0,53.400001525878906,195352.0,12.80999,0.0,False
2017-02-20,2351.159912109375,3516830000.0,20624.05078125,340620000.0,53.400001525878906,195352.0,12.47,0.0,False
2017-02-21,2365.3798828125,3587520000.0,20743.0,336880000.0,54.060001373291016,665310.0,12.78238,0.0,False
2017-02-22,2362.820068359375,3473170000.0,20775.599609375,310530000.0,53.59000015258789,499480.0,12.69549,0.0,False
2017-02-23,2363.81005859375,4021770000.0,20810.3203125,302110000.0,54.45000076293945,529880.0,13.09401,0.0,False
2017-02-24,2367.340087890625,3832410000.0,20821.759765625,292540000.0,53.9900016784668,395258.0,13.03808,0.0,False
2017-02-25,2367.340087890625,3832410000.0,20821.759765625,292540000.0,53.9900016784668,395258.0,13.5717,0.0,False
2017-02-26,2367.340087890625,3832410000.0,20821.759765625,292540000.0,53.9900016784668,395258.0,14.44,0.0,False
2017-02-27,2369.75,3584680000.0,20837.439453125,256540000.0,54.04999923706055,394380.0,15.37071,0.0,False
2017-02-28,2363.639892578125,4212460000.0,20812.240234375,339210000.0,54.0099983215332,593909.0,15.63,0.0,False
2017-03-01,2395.9599609375,4347630000.0,21115.55078125,392820000.0,53.83000183105469,491289.0,17.3,0.0,False
2017-03-02,2381.919921875,3824030000.0,21002.970703125,319910000.0,52.61000061035156,638390.0,18.9871,0.0,False
2017-03-03,2383.1201171875,3556670000.0,21005.7109375,254420000.0,53.33000183105469,436360.0,19.11001,0.0,False
2017-03-04,2383.1201171875,3556670000.0,21005.7109375,254420000.0,53.33000183105469,436360.0,18.58567,0.0,False
2017-03-05,2383.1201171875,3556670000.0,21005.7109375,254420000.0,53.33000183105469,436360.0,19.03258,0.0,False
2017-03-06,2375.31005859375,3251800000.0,20954.33984375,266620000.0,53.20000076293945,503692.0,19.5,0.0,False
2017-03-07,2368.389892578125,3526300000.0,20924.759765625,274630000.0,53.13999938964844,494677.0,18.82279,0.0,False
2017-03-08,2362.97998046875,3814080000.0,20855.73046875,296780000.0,50.279998779296875,963392.0,16.4,0.0,False
2017-03-09,2364.8701171875,3718450000.0,20858.189453125,275960000.0,49.279998779296875,1073506.0,17.59999,0.0,False
2017-03-10,2372.60009765625,3434400000.0,20902.98046875,315430000.0,48.4900016784668,796960.0,19.25,0.0,False
2017-03-11,2372.60009765625,3434400000.0,20902.98046875,315430000.0,48.4900016784668,796960.0,21.28997,0.0,False
2017-03-12,2372.60009765625,3434400000.0,20902.98046875,315430000.0,48.4900016784668,796960.0,23.30013,0.0,False
2017-03-13,2373.469970703125,3166650000.0,20881.48046875,289260000.0,48.400001525878906,601362.0,28.19957,0.0,False
2017-03-14,2365.449951171875,3173760000.0,20837.369140625,246820000.0,47.720001220703125,857711.0,28.37047,0.0,False
2017-03-15,2385.260009765625,3909490000.0,20950.099609375,306590000.0,48.86000061035156,655788.0,34.75,0.0,False
2017-03-16,2381.3798828125,3368880000.0,20934.55078125,264360000.0,48.75,516853.0,44.7499,0.0,False
2017-03-17,2378.25,5179820000.0,20914.619140625,535280000.0,48.779998779296875,172340.0,42.52908,0.0,False
2017-03-18,2378.25,5179820000.0,20914.619140625,535280000.0,48.779998779296875,172340.0,33.202,0.0,False
2017-03-19,2378.25,5179820000.0,20914.619140625,535280000.0,48.779998779296875,172340.0,42.36041,0.0,False
2017-03-20,2373.469970703125,3061560000.0,20905.859375,253610000.0,48.220001220703125,142258.0,41.89,0.0,False
2017-03-21,2344.02001953125,4278890000.0,20668.009765625,369320000.0,47.34000015258789,628119.0,42.48308,0.0,False
2017-03-22,2348.449951171875,3575160000.0,20661.30078125,325090000.0,48.040000915527344,680849.0,41.24972,0.0,False
2017-03-23,2345.9599609375,3262400000.0,20656.580078125,280050000.0,47.70000076293945,499878.0,42.70261,0.0,False
2017-03-24,2343.97998046875,2978530000.0,20596.720703125,292980000.0,47.970001220703125,421027.0,51.99,0.0,False
2017-03-25,2343.97998046875,2978530000.0,20596.720703125,292980000.0,47.970001220703125,421027.0,50.0,0.0,False
2017-03-26,2343.97998046875,2978530000.0,20596.720703125,292980000.0,47.970001220703125,421027.0,49.99999,0.0,False
2017-03-27,2341.590087890625,3242300000.0,20550.98046875,269380000.0,47.72999954223633,466176.0,48.71658,0.0,False
2017-03-28,2358.570068359375,3369120000.0,20701.5,299670000.0,48.369998931884766,502377.0,50.23688,0.0,False
2017-03-29,2361.1298828125,3107670000.0,20659.3203125,238320000.0,49.5099983215332,548615.0,53.01498,0.0,False
2017-03-30,2368.06005859375,3159680000.0,20728.490234375,270900000.0,50.349998474121094,580668.0,51.89999,0.0,False
2017-03-31,2362.719970703125,3356740000.0,20663.220703125,303770000.0,50.599998474121094,527607.0,49.6975,0.0,False
2017-04-01,2362.719970703125,3356740000.0,20663.220703125,303770000.0,50.599998474121094,527607.0,50.6398,0.0,False
2017-04-02,2362.719970703125,3356740000.0,20663.220703125,303770000.0,50.599998474121094,527607.0,48.4995,0.0,False
2017-04-03,2358.840087890625,3418730000.0,20650.2109375,285670000.0,50.2400016784668,440724.0,44.11541,0.0,False
2017-04-04,2360.159912109375,3208340000.0,20689.240234375,237390000.0,51.029998779296875,532054.0,44.74849,0.0,False
2017-04-05,2352.949951171875,3780650000.0,20648.150390625,284980000.0,51.150001525878906,651398.0,45.283,0.0,False
2017-04-06,2357.489990234375,3203250000.0,20662.94921875,251720000.0,51.70000076293945,473019.0,43.4099,0.0,False
2017-04-07,2355.5400390625,3054700000.0,20656.099609375,219730000.0,52.2400016784668,796437.0,42.24,0.0,False
2017-04-08,2355.5400390625,3054700000.0,20656.099609375,219730000.0,52.2400016784668,796437.0,44.33113,0.0,False
2017-04-09,2355.5400390625,3054700000.0,20656.099609375,219730000.0,52.2400016784668,796437.0,43.93521,0.0,False
2017-04-10,2357.159912109375,2792570000.0,20658.01953125,230480000.0,53.08000183105469,565439.0,43.7,0.0,False
2017-04-11,2353.780029296875,3120900000.0,20651.30078125,255120000.0,53.400001525878906,598003.0,43.95189,0.0,False
2017-04-12,2344.929931640625,3201300000.0,20591.859375,267670000.0,53.11000061035156,629805.0,46.5019,0.0,False
2017-04-13,2328.949951171875,3146380000.0,20453.25,235810000.0,53.18000030517578,480835.0,50.0923,0.0,False
2017-04-14,2328.949951171875,3146380000.0,20453.25,235810000.0,53.18000030517578,480835.0,47.33002,0.0,False
2017-04-15,2328.949951171875,3146380000.0,20453.25,235810000.0,53.18000030517578,480835.0,49.3289,0.0,False
2017-04-16,2328.949951171875,3146380000.0,20453.25,235810000.0,53.18000030517578,480835.0,48.55612,0.0,False
2017-04-17,2349.010009765625,2826890000.0,20636.919921875,229240000.0,52.650001525878906,326340.0,47.8,0.0,False
2017-04-18,2342.18994140625,3272210000.0,20523.279296875,263180000.0,52.40999984741211,202043.0,49.9084,0.0,False
2017-04-19,2338.169921875,3521160000.0,20404.490234375,294790000.0,50.439998626708984,133173.0,48.0,0.0,False
2017-04-20,2355.840087890625,3648990000.0,20578.7109375,312440000.0,50.27000045776367,606263.0,49.31,0.0,False
2017-04-21,2348.68994140625,3524160000.0,20547.759765625,369600000.0,49.619998931884766,687474.0,48.20003,0.0,False
2017-04-22,2348.68994140625,3524160000.0,20547.759765625,369600000.0,49.619998931884766,687474.0,48.20001,0.0,False
2017-04-23,2348.68994140625,3524160000.0,20547.759765625,369600000.0,49.619998931884766,687474.0,48.50386,0.0,False
2017-04-24,2374.14990234375,3711170000.0,20763.890625,342400000.0,49.22999954223633,517897.0,49.56132,0.0,False
2017-04-25,2388.610107421875,4005820000.0,20996.119140625,348180000.0,49.560001373291016,587240.0,49.9,0.0,False
2017-04-26,2387.449951171875,4111350000.0,20975.08984375,328550000.0,49.619998931884766,655717.0,53.24,0.0,False
2017-04-27,2388.77001953125,4099940000.0,20981.330078125,305690000.0,48.970001220703125,771189.0,62.999,0.0,False
2017-04-28,2384.199951171875,3721350000.0,20940.509765625,329990000.0,49.33000183105469,633992.0,71.4986,0.0,False
2017-04-29,2384.199951171875,3721350000.0,20940.509765625,329990000.0,49.33000183105469,633992.0,68.775,0.0,False
2017-04-30,2384.199951171875,3721350000.0,20940.509765625,329990000.0,49.33000183105469,633992.0,78.367,0.0,False
2017-05-01,2388.330078125,3201500000.0,20913.4609375,288160000.0,48.84000015258789,364386.0,74.39977,0.0,False
2017-05-02,2391.169921875,3861360000.0,20949.890625,338810000.0,47.65999984741211,702375.0,76.541,0.0,False
2017-05-03,2388.1298828125,3896760000.0,20957.900390625,310920000.0,47.81999969482422,691319.0,80.39984,0.0,False
2017-05-04,2389.52001953125,4367860000.0,20951.470703125,274720000.0,45.52000045776367,943959.0,94.39966,0.0,False
2017-05-05,2399.2900390625,3543240000.0,21006.939453125,260960000.0,46.220001220703125,1021610.0,89.8994,0.0,False
2017-05-06,2399.2900390625,3543240000.0,21006.939453125,260960000.0,46.220001220703125,1021610.0,92.80645,0.0,False
2017-05-07,2399.2900390625,3543240000.0,21006.939453125,260960000.0,46.220001220703125,1021610.0,87.4,0.0,False
2017-05-08,2399.3798828125,3429990000.0,21012.279296875,276150000.0,46.43000030517578,785055.0,87.08,0.0,False
2017-05-09,2396.919921875,3657840000.0,20975.779296875,273000000.0,45.880001068115234,701944.0,86.97999,0.0,False
2017-05-10,2399.6298828125,3649370000.0,20943.109375,283340000.0,47.33000183105469,819796.0,88.40562,0.0,False
2017-05-11,2394.43994140625,3727710000.0,20919.419921875,287680000.0,47.83000183105469,661783.0,88.07932,0.0,False
2017-05-12,2390.89990234375,3304620000.0,20896.609375,288500000.0,47.84000015258789,537490.0,84.8832,0.0,False
2017-05-13,2390.89990234375,3304620000.0,20896.609375,288500000.0,47.84000015258789,537490.0,88.1,0.0,False
2017-05-14,2390.89990234375,3304620000.0,20896.609375,288500000.0,47.84000015258789,537490.0,88.33819,0.0,False
2017-05-15,2402.320068359375,3490080000.0,20981.939453125,313170000.0,48.849998474121094,687153.0,90.87,0.0,False
2017-05-16,2400.669921875,3421810000.0,20979.75,311580000.0,48.65999984741211,589212.0,88.031,0.0,False
2017-05-17,2357.030029296875,4164760000.0,20606.9296875,423200000.0,49.06999969482422,650107.0,87.70024,0.0,False
2017-05-18,2365.719970703125,4319440000.0,20663.01953125,422590000.0,49.349998474121094,242754.0,96.08999,0.0,False
2017-05-19,2381.72998046875,3831700000.0,20804.83984375,365180000.0,50.33000183105469,146452.0,123.0,0.0,False
2017-05-20,2381.72998046875,3831700000.0,20804.83984375,365180000.0,50.33000183105469,146452.0,122.21001,0.0,False
2017-05-21,2381.72998046875,3831700000.0,20804.83984375,365180000.0,50.33000183105469,146452.0,145.25,0.0,False
2017-05-22,2394.02001953125,3176580000.0,20894.830078125,276120000.0,50.72999954223633,564310.0,155.6,0.0,False
2017-05-23,2398.419921875,3216560000.0,20937.91015625,244950000.0,51.470001220703125,584139.0,166.94998,0.0,False
2017-05-24,2404.389892578125,3389240000.0,21012.419921875,283180000.0,51.36000061035156,736341.0,185.2399,0.0,False
2017-05-25,2415.070068359375,3538210000.0,21082.94921875,268970000.0,48.900001525878906,1147389.0,168.00011,0.0,False
2017-05-26,2415.820068359375,2806930000.0,21080.279296875,208000000.0,49.79999923706055,763920.0,158.49995,0.0,False
2017-05-27,2415.820068359375,2806930000.0,21080.279296875,208000000.0,49.79999923706055,763920.0,151.61111,0.0,False
2017-05-28,2415.820068359375,2806930000.0,21080.279296875,208000000.0,49.79999923706055,763920.0,168.28644,0.0,False
2017-05-29,2415.820068359375,2806930000.0,21080.279296875,208000000.0,49.79999923706055,763920.0,193.30207,0.0,False
2017-05-30,2412.909912109375,3205860000.0,21029.470703125,242810000.0,49.65999984741211,663486.0,226.10699,0.0,False
2017-05-31,2411.800048828125,4518040000.0,21008.650390625,371580000.0,48.31999969482422,779144.0,228.5,0.0,False
2017-06-01,2430.06005859375,3860620000.0,21144.1796875,276730000.0,48.36000061035156,774478.0,219.00102,0.0,False
2017-06-02,2439.070068359375,3465500000.0,21206.2890625,329700000.0,47.65999984741211,802662.0,221.5376,0.0,False
2017-06-03,2439.070068359375,3465500000.0,21206.2890625,329700000.0,47.65999984741211,802662.0,224.23315,0.0,False
2017-06-04,2439.070068359375,3465500000.0,21206.2890625,329700000.0,47.65999984741211,802662.0,245.351,0.0,False
2017-06-05,2436.10009765625,2916720000.0,21184.0390625,269790000.0,47.400001525878906,710199.0,247.6,0.0,False
2017-06-06,2429.330078125,3376750000.0,21136.23046875,283550000.0,48.189998626708984,825056.0,263.6,0.0,False
2017-06-07,2433.139892578125,3576220000.0,21173.689453125,273400000.0,45.720001220703125,1182327.0,256.18506,0.0,False
2017-06-08,2433.7900390625,3735980000.0,21182.529296875,330330000.0,45.63999938964844,927695.0,260.23792,0.0,False
2017-06-09,2431.77001953125,4029860000.0,21271.970703125,397200000.0,45.83000183105469,735933.0,279.85015,0.0,False
2017-06-10,2431.77001953125,4029860000.0,21271.970703125,397200000.0,45.83000183105469,735933.0,326.0,0.0,False
2017-06-11,2431.77001953125,4029860000.0,21271.970703125,397200000.0,45.83000183105469,735933.0,333.09999,0.0,False
2017-06-12,2429.389892578125,4031840000.0,21235.669921875,528080000.0,46.08000183105469,666765.0,385.0,0.0,False
2017-06-13,2440.35009765625,3278240000.0,21328.470703125,323510000.0,46.459999084472656,783320.0,386.12764,0.0,False
2017-06-14,2437.919921875,3558640000.0,21374.560546875,295090000.0,44.72999954223633,924408.0,347.23586,0.0,False
2017-06-15,2432.4599609375,3371980000.0,21359.900390625,317200000.0,44.459999084472656,500938.0,345.987,0.0,False
2017-06-16,2433.14990234375,5299380000.0,21384.279296875,603260000.0,44.7400016784668,191824.0,354.16778,0.0,False
2017-06-17,2433.14990234375,5299380000.0,21384.279296875,603260000.0,44.7400016784668,191824.0,368.9527,0.0,False
2017-06-18,2433.14990234375,5299380000.0,21384.279296875,603260000.0,44.7400016784668,191824.0,349.5,0.0,False
2017-06-19,2453.4599609375,3271480000.0,21528.990234375,289400000.0,44.20000076293945,123943.0,356.47989,0.0,False
2017-06-20,2437.030029296875,3422700000.0,21467.140625,310200000.0,43.22999954223633,894104.0,348.49999,0.0,False
2017-06-21,2435.610107421875,3599190000.0,21410.029296875,292500000.0,42.529998779296875,1071747.0,324.47996,0.0,False
2017-06-22,2434.5,3477250000.0,21397.2890625,270680000.0,42.7400016784668,668830.0,321.60076,0.0,False
2017-06-23,2438.300048828125,5282460000.0,21394.759765625,368400000.0,43.0099983215332,690906.0,325.49642,0.0,False
2017-06-24,2438.300048828125,5282460000.0,21394.759765625,368400000.0,43.0099983215332,690906.0,302.15,0.0,False
2017-06-25,2438.300048828125,5282460000.0,21394.759765625,368400000.0,43.0099983215332,690906.0,276.8101,0.0,False
2017-06-26,2439.070068359375,3243660000.0,21409.55078125,241880000.0,43.380001068115234,661354.0,254.48989,0.0,False
2017-06-27,2419.3798828125,3564770000.0,21310.66015625,292170000.0,44.2400016784668,759115.0,283.66,0.0,False
2017-06-28,2440.68994140625,3479980000.0,21454.609375,271510000.0,44.7400016784668,753375.0,316.2,0.0,False
2017-06-29,2419.699951171875,3869560000.0,21287.029296875,336750000.0,44.93000030517578,768946.0,292.99946,0.0,False
2017-06-30,2423.409912109375,3366030000.0,21349.630859375,313260000.0,46.040000915527344,677408.0,280.0,0.0,False
2017-07-01,2423.409912109375,3366030000.0,21349.630859375,313260000.0,46.040000915527344,677408.0,256.0,0.0,False
2017-07-02,2423.409912109375,3366030000.0,21349.630859375,313260000.0,46.040000915527344,677408.0,283.89,0.0,False
2017-07-03,2429.010009765625,1901480000.0,21479.26953125,186810000.0,47.06999969482422,517621.0,276.1,0.0,False
2017-07-04,2429.010009765625,1901480000.0,21479.26953125,186810000.0,47.06999969482422,517621.0,268.4,0.0,False
2017-07-05,2432.5400390625,3368150000.0,21478.169921875,273690000.0,45.130001068115234,1173581.0,266.3,0.0,False
2017-07-06,2409.75,3368710000.0,21320.0390625,320450000.0,45.52000045776367,969676.0,266.48998,0.0,False
2017-07-07,2425.179931640625,2929390000.0,21414.33984375,242240000.0,44.22999954223633,975914.0,240.5,0.0,False
2017-07-08,2425.179931640625,2929390000.0,21414.33984375,242240000.0,44.22999954223633,975914.0,245.0,0.0,False
2017-07-09,2425.179931640625,2929390000.0,21414.33984375,242240000.0,44.22999954223633,975914.0,236.39999,0.0,False
2017-07-10,2427.429931640625,3009880000.0,21408.51953125,270340000.0,44.400001525878906,848570.0,210.0,0.0,False
2017-07-11,2425.530029296875,3108800000.0,21409.0703125,247570000.0,45.040000915527344,1010691.0,190.98997,0.0,False
2017-07-12,2443.25,3176900000.0,21532.140625,267870000.0,45.4900016784668,963505.0,223.0,0.0,False
2017-07-13,2447.830078125,3068510000.0,21553.08984375,232270000.0,46.08000183105469,748971.0,204.79751,0.0,False
2017-07-14,2459.27001953125,2738460000.0,21637.740234375,235590000.0,46.540000915527344,742895.0,197.0,0.0,False
2017-07-15,2459.27001953125,2738460000.0,21637.740234375,235590000.0,46.540000915527344,742895.0,168.6,0.0,False
2017-07-16,2459.27001953125,2738460000.0,21637.740234375,235590000.0,46.540000915527344,742895.0,155.19999,0.0,False
2017-07-17,2459.139892578125,2800580000.0,21629.720703125,244780000.0,46.02000045776367,560633.0,188.72,0.0,False
2017-07-18,2460.610107421875,2974090000.0,21574.73046875,251110000.0,46.400001525878906,208420.0,228.0,0.0,False
2017-07-19,2473.830078125,3063810000.0,21640.75,253040000.0,47.119998931884766,140677.0,193.5,0.0,False
2017-07-20,2473.449951171875,3223820000.0,21611.779296875,313950000.0,46.790000915527344,720621.0,227.49002,0.0,False
2017-07-21,2472.5400390625,3066880000.0,21580.0703125,362830000.0,45.77000045776367,769438.0,216.0,0.0,False
2017-07-22,2472.5400390625,3066880000.0,21580.0703125,362830000.0,45.77000045776367,769438.0,230.13475,0.0,False
2017-07-23,2472.5400390625,3066880000.0,21580.0703125,362830000.0,45.77000045776367,769438.0,229.85,0.0,False
2017-07-24,2469.909912109375,3019920000.0,21513.169921875,284080000.0,46.34000015258789,707910.0,225.8,0.0,False
2017-07-25,2477.1298828125,4116360000.0,21613.4296875,304300000.0,47.88999938964844,885700.0,204.89949,0.0,False
2017-07-26,2477.830078125,3597830000.0,21711.009765625,278240000.0,48.75,887864.0,202.21011,0.0,False
2017-07-27,2475.419921875,4035740000.0,21796.55078125,407320000.0,49.040000915527344,880757.0,203.09794,0.0,False
2017-07-28,2472.10009765625,3302850000.0,21830.310546875,285630000.0,49.709999084472656,771225.0,191.5451,0.0,False
2017-07-29,2472.10009765625,3302850000.0,21830.310546875,285630000.0,49.709999084472656,771225.0,207.14457,0.0,False
2017-07-30,2472.10009765625,3302850000.0,21830.310546875,285630000.0,49.709999084472656,771225.0,198.4549,0.0,False
2017-07-31,2470.300048828125,3475930000.0,21891.119140625,307610000.0,50.16999816894531,781539.0,201.7777,0.0,False
2017-08-01,2476.35009765625,3470260000.0,21963.919921875,328410000.0,49.15999984741211,1008583.0,226.25,0.0,False
2017-08-02,2477.570068359375,3487150000.0,22016.240234375,336820000.0,49.59000015258789,847722.0,218.48999,0.0,False
2017-08-03,2472.159912109375,3662410000.0,22026.099609375,278730000.0,49.029998779296875,837763.0,225.4,0.0,False
2017-08-04,2476.830078125,3239980000.0,22092.810546875,253640000.0,49.58000183105469,745664.0,222.50356,0.0,False
2017-08-05,2476.830078125,3239980000.0,22092.810546875,253640000.0,49.58000183105469,745664.0,253.5,0.0,False
2017-08-06,2476.830078125,3239980000.0,22092.810546875,253640000.0,49.58000183105469,745664.0,265.67,0.0,False
2017-08-07,2480.909912109375,2935130000.0,22118.419921875,213010000.0,49.38999938964844,831374.0,269.8,0.0,False
2017-08-08,2474.919921875,3347480000.0,22085.33984375,262000000.0,49.16999816894531,924240.0,296.98,0.0,False
2017-08-09,2474.02001953125,3310960000.0,22048.69921875,277800000.0,49.560001373291016,858250.0,297.783,0.0,False
2017-08-10,2438.2099609375,3635820000.0,21844.009765625,303310000.0,48.59000015258789,1135440.0,300.2,0.0,False
2017-08-11,2441.320068359375,3161830000.0,21858.3203125,237790000.0,48.81999969482422,804237.0,310.0,0.0,False
2017-08-12,2441.320068359375,3161830000.0,21858.3203125,237790000.0,48.81999969482422,804237.0,309.5001,0.0,False
2017-08-13,2441.320068359375,3161830000.0,21858.3203125,237790000.0,48.81999969482422,804237.0,298.00001,0.0,False
2017-08-14,2465.840087890625,2824320000.0,21993.7109375,235030000.0,47.59000015258789,763241.0,302.70301,0.0,False
2017-08-15,2464.610107421875,2922430000.0,21998.990234375,269070000.0,47.54999923706055,770358.0,286.65014,0.0,False
2017-08-16,2468.110107421875,2956570000.0,22024.869140625,264920000.0,46.779998779296875,815544.0,301.3945,0.0,False
2017-08-17,2430.010009765625,3164950000.0,21750.73046875,311030000.0,47.09000015258789,608314.0,301.0925,0.0,False
2017-08-18,2425.550048828125,3426970000.0,21674.509765625,309070000.0,48.5099983215332,253069.0,295.04,0.0,False
2017-08-19,2425.550048828125,3426970000.0,21674.509765625,309070000.0,48.5099983215332,253069.0,295.7773725,0.0,False
2017-08-20,2425.550048828125,3426970000.0,21674.509765625,309070000.0,48.5099983215332,253069.0,299.1474975,0.0,False
2017-08-21,2428.3701171875,2803650000.0,21703.75,277880000.0,47.369998931884766,129192.0,316.60998,0.0,False
2017-08-22,2452.510009765625,2780990000.0,21899.890625,244980000.0,47.63999938964844,864387.0,311.1754925,0.0,False
2017-08-23,2444.0400390625,2796950000.0,21812.08984375,234810000.0,48.40999984741211,701693.0,313.6287475,0.0,False
2017-08-24,2438.969970703125,2849680000.0,21783.400390625,228480000.0,47.43000030517578,831358.0,319.4899975,0.0,False
2017-08-25,2443.050048828125,2593350000.0,21813.669921875,217570000.0,47.869998931884766,646518.0,323.6587675,0.0,False
2017-08-26,2443.050048828125,2593350000.0,21813.669921875,217570000.0,47.869998931884766,646518.0,324.7325,0.0,False
2017-08-27,2443.050048828125,2593350000.0,21813.669921875,217570000.0,47.869998931884766,646518.0,336.39,0.0,False
2017-08-28,2444.239990234375,2682920000.0,21808.400390625,218740000.0,46.56999969482422,921285.0,336.3025,0.0,False
2017-08-29,2446.300048828125,2739460000.0,21865.369140625,227340000.0,46.439998626708984,895643.0,354.6125,0.0,False
2017-08-30,2457.590087890625,2637780000.0,21892.4296875,242840000.0,45.959999084472656,895643.0,363.39,0.0,False
2017-08-31,2471.64990234375,3353860000.0,21948.099609375,376790000.0,47.22999954223633,882983.0,366.91075,0.0,False
2017-09-01,2476.550048828125,2712780000.0,21987.560546875,256240000.0,47.290000915527344,915708.0,369.2415,0.0,False
2017-09-02,2476.550048828125,2712780000.0,21987.560546875,256240000.0,47.290000915527344,915708.0,341.527,0.0,False
2017-09-03,2476.550048828125,2712780000.0,21987.560546875,256240000.0,47.290000915527344,915708.0,340.54975,0.0,False
2017-09-04,2476.550048828125,2712780000.0,21987.560546875,256240000.0,47.290000915527344,915708.0,307.1275,0.0,False
2017-09-05,2457.85009765625,3502190000.0,21753.310546875,332840000.0,48.65999984741211,742808.0,315.66,0.0,False
2017-09-06,2465.5400390625,3400200000.0,21807.640625,318760000.0,49.15999984741211,788963.0,330.575,0.0,False
2017-09-07,2465.10009765625,3365780000.0,21784.779296875,333810000.0,49.09000015258789,702514.0,327.62,0.0,False
2017-09-08,2461.429931640625,3308360000.0,21797.7890625,289400000.0,47.47999954223633,843760.0,307.0425,0.0,False
2017-09-09,2461.429931640625,3308360000.0,21797.7890625,289400000.0,47.47999954223633,843760.0,303.63,0.0,False
2017-09-10,2461.429931640625,3308360000.0,21797.7890625,289400000.0,47.47999954223633,843760.0,300.9175,0.0,False
2017-09-11,2488.110107421875,3293460000.0,22057.369140625,312770000.0,48.06999969482422,774468.0,299.1075,0.0,False
2017-09-12,2496.47998046875,3234280000.0,22118.859375,364580000.0,48.22999954223633,676040.0,296.065,0.0,False
2017-09-13,2498.3701171875,3371370000.0,22158.1796875,291890000.0,49.29999923706055,706925.0,282.3425,0.0,False
2017-09-14,2495.6201171875,3422470000.0,22203.48046875,297780000.0,49.88999938964844,709035.0,243.2675,0.0,False
2017-09-15,2500.22998046875,4862970000.0,22268.33984375,527540000.0,49.88999938964844,433597.0,270.185,0.0,False
2017-09-16,2500.22998046875,4862970000.0,22268.33984375,527540000.0,49.88999938964844,433597.0,266.905,0.0,False
2017-09-17,2500.22998046875,4862970000.0,22268.33984375,527540000.0,49.88999938964844,433597.0,270.185,0.0,False
2017-09-18,2503.8701171875,3204700000.0,22331.349609375,302740000.0,49.90999984741211,189605.0,298.935,0.0,False
2017-09-19,2506.64990234375,3253760000.0,22370.80078125,295570000.0,49.47999954223633,143379.0,287.595,0.0,False
2017-09-20,2508.239990234375,3584570000.0,22412.58984375,334560000.0,50.40999984741211,754413.0,287.6225,0.0,False
2017-09-21,2500.60009765625,2965590000.0,22359.23046875,287390000.0,50.54999923706055,580569.0,269.3425,0.0,False
2017-09-22,2502.219970703125,2877980000.0,22349.58984375,297140000.0,50.65999984741211,473795.0,273.035,0.0,False
2017-09-23,2502.219970703125,2877980000.0,22349.58984375,297140000.0,50.65999984741211,473795.0,289.8775,0.0,False
2017-09-24,2502.219970703125,2877980000.0,22349.58984375,297140000.0,50.65999984741211,473795.0,287.765,0.0,False
2017-09-25,2496.659912109375,3314530000.0,22296.08984375,332430000.0,52.220001220703125,701244.0,296.3025,0.0,False
2017-09-26,2496.840087890625,3070770000.0,22284.3203125,285990000.0,51.880001068115234,709515.0,291.66,0.0,False
2017-09-27,2507.0400390625,3485070000.0,22340.7109375,342900000.0,52.13999938964844,637035.0,308.005,0.0,False
2017-09-28,2510.06005859375,3173030000.0,22381.19921875,263010000.0,51.560001373291016,801816.0,302.35,0.0,False
2017-09-29,2519.360107421875,3220260000.0,22405.08984375,274790000.0,51.66999816894531,551982.0,294.87,0.0,False
2017-09-30,2519.360107421875,3220260000.0,22405.08984375,274790000.0,51.66999816894531,551982.0,301.75,0.0,False
2017-10-01,2519.360107421875,3220260000.0,22405.08984375,274790000.0,51.66999816894531,551982.0,302.9025,0.0,False
2017-10-02,2529.1201171875,3226370000.0,22557.599609375,268530000.0,50.58000183105469,600933.0,297.89,0.0,False
2017-10-03,2534.580078125,3073480000.0,22641.669921875,238830000.0,50.41999816894531,462735.0,294.3175,0.0,False
2017-10-04,2537.739990234375,3020770000.0,22661.640625,235730000.0,49.97999954223633,598836.0,294.36,0.0,False
2017-10-05,2552.070068359375,3059730000.0,22775.390625,246400000.0,50.790000915527344,654385.0,296.47,0.0,False
2017-10-06,2549.330078125,2898270000.0,22773.669921875,221450000.0,49.290000915527344,743114.0,305.99,0.0,False
2017-10-07,2549.330078125,2898270000.0,22773.669921875,221450000.0,49.290000915527344,743114.0,308.8675,0.0,False
2017-10-08,2549.330078125,2898270000.0,22773.669921875,221450000.0,49.290000915527344,743114.0,307.14,0.0,False
2017-10-09,2544.72998046875,2486940000.0,22761.0703125,310770000.0,49.58000183105469,505079.0,297.96,0.0,False
2017-10-10,2550.639892578125,2962610000.0,22830.6796875,319270000.0,50.91999816894531,664839.0,299.1075,0.0,False
2017-10-11,2555.239990234375,2991320000.0,22872.890625,316000000.0,51.29999923706055,651948.0,302.365,0.0,False
2017-10-12,2550.929931640625,3157280000.0,22841.009765625,291790000.0,50.599998474121094,729273.0,302.24,0.0,False
2017-10-13,2553.169921875,3150470000.0,22871.720703125,259560000.0,51.45000076293945,667497.0,327.8675,0.0,False
2017-10-14,2553.169921875,3150470000.0,22871.720703125,259560000.0,51.45000076293945,667497.0,328.9125,0.0,False
2017-10-15,2553.169921875,3150470000.0,22871.720703125,259560000.0,51.45000076293945,667497.0,327.7625,0.0,False
2017-10-16,2557.639892578125,2918030000.0,22956.9609375,247180000.0,51.869998931884766,520725.0,325.8775,0.0,False
2017-10-17,2559.360107421875,2901890000.0,22997.439453125,273090000.0,51.880001068115234,471612.0,312.8425,0.0,False
2017-10-18,2561.260009765625,2999320000.0,23157.599609375,271870000.0,52.040000915527344,152620.0,310.9625,0.0,False
2017-10-19,2562.10009765625,3019520000.0,23163.0390625,350400000.0,51.290000915527344,127413.0,306.4625,0.0,False
2017-10-20,2575.2099609375,3394450000.0,23328.630859375,474380000.0,51.470001220703125,674142.0,302.7475,0.0,False
2017-10-21,2575.2099609375,3394450000.0,23328.630859375,474380000.0,51.470001220703125,674142.0,300.52,0.0,False
2017-10-22,2575.2099609375,3394450000.0,23328.630859375,474380000.0,51.470001220703125,674142.0,296.555,0.0,False
2017-10-23,2564.97998046875,3214470000.0,23273.9609375,456830000.0,51.900001525878906,583563.0,289.8025,0.0,False
2017-10-24,2569.1298828125,3435660000.0,23441.759765625,406850000.0,52.470001220703125,709553.0,298.425,0.0,False
2017-10-25,2557.14990234375,3885470000.0,23329.4609375,399560000.0,52.18000030517578,681739.0,298.01,0.0,False
2017-10-26,2560.39990234375,3891750000.0,23400.859375,370600000.0,52.63999938964844,594647.0,297.38,0.0,False
2017-10-27,2581.070068359375,3896100000.0,23434.189453125,518870000.0,53.900001525878906,730915.0,298.3175,0.0,False
2017-10-28,2581.070068359375,3896100000.0,23434.189453125,518870000.0,53.900001525878906,730915.0,296.605,0.0,False
2017-10-29,2581.070068359375,3896100000.0,23434.189453125,518870000.0,53.900001525878906,730915.0,303.1275,0.0,False
2017-10-30,2572.830078125,3660230000.0,23348.740234375,436900000.0,54.150001525878906,565043.0,305.3825,0.0,False
2017-10-31,2575.260009765625,3844420000.0,23377.240234375,388050000.0,54.380001068115234,497295.0,303.27,0.0,False
2017-11-01,2579.360107421875,3841200000.0,23435.009765625,361260000.0,54.29999923706055,671038.0,293.32,0.0,False
2017-11-02,2579.85009765625,4050140000.0,23516.259765625,348040000.0,54.540000915527344,482846.0,289.0375,0.0,False
2017-11-03,2587.840087890625,3568710000.0,23539.189453125,312250000.0,55.63999938964844,614159.0,304.47,0.0,False
2017-11-04,2587.840087890625,3568710000.0,23539.189453125,312250000.0,55.63999938964844,614159.0,301.2575,0.0,False
2017-11-05,2587.840087890625,3568710000.0,23539.189453125,312250000.0,55.63999938964844,614159.0,297.2975,0.0,False
2017-11-06,2591.1298828125,3541970000.0,23548.419921875,325190000.0,57.349998474121094,861713.0,298.83,0.0,False
2017-11-07,2590.639892578125,3815190000.0,23557.23046875,285080000.0,57.20000076293945,750187.0,294.675,0.0,False
2017-11-08,2594.3798828125,3898450000.0,23563.359375,264670000.0,56.810001373291016,919147.0,306.365,0.0,False
2017-11-09,2584.6201171875,3844100000.0,23461.939453125,305440000.0,57.16999816894531,666949.0,315.735,0.0,False
2017-11-10,2582.300048828125,3489740000.0,23422.2109375,351280000.0,56.7400016784668,541296.0,299.0025,0.0,False
2017-11-11,2582.300048828125,3489740000.0,23422.2109375,351280000.0,56.7400016784668,541296.0,311.325,0.0,False
2017-11-12,2582.300048828125,3489740000.0,23422.2109375,351280000.0,56.7400016784668,541296.0,305.165,0.0,False
2017-11-13,2584.840087890625,3405200000.0,23439.69921875,491260000.0,56.7599983215332,631619.0,311.7125,0.0,False
2017-11-14,2578.8701171875,3643580000.0,23409.470703125,561330000.0,55.70000076293945,707338.0,326.8475,0.0,False
2017-11-15,2564.6201171875,3586590000.0,23271.279296875,404300000.0,55.33000183105469,501385.0,323.69,0.0,False
2017-11-16,2585.639892578125,3329730000.0,23458.359375,402020000.0,55.13999938964844,213923.0,322.04,0.0,False
2017-11-17,2578.85009765625,3309800000.0,23358.240234375,386000000.0,56.54999923706055,184944.0,324.1675,0.0,False
2017-11-18,2578.85009765625,3309800000.0,23358.240234375,386000000.0,56.54999923706055,184944.0,335.285,0.0,False
2017-11-19,2578.85009765625,3309800000.0,23358.240234375,386000000.0,56.54999923706055,184944.0,340.665,0.0,False
2017-11-20,2582.139892578125,3023940000.0,23430.330078125,315330000.0,56.09000015258789,593241.0,351.24,0.0,False
2017-11-21,2599.030029296875,3351230000.0,23590.830078125,329650000.0,56.83000183105469,619066.0,346.37,0.0,False
2017-11-22,2597.080078125,2764110000.0,23526.1796875,268760000.0,58.02000045776367,837411.0,361.0475,0.0,False
2017-11-23,2597.080078125,2764110000.0,23526.1796875,268760000.0,58.02000045776367,837411.0,381.0,0.0,False
2017-11-24,2602.419921875,1385890000.0,23557.990234375,118610000.0,58.95000076293945,577826.0,427.6125,0.0,False
2017-11-25,2602.419921875,1385890000.0,23557.990234375,118610000.0,58.95000076293945,577826.0,423.685,0.0,False
2017-11-26,2602.419921875,1385890000.0,23557.990234375,118610000.0,58.95000076293945,577826.0,427.485,0.0,False
2017-11-27,2601.419921875,3017720000.0,23580.779296875,296320000.0,58.11000061035156,690078.0,431.5375,0.0,False
2017-11-28,2627.0400390625,3493340000.0,23836.7109375,319240000.0,57.9900016784668,546526.0,425.07,0.0,False
2017-11-29,2626.070068359375,4090630000.0,23940.6796875,401410000.0,57.29999923706055,741564.0,398.8075,0.0,False
2017-11-30,2647.580078125,4965700000.0,24272.349609375,488200000.0,57.400001525878906,735128.0,402.2625,0.0,False
2017-12-01,2642.219970703125,3950930000.0,24231.58984375,417910000.0,58.36000061035156,685215.0,422.82,0.0,False
2017-12-02,2642.219970703125,3950930000.0,24231.58984375,417910000.0,58.36000061035156,685215.0,418.995,0.0,False
2017-12-03,2642.219970703125,3950930000.0,24231.58984375,417910000.0,58.36000061035156,685215.0,423.4525,0.0,False
2017-12-04,2639.43994140625,4025840000.0,24290.05078125,424250000.0,57.470001220703125,529965.0,426.17,0.0,False
2017-12-05,2629.570068359375,3547570000.0,24180.640625,371190000.0,57.619998931884766,499245.0,418.7675,0.0,False
2017-12-06,2629.27001953125,3253080000.0,24140.91015625,312720000.0,55.959999084472656,678992.0,393.1825,0.0,False
2017-12-07,2636.97998046875,3297060000.0,24211.48046875,319060000.0,56.689998626708984,557325.0,391.93,0.0,False
2017-12-08,2651.5,3126750000.0,24329.16015625,293590000.0,57.36000061035156,681599.0,416.1,0.0,False
2017-12-09,2651.5,3126750000.0,24329.16015625,293590000.0,57.36000061035156,681599.0,430.5825,0.0,False
2017-12-10,2651.5,3126750000.0,24329.16015625,293590000.0,57.36000061035156,681599.0,405.1,0.0,False
2017-12-11,2659.989990234375,3141480000.0,24386.029296875,300580000.0,57.9900016784668,606724.0,458.9875,0.0,False
2017-12-12,2664.110107421875,3568910000.0,24504.80078125,342220000.0,57.13999938964844,826488.0,571.6225,0.0,False
2017-12-13,2662.85009765625,3568360000.0,24585.4296875,325280000.0,56.599998474121094,658143.0,599.275,0.0,False
2017-12-14,2652.010009765625,3442760000.0,24508.66015625,314780000.0,57.040000915527344,580571.0,597.5375,0.0,False
2017-12-15,2675.81005859375,5736910000.0,24651.740234375,635740000.0,57.29999923706055,210054.0,589.8525,0.0,False
2017-12-16,2675.81005859375,5736910000.0,24651.740234375,635740000.0,57.29999923706055,210054.0,597.7025,0.0,False
2017-12-17,2675.81005859375,5736910000.0,24651.740234375,635740000.0,57.29999923706055,210054.0,615.915,0.0,False
2017-12-18,2690.159912109375,3727770000.0,24792.19921875,354880000.0,57.15999984741211,137151.0,664.31,0.0,False
2017-12-19,2681.469970703125,3407680000.0,24754.75,335330000.0,57.459999084472656,420784.0,689.36,0.0,False
2017-12-20,2679.25,3246230000.0,24726.650390625,341790000.0,58.09000015258789,420844.0,673.5925,0.0,False
2017-12-21,2684.570068359375,3293130000.0,24782.2890625,339530000.0,58.36000061035156,405320.0,660.0125,0.0,False
2017-12-22,2683.340087890625,2401030000.0,24754.060546875,255140000.0,58.470001220703125,324554.0,582.75,0.0,False
2017-12-23,2683.340087890625,2401030000.0,24754.060546875,255140000.0,58.470001220703125,324554.0,613.28,0.0,False
2017-12-24,2683.340087890625,2401030000.0,24754.060546875,255140000.0,58.470001220703125,324554.0,589.12,0.0,False
2017-12-25,2683.340087890625,2401030000.0,24754.060546875,255140000.0,58.470001220703125,324554.0,623.0725,0.0,False
2017-12-26,2680.5,1970660000.0,24746.2109375,208290000.0,59.970001220703125,437785.0,640.225,0.0,False
2017-12-27,2682.6201171875,2202900000.0,24774.30078125,225890000.0,59.63999938964844,402396.0,630.72,0.0,False
2017-12-28,2687.5400390625,2174890000.0,24837.509765625,200960000.0,59.84000015258789,345962.0,615.925,0.0,False
2017-12-29,2673.610107421875,2447760000.0,24719.220703125,270760000.0,60.41999816894531,464478.0,633.7925,0.0,False
2017-12-30,2673.610107421875,2447760000.0,24719.220703125,270760000.0,60.41999816894531,464478.0,602.385,0.0,False
2017-12-31,2673.610107421875,2447760000.0,24719.220703125,270760000.0,60.41999816894531,464478.0,631.33,0.0,False
2018-01-01,2673.610107421875,2447760000.0,24719.220703125,270760000.0,60.41999816894531,464478.0,642.1925,0.0,False
2018-01-02,2695.81005859375,3397430000.0,24824.009765625,341130000.0,60.369998931884766,510313.0,722.735,0.0,False
2018-01-03,2713.06005859375,3544030000.0,24922.6796875,456790000.0,61.630001068115234,673859.0,779.2925,0.0,False
2018-01-04,2723.989990234375,3697340000.0,25075.130859375,403280000.0,62.0099983215332,654363.0,785.22,0.0,False
2018-01-05,2743.14990234375,3239280000.0,25295.869140625,358020000.0,61.439998626708984,563036.0,799.39,0.0,False
2018-01-06,2743.14990234375,3239280000.0,25295.869140625,358020000.0,61.439998626708984,563036.0,828.06,0.0,False
2018-01-07,2743.14990234375,3239280000.0,25295.869140625,358020000.0,61.439998626708984,563036.0,908.3425,0.0,False
2018-01-08,2747.7099609375,3246160000.0,25283.0,341390000.0,61.72999954223633,616474.0,927.93,0.0,False
2018-01-09,2751.2900390625,3467460000.0,25385.80078125,333490000.0,62.959999084472656,844720.0,1042.3025,0.0,False
2018-01-10,2748.22998046875,3579900000.0,25369.130859375,341470000.0,63.56999969482422,697844.0,1011.4325,0.0,False
2018-01-11,2767.56005859375,3645690000.0,25574.73046875,346830000.0,63.79999923706055,876642.0,942.7425,0.0,False
2018-01-12,2786.239990234375,3587220000.0,25803.189453125,376390000.0,64.30000305175781,678727.0,1003.675,0.0,False
2018-01-13,2786.239990234375,3587220000.0,25803.189453125,376390000.0,64.30000305175781,678727.0,1117.195,0.0,False
2018-01-14,2786.239990234375,3587220000.0,25803.189453125,376390000.0,64.30000305175781,678727.0,1096.6925,0.0,False
2018-01-15,2786.239990234375,3587220000.0,25803.189453125,376390000.0,64.30000305175781,678727.0,1031.89,0.0,False
2018-01-16,2776.419921875,4362880000.0,25792.859375,606520000.0,63.72999954223633,867771.0,877.4925,0.0,False
2018-01-17,2802.56005859375,3790340000.0,26115.650390625,522720000.0,63.970001220703125,444384.0,844.1475,0.0,False
2018-01-18,2798.030029296875,3703300000.0,26017.810546875,492780000.0,63.95000076293945,204504.0,843.82,0.0,False
2018-01-19,2810.300048828125,3724230000.0,26071.720703125,585000000.0,63.369998931884766,142711.0,856.8075,0.0,False
2018-01-20,2810.300048828125,3724230000.0,26071.720703125,585000000.0,63.369998931884766,142711.0,939.86,0.0,False
2018-01-21,2810.300048828125,3724230000.0,26071.720703125,585000000.0,63.369998931884766,142711.0,862.0275,0.0,False
2018-01-22,2832.969970703125,3489480000.0,26214.599609375,431200000.0,63.4900016784668,625662.0,825.035,0.0,False
2018-01-23,2839.1298828125,3541140000.0,26210.810546875,433490000.0,64.47000122070312,662456.0,814.535,0.0,False
2018-01-24,2837.5400390625,4079270000.0,26252.119140625,518790000.0,65.61000061035156,887018.0,870.68,0.0,False
2018-01-25,2839.25,3873100000.0,26392.7890625,401390000.0,65.51000213623047,771758.0,858.49,0.0,False
2018-01-26,2872.8701171875,3474680000.0,26616.7109375,477780000.0,66.13999938964844,678186.0,861.65,0.0,False
2018-01-27,2872.8701171875,3474680000.0,26616.7109375,477780000.0,66.13999938964844,678186.0,903.365,0.0,False
2018-01-28,2872.8701171875,3474680000.0,26616.7109375,477780000.0,66.13999938964844,678186.0,990.6275,0.0,False
2018-01-29,2853.530029296875,3587420000.0,26439.48046875,421000000.0,65.55999755859375,656168.0,948.8075,0.0,False
2018-01-30,2822.429931640625,4012070000.0,26076.890625,448330000.0,64.5,688380.0,866.1125,0.0,False
2018-01-31,2823.81005859375,4276270000.0,26149.390625,479130000.0,64.7300033569336,613258.0,903.49,0.0,False
2018-02-01,2821.97998046875,3977380000.0,26186.7109375,410620000.0,65.80000305175781,685750.0,840.3575,0.0,False
2018-02-02,2762.1298828125,4340220000.0,25520.9609375,522880000.0,65.44999694824219,857572.0,759.595,0.0,False
2018-02-03,2762.1298828125,4340220000.0,25520.9609375,522880000.0,65.44999694824219,857572.0,801.7225,0.0,False
2018-02-04,2762.1298828125,4340220000.0,25520.9609375,522880000.0,65.44999694824219,857572.0,693.7625,0.0,False
2018-02-05,2648.93994140625,5310840000.0,24345.75,714450000.0,64.1500015258789,891063.0,593.7425,0.0,False
2018-02-06,2695.139892578125,5917350000.0,24912.76953125,823940000.0,63.38999938964844,797814.0,663.5,0.0,False
2018-02-07,2681.659912109375,4646300000.0,24893.349609375,504620000.0,61.790000915527344,1029408.0,637.8625,0.0,False
2018-02-08,2581.0,5333840000.0,23860.4609375,657500000.0,61.150001525878906,929578.0,684.9,0.0,False
2018-02-09,2619.550048828125,5690110000.0,24190.900390625,735030000.0,59.20000076293945,933307.0,734.01,0.0,False
2018-02-10,2619.550048828125,5690110000.0,24190.900390625,735030000.0,59.20000076293945,933307.0,713.3575,0.0,False
2018-02-11,2619.550048828125,5690110000.0,24190.900390625,735030000.0,59.20000076293945,933307.0,683.74,0.0,False
2018-02-12,2656.0,4069220000.0,24601.26953125,496610000.0,59.290000915527344,736917.0,724.29,0.0,False
2018-02-13,2662.93994140625,3503540000.0,24640.44921875,374410000.0,59.189998626708984,580600.0,705.675,0.0,False
2018-02-14,2698.6298828125,4011940000.0,24893.490234375,431160000.0,60.599998474121094,650324.0,765.8975,0.0,False
2018-02-15,2731.199951171875,3696140000.0,25200.369140625,416780000.0,61.34000015258789,340401.0,772.065,0.0,False
2018-02-16,2732.219970703125,3646920000.0,25219.380859375,406730000.0,61.68000030517578,181179.0,779.1625,0.0,False
2018-02-17,2732.219970703125,3646920000.0,25219.380859375,406730000.0,61.68000030517578,181179.0,807.42,0.0,False
2018-02-18,2732.219970703125,3646920000.0,25219.380859375,406730000.0,61.68000030517578,181179.0,761.545,0.0,False
2018-02-19,2732.219970703125,3646920000.0,25219.380859375,406730000.0,61.68000030517578,181179.0,780.3025,0.0,False
2018-02-20,2716.260009765625,3646920000.0,24964.75,421510000.0,61.900001525878906,794481.0,738.6375,0.0,False
2018-02-21,2701.330078125,3789040000.0,24797.779296875,456070000.0,61.68000030517578,466924.0,705.665,0.0,False
2018-02-22,2703.9599609375,3720620000.0,24962.48046875,378900000.0,62.77000045776367,592603.0,679.055,0.0,False
2018-02-23,2747.300048828125,3200360000.0,25309.990234375,335420000.0,63.54999923706055,460597.0,716.725,0.0,False
2018-02-24,2747.300048828125,3200360000.0,25309.990234375,335420000.0,63.54999923706055,460597.0,700.3075,0.0,False
2018-02-25,2747.300048828125,3200360000.0,25309.990234375,335420000.0,63.54999923706055,460597.0,706.195,0.0,False
2018-02-26,2779.60009765625,3436590000.0,25709.26953125,473360000.0,63.90999984741211,469853.0,725.2175,0.0,False
2018-02-27,2744.280029296875,3752070000.0,25410.029296875,438390000.0,63.0099983215332,562670.0,728.8125,0.0,False
2018-02-28,2713.830078125,4244570000.0,25029.19921875,451870000.0,61.63999938964844,768409.0,712.965,0.0,False
2018-03-01,2677.669921875,4514490000.0,24608.98046875,506280000.0,60.9900016784668,812505.0,727.3,0.0,False
2018-03-02,2691.25,3891250000.0,24538.060546875,437130000.0,61.25,613514.0,716.69,0.0,False
2018-03-03,2691.25,3891250000.0,24538.060546875,437130000.0,61.25,613514.0,716.075,0.0,False
2018-03-04,2691.25,3891250000.0,24538.060546875,437130000.0,61.25,613514.0,722.875,0.0,False
2018-03-05,2720.93994140625,3733640000.0,24874.759765625,383910000.0,62.56999969482422,599266.0,712.1825,0.0,False
2018-03-06,2728.1201171875,3389030000.0,24884.119140625,331770000.0,62.599998474121094,634953.0,686.58,0.0,False
2018-03-07,2726.800048828125,3406690000.0,24801.359375,394070000.0,61.150001525878906,879119.0,638.3075,0.0,False
2018-03-08,2738.969970703125,3206040000.0,24895.2109375,327300000.0,60.119998931884766,720510.0,599.145,0.0,False
2018-03-09,2786.570068359375,3376870000.0,25335.740234375,371570000.0,62.040000915527344,659722.0,620.455,0.0,False
2018-03-10,2786.570068359375,3376870000.0,25335.740234375,371570000.0,62.040000915527344,659722.0,587.2075,0.0,False
2018-03-11,2786.570068359375,3376870000.0,25335.740234375,371570000.0,62.040000915527344,659722.0,615.2675,0.0,False
2018-03-12,2783.02001953125,3216960000.0,25178.609375,362580000.0,61.36000061035156,537990.0,597.6175,0.0,False
2018-03-13,2765.31005859375,3324290000.0,25007.029296875,447880000.0,60.709999084472656,747738.0,592.0825,0.0,False
2018-03-14,2749.47998046875,3394630000.0,24758.119140625,356830000.0,60.959999084472656,665017.0,535.2225,0.0,False
2018-03-15,2747.330078125,3543710000.0,24873.66015625,316310000.0,61.189998626708984,430201.0,533.2975,0.0,False
2018-03-16,2752.010009765625,5429140000.0,24946.509765625,654240000.0,62.34000015258789,202493.0,526.03,0.0,False
2018-03-17,2752.010009765625,5429140000.0,24946.509765625,654240000.0,62.34000015258789,202493.0,487.4375,0.0,False
2018-03-18,2752.010009765625,5429140000.0,24946.509765625,654240000.0,62.34000015258789,202493.0,478.3275,0.0,False
2018-03-19,2712.919921875,3327460000.0,24610.91015625,377990000.0,62.060001373291016,115962.0,491.8925,0.0,False
2018-03-20,2716.93994140625,3272590000.0,24727.26953125,342510000.0,63.400001525878906,717709.0,493.8875,0.0,False
2018-03-21,2711.929931640625,3434780000.0,24682.310546875,343230000.0,65.16999816894531,763768.0,495.485,0.0,False
2018-03-22,2643.68994140625,3765460000.0,23957.890625,439280000.0,64.30000305175781,689172.0,480.32,0.0,False
2018-03-23,2588.260009765625,3829380000.0,23533.19921875,482550000.0,65.87999725341797,752994.0,483.0725,0.0,False
2018-03-24,2588.260009765625,3829380000.0,23533.19921875,482550000.0,65.87999725341797,752994.0,465.26,0.0,False
2018-03-25,2588.260009765625,3829380000.0,23533.19921875,482550000.0,65.87999725341797,752994.0,467.4675,0.0,False
2018-03-26,2658.550048828125,3538080000.0,24202.599609375,479540000.0,65.55000305175781,585899.0,440.11,0.0,False
2018-03-27,2612.6201171875,3761320000.0,23857.7109375,524480000.0,65.25,670811.0,412.2125,0.0,False
2018-03-28,2605.0,3875720000.0,23848.419921875,530040000.0,64.37999725341797,697678.0,409.705,0.0,False
2018-03-29,2640.8701171875,3572360000.0,24103.109375,463550000.0,64.94000244140625,562819.0,362.8075,0.0,False
2018-03-30,2640.8701171875,3572360000.0,24103.109375,463550000.0,64.94000244140625,562819.0,370.6925,0.0,False
2018-03-31,2640.8701171875,3572360000.0,24103.109375,463550000.0,64.94000244140625,562819.0,370.685,0.0,False
2018-04-01,2640.8701171875,3572360000.0,24103.109375,463550000.0,64.94000244140625,562819.0,359.2925,0.0,False
2018-04-02,2581.8798828125,3635780000.0,23644.189453125,509820000.0,63.0099983215332,582742.0,363.79,0.0,False
2018-04-03,2614.449951171875,3395840000.0,24033.359375,394130000.0,63.5099983215332,527289.0,387.3925,0.0,False
2018-04-04,2644.68994140625,3369230000.0,24264.30078125,388540000.0,63.369998931884766,760596.0,359.0975,0.0,False
2018-04-05,2662.840087890625,3230430000.0,24505.220703125,347790000.0,63.540000915527344,588597.0,361.1725,0.0,False
2018-04-06,2604.469970703125,3312390000.0,23932.759765625,395990000.0,62.060001373291016,753262.0,352.97,0.0,False
2018-04-07,2604.469970703125,3312390000.0,23932.759765625,395990000.0,62.060001373291016,753262.0,364.105,0.0,False
2018-04-08,2604.469970703125,3312390000.0,23932.759765625,395990000.0,62.060001373291016,753262.0,375.6975,0.0,False
2018-04-09,2613.159912109375,3076140000.0,23979.099609375,380790000.0,63.41999816894531,655831.0,374.52,0.0,False
2018-04-10,2656.8701171875,3579130000.0,24408.0,368590000.0,65.51000213623047,840280.0,387.0,0.0,False
2018-04-11,2642.18994140625,3054520000.0,24189.44921875,286360000.0,66.81999969482422,963017.0,398.22,0.0,False
2018-04-12,2663.989990234375,3045330000.0,24483.05078125,336130000.0,67.06999969482422,687468.0,445.885,0.0,False
2018-04-13,2656.300048828125,2988540000.0,24360.140625,331890000.0,67.38999938964844,624203.0,446.425,0.0,False
2018-04-14,2656.300048828125,2988540000.0,24360.140625,331890000.0,67.38999938964844,624203.0,452.3325,0.0,False
2018-04-15,2656.300048828125,2988540000.0,24360.140625,331890000.0,67.38999938964844,624203.0,476.175,0.0,False
2018-04-16,2677.840087890625,3020740000.0,24573.0390625,305070000.0,66.22000122070312,560076.0,459.09,0.0,False
2018-04-17,2706.389892578125,3286190000.0,24786.630859375,342410000.0,66.5199966430664,486076.0,452.325,0.0,False
2018-04-18,2708.639892578125,3412030000.0,24748.0703125,302030000.0,68.47000122070312,221664.0,469.7175,0.0,False
2018-04-19,2693.1298828125,3375120000.0,24664.890625,381110000.0,68.29000091552734,125993.0,500.47,0.0,False
2018-04-20,2670.139892578125,3428260000.0,24462.939453125,537770000.0,68.37999725341797,724906.0,538.6325,0.0,False
2018-04-21,2670.139892578125,3428260000.0,24462.939453125,537770000.0,68.37999725341797,724906.0,529.72,0.0,False
2018-04-22,2670.139892578125,3428260000.0,24462.939453125,537770000.0,68.37999725341797,724906.0,540.95,0.0,False
2018-04-23,2670.2900390625,3030390000.0,24448.689453125,351030000.0,68.63999938964844,740941.0,558.5275,0.0,False
2018-04-24,2634.56005859375,3716020000.0,24024.130859375,468180000.0,67.69999694824219,832296.0,603.2525,0.0,False
2018-04-25,2639.39990234375,3563680000.0,24083.830078125,437100000.0,68.05000305175781,764049.0,538.4825,0.0,False
2018-04-26,2666.93994140625,3690920000.0,24322.33984375,390360000.0,68.19000244140625,660549.0,571.715,0.0,False
2018-04-27,2669.909912109375,3234510000.0,24311.189453125,392810000.0,68.0999984741211,542549.0,557.54,0.0,False
2018-04-28,2669.909912109375,3234510000.0,24311.189453125,392810000.0,68.0999984741211,542549.0,587.67,0.0,False
2018-04-29,2669.909912109375,3234510000.0,24311.189453125,392810000.0,68.0999984741211,542549.0,592.165,0.0,False
2018-04-30,2648.050048828125,3749510000.0,24163.150390625,416650000.0,68.56999969482422,755186.0,577.73,0.0,False
2018-05-01,2654.800048828125,3562820000.0,24099.05078125,380070000.0,67.25,694771.0,578.2225,0.0,False
2018-05-02,2635.669921875,4047020000.0,23924.98046875,385350000.0,67.93000030517578,789367.0,589.7675,0.0,False
2018-05-03,2629.72998046875,3867530000.0,23930.150390625,389240000.0,68.43000030517578,691219.0,657.3,0.0,False
2018-05-04,2663.419921875,3335260000.0,24262.509765625,329480000.0,69.72000122070312,690876.0,662.4225,0.0,False
2018-05-05,2663.419921875,3335260000.0,24262.509765625,329480000.0,69.72000122070312,690876.0,685.4025,0.0,False
2018-05-06,2663.419921875,3335260000.0,24262.509765625,329480000.0,69.72000122070312,690876.0,665.14,0.0,False
2018-05-07,2672.6298828125,3266810000.0,24357.3203125,307670000.0,70.7300033569336,758916.0,639.8775,0.0,False
2018-05-08,2671.919921875,3745100000.0,24360.2109375,344940000.0,69.05999755859375,1253566.0,636.155,0.0,False
2018-05-09,2697.7900390625,3913650000.0,24542.5390625,361580000.0,71.13999938964844,863386.0,638.22,0.0,False
2018-05-10,2723.070068359375,3380640000.0,24739.529296875,304210000.0,71.36000061035156,749808.0,618.105,0.0,False
2018-05-11,2727.719970703125,2874850000.0,24831.169921875,274150000.0,70.69999694824219,634145.0,583.56,0.0,False
2018-05-12,2727.719970703125,2874850000.0,24831.169921875,274150000.0,70.69999694824219,634145.0,587.8575,0.0,False
2018-05-13,2727.719970703125,2874850000.0,24831.169921875,274150000.0,70.69999694824219,634145.0,622.585,0.0,False
2018-05-14,2730.1298828125,2994360000.0,24899.41015625,282860000.0,70.95999908447266,592826.0,621.1225,0.0,False
2018-05-15,2711.449951171875,3291190000.0,24706.41015625,301900000.0,71.30999755859375,815289.0,604.6875,0.0,False
2018-05-16,2722.4599609375,3248480000.0,24768.9296875,280810000.0,71.48999786376953,574279.0,605.5925,0.0,False
2018-05-17,2720.1298828125,3478150000.0,24713.98046875,314650000.0,71.48999786376953,562639.0,576.655,0.0,False
2018-05-18,2712.969970703125,3383270000.0,24715.08984375,269700000.0,71.27999877929688,211785.0,594.9825,0.0,False
2018-05-19,2712.969970703125,3383270000.0,24715.08984375,269700000.0,71.27999877929688,211785.0,597.56,0.0,False
2018-05-20,2712.969970703125,3383270000.0,24715.08984375,269700000.0,71.27999877929688,211785.0,611.2775,0.0,False
2018-05-21,2733.010009765625,3053480000.0,25013.2890625,308920000.0,72.23999786376953,119892.0,598.0325,0.0,False
2018-05-22,2724.43994140625,3384140000.0,24834.41015625,288200000.0,72.12999725341797,723458.0,556.57,0.0,False
2018-05-23,2733.2900390625,3333160000.0,24886.810546875,399610000.0,71.83999633789062,702791.0,507.5625,0.0,False
2018-05-24,2727.760009765625,3285750000.0,24811.759765625,347050000.0,70.70999908447266,640725.0,527.1675,0.0,False
2018-05-25,2721.330078125,3015260000.0,24753.08984375,257210000.0,67.87999725341797,955354.0,514.07,0.0,False
2018-05-26,2721.330078125,3015260000.0,24753.08984375,257210000.0,67.87999725341797,955354.0,514.34,0.0,False
2018-05-27,2721.330078125,3015260000.0,24753.08984375,257210000.0,67.87999725341797,955354.0,502.8575,0.0,False
2018-05-28,2721.330078125,3015260000.0,24753.08984375,257210000.0,67.87999725341797,955354.0,459.135,0.0,False
2018-05-29,2689.860107421875,3743310000.0,24361.44921875,395810000.0,66.7300033569336,1059750.0,500.4625,0.0,False
2018-05-30,2724.010009765625,3566490000.0,24667.779296875,324870000.0,68.20999908447266,726886.0,493.1675,0.0,False
2018-05-31,2705.27001953125,4241100000.0,24415.83984375,429740000.0,67.04000091552734,917563.0,508.475,0.0,False
2018-06-01,2734.6201171875,3694310000.0,24635.2109375,315710000.0,65.80999755859375,781103.0,509.5225,0.0,False
2018-06-02,2734.6201171875,3694310000.0,24635.2109375,315710000.0,65.80999755859375,781103.0,518.3775,0.0,False
2018-06-03,2734.6201171875,3694310000.0,24635.2109375,315710000.0,65.80999755859375,781103.0,539.52,0.0,False
2018-06-04,2746.8701171875,3410090000.0,24813.689453125,340400000.0,64.75,696050.0,518.825,0.0,False
2018-06-05,2748.800048828125,3523550000.0,24799.98046875,306340000.0,65.5199966430664,714674.0,531.4075,0.0,False
2018-06-06,2772.35009765625,3662780000.0,25146.390625,316090000.0,64.7300033569336,708829.0,529.885,0.0,False
2018-06-07,2770.3701171875,3742080000.0,25241.41015625,357680000.0,65.94999694824219,675041.0,528.335,0.0,False
2018-06-08,2779.030029296875,3138850000.0,25316.529296875,317510000.0,65.73999786376953,571224.0,525.515,0.0,False
2018-06-09,2779.030029296875,3138850000.0,25316.529296875,317510000.0,65.73999786376953,571224.0,520.2425,0.0,False
2018-06-10,2779.030029296875,3138850000.0,25316.529296875,317510000.0,65.73999786376953,571224.0,469.4425,0.0,False
2018-06-11,2782.0,3262130000.0,25322.310546875,276740000.0,66.0999984741211,558281.0,473.955,0.0,False
2018-06-12,2786.85009765625,3435700000.0,25320.73046875,265750000.0,66.36000061035156,524411.0,446.4175,0.0,False
2018-06-13,2775.6298828125,3820770000.0,25201.19921875,329700000.0,66.63999938964844,626398.0,432.845,0.0,False
2018-06-14,2782.489990234375,3540930000.0,25175.310546875,341170000.0,66.88999938964844,460168.0,465.25,0.0,False
2018-06-15,2779.659912109375,5451990000.0,25090.48046875,659370000.0,65.05999755859375,512591.0,441.0175,0.0,False
2018-06-16,2779.659912109375,5451990000.0,25090.48046875,659370000.0,65.05999755859375,512591.0,448.4975,0.0,False
2018-06-17,2779.659912109375,5451990000.0,25090.48046875,659370000.0,65.05999755859375,512591.0,447.5175,0.0,False
2018-06-18,2773.75,3316120000.0,24987.470703125,337070000.0,65.8499984741211,218933.0,463.5875,0.0,False
2018-06-19,2762.590087890625,3671160000.0,24700.2109375,376380000.0,65.06999969482422,122646.0,479.5575,0.0,False
2018-06-20,2767.320068359375,3332140000.0,24657.80078125,359520000.0,66.22000122070312,801625.0,477.585,0.0,False
2018-06-21,2749.760009765625,3336580000.0,24461.69921875,349570000.0,65.54000091552734,760719.0,469.5375,0.0,False
2018-06-22,2754.8798828125,5468110000.0,24580.890625,473970000.0,68.58000183105469,1136232.0,422.3925,0.0,False
2018-06-23,2754.8798828125,5468110000.0,24580.890625,473970000.0,68.58000183105469,1136232.0,431.485,0.0,False
2018-06-24,2754.8798828125,5468110000.0,24580.890625,473970000.0,68.58000183105469,1136232.0,416.71,0.0,False
2018-06-25,2717.070068359375,3663280000.0,24252.80078125,439130000.0,68.08000183105469,816207.0,419.2825,0.0,False
2018-06-26,2723.06005859375,3568900000.0,24283.109375,301130000.0,70.52999877929688,848537.0,397.6625,0.0,False
2018-06-27,2699.6298828125,3803990000.0,24117.58984375,313790000.0,72.76000213623047,775155.0,406.635,0.0,False
2018-06-28,2716.31005859375,3461100000.0,24216.05078125,305020000.0,73.44999694824219,717347.0,390.465,0.0,False
2018-06-29,2718.3701171875,3586800000.0,24271.41015625,329070000.0,74.1500015258789,602399.0,401.605,0.0,False
2018-06-30,2718.3701171875,3586800000.0,24271.41015625,329070000.0,74.1500015258789,602399.0,415.4925,0.0,False
2018-07-01,2718.3701171875,3586800000.0,24271.41015625,329070000.0,74.1500015258789,602399.0,414.335,0.0,False
2018-07-02,2726.7099609375,3095040000.0,24307.1796875,244110000.0,73.94000244140625,652167.0,432.9225,0.0,False
2018-07-03,2713.219970703125,1911460000.0,24174.8203125,160960000.0,74.13999938964844,667235.0,421.8975,0.0,False
2018-07-04,2713.219970703125,1911460000.0,24174.8203125,160960000.0,74.13999938964844,667235.0,425.65,0.0,False
2018-07-05,2736.610107421875,2980160000.0,24356.740234375,237670000.0,72.94000244140625,841632.0,426.125,0.0,False
2018-07-06,2759.820068359375,2590250000.0,24456.48046875,219450000.0,73.80000305175781,611419.0,427.1225,0.0,False
2018-07-07,2759.820068359375,2590250000.0,24456.48046875,219450000.0,73.80000305175781,611419.0,439.12,0.0,False
2018-07-08,2759.820068359375,2590250000.0,24456.48046875,219450000.0,73.80000305175781,611419.0,440.1525,0.0,False
2018-07-09,2784.169921875,3070060000.0,24776.58984375,240580000.0,73.8499984741211,533003.0,429.0625,0.0,False
2018-07-10,2793.840087890625,3080140000.0,24919.66015625,235040000.0,74.11000061035156,586829.0,400.1225,0.0,False
2018-07-11,2774.02001953125,2986180000.0,24700.44921875,237370000.0,70.37999725341797,861726.0,409.615,0.0,False
2018-07-12,2798.2900390625,2834230000.0,24924.890625,233150000.0,70.33000183105469,707887.0,398.7125,0.0,False
2018-07-13,2801.31005859375,2619790000.0,25019.41015625,255520000.0,71.01000213623047,530277.0,399.4675,0.0,False
2018-07-14,2801.31005859375,2619790000.0,25019.41015625,255520000.0,71.01000213623047,530277.0,400.755,0.0,False
2018-07-15,2801.31005859375,2619790000.0,25019.41015625,255520000.0,71.01000213623047,530277.0,412.2825,0.0,False
2018-07-16,2798.429931640625,2819860000.0,25064.359375,231270000.0,68.05999755859375,530480.0,434.4275,0.0,False
2018-07-17,2809.550048828125,3064920000.0,25119.890625,250450000.0,68.08000183105469,440727.0,449.845,0.0,False
2018-07-18,2815.6201171875,3111560000.0,25199.2890625,252870000.0,68.76000213623047,187313.0,434.735,0.0,False
2018-07-19,2804.489990234375,3278360000.0,25064.5,285760000.0,69.45999908447266,103220.0,426.9075,0.0,False
2018-07-20,2801.830078125,3243250000.0,25058.119140625,274080000.0,70.45999908447266,500967.0,412.09,0.0,False
2018-07-21,2801.830078125,3243250000.0,25058.119140625,274080000.0,70.45999908447266,500967.0,421.4325,0.0,False
2018-07-22,2801.830078125,3243250000.0,25058.119140625,274080000.0,70.45999908447266,500967.0,418.3525,0.0,False
2018-07-23,2806.97998046875,2928490000.0,25044.2890625,228820000.0,67.88999938964844,555915.0,412.335,0.0,False
2018-07-24,2820.39990234375,3430410000.0,25241.939453125,274940000.0,68.5199966430664,524591.0,435.555,0.0,False
2018-07-25,2846.070068359375,3584400000.0,25414.099609375,273670000.0,69.30000305175781,622913.0,428.8225,0.0,False
2018-07-26,2837.43994140625,3667290000.0,25527.0703125,297530000.0,69.61000061035156,489059.0,421.8725,0.0,False
2018-07-27,2818.820068359375,3434370000.0,25451.060546875,329680000.0,68.69000244140625,460450.0,427.265,0.0,False
2018-07-28,2818.820068359375,3434370000.0,25451.060546875,329680000.0,68.69000244140625,460450.0,426.5925,0.0,False
2018-07-29,2818.820068359375,3434370000.0,25451.060546875,329680000.0,68.69000244140625,460450.0,425.1725,0.0,False
2018-07-30,2802.60009765625,3261190000.0,25306.830078125,296880000.0,70.12999725341797,463011.0,417.7025,0.0,False
2018-07-31,2816.2900390625,3906890000.0,25415.189453125,348700000.0,68.76000213623047,519070.0,399.4025,0.0,False
2018-08-01,2813.360107421875,3501350000.0,25333.8203125,315880000.0,67.66000366210938,576561.0,390.12,0.0,False
2018-08-02,2827.219970703125,3501380000.0,25326.16015625,307700000.0,68.95999908447266,531071.0,383.5525,0.0,False
2018-08-03,2840.35009765625,3043690000.0,25462.580078125,239020000.0,68.48999786376953,476615.0,388.6725,0.0,False
2018-08-04,2840.35009765625,3043690000.0,25462.580078125,239020000.0,68.48999786376953,476615.0,380.42,0.0,False
2018-08-05,2840.35009765625,3043690000.0,25462.580078125,239020000.0,68.48999786376953,476615.0,382.0725,0.0,False
2018-08-06,2850.39990234375,2879020000.0,25502.1796875,238990000.0,69.01000213623047,495605.0,379.185,0.0,False
2018-08-07,2858.449951171875,3185440000.0,25628.91015625,239910000.0,69.16999816894531,485027.0,358.8975,0.0,False
2018-08-08,2857.699951171875,2978070000.0,25583.75,217770000.0,66.94000244140625,760313.0,342.06,0.0,False
2018-08-09,2853.580078125,3066180000.0,25509.23046875,214970000.0,66.80999755859375,509401.0,348.02,0.0,False
2018-08-10,2833.280029296875,3265590000.0,25313.140625,234480000.0,67.62999725341797,524490.0,323.1675,0.0,False
2018-08-11,2833.280029296875,3265590000.0,25313.140625,234480000.0,67.62999725341797,524490.0,313.945,0.0,False
2018-08-12,2833.280029296875,3265590000.0,25313.140625,234480000.0,67.62999725341797,524490.0,314.1425,0.0,False
2018-08-13,2821.929931640625,3173630000.0,25187.69921875,219990000.0,67.19999694824219,578219.0,288.5175,0.0,False
2018-08-14,2839.9599609375,2986500000.0,25299.919921875,219210000.0,67.04000091552734,538484.0,284.4875,0.0,False
2018-08-15,2818.3701171875,3656680000.0,25162.41015625,295810000.0,65.01000213623047,573473.0,286.4125,0.0,False
2018-08-16,2840.68994140625,3232000000.0,25558.73046875,342430000.0,65.45999908447266,383380.0,290.6325,0.0,False
2018-08-17,2850.1298828125,3037640000.0,25669.3203125,284160000.0,65.91000366210938,171403.0,313.66,0.0,False
2018-08-18,2850.1298828125,3037640000.0,25669.3203125,284160000.0,65.91000366210938,171403.0,297.0075,0.0,False
2018-08-19,2850.1298828125,3037640000.0,25669.3203125,284160000.0,65.91000366210938,171403.0,300.335,0.0,False
2018-08-20,2857.050048828125,2757150000.0,25758.689453125,248570000.0,66.43000030517578,112709.0,278.5175,0.0,False
2018-08-21,2862.9599609375,3174010000.0,25822.2890625,241620000.0,67.3499984741211,437164.0,286.1975,0.0,False
2018-08-22,2861.820068359375,2701250000.0,25733.599609375,200480000.0,67.86000061035156,581899.0,278.1925,0.0,False
2018-08-23,2856.97998046875,2724450000.0,25656.98046875,213270000.0,67.83000183105469,450690.0,282.2925,0.0,False
2018-08-24,2874.68994140625,2603010000.0,25790.349609375,200330000.0,68.72000122070312,517796.0,286.7375,0.0,False
2018-08-25,2874.68994140625,2603010000.0,25790.349609375,200330000.0,68.72000122070312,517796.0,283.92,0.0,False
2018-08-26,2874.68994140625,2603010000.0,25790.349609375,200330000.0,68.72000122070312,517796.0,281.1675,0.0,False
2018-08-27,2896.739990234375,2865070000.0,26049.640625,220510000.0,68.87000274658203,332612.0,291.4725,0.0,False
2018-08-28,2897.52001953125,2687770000.0,26064.01953125,211470000.0,68.52999877929688,426833.0,297.125,0.0,False
2018-08-29,2914.0400390625,2805520000.0,26124.5703125,214960000.0,69.51000213623047,497095.0,291.8875,0.0,False
2018-08-30,2901.1298828125,2810450000.0,25986.919921875,240440000.0,70.25,445584.0,288.64,0.0,False
2018-08-31,2901.52001953125,2887220000.0,25964.8203125,273440000.0,69.80000305175781,419739.0,286.7775,0.0,False
2018-09-01,2901.52001953125,2887220000.0,25964.8203125,273440000.0,69.80000305175781,419739.0,296.7475,0.0,False
2018-09-02,2901.52001953125,2887220000.0,25964.8203125,273440000.0,69.80000305175781,419739.0,296.5625,0.0,False
2018-09-03,2901.52001953125,2887220000.0,25964.8203125,273440000.0,69.80000305175781,419739.0,291.9825,0.0,False
2018-09-04,2896.719970703125,3087420000.0,25952.48046875,254600000.0,69.87000274658203,785981.0,289.2925,0.0,False
2018-09-05,2888.60009765625,3248780000.0,25974.990234375,289210000.0,68.72000122070312,542104.0,246.325,0.0,False
2018-09-06,2878.050048828125,3144240000.0,25995.869140625,262380000.0,67.7699966430664,633824.0,247.3125,0.0,False
2018-09-07,2871.679931640625,2976580000.0,25916.5390625,281350000.0,67.75,530895.0,236.8575,0.0,False
2018-09-08,2871.679931640625,2976580000.0,25916.5390625,281350000.0,67.75,530895.0,222.99,0.0,False
2018-09-09,2871.679931640625,2976580000.0,25916.5390625,281350000.0,67.75,530895.0,222.42,0.0,False
2018-09-10,2877.1298828125,2751100000.0,25857.0703125,252170000.0,67.54000091552734,571174.0,223.195,0.0,False
2018-09-11,2887.889892578125,2904500000.0,25971.060546875,265960000.0,69.25,676869.0,214.2775,0.0,False
2018-09-12,2888.919921875,3341280000.0,25998.919921875,282770000.0,70.37000274658203,800543.0,212.5925,0.0,False
2018-09-13,2904.179931640625,3274090000.0,26145.990234375,260800000.0,68.58999633789062,684937.0,234.1675,0.0,False
2018-09-14,2904.97998046875,3179410000.0,26154.669921875,228640000.0,68.98999786376953,611075.0,233.9725,0.0,False
2018-09-15,2904.97998046875,3179410000.0,26154.669921875,228640000.0,68.98999786376953,611075.0,241.87,0.0,False
2018-09-16,2904.97998046875,3179410000.0,26154.669921875,228640000.0,68.98999786376953,611075.0,240.5775,0.0,False
2018-09-17,2888.800048828125,2967980000.0,26062.119140625,230230000.0,68.91000366210938,422294.0,222.5475,0.0,False
2018-09-18,2904.31005859375,3091190000.0,26246.9609375,243000000.0,69.8499984741211,234202.0,231.7575,0.0,False
2018-09-19,2907.949951171875,3302460000.0,26405.759765625,251330000.0,71.12000274658203,125208.0,232.8275,0.0,False
2018-09-20,2930.75,3406520000.0,26656.98046875,260480000.0,70.80000305175781,607520.0,243.7475,0.0,False
2018-09-21,2929.669921875,5652470000.0,26743.5,657620000.0,70.77999877929688,855943.0,261.285,0.0,False
2018-09-22,2929.669921875,5652470000.0,26743.5,657620000.0,70.77999877929688,855943.0,255.83,0.0,False
2018-09-23,2929.669921875,5652470000.0,26743.5,657620000.0,70.77999877929688,855943.0,258.7675,0.0,False
2018-09-24,2919.3701171875,3392030000.0,26562.05078125,254850000.0,72.08000183105469,576894.0,246.505,0.0,False
2018-09-25,2915.56005859375,3330880000.0,26492.2109375,234110000.0,72.27999877929688,551280.0,239.84,0.0,False
2018-09-26,2905.969970703125,3417540000.0,26385.279296875,262620000.0,71.56999969482422,464463.0,235.9925,0.0,False
2018-09-27,2914.0,3101360000.0,26439.9296875,226350000.0,72.12000274658203,454549.0,247.185,0.0,False
2018-09-28,2913.97998046875,3461680000.0,26458.310546875,264030000.0,73.25,544047.0,241.3625,0.0,False
2018-09-29,2913.97998046875,3461680000.0,26458.310546875,264030000.0,73.25,544047.0,248.84,0.0,False
2018-09-30,2913.97998046875,3461680000.0,26458.310546875,264030000.0,73.25,544047.0,249.6,0.0,False
2018-10-01,2924.590087890625,3375890000.0,26651.2109375,238320000.0,75.30000305175781,601451.0,248.15,0.0,False
2018-10-02,2923.429931640625,3432620000.0,26773.939453125,258290000.0,75.2300033569336,463615.0,244.0525,0.0,False
2018-10-03,2925.510009765625,3625510000.0,26828.390625,280130000.0,76.41000366210938,698817.0,239.7975,0.0,False
2018-10-04,2901.610107421875,3510370000.0,26627.48046875,289600000.0,74.33000183105469,687949.0,241.24,0.0,False
2018-10-05,2885.570068359375,3340820000.0,26447.05078125,267100000.0,74.33999633789062,613218.0,245.41,0.0,False
2018-10-06,2885.570068359375,3340820000.0,26447.05078125,267100000.0,74.33999633789062,613218.0,243.5,0.0,False
2018-10-07,2885.570068359375,3340820000.0,26447.05078125,267100000.0,74.33999633789062,613218.0,244.05,0.0,False
2018-10-08,2884.429931640625,3381820000.0,26486.779296875,273020000.0,74.29000091552734,554938.0,246.3275,0.0,False
2018-10-09,2880.340087890625,3531690000.0,26430.5703125,282560000.0,74.95999908447266,623537.0,245.23,0.0,False
2018-10-10,2785.679931640625,4554260000.0,25598.740234375,438200000.0,73.16999816894531,652737.0,243.225,0.0,False
2018-10-11,2728.3701171875,4914090000.0,25052.830078125,522880000.0,70.97000122070312,783962.0,216.7175,0.0,False
2018-10-12,2767.1298828125,4024010000.0,25339.990234375,397510000.0,71.33999633789062,626668.0,220.9925,0.0,False
2018-10-13,2767.1298828125,4024010000.0,25339.990234375,397510000.0,71.33999633789062,626668.0,223.0975,0.0,False
2018-10-14,2767.1298828125,4024010000.0,25339.990234375,397510000.0,71.33999633789062,626668.0,219.3025,0.0,False
2018-10-15,2750.7900390625,3327160000.0,25250.55078125,287320000.0,71.77999877929688,568610.0,229.0225,0.0,False
2018-10-16,2809.919921875,3460260000.0,25798.419921875,305800000.0,71.91999816894531,535003.0,229.68,0.0,False
2018-10-17,2809.2099609375,3347090000.0,25706.6796875,298210000.0,69.75,651584.0,228.0,0.0,False
2018-10-18,2768.780029296875,3639300000.0,25379.44921875,328020000.0,68.6500015258789,215337.0,224.85,0.0,False
2018-10-19,2767.780029296875,3593940000.0,25444.33984375,350810000.0,69.12000274658203,108311.0,225.6925,0.0,False
2018-10-20,2767.780029296875,3593940000.0,25444.33984375,350810000.0,69.12000274658203,108311.0,227.4825,0.0,False
2018-10-21,2767.780029296875,3593940000.0,25444.33984375,350810000.0,69.12000274658203,108311.0,227.06,0.0,False
2018-10-22,2755.8798828125,3331270000.0,25317.41015625,314940000.0,69.16999816894531,513770.0,226.345,0.0,False
2018-10-23,2740.68994140625,4373710000.0,25191.4296875,436430000.0,66.43000030517578,853265.0,226.335,0.0,False
2018-10-24,2656.10009765625,4738670000.0,24583.419921875,496400000.0,66.81999969482422,775963.0,226.0375,0.0,False
2018-10-25,2705.570068359375,4663930000.0,24984.55078125,439670000.0,67.33000183105469,573096.0,225.2125,0.0,False
2018-10-26,2658.68994140625,4804330000.0,24688.310546875,505310000.0,67.58999633789062,595211.0,226.0075,0.0,False
2018-10-27,2658.68994140625,4804330000.0,24688.310546875,505310000.0,67.58999633789062,595211.0,226.5725,0.0,False
2018-10-28,2658.68994140625,4804330000.0,24688.310546875,505310000.0,67.58999633789062,595211.0,227.3175,0.0,False
2018-10-29,2641.25,4701260000.0,24442.919921875,443850000.0,67.04000091552734,477487.0,221.2275,0.0,False
2018-10-30,2682.6298828125,5125600000.0,24874.640625,470050000.0,66.18000030517578,680441.0,221.99,0.0,False
2018-10-31,2711.739990234375,5133380000.0,25115.759765625,448930000.0,65.30999755859375,666487.0,223.185,0.0,False
2018-11-01,2740.3701171875,4730250000.0,25380.740234375,383970000.0,63.689998626708984,790286.0,223.865,0.0,False
2018-11-02,2723.06005859375,4261230000.0,25270.830078125,429480000.0,63.13999938964844,708906.0,225.24,0.0,False
2018-11-03,2723.06005859375,4261230000.0,25270.830078125,429480000.0,63.13999938964844,708906.0,224.2775,0.0,False
2018-11-04,2723.06005859375,4261230000.0,25270.830078125,429480000.0,63.13999938964844,708906.0,233.0625,0.0,False
2018-11-05,2738.31005859375,3650910000.0,25461.69921875,334740000.0,63.099998474121094,609129.0,231.935,0.0,False
2018-11-06,2755.449951171875,3543800000.0,25635.009765625,265450000.0,62.209999084472656,761240.0,239.395,0.0,False
2018-11-07,2813.889892578125,3929080000.0,26180.30078125,361780000.0,61.66999816894531,866628.0,238.065,0.0,False
2018-11-08,2806.830078125,3673550000.0,26191.220703125,295650000.0,60.66999816894531,764546.0,233.0975,0.0,False
2018-11-09,2781.010009765625,4029030000.0,25989.30078125,324450000.0,60.189998626708984,821729.0,231.5175,0.0,False
2018-11-10,2781.010009765625,4029030000.0,25989.30078125,324450000.0,60.189998626708984,821729.0,233.2325,0.0,False
2018-11-11,2781.010009765625,4029030000.0,25989.30078125,324450000.0,60.189998626708984,821729.0,232.8775,0.0,False
2018-11-12,2726.219970703125,3701570000.0,25387.1796875,346910000.0,59.93000030517578,806219.0,232.0275,0.0,False
2018-11-13,2722.179931640625,4112820000.0,25286.490234375,339690000.0,55.689998626708984,1095643.0,227.93,0.0,False
2018-11-14,2701.580078125,4449060000.0,25080.5,384240000.0,56.25,844696.0,208.9525,0.0,False
2018-11-15,2730.199951171875,4204960000.0,25289.26953125,392750000.0,56.459999084472656,256499.0,209.4675,0.0,False
2018-11-16,2736.27001953125,3996970000.0,25413.220703125,354460000.0,56.459999084472656,159001.0,204.875,0.0,False
2018-11-17,2736.27001953125,3996970000.0,25413.220703125,354460000.0,56.459999084472656,159001.0,204.7975,0.0,False
2018-11-18,2736.27001953125,3996970000.0,25413.220703125,354460000.0,56.459999084472656,159001.0,207.3075,0.0,False
2018-11-19,2690.72998046875,3806940000.0,25017.439453125,358090000.0,56.7599983215332,699684.0,184.5225,0.0,False
2018-11-20,2641.889892578125,4370820000.0,24465.640625,445920000.0,53.43000030517578,983120.0,171.18,0.0,False
2018-11-21,2649.929931640625,3237400000.0,24464.689453125,289370000.0,54.630001068115234,734277.0,176.475,0.0,False
2018-11-22,2649.929931640625,3237400000.0,24464.689453125,289370000.0,54.630001068115234,734277.0,167.9175,0.0,False
2018-11-23,2632.56005859375,1651680000.0,24285.94921875,155940000.0,50.41999816894531,1014667.0,166.4775,0.0,False
2018-11-24,2632.56005859375,1651680000.0,24285.94921875,155940000.0,50.41999816894531,1014667.0,158.3325,0.0,False
2018-11-25,2632.56005859375,1651680000.0,24285.94921875,155940000.0,50.41999816894531,1014667.0,161.2625,0.0,False
2018-11-26,2673.449951171875,3523520000.0,24640.240234375,306280000.0,51.630001068115234,663108.0,155.6175,0.0,False
2018-11-27,2682.169921875,3494380000.0,24748.73046875,308250000.0,51.560001373291016,764010.0,157.0,0.0,False
2018-11-28,2743.7900390625,3984540000.0,25366.4296875,362160000.0,50.290000915527344,831688.0,166.85,0.0,False
2018-11-29,2737.800048828125,3599200000.0,25338.83984375,305110000.0,51.45000076293945,812721.0,162.7525,0.0,False
2018-11-30,2760.169921875,4668310000.0,25538.4609375,482250000.0,50.93000030517578,796714.0,159.305,0.0,False
2018-12-01,2760.169921875,4668310000.0,25538.4609375,482250000.0,50.93000030517578,796714.0,163.12,0.0,False
2018-12-02,2760.169921875,4668310000.0,25538.4609375,482250000.0,50.93000030517578,796714.0,161.545,0.0,False
2018-12-03,2790.3701171875,4221580000.0,25826.4296875,388480000.0,52.95000076293945,758010.0,155.8525,0.0,False
2018-12-04,2700.06005859375,4515710000.0,25027.0703125,418900000.0,53.25,738130.0,156.9675,0.0,False
2018-12-05,2700.06005859375,4515710000.0,25027.0703125,418900000.0,53.25,738130.0,150.9525,0.0,False
2018-12-06,2695.949951171875,5180430000.0,24947.669921875,471690000.0,51.4900016784668,987266.0,142.2975,0.0,False
2018-12-07,2633.080078125,4242240000.0,24388.94921875,398230000.0,52.61000061035156,987717.0,144.8725,0.0,False
2018-12-08,2633.080078125,4242240000.0,24388.94921875,398230000.0,52.61000061035156,987717.0,142.99,0.0,False
2018-12-09,2633.080078125,4242240000.0,24388.94921875,398230000.0,52.61000061035156,987717.0,145.005,0.0,False
2018-12-10,2637.719970703125,4162880000.0,24423.259765625,389690000.0,51.0,733225.0,142.4425,0.0,False
2018-12-11,2636.780029296875,3963440000.0,24370.240234375,342960000.0,51.650001525878906,665262.0,140.685,0.0,False
2018-12-12,2651.070068359375,4029300000.0,24527.26953125,344330000.0,51.150001525878906,730810.0,142.315,0.0,False
2018-12-13,2650.5400390625,3978340000.0,24597.380859375,299970000.0,52.58000183105469,733627.0,139.37,0.0,False
2018-12-14,2599.949951171875,4064370000.0,24100.509765625,416940000.0,51.20000076293945,526839.0,137.7,0.0,False
2018-12-15,2599.949951171875,4064370000.0,24100.509765625,416940000.0,51.20000076293945,526839.0,137.685,0.0,False
2018-12-16,2599.949951171875,4064370000.0,24100.509765625,416940000.0,51.20000076293945,526839.0,138.275,0.0,False
2018-12-17,2545.93994140625,4661420000.0,23592.98046875,466740000.0,49.880001068115234,211257.0,145.845,0.0,False
2018-12-18,2546.159912109375,4519190000.0,23675.640625,408070000.0,46.2400016784668,120101.0,151.215,0.0,False
2018-12-19,2506.9599609375,5152830000.0,23323.66015625,503550000.0,47.20000076293945,817721.0,150.02,0.0,False
2018-12-20,2467.419921875,5619780000.0,22859.599609375,576700000.0,45.880001068115234,794130.0,161.38,0.0,False
2018-12-21,2416.6201171875,7657890000.0,22445.369140625,900510000.0,45.59000015258789,694003.0,156.27,0.0,False
2018-12-22,2416.6201171875,7657890000.0,22445.369140625,900510000.0,45.59000015258789,694003.0,162.5275,0.0,False
2018-12-23,2416.6201171875,7657890000.0,22445.369140625,900510000.0,45.59000015258789,694003.0,172.6075,0.0,False
2018-12-24,2351.10009765625,2613670000.0,21792.19921875,308420000.0,42.529998779296875,415859.0,179.8675,0.0,False
2018-12-25,2351.10009765625,2613670000.0,21792.19921875,308420000.0,42.529998779296875,415859.0,172.225,0.0,False
2018-12-26,2467.699951171875,4249740000.0,22878.44921875,433080000.0,46.220001220703125,698408.0,173.27,0.0,False
2018-12-27,2488.830078125,4139010000.0,23138.8203125,407940000.0,44.61000061035156,665590.0,161.3425,0.0,False
2018-12-28,2485.739990234375,3728440000.0,23062.400390625,336510000.0,45.33000183105469,564385.0,178.305,0.0,False
2018-12-29,2485.739990234375,3728440000.0,23062.400390625,336510000.0,45.33000183105469,564385.0,176.0625,0.0,False
2018-12-30,2485.739990234375,3728440000.0,23062.400390625,336510000.0,45.33000183105469,564385.0,179.5825,0.0,False
2018-12-31,2506.85009765625,3461920000.0,23327.4609375,288830000.0,45.40999984741211,476970.0,173.5375,0.0,False
2019-01-01,2506.85009765625,3461920000.0,23327.4609375,288830000.0,45.40999984741211,476970.0,180.275,0.0,False
2019-01-02,2510.030029296875,3733160000.0,23346.240234375,321570000.0,46.540000915527344,850480.0,190.635,0.0,False
2019-01-03,2447.889892578125,3858830000.0,22686.220703125,424240000.0,47.09000015258789,788718.0,185.81,0.0,False
2019-01-04,2531.93994140625,4234140000.0,23433.16015625,396020000.0,47.959999084472656,817277.0,190.56,0.0,False
2019-01-05,2531.93994140625,4234140000.0,23433.16015625,396020000.0,47.959999084472656,817277.0,191.0075,0.0,False
2019-01-06,2531.93994140625,4234140000.0,23433.16015625,396020000.0,47.959999084472656,817277.0,192.385,0.0,False
2019-01-07,2549.68994140625,4133120000.0,23531.349609375,334200000.0,48.52000045776367,819939.0,188.3425,0.0,False
2019-01-08,2574.409912109375,4120060000.0,23787.44921875,317420000.0,49.779998779296875,765981.0,187.16,0.0,False
2019-01-09,2584.9599609375,4088740000.0,23879.119140625,324570000.0,52.36000061035156,891922.0,187.5425,0.0,False
2019-01-10,2596.639892578125,3721300000.0,24001.919921875,338150000.0,52.59000015258789,821782.0,170.3,0.0,False
2019-01-11,2596.260009765625,3447460000.0,23995.94921875,262650000.0,51.59000015258789,812339.0,169.87,0.0,False
2019-01-12,2596.260009765625,3447460000.0,23995.94921875,262650000.0,51.59000015258789,812339.0,168.865,0.0,False
2019-01-13,2596.260009765625,3447460000.0,23995.94921875,262650000.0,51.59000015258789,812339.0,162.0525,0.0,False
2019-01-14,2582.610107421875,3689370000.0,23909.83984375,277560000.0,50.5099983215332,791527.0,171.7575,0.0,False
2019-01-15,2610.300048828125,3601180000.0,24065.58984375,291570000.0,52.11000061035156,664183.0,165.49,0.0,False
2019-01-16,2616.10009765625,3882180000.0,24207.16015625,302830000.0,52.310001373291016,694182.0,167.0575,0.0,False
2019-01-17,2635.9599609375,3802410000.0,24370.099609375,288590000.0,52.06999969482422,288560.0,167.3475,0.0,False
2019-01-18,2670.7099609375,4009010000.0,24706.349609375,372970000.0,53.79999923706055,193099.0,165.195,0.0,False
2019-01-19,2670.7099609375,4009010000.0,24706.349609375,372970000.0,53.79999923706055,193099.0,168.0075,0.0,False
2019-01-20,2670.7099609375,4009010000.0,24706.349609375,372970000.0,53.79999923706055,193099.0,163.5325,0.0,False
2019-01-21,2670.7099609375,4009010000.0,24706.349609375,372970000.0,53.79999923706055,193099.0,162.41,0.0,False
2019-01-22,2632.89990234375,3923950000.0,24404.48046875,338480000.0,52.56999969482422,951158.0,163.995,0.0,False
2019-01-23,2638.699951171875,3358770000.0,24575.619140625,318600000.0,52.619998931884766,702866.0,162.8875,0.0,False
2019-01-24,2642.330078125,3449230000.0,24553.240234375,320170000.0,53.130001068115234,714415.0,162.7625,0.0,False
2019-01-25,2664.760009765625,3821000000.0,24737.19921875,376890000.0,53.689998626708984,593385.0,161.7375,0.0,False
2019-01-26,2664.760009765625,3821000000.0,24737.19921875,376890000.0,53.689998626708984,593385.0,161.73,0.0,False
2019-01-27,2664.760009765625,3821000000.0,24737.19921875,376890000.0,53.689998626708984,593385.0,158.9125,0.0,False
2019-01-28,2643.85009765625,3630820000.0,24528.220703125,347170000.0,51.9900016784668,650667.0,154.5525,0.0,False
2019-01-29,2640.0,3518070000.0,24579.9609375,330870000.0,53.310001373291016,660527.0,153.455,0.0,False
2019-01-30,2681.050048828125,3883270000.0,25014.859375,397330000.0,54.22999954223633,731312.0,156.17,0.0,False
2019-01-31,2704.10009765625,4953800000.0,24999.669921875,507350000.0,53.790000915527344,718650.0,154.785,0.0,False
2019-02-01,2706.530029296875,3782490000.0,25063.890625,372090000.0,55.2599983215332,689566.0,154.9225,0.0,False
2019-02-02,2706.530029296875,3782490000.0,25063.890625,372090000.0,55.2599983215332,689566.0,157.4625,0.0,False
2019-02-03,2706.530029296875,3782490000.0,25063.890625,372090000.0,55.2599983215332,689566.0,154.9775,0.0,False
2019-02-04,2724.8701171875,3369450000.0,25239.369140625,298540000.0,54.560001373291016,622472.0,155.04,0.0,False
2019-02-05,2737.699951171875,3597620000.0,25411.51953125,310650000.0,53.65999984741211,609756.0,155.0275,0.0,False
2019-02-06,2731.610107421875,3486590000.0,25390.30078125,247590000.0,54.0099983215332,606720.0,153.005,0.0,False
2019-02-07,2706.050048828125,4114040000.0,25169.529296875,295460000.0,52.63999938964844,749010.0,152.905,0.0,False
2019-02-08,2707.8798828125,3649510000.0,25106.330078125,248210000.0,52.720001220703125,621003.0,164.065,0.0,False
2019-02-09,2707.8798828125,3649510000.0,25106.330078125,248210000.0,52.720001220703125,621003.0,164.0175,0.0,False
2019-02-10,2707.8798828125,3649510000.0,25106.330078125,248210000.0,52.720001220703125,621003.0,168.44,0.0,False
2019-02-11,2709.800048828125,3395330000.0,25053.109375,241700000.0,52.40999984741211,750242.0,165.13,0.0,False
2019-02-12,2744.72998046875,3843020000.0,25425.759765625,278110000.0,53.099998474121094,708312.0,166.1925,0.0,False
2019-02-13,2753.030029296875,3684910000.0,25543.26953125,263330000.0,53.900001525878906,706552.0,165.985,0.0,False
2019-02-14,2745.72998046875,3845390000.0,25439.390625,313010000.0,54.40999984741211,623546.0,165.0,0.0,False
2019-02-15,2775.60009765625,3648680000.0,25883.25,328530000.0,55.59000015258789,276907.0,165.78,0.0,False
2019-02-16,2775.60009765625,3648680000.0,25883.25,328530000.0,55.59000015258789,276907.0,166.7225,0.0,False
2019-02-17,2775.60009765625,3648680000.0,25883.25,328530000.0,55.59000015258789,276907.0,174.765,0.0,False
2019-02-18,2775.60009765625,3648680000.0,25883.25,328530000.0,55.59000015258789,276907.0,183.9625,0.0,False
2019-02-19,2779.760009765625,3535270000.0,25891.3203125,280620000.0,56.09000015258789,153728.0,182.5675,0.0,False
2019-02-20,2784.699951171875,3904830000.0,25954.439453125,287880000.0,56.91999816894531,685111.0,186.105,0.0,False
2019-02-21,2774.8798828125,3598260000.0,25850.630859375,255710000.0,56.959999084472656,546202.0,183.685,0.0,False
2019-02-22,2792.669921875,3429350000.0,26031.810546875,279760000.0,57.2599983215332,513439.0,185.455,0.0,False
2019-02-23,2792.669921875,3429350000.0,26031.810546875,279760000.0,57.2599983215332,513439.0,193.6725,0.0,False
2019-02-24,2792.669921875,3429350000.0,26031.810546875,279760000.0,57.2599983215332,513439.0,174.3225,0.0,False
2019-02-25,2796.110107421875,3860260000.0,26091.94921875,281600000.0,55.47999954223633,723012.0,178.7075,0.0,False
2019-02-26,2793.89990234375,3676200000.0,26057.98046875,257850000.0,55.5,538919.0,177.32,0.0,False
2019-02-27,2792.3798828125,3771790000.0,25985.16015625,255380000.0,56.939998626708984,577227.0,176.25,0.0,False
2019-02-28,2784.489990234375,4445780000.0,25916.0,338520000.0,57.220001220703125,496678.0,176.415,0.0,False
2019-03-01,2803.68994140625,3994950000.0,26026.3203125,289890000.0,55.79999923706055,684186.0,176.595,0.0,False
2019-03-02,2803.68994140625,3994950000.0,26026.3203125,289890000.0,55.79999923706055,684186.0,174.7075,0.0,False
2019-03-03,2803.68994140625,3994950000.0,26026.3203125,289890000.0,55.79999923706055,684186.0,172.8025,0.0,False
2019-03-04,2792.81005859375,3949730000.0,25819.650390625,295510000.0,56.59000015258789,549396.0,169.44,0.0,False
2019-03-05,2789.64990234375,3631380000.0,25806.630859375,252260000.0,56.560001373291016,538399.0,177.7675,0.0,False
2019-03-06,2771.449951171875,3800180000.0,25673.4609375,256250000.0,56.220001220703125,637677.0,178.2275,0.0,False
2019-03-07,2748.929931640625,3932150000.0,25473.23046875,289140000.0,56.65999984741211,628824.0,177.665,0.0,False
2019-03-08,2743.070068359375,3424300000.0,25450.240234375,270500000.0,56.06999969482422,747358.0,175.09,0.0,False
2019-03-09,2743.070068359375,3424300000.0,25450.240234375,270500000.0,56.06999969482422,747358.0,177.78,0.0,False
2019-03-10,2743.070068359375,3424300000.0,25450.240234375,270500000.0,56.06999969482422,747358.0,176.4825,0.0,False
2019-03-11,2783.300048828125,3764850000.0,25650.880859375,309790000.0,56.790000915527344,597156.0,174.425,0.0,False
2019-03-12,2791.52001953125,3432340000.0,25554.66015625,317730000.0,56.869998931884766,652798.0,175.11,0.0,False
2019-03-13,2810.919921875,3782250000.0,25702.890625,331410000.0,58.2599983215332,610616.0,173.8725,0.0,False
2019-03-14,2808.47998046875,3505670000.0,25709.939453125,302790000.0,58.61000061035156,567604.0,174.045,0.0,False
2019-03-15,2822.47998046875,5969780000.0,25848.869140625,616910000.0,58.52000045776367,507393.0,177.3725,0.0,False
2019-03-16,2822.47998046875,5969780000.0,25848.869140625,616910000.0,58.52000045776367,507393.0,180.865,0.0,False
2019-03-17,2822.47998046875,5969780000.0,25848.869140625,616910000.0,58.52000045776367,507393.0,179.04,0.0,False
2019-03-18,2832.93994140625,3620770000.0,25914.099609375,303170000.0,59.09000015258789,157241.0,178.205,0.0,False
2019-03-19,2832.570068359375,3650740000.0,25887.380859375,342250000.0,59.029998779296875,114822.0,179.0375,0.0,False
2019-03-20,2824.22998046875,3779160000.0,25745.669921875,321980000.0,59.83000183105469,786342.0,179.535,0.0,False
2019-03-21,2854.8798828125,3612620000.0,25962.509765625,335250000.0,59.97999954223633,655380.0,176.31,0.0,False
2019-03-22,2800.7099609375,4253730000.0,25502.3203125,386510000.0,59.040000915527344,738840.0,177.33,0.0,False
2019-03-23,2800.7099609375,4253730000.0,25502.3203125,386510000.0,59.040000915527344,738840.0,177.9225,0.0,False
2019-03-24,2800.7099609375,4253730000.0,25502.3203125,386510000.0,59.040000915527344,738840.0,177.0075,0.0,False
2019-03-25,2798.360107421875,3406110000.0,25516.830078125,303120000.0,58.81999969482422,705399.0,175.245,0.0,False
2019-03-26,2818.4599609375,3288570000.0,25657.73046875,305110000.0,59.939998626708984,685988.0,175.42,0.0,False
2019-03-27,2805.3701171875,3422400000.0,25625.58984375,270340000.0,59.40999984741211,732150.0,179.815,0.0,False
2019-03-28,2815.43994140625,3185460000.0,25717.4609375,237170000.0,59.29999923706055,712209.0,178.5425,0.0,False
2019-03-29,2834.39990234375,3752520000.0,25928.6796875,300620000.0,60.13999938964844,705559.0,182.135,0.0,False
2019-03-30,2834.39990234375,3752520000.0,25928.6796875,300620000.0,60.13999938964844,705559.0,182.055,0.0,False
2019-03-31,2834.39990234375,3752520000.0,25928.6796875,300620000.0,60.13999938964844,705559.0,181.455,0.0,False
2019-04-01,2867.18994140625,3560090000.0,26258.419921875,295570000.0,61.59000015258789,670808.0,181.23,0.0,False
2019-04-02,2867.239990234375,3267210000.0,26179.130859375,250940000.0,62.58000183105469,793227.0,198.985,0.0,False
2019-04-03,2873.39990234375,3570000000.0,26218.130859375,271980000.0,62.459999084472656,799672.0,196.3775,0.0,False
2019-04-04,2879.389892578125,3038740000.0,26384.630859375,233040000.0,62.099998474121094,684973.0,193.7575,0.0,False
2019-04-05,2892.739990234375,3155970000.0,26424.990234375,229550000.0,63.08000183105469,686862.0,199.99,0.0,False
2019-04-06,2892.739990234375,3155970000.0,26424.990234375,229550000.0,63.08000183105469,686862.0,199.665,0.0,False
2019-04-07,2892.739990234375,3155970000.0,26424.990234375,229550000.0,63.08000183105469,686862.0,206.5975,0.0,False
2019-04-08,2895.77001953125,3056460000.0,26341.01953125,229380000.0,64.4000015258789,895767.0,211.1225,0.0,False
2019-04-09,2878.199951171875,3032480000.0,26150.580078125,244410000.0,63.97999954223633,790677.0,207.415,0.0,False
2019-04-10,2888.2099609375,3092230000.0,26157.16015625,203130000.0,64.61000061035156,722216.0,208.67,0.0,False
2019-04-11,2888.320068359375,2970650000.0,26143.05078125,211680000.0,63.58000183105469,760504.0,199.16,0.0,False
2019-04-12,2907.409912109375,3726050000.0,26412.30078125,369910000.0,63.88999938964844,625588.0,198.92,0.0,False
2019-04-13,2907.409912109375,3726050000.0,26412.30078125,369910000.0,63.88999938964844,625588.0,198.355,0.0,False
2019-04-14,2907.409912109375,3726050000.0,26412.30078125,369910000.0,63.88999938964844,625588.0,201.625,0.0,False
2019-04-15,2905.580078125,3114530000.0,26384.76953125,250620000.0,63.400001525878906,555858.0,195.695,0.0,False
2019-04-16,2907.06005859375,3403120000.0,26452.66015625,302340000.0,64.05000305175781,547469.0,200.3375,0.0,False
2019-04-17,2900.449951171875,3648100000.0,26449.5390625,367780000.0,63.7599983215332,235376.0,200.42,0.0,False
2019-04-18,2905.030029296875,3507100000.0,26559.5390625,332850000.0,64.0,148238.0,205.96,0.0,False
2019-04-19,2905.030029296875,3507100000.0,26559.5390625,332850000.0,64.0,148238.0,205.8875,0.0,False
2019-04-20,2905.030029296875,3507100000.0,26559.5390625,332850000.0,64.0,148238.0,205.8325,0.0,False
2019-04-21,2905.030029296875,3507100000.0,26559.5390625,332850000.0,64.0,148238.0,202.9725,0.0,False
2019-04-22,2907.969970703125,3010130000.0,26511.05078125,232570000.0,65.69999694824219,763527.0,204.165,0.0,False
2019-04-23,2933.679931640625,3674480000.0,26656.390625,311690000.0,66.30000305175781,700598.0,203.3825,0.0,False
2019-04-24,2927.25,3468480000.0,26597.05078125,283370000.0,65.88999938964844,678386.0,199.7875,0.0,False
2019-04-25,2926.169921875,3440010000.0,26462.080078125,296730000.0,65.20999908447266,603001.0,189.575,0.0,False
2019-04-26,2939.8798828125,3264390000.0,26543.330078125,317290000.0,63.29999923706055,1000836.0,190.235,0.0,False
2019-04-27,2939.8798828125,3264390000.0,26543.330078125,317290000.0,63.29999923706055,1000836.0,192.205,0.0,False
2019-04-28,2939.8798828125,3264390000.0,26543.330078125,317290000.0,63.29999923706055,1000836.0,190.36,0.0,False
2019-04-29,2943.030029296875,3150390000.0,26554.390625,279450000.0,63.5,654076.0,189.73,0.0,False
2019-04-30,2945.830078125,3939760000.0,26592.91015625,340320000.0,63.90999984741211,750494.0,195.7825,0.0,False
2019-05-01,2923.72998046875,3669330000.0,26430.140625,303850000.0,63.599998474121094,676872.0,194.3125,0.0,False
2019-05-02,2917.52001953125,3802290000.0,26307.7890625,287610000.0,61.810001373291016,914661.0,194.555,0.0,False
2019-05-03,2945.639892578125,3357180000.0,26504.94921875,248900000.0,61.939998626708984,646866.0,199.1475,0.0,False
2019-05-04,2945.639892578125,3357180000.0,26504.94921875,248900000.0,61.939998626708984,646866.0,196.9975,0.0,False
2019-05-05,2945.639892578125,3357180000.0,26504.94921875,248900000.0,61.939998626708984,646866.0,196.465,0.0,False
2019-05-06,2932.469970703125,3203260000.0,26438.48046875,283020000.0,62.25,768810.0,203.8475,0.0,False
2019-05-07,2884.050048828125,3793060000.0,25965.08984375,334960000.0,61.400001525878906,842810.0,200.3725,0.0,False
2019-05-08,2879.419921875,3543110000.0,25967.330078125,276420000.0,62.119998931884766,791769.0,202.6,0.0,False
2019-05-09,2870.719970703125,3659050000.0,25828.359375,334760000.0,61.70000076293945,769583.0,203.0225,0.0,False
2019-05-10,2881.39990234375,3566780000.0,25942.369140625,294580000.0,61.65999984741211,786494.0,205.0075,0.0,False
2019-05-11,2881.39990234375,3566780000.0,25942.369140625,294580000.0,61.65999984741211,786494.0,219.83,0.0,False
2019-05-12,2881.39990234375,3566780000.0,25942.369140625,294580000.0,61.65999984741211,786494.0,216.4975,0.0,False
2019-05-13,2811.8701171875,3900270000.0,25324.990234375,361240000.0,61.040000915527344,1003106.0,222.6675,0.0,False
2019-05-14,2834.409912109375,3354860000.0,25532.05078125,291570000.0,61.779998779296875,751668.0,238.405,0.0,False
2019-05-15,2850.9599609375,3140900000.0,25648.01953125,270720000.0,62.02000045776367,723001.0,262.51,0.0,False
2019-05-16,2876.320068359375,3338470000.0,25862.6796875,320960000.0,62.869998931884766,545679.0,274.0425,0.0,False
2019-05-17,2859.530029296875,3316040000.0,25764.0,283760000.0,62.7599983215332,215802.0,258.955,0.0,False
2019-05-18,2859.530029296875,3316040000.0,25764.0,283760000.0,62.7599983215332,215802.0,251.2625,0.0,False
2019-05-19,2859.530029296875,3316040000.0,25764.0,283760000.0,62.7599983215332,215802.0,271.265,0.0,False
2019-05-20,2840.22998046875,3293750000.0,25679.900390625,279560000.0,63.099998474121094,131888.0,264.84,0.0,False
2019-05-21,2864.360107421875,3223050000.0,25877.330078125,260870000.0,62.9900016784668,641680.0,266.69,0.0,False
2019-05-22,2856.27001953125,3194000000.0,25776.609375,241760000.0,61.41999816894531,766728.0,258.0625,0.0,False
2019-05-23,2822.239990234375,3899320000.0,25490.470703125,316940000.0,57.90999984741211,1108052.0,259.7975,0.0,False
2019-05-24,2826.06005859375,2889230000.0,25585.689453125,201370000.0,58.630001068115234,758099.0,262.8725,0.0,False
2019-05-25,2826.06005859375,2889230000.0,25585.689453125,201370000.0,58.630001068115234,758099.0,264.4375,0.0,False
2019-05-26,2826.06005859375,2889230000.0,25585.689453125,201370000.0,58.630001068115234,758099.0,276.725,0.0,False
2019-05-27,2826.06005859375,2889230000.0,25585.689453125,201370000.0,58.630001068115234,758099.0,279.05,0.0,False
2019-05-28,2802.389892578125,4146980000.0,25347.76953125,358980000.0,59.13999938964844,1020323.0,278.965,0.0,False
2019-05-29,2783.02001953125,3701110000.0,25126.41015625,298930000.0,58.810001373291016,1124959.0,277.5525,0.0,False
2019-05-30,2788.860107421875,3276030000.0,25169.880859375,215240000.0,56.59000015258789,842281.0,266.37,0.0,False
2019-05-31,2752.06005859375,3982670000.0,24815.0390625,292230000.0,53.5,1031488.0,274.9925,0.0,False
2019-06-01,2752.06005859375,3982670000.0,24815.0390625,292230000.0,53.5,1031488.0,274.165,0.0,False
2019-06-02,2752.06005859375,3982670000.0,24815.0390625,292230000.0,53.5,1031488.0,277.465,0.0,False
2019-06-03,2744.449951171875,3952360000.0,24819.779296875,328240000.0,53.25,984308.0,262.7425,0.0,False
2019-06-04,2803.27001953125,3814130000.0,25332.1796875,281690000.0,53.47999954223633,831625.0,256.2275,0.0,False
2019-06-05,2826.14990234375,3570760000.0,25539.5703125,262660000.0,51.68000030517578,943186.0,260.0925,0.0,False
2019-06-06,2843.489990234375,3445140000.0,25720.66015625,248070000.0,52.59000015258789,790067.0,262.42,0.0,False
2019-06-07,2873.340087890625,3244380000.0,25983.939453125,263010000.0,53.9900016784668,828133.0,262.56,0.0,False
2019-06-08,2873.340087890625,3244380000.0,25983.939453125,263010000.0,53.9900016784668,828133.0,258.735,0.0,False
2019-06-09,2873.340087890625,3244380000.0,25983.939453125,263010000.0,53.9900016784668,828133.0,249.0275,0.0,False
2019-06-10,2886.72998046875,3209890000.0,26062.6796875,249280000.0,53.2599983215332,687146.0,261.2525,0.0,False
2019-06-11,2885.719970703125,3551000000.0,26048.509765625,253490000.0,53.27000045776367,642940.0,259.38,0.0,False
2019-06-12,2879.840087890625,3039870000.0,26004.830078125,223690000.0,51.13999938964844,786105.0,272.775,0.0,False
2019-06-13,2891.639892578125,3100640000.0,26106.76953125,213400000.0,52.279998779296875,945024.0,267.135,0.0,False
2019-06-14,2886.97998046875,2992810000.0,26089.609375,208020000.0,52.5099983215332,574229.0,273.3375,0.0,False
2019-06-15,2886.97998046875,2992810000.0,26089.609375,208020000.0,52.5099983215332,574229.0,277.475,0.0,False
2019-06-16,2886.97998046875,2992810000.0,26089.609375,208020000.0,52.5099983215332,574229.0,276.885,0.0,False
2019-06-17,2889.669921875,2828400000.0,26112.529296875,199500000.0,51.93000030517578,397868.0,280.8875,0.0,False
2019-06-18,2917.75,3441540000.0,26465.5390625,273490000.0,53.900001525878906,181640.0,273.8025,0.0,False
2019-06-19,2926.4599609375,3300220000.0,26504.0,240950000.0,53.7599983215332,122838.0,277.1575,0.0,False
2019-06-20,2954.179931640625,3943060000.0,26753.169921875,278170000.0,56.650001525878906,854514.0,279.4875,0.0,False
2019-06-21,2950.4599609375,5003540000.0,26719.130859375,485560000.0,57.43000030517578,676047.0,297.75,0.0,False
2019-06-22,2950.4599609375,5003540000.0,26719.130859375,485560000.0,57.43000030517578,676047.0,306.9775,0.0,False
2019-06-23,2950.4599609375,5003540000.0,26719.130859375,485560000.0,57.43000030517578,676047.0,305.45,0.0,False
2019-06-24,2945.35009765625,3136960000.0,26727.5390625,232390000.0,57.900001525878906,597164.0,308.6125,0.0,False
2019-06-25,2917.3798828125,3579430000.0,26548.220703125,282160000.0,57.83000183105469,673140.0,312.9375,0.0,False
2019-06-26,2913.780029296875,3511350000.0,26536.8203125,274340000.0,59.380001068115234,686817.0,326.385,0.0,False
2019-06-27,2924.919921875,3162500000.0,26526.580078125,246930000.0,59.43000030517578,531405.0,295.6675,0.0,False
2019-06-28,2941.760009765625,5422650000.0,26599.9609375,499350000.0,58.470001220703125,556101.0,307.715,0.0,False
2019-06-29,2941.760009765625,5422650000.0,26599.9609375,499350000.0,58.470001220703125,556101.0,313.49,0.0,False
2019-06-30,2941.760009765625,5422650000.0,26599.9609375,499350000.0,58.470001220703125,556101.0,292.7575,0.0,False
2019-07-01,2964.330078125,3524860000.0,26717.4296875,267670000.0,59.09000015258789,674887.0,294.5475,0.0,False
2019-07-02,2973.010009765625,3224490000.0,26786.6796875,219270000.0,56.25,878938.0,293.7775,0.0,False
2019-07-03,2995.820068359375,1963570000.0,26966.0,149840000.0,57.34000015258789,600131.0,302.095,0.0,False
2019-07-04,2995.820068359375,1963570000.0,26966.0,149840000.0,57.34000015258789,600131.0,283.0,0.0,False
2019-07-05,2990.409912109375,2434680000.0,26922.119140625,192170000.0,57.5099983215332,698015.0,287.9,0.0,False
2019-07-06,2990.409912109375,2434680000.0,26922.119140625,192170000.0,57.5099983215332,698015.0,287.685,0.0,False
2019-07-07,2990.409912109375,2434680000.0,26922.119140625,192170000.0,57.5099983215332,698015.0,306.495,0.0,False
2019-07-08,2975.949951171875,2922360000.0,26806.140625,214290000.0,57.65999984741211,540861.0,313.4375,0.0,False
2019-07-09,2979.6298828125,3033330000.0,26783.490234375,218330000.0,57.83000183105469,551872.0,307.9375,0.0,False
2019-07-10,2993.070068359375,3157800000.0,26860.19921875,207990000.0,60.43000030517578,690656.0,288.64,0.0,False
2019-07-11,2999.909912109375,3155710000.0,27088.080078125,252300000.0,60.20000076293945,573019.0,268.475,0.0,False
2019-07-12,3013.77001953125,2984140000.0,27332.029296875,248390000.0,60.209999084472656,469029.0,275.57,0.0,False
2019-07-13,3013.77001953125,2984140000.0,27332.029296875,248390000.0,60.209999084472656,469029.0,269.2,0.0,False
2019-07-14,3013.77001953125,2984140000.0,27332.029296875,248390000.0,60.209999084472656,469029.0,228.7725,0.0,False
2019-07-15,3014.300048828125,2876100000.0,27359.16015625,199730000.0,59.58000183105469,566818.0,228.2525,0.0,False
2019-07-16,3004.0400390625,3297030000.0,27335.630859375,226000000.0,57.619998931884766,712540.0,198.6775,0.0,False
2019-07-17,2984.419921875,3185650000.0,27219.849609375,193930000.0,56.779998779296875,504432.0,211.495,0.0,False
2019-07-18,2995.110107421875,3369820000.0,27222.970703125,216070000.0,55.29999923706055,215361.0,226.2425,0.0,False
2019-07-19,2976.610107421875,3285890000.0,27154.19921875,287690000.0,55.630001068115234,105217.0,221.3825,0.0,False
2019-07-20,2976.610107421875,3285890000.0,27154.19921875,287690000.0,55.630001068115234,105217.0,228.73,0.0,False
2019-07-21,2976.610107421875,3285890000.0,27154.19921875,287690000.0,55.630001068115234,105217.0,225.485,0.0,False
2019-07-22,2985.030029296875,3016200000.0,27171.900390625,216310000.0,56.220001220703125,619483.0,217.105,0.0,False
2019-07-23,3005.469970703125,3333810000.0,27349.189453125,248850000.0,56.77000045776367,521876.0,212.075,0.0,False
2019-07-24,3019.56005859375,3433220000.0,27269.970703125,244320000.0,55.880001068115234,745248.0,216.545,0.0,False
2019-07-25,3003.669921875,3657050000.0,27140.98046875,241420000.0,56.02000045776367,559282.0,219.3775,0.0,False
2019-07-26,3025.860107421875,3260170000.0,27192.44921875,233650000.0,56.20000076293945,476785.0,219.345,0.0,False
2019-07-27,3025.860107421875,3260170000.0,27192.44921875,233650000.0,56.20000076293945,476785.0,207.0425,0.0,False
2019-07-28,3025.860107421875,3260170000.0,27192.44921875,233650000.0,56.20000076293945,476785.0,211.13,0.0,False
2019-07-29,3020.969970703125,3224490000.0,27221.349609375,250850000.0,56.869998931884766,529742.0,210.765,0.0,False
2019-07-30,3013.179931640625,3632770000.0,27198.01953125,293250000.0,58.04999923706055,547401.0,209.8025,0.0,False
2019-07-31,2980.3798828125,4626330000.0,26864.26953125,385150000.0,58.58000183105469,614001.0,218.6325,0.0,False
2019-08-01,2953.56005859375,4793810000.0,26583.419921875,386320000.0,53.95000076293945,886748.0,217.53,0.0,False
2019-08-02,2932.050048828125,3882810000.0,26485.009765625,327640000.0,55.65999984741211,739810.0,217.6825,0.0,False
2019-08-03,2932.050048828125,3882810000.0,26485.009765625,327640000.0,55.65999984741211,739810.0,221.915,0.0,False
2019-08-04,2932.050048828125,3882810000.0,26485.009765625,327640000.0,55.65999984741211,739810.0,222.9175,0.0,False
2019-08-05,2844.739990234375,4542850000.0,25717.740234375,422240000.0,54.689998626708984,823844.0,232.955,0.0,False
2019-08-06,2881.77001953125,4156640000.0,26029.51953125,318160000.0,53.630001068115234,682794.0,225.9525,0.0,False
2019-08-07,2883.97998046875,4512720000.0,26007.0703125,344790000.0,51.09000015258789,1063214.0,225.9675,0.0,False
2019-08-08,2938.090087890625,4118530000.0,26378.189453125,282530000.0,52.540000915527344,724762.0,220.455,0.0,False
2019-08-09,2918.64990234375,3356850000.0,26287.439453125,240260000.0,54.5,726386.0,210.3275,0.0,False
2019-08-10,2918.64990234375,3356850000.0,26287.439453125,240260000.0,54.5,726386.0,206.195,0.0,False
2019-08-11,2918.64990234375,3356850000.0,26287.439453125,240260000.0,54.5,726386.0,216.105,0.0,False
2019-08-12,2882.699951171875,3328570000.0,25896.439453125,199390000.0,54.93000030517578,611027.0,211.1975,0.0,False
2019-08-13,2926.320068359375,3857190000.0,26279.91015625,308900000.0,57.099998474121094,783486.0,208.47,0.0,False
2019-08-14,2840.60009765625,4325150000.0,25479.419921875,352250000.0,55.22999954223633,718293.0,186.2075,0.0,False
2019-08-15,2847.60009765625,4041720000.0,25579.390625,332600000.0,54.470001220703125,527866.0,188.1375,0.0,False
2019-08-16,2888.679931640625,3524080000.0,25886.009765625,276210000.0,54.869998931884766,168345.0,185.33,0.0,False
2019-08-17,2888.679931640625,3524080000.0,25886.009765625,276210000.0,54.869998931884766,168345.0,185.555,0.0,False
2019-08-18,2888.679931640625,3524080000.0,25886.009765625,276210000.0,54.869998931884766,168345.0,194.675,0.0,False
2019-08-19,2923.64990234375,3221050000.0,26135.7890625,252640000.0,56.209999084472656,113571.0,202.405,0.0,False
2019-08-20,2900.510009765625,3067710000.0,25962.439453125,238100000.0,56.34000015258789,659258.0,196.47,0.0,False
2019-08-21,2924.429931640625,3016540000.0,26202.73046875,208790000.0,55.68000030517578,704035.0,187.13,0.0,False
2019-08-22,2922.949951171875,2893660000.0,26252.240234375,222810000.0,55.349998474121094,621573.0,191.3125,0.0,False
2019-08-23,2847.110107421875,3942520000.0,25628.900390625,364260000.0,54.16999816894531,807151.0,194.5675,0.0,False
2019-08-24,2847.110107421875,3942520000.0,25628.900390625,364260000.0,54.16999816894531,807151.0,190.9325,0.0,False
2019-08-25,2847.110107421875,3942520000.0,25628.900390625,364260000.0,54.16999816894531,807151.0,186.545,0.0,False
2019-08-26,2878.3798828125,2859790000.0,25898.830078125,222780000.0,53.63999938964844,679022.0,188.3675,0.0,False
2019-08-27,2869.159912109375,3537490000.0,25777.900390625,263530000.0,54.93000030517578,596624.0,187.1575,0.0,False
2019-08-28,2887.93994140625,3102480000.0,26036.099609375,207070000.0,55.779998779296875,674048.0,172.825,0.0,False
2019-08-29,2924.580078125,3177150000.0,26362.25,208650000.0,56.709999084472656,630760.0,168.845,0.0,False
2019-08-30,2926.4599609375,3009910000.0,26403.279296875,216160000.0,55.099998474121094,708268.0,168.29,0.0,False
2019-08-31,2926.4599609375,3009910000.0,26403.279296875,216160000.0,55.099998474121094,708268.0,171.9175,0.0,False
2019-09-01,2926.4599609375,3009910000.0,26403.279296875,216160000.0,55.099998474121094,708268.0,171.285,0.0,False
2019-09-02,2926.4599609375,3009910000.0,26403.279296875,216160000.0,55.099998474121094,708268.0,178.795,0.0,False
2019-09-03,2906.27001953125,3427830000.0,26118.01953125,223210000.0,53.939998626708984,970804.0,179.0275,0.0,False
2019-09-04,2937.780029296875,3167900000.0,26355.470703125,202710000.0,56.2599983215332,682298.0,174.9575,0.0,False
2019-09-05,2976.0,3902600000.0,26728.150390625,256670000.0,56.29999923706055,712466.0,174.4925,0.0,False
2019-09-06,2978.7099609375,3209340000.0,26797.4609375,209700000.0,56.52000045776367,714294.0,169.0925,0.0,False
2019-09-07,2978.7099609375,3209340000.0,26797.4609375,209700000.0,56.52000045776367,714294.0,178.2475,0.0,False
2019-09-08,2978.7099609375,3209340000.0,26797.4609375,209700000.0,56.52000045776367,714294.0,181.52,0.0,False
2019-09-09,2978.429931640625,4031120000.0,26835.509765625,273120000.0,57.849998474121094,646993.0,180.7825,0.0,False
2019-09-10,2979.389892578125,4393040000.0,26909.4296875,322340000.0,57.400001525878906,755472.0,179.7675,0.0,False
2019-09-11,3000.929931640625,3934370000.0,27137.0390625,272590000.0,55.75,858772.0,178.3925,0.0,False
2019-09-12,3009.570068359375,3796990000.0,27182.44921875,250010000.0,55.09000015258789,845977.0,180.92,0.0,False
2019-09-13,3007.389892578125,3557010000.0,27219.51953125,255260000.0,54.849998474121094,599470.0,181.4075,0.0,False
2019-09-14,3007.389892578125,3557010000.0,27219.51953125,255260000.0,54.849998474121094,599470.0,188.7725,0.0,False
2019-09-15,3007.389892578125,3557010000.0,27219.51953125,255260000.0,54.849998474121094,599470.0,189.445,0.0,False
2019-09-16,2997.9599609375,4285860000.0,27076.8203125,220620000.0,62.900001525878906,1404916.0,197.7325,0.0,False
2019-09-17,3005.699951171875,3673250000.0,27110.80078125,223580000.0,59.34000015258789,993237.0,207.9525,0.0,False
2019-09-18,3006.72998046875,3458800000.0,27147.080078125,212860000.0,58.11000061035156,216961.0,210.2875,0.0,False
2019-09-19,3006.7900390625,3265660000.0,27094.7890625,212360000.0,58.130001068115234,112327.0,217.3575,0.0,False
2019-09-20,2992.070068359375,6103440000.0,26935.0703125,497640000.0,58.09000015258789,576019.0,215.575,0.0,False
2019-09-21,2992.070068359375,6103440000.0,26935.0703125,497640000.0,58.09000015258789,576019.0,213.1125,0.0,False
2019-09-22,2992.070068359375,6103440000.0,26935.0703125,497640000.0,58.09000015258789,576019.0,211.1775,0.0,False
2019-09-23,2991.780029296875,3187250000.0,26949.990234375,204240000.0,58.63999938964844,526785.0,200.8225,0.0,False
2019-09-24,2966.60009765625,3872800000.0,26807.76953125,301750000.0,57.290000915527344,591529.0,166.3975,0.0,False
2019-09-25,2984.8701171875,3331200000.0,26970.7109375,237220000.0,56.4900016784668,563550.0,169.94,0.0,False
2019-09-26,2977.6201171875,3084910000.0,26891.119140625,229180000.0,56.40999984741211,599653.0,165.8225,0.0,False
2019-09-27,2961.7900390625,3246480000.0,26820.25,217780000.0,55.90999984741211,712966.0,174.2625,0.0,False
2019-09-28,2961.7900390625,3246480000.0,26820.25,217780000.0,55.90999984741211,712966.0,173.8975,0.0,False
2019-09-29,2961.7900390625,3246480000.0,26820.25,217780000.0,55.90999984741211,712966.0,169.3575,0.0,False
2019-09-30,2976.739990234375,3249130000.0,26916.830078125,222680000.0,54.06999969482422,532522.0,181.26,0.0,False
2019-10-01,2940.25,3560750000.0,26573.0390625,260110000.0,53.619998931884766,589176.0,176.2225,0.0,False
2019-10-02,2887.610107421875,3914180000.0,26078.619140625,309640000.0,52.63999938964844,590306.0,180.835,0.0,False
2019-10-03,2910.6298828125,3515130000.0,26201.0390625,241610000.0,52.45000076293945,642466.0,174.965,0.0,False
2019-10-04,2952.010009765625,3005600000.0,26573.720703125,221310000.0,52.810001373291016,541104.0,176.11,0.0,False
2019-10-05,2952.010009765625,3005600000.0,26573.720703125,221310000.0,52.810001373291016,541104.0,176.54,0.0,False
2019-10-06,2952.010009765625,3005600000.0,26573.720703125,221310000.0,52.810001373291016,541104.0,170.195,0.0,False
2019-10-07,2938.7900390625,2959050000.0,26478.01953125,195200000.0,52.75,549019.0,180.2775,0.0,False
2019-10-08,2893.06005859375,3370700000.0,26164.0390625,244590000.0,52.630001068115234,658324.0,180.85,0.0,False
2019-10-09,2919.39990234375,2735350000.0,26346.009765625,190060000.0,52.59000015258789,632666.0,193.2925,0.0,False
2019-10-10,2938.1298828125,3234400000.0,26496.669921875,217680000.0,53.54999923706055,613944.0,191.66,0.0,False
2019-10-11,2970.27001953125,3581320000.0,26816.58984375,282080000.0,54.70000076293945,467643.0,180.8125,0.0,False
2019-10-12,2970.27001953125,3581320000.0,26816.58984375,282080000.0,54.70000076293945,467643.0,179.9525,0.0,False
2019-10-13,2970.27001953125,3581320000.0,26816.58984375,282080000.0,54.70000076293945,467643.0,181.1225,0.0,False
2019-10-14,2966.14990234375,2559270000.0,26787.359375,178620000.0,53.59000015258789,467643.0,186.7625,0.0,False
2019-10-15,2995.679931640625,3345090000.0,27024.80078125,245510000.0,52.810001373291016,511249.0,180.6125,0.0,False
2019-10-16,2989.68994140625,3230320000.0,27001.98046875,214660000.0,53.36000061035156,451643.0,174.4975,0.0,False
2019-10-17,2997.949951171875,3103470000.0,27025.880859375,222540000.0,53.93000030517578,418422.0,177.385,0.0,False
2019-10-18,2986.199951171875,3268970000.0,26770.19921875,288970000.0,53.779998779296875,174477.0,172.985,0.0,False
2019-10-19,2986.199951171875,3268970000.0,26770.19921875,288970000.0,53.779998779296875,174477.0,172.005,0.0,False
2019-10-20,2986.199951171875,3268970000.0,26770.19921875,288970000.0,53.779998779296875,174477.0,175.555,0.0,False
2019-10-21,3006.719970703125,3271960000.0,26827.640625,241030000.0,53.310001373291016,95979.0,174.43,0.0,False
2019-10-22,2995.989990234375,3527540000.0,26788.099609375,265510000.0,54.15999984741211,506573.0,171.335,0.0,False
2019-10-23,3004.52001953125,3413600000.0,26833.94921875,247680000.0,55.970001220703125,620202.0,162.5125,0.0,False
2019-10-24,3010.2900390625,3696510000.0,26805.529296875,253590000.0,56.22999954223633,480764.0,160.8625,0.0,False
2019-10-25,3022.550048828125,3379060000.0,26958.060546875,274610000.0,56.65999984741211,445020.0,181.6625,0.0,False
2019-10-26,3022.550048828125,3379060000.0,26958.060546875,274610000.0,56.65999984741211,445020.0,180.115,0.0,False
2019-10-27,3022.550048828125,3379060000.0,26958.060546875,274610000.0,56.65999984741211,445020.0,184.2425,0.0,False
2019-10-28,3039.419921875,3524970000.0,27090.720703125,290770000.0,55.810001373291016,437020.0,182.04,0.0,False
2019-10-29,3036.889892578125,3594430000.0,27071.4609375,269610000.0,55.540000915527344,521457.0,191.125,0.0,False
2019-10-30,3046.77001953125,3779660000.0,27186.689453125,231750000.0,55.060001373291016,659328.0,183.345,0.0,False
2019-10-31,3037.56005859375,4149310000.0,27046.23046875,273830000.0,54.18000030517578,677419.0,182.4875,0.0,False
2019-11-01,3066.909912109375,3956290000.0,27347.359375,270870000.0,56.20000076293945,538117.0,183.275,0.0,False
2019-11-02,3066.909912109375,3956290000.0,27347.359375,270870000.0,56.20000076293945,538117.0,183.055,0.0,False
2019-11-03,3066.909912109375,3956290000.0,27347.359375,270870000.0,56.20000076293945,538117.0,181.6275,0.0,False
2019-11-04,3078.27001953125,4178040000.0,27462.109375,273030000.0,56.540000915527344,580350.0,186.2575,0.0,False
2019-11-05,3074.6201171875,4490590000.0,27492.630859375,286350000.0,57.22999954223633,435319.0,188.795,0.0,False
2019-11-06,3076.780029296875,4465510000.0,27492.560546875,237910000.0,56.349998474121094,623258.0,191.1775,0.0,False
2019-11-07,3085.179931640625,4151990000.0,27674.80078125,259020000.0,57.150001525878906,678165.0,186.3775,0.0,False
2019-11-08,3093.080078125,3508160000.0,27681.240234375,221440000.0,57.2400016784668,636941.0,183.76,0.0,False
2019-11-09,3093.080078125,3508160000.0,27681.240234375,221440000.0,57.2400016784668,636941.0,184.8875,0.0,False
2019-11-10,3093.080078125,3508160000.0,27681.240234375,221440000.0,57.2400016784668,636941.0,188.935,0.0,False
2019-11-11,3087.010009765625,3041120000.0,27691.490234375,202350000.0,56.86000061035156,498981.0,184.6275,0.0,False
2019-11-12,3091.840087890625,3495560000.0,27691.490234375,213670000.0,56.79999923706055,586568.0,186.905,0.0,False
2019-11-13,3094.0400390625,3513720000.0,27783.58984375,278390000.0,57.119998931884766,547635.0,187.7575,0.0,False
2019-11-14,3096.6298828125,3282090000.0,27781.9609375,303970000.0,56.77000045776367,516832.0,184.52,0.0,False
2019-11-15,3120.4599609375,3359800000.0,28004.890625,283720000.0,57.720001220703125,375993.0,179.8625,0.0,False
2019-11-16,3120.4599609375,3359800000.0,28004.890625,283720000.0,57.720001220703125,375993.0,182.2875,0.0,False
2019-11-17,3120.4599609375,3359800000.0,28004.890625,283720000.0,57.720001220703125,375993.0,183.8575,0.0,False
2019-11-18,3122.030029296875,3440140000.0,28036.220703125,252320000.0,57.04999923706055,159328.0,177.8925,0.0,False
2019-11-19,3120.179931640625,3613670000.0,27934.01953125,245890000.0,55.209999084472656,121214.0,175.63,0.0,False
2019-11-20,3108.4599609375,4041010000.0,27821.08984375,258140000.0,57.11000061035156,674891.0,174.27,0.0,False
2019-11-21,3103.5400390625,3744010000.0,27766.2890625,232020000.0,58.58000183105469,593533.0,160.8825,0.0,False
2019-11-22,3110.2900390625,3235270000.0,27875.619140625,214780000.0,57.77000045776367,508244.0,150.06,0.0,False
2019-11-23,3110.2900390625,3235270000.0,27875.619140625,214780000.0,57.77000045776367,508244.0,152.15,0.0,False
2019-11-24,3110.2900390625,3235270000.0,27875.619140625,214780000.0,57.77000045776367,508244.0,140.0325,0.0,False
2019-11-25,3133.639892578125,3514310000.0,28066.470703125,248420000.0,58.0099983215332,420642.0,146.0725,0.0,False
2019-11-26,3140.52001953125,4600450000.0,28121.6796875,324050000.0,58.40999984741211,443816.0,147.755,0.0,False
2019-11-27,3153.6298828125,3035470000.0,28164.0,198210000.0,58.11000061035156,454256.0,152.85,0.0,False
2019-11-28,3153.6298828125,3035470000.0,28164.0,198210000.0,58.11000061035156,454256.0,151.065,0.0,False
2019-11-29,3140.97998046875,1743420000.0,28051.41015625,120630000.0,55.16999816894531,718724.0,154.6425,0.0,False
2019-11-30,3140.97998046875,1743420000.0,28051.41015625,120630000.0,55.16999816894531,718724.0,151.7425,0.0,False
2019-12-01,3140.97998046875,1743420000.0,28051.41015625,120630000.0,55.16999816894531,718724.0,151.1125,0.0,False
2019-12-02,3113.8701171875,3285750000.0,27783.0390625,236610000.0,55.959999084472656,616423.0,148.965,0.0,False
2019-12-03,3093.199951171875,3671580000.0,27502.810546875,275350000.0,56.099998474121094,560554.0,147.4,0.0,False
2019-12-04,3112.760009765625,3702980000.0,27649.779296875,218200000.0,58.43000030517578,760541.0,145.4375,0.0,False
2019-12-05,3117.429931640625,3360480000.0,27677.7890625,208600000.0,58.43000030517578,649461.0,148.0025,0.0,False
2019-12-06,3145.909912109375,3483310000.0,28015.060546875,223310000.0,59.20000076293945,679609.0,148.76,0.0,False
2019-12-07,3145.909912109375,3483310000.0,28015.060546875,223310000.0,59.20000076293945,679609.0,147.35,0.0,False
2019-12-08,3145.909912109375,3483310000.0,28015.060546875,223310000.0,59.20000076293945,679609.0,150.67,0.0,False
2019-12-09,3135.9599609375,3400470000.0,27909.599609375,217000000.0,59.02000045776367,511561.0,147.3675,0.0,False
2019-12-10,3132.52001953125,3346310000.0,27881.720703125,213250000.0,59.2400016784668,566822.0,145.6125,0.0,False
2019-12-11,3141.6298828125,3257650000.0,27911.30078125,213510000.0,58.7599983215332,589650.0,143.2125,0.0,False
2019-12-12,3168.570068359375,4003200000.0,28132.05078125,277740000.0,59.18000030517578,530851.0,144.7475,0.0,False
2019-12-13,3168.800048828125,3757650000.0,28135.380859375,250660000.0,60.06999969482422,512288.0,144.62,0.0,False
2019-12-14,3168.800048828125,3757650000.0,28135.380859375,250660000.0,60.06999969482422,512288.0,141.72,0.0,False
2019-12-15,3168.800048828125,3757650000.0,28135.380859375,250660000.0,60.06999969482422,512288.0,142.1225,0.0,False
2019-12-16,3191.449951171875,4070200000.0,28235.890625,286770000.0,60.209999084472656,347395.0,132.4175,0.0,False
2019-12-17,3192.52001953125,3842940000.0,28267.16015625,286770000.0,60.939998626708984,163744.0,121.81,0.0,False
2019-12-18,3191.139892578125,4029950000.0,28239.279296875,289890000.0,60.93000030517578,131071.0,132.9175,0.0,False
2019-12-19,3205.3701171875,3784360000.0,28376.9609375,262570000.0,61.220001220703125,426341.0,128.13,0.0,False
2019-12-20,3221.219970703125,6457480000.0,28455.08984375,603780000.0,60.439998626708984,552517.0,128.3475,0.0,False
2019-12-21,3221.219970703125,6457480000.0,28455.08984375,603780000.0,60.439998626708984,552517.0,127.045,0.0,False
2019-12-22,3221.219970703125,6457480000.0,28455.08984375,603780000.0,60.439998626708984,552517.0,132.36,0.0,False
2019-12-23,3224.010009765625,3064530000.0,28551.529296875,223530000.0,60.52000045776367,314711.0,128.0075,0.0,False
2019-12-24,3223.3798828125,1296530000.0,28515.44921875,86150000.0,61.11000061035156,204535.0,127.7125,0.0,False
2019-12-25,3223.3798828125,1296530000.0,28515.44921875,86150000.0,61.11000061035156,204535.0,124.945,0.0,False
2019-12-26,3239.909912109375,2164540000.0,28621.390625,155970000.0,61.68000030517578,265091.0,125.4375,0.0,False
2019-12-27,3240.02001953125,2429150000.0,28645.259765625,182280000.0,61.720001220703125,351899.0,126.23,0.0,False
2019-12-28,3240.02001953125,2429150000.0,28645.259765625,182280000.0,61.720001220703125,351899.0,127.825,0.0,False
2019-12-29,3240.02001953125,2429150000.0,28645.259765625,182280000.0,61.720001220703125,351899.0,134.2675,0.0,False
2019-12-30,3221.2900390625,3021720000.0,28462.140625,181600000.0,61.68000030517578,427149.0,131.0625,0.0,False
2019-12-31,3230.780029296875,2894760000.0,28538.439453125,193340000.0,61.060001373291016,494535.0,128.65,0.0,False
2020-01-01,3230.780029296875,2894760000.0,28538.439453125,193340000.0,61.060001373291016,494535.0,130.26,0.0,False
2020-01-02,3257.85009765625,3459930000.0,28868.80078125,251820000.0,61.18000030517578,486873.0,126.78,0.0,False
2020-01-03,3234.85009765625,3484700000.0,28634.880859375,239590000.0,63.04999923706055,885861.0,134.0,0.0,False
2020-01-04,3234.85009765625,3484700000.0,28634.880859375,239590000.0,63.04999923706055,885861.0,134.0675,0.0,False
2020-01-05,3234.85009765625,3484700000.0,28634.880859375,239590000.0,63.04999923706055,885861.0,135.2275,0.0,False
2020-01-06,3246.280029296875,3702460000.0,28703.380859375,252760000.0,63.27000045776367,724236.0,144.255,0.0,False
2020-01-07,3237.179931640625,3435910000.0,28583.6796875,258900000.0,62.70000076293945,582649.0,143.1025,0.0,False
2020-01-08,3253.050048828125,3726840000.0,28745.08984375,291750000.0,59.61000061035156,1205710.0,140.725,0.0,False
2020-01-09,3274.699951171875,3641230000.0,28956.900390625,275060000.0,59.560001373291016,750933.0,137.825,0.0,False
2020-01-10,3265.35009765625,3214580000.0,28823.76953125,237830000.0,59.040000915527344,596186.0,144.78,0.0,False
2020-01-11,3265.35009765625,3214580000.0,28823.76953125,237830000.0,59.040000915527344,596186.0,142.6175,0.0,False
2020-01-12,3265.35009765625,3214580000.0,28823.76953125,237830000.0,59.040000915527344,596186.0,146.4875,0.0,False
2020-01-13,3288.1298828125,3459390000.0,28907.05078125,249830000.0,58.08000183105469,584002.0,143.595,0.0,False
2020-01-14,3283.14990234375,3687620000.0,28939.669921875,287440000.0,58.22999954223633,507714.0,165.9275,0.0,False
2020-01-15,3289.2900390625,3721490000.0,29030.220703125,260270000.0,57.810001373291016,433169.0,166.24,0.0,False
2020-01-16,3316.81005859375,3540580000.0,29297.640625,252110000.0,58.52000045776367,182871.0,164.0575,0.0,False
2020-01-17,3329.6201171875,3726220000.0,29348.099609375,321820000.0,58.540000915527344,122561.0,169.7575,0.0,False
2020-01-18,3329.6201171875,3726220000.0,29348.099609375,321820000.0,58.540000915527344,122561.0,174.09,0.0,False
2020-01-19,3329.6201171875,3726220000.0,29348.099609375,321820000.0,58.540000915527344,122561.0,166.815,0.0,False
2020-01-20,3329.6201171875,3726220000.0,29348.099609375,321820000.0,58.540000915527344,122561.0,166.72,0.0,False
2020-01-21,3320.7900390625,4104840000.0,29196.0390625,320640000.0,58.34000015258789,648335.0,169.2625,0.0,False
2020-01-22,3321.75,3623780000.0,29186.26953125,283440000.0,56.7400016784668,620119.0,167.7325,0.0,False
2020-01-23,3325.5400390625,3766710000.0,29160.08984375,307060000.0,55.59000015258789,703995.0,162.5075,0.0,False
2020-01-24,3295.469970703125,3708780000.0,28989.73046875,380010000.0,54.189998626708984,586195.0,162.325,0.0,False
2020-01-25,3295.469970703125,3708780000.0,28989.73046875,380010000.0,54.189998626708984,586195.0,160.225,0.0,False
2020-01-26,3295.469970703125,3708780000.0,28989.73046875,380010000.0,54.189998626708984,586195.0,167.475,0.0,False
2020-01-27,3243.6298828125,3831050000.0,28535.80078125,337270000.0,53.13999938964844,712880.0,169.8425,0.0,False
2020-01-28,3276.239990234375,3531570000.0,28722.849609375,330140000.0,53.47999954223633,633963.0,176.0875,0.0,False
2020-01-29,3273.39990234375,3600250000.0,28734.44921875,302290000.0,53.33000183105469,624979.0,173.4825,0.0,False
2020-01-30,3283.659912109375,3790350000.0,28859.439453125,326850000.0,52.13999938964844,720123.0,184.4125,0.0,False
2020-01-31,3225.52001953125,4529700000.0,28256.029296875,403890000.0,51.560001373291016,827907.0,179.7525,0.0,False
2020-02-01,3225.52001953125,4529700000.0,28256.029296875,403890000.0,51.560001373291016,827907.0,183.49,0.0,False
2020-02-02,3225.52001953125,4529700000.0,28256.029296875,403890000.0,51.560001373291016,827907.0,188.265,0.0,False
2020-02-03,3248.919921875,3760460000.0,28399.810546875,307910000.0,50.11000061035156,876044.0,189.68,0.0,False
2020-02-04,3297.590087890625,3996900000.0,28807.630859375,332750000.0,49.61000061035156,859357.0,188.235,0.0,False
2020-02-05,3334.68994140625,4121480000.0,29290.849609375,357540000.0,50.75,887946.0,203.8075,0.0,False
2020-02-06,3345.780029296875,3887250000.0,29379.76953125,263700000.0,50.95000076293945,750659.0,213.0375,0.0,False
2020-02-07,3327.7099609375,3733920000.0,29102.509765625,252860000.0,50.31999969482422,768345.0,223.1475,0.0,False
2020-02-08,3327.7099609375,3733920000.0,29102.509765625,252860000.0,50.31999969482422,768345.0,223.4,0.0,False
2020-02-09,3327.7099609375,3733920000.0,29102.509765625,252860000.0,50.31999969482422,768345.0,228.71,0.0,False
2020-02-10,3352.090087890625,3462730000.0,29276.8203125,250510000.0,49.56999969482422,715894.0,223.0725,0.0,False
2020-02-11,3357.75,3762940000.0,29276.33984375,279540000.0,49.939998626708984,725733.0,237.915,0.0,False
2020-02-12,3379.449951171875,3930910000.0,29551.419921875,309530000.0,51.16999816894531,795256.0,266.595,0.0,False
2020-02-13,3373.93994140625,3500890000.0,29423.310546875,291150000.0,51.41999816894531,745400.0,268.69,0.0,False
2020-02-14,3380.159912109375,3419700000.0,29398.080078125,231000000.0,52.04999923706055,607343.0,286.1675,0.0,False
2020-02-15,3380.159912109375,3419700000.0,29398.080078125,231000000.0,52.04999923706055,607343.0,264.8625,0.0,False
2020-02-16,3380.159912109375,3419700000.0,29398.080078125,231000000.0,52.04999923706055,607343.0,258.81,0.0,False
2020-02-17,3380.159912109375,3419700000.0,29398.080078125,231000000.0,52.04999923706055,607343.0,268.055,0.0,False
2020-02-18,3370.2900390625,3750400000.0,29232.189453125,256600000.0,52.04999923706055,221774.0,282.915,0.0,False
2020-02-19,3386.14990234375,3614200000.0,29348.029296875,240640000.0,53.290000915527344,113683.0,258.7875,0.0,False
2020-02-20,3373.22998046875,4019180000.0,29219.98046875,287780000.0,53.779998779296875,676179.0,257.645,0.0,False
2020-02-21,3337.75,3908780000.0,28992.41015625,311210000.0,53.380001068115234,707555.0,265.6225,0.0,False
2020-02-22,3337.75,3908780000.0,28992.41015625,311210000.0,53.380001068115234,707555.0,262.3,0.0,False
2020-02-23,3337.75,3908780000.0,28992.41015625,311210000.0,53.380001068115234,707555.0,275.6975,0.0,False
2020-02-24,3225.889892578125,4851160000.0,27960.80078125,452580000.0,51.43000030517578,765515.0,265.765,0.0,False
2020-02-25,3128.2099609375,5596760000.0,27081.359375,513270000.0,49.900001525878906,764989.0,246.5225,0.0,False
2020-02-26,3116.389892578125,5484650000.0,26957.58984375,472450000.0,48.72999954223633,884482.0,223.7425,0.0,False
2020-02-27,2978.760009765625,7064710000.0,25766.640625,664980000.0,47.09000015258789,1011915.0,227.375,0.0,False
2020-02-28,2954.219970703125,8569570000.0,25409.359375,915990000.0,44.7599983215332,1101659.0,227.2875,0.0,False
2020-02-29,2954.219970703125,8569570000.0,25409.359375,915990000.0,44.7599983215332,1101659.0,217.5175,0.0,False
2020-03-01,2954.219970703125,8569570000.0,25409.359375,915990000.0,44.7599983215332,1101659.0,217.4875,0.0,False
2020-03-02,3090.22998046875,6381330000.0,26703.3203125,637200000.0,46.75,949471.0,232.06,0.0,False
2020-03-03,3003.3701171875,6376510000.0,25917.41015625,647080000.0,47.18000030517578,1011933.0,223.6275,0.0,False
2020-03-04,3130.1201171875,5073020000.0,27090.859375,457590000.0,46.779998779296875,745856.0,224.5575,0.0,False
2020-03-05,3023.93994140625,5579290000.0,26121.279296875,477370000.0,45.900001525878906,704591.0,228.58,0.0,False
2020-03-06,2972.3701171875,6555240000.0,25864.779296875,599780000.0,41.279998779296875,1276180.0,245.6625,0.0,False
2020-03-07,2972.3701171875,6555240000.0,25864.779296875,599780000.0,41.279998779296875,1276180.0,237.61,0.0,False
2020-03-08,2972.3701171875,6555240000.0,25864.779296875,599780000.0,41.279998779296875,1276180.0,199.5975,0.0,False
2020-03-09,2746.56005859375,8441290000.0,23851.01953125,750430000.0,31.1299991607666,1774383.0,202.95,0.0,False
2020-03-10,2882.22998046875,7642040000.0,25018.16015625,654860000.0,34.36000061035156,1064632.0,200.4575,0.0,False
2020-03-11,2741.3798828125,7431200000.0,23553.220703125,663960000.0,32.97999954223633,874646.0,194.6125,0.0,False
2020-03-12,2480.639892578125,8850810000.0,21200.619140625,908260000.0,31.5,1025036.0,109.445,0.0,False
2020-03-13,2711.02001953125,8299070000.0,23185.619140625,843080000.0,31.729999542236328,743129.0,135.4525,0.0,False
2020-03-14,2711.02001953125,8299070000.0,23185.619140625,843080000.0,31.729999542236328,743129.0,122.3125,0.0,False
2020-03-15,2711.02001953125,8299070000.0,23185.619140625,843080000.0,31.729999542236328,743129.0,123.3875,0.0,False
2020-03-16,2386.1298828125,7805450000.0,20188.51953125,770130000.0,28.700000762939453,698829.0,111.225,0.0,False
2020-03-17,2529.18994140625,8370250000.0,21237.380859375,793060000.0,26.950000762939453,545820.0,116.2,0.0,False
2020-03-18,2398.10009765625,8799300000.0,19898.919921875,871360000.0,20.3700008392334,309481.0,118.63,0.0,False
2020-03-19,2409.389892578125,7956100000.0,20087.189453125,780300000.0,25.219999313354492,136722.0,136.7925,0.0,False
2020-03-20,2304.919921875,9053950000.0,19173.98046875,872290000.0,22.43000030517578,1133808.0,133.415,0.0,False
2020-03-21,2304.919921875,9053950000.0,19173.98046875,872290000.0,22.43000030517578,1133808.0,132.635,0.0,False
2020-03-22,2304.919921875,9053950000.0,19173.98046875,872290000.0,22.43000030517578,1133808.0,122.475,0.0,False
2020-03-23,2237.39990234375,7411380000.0,18591.9296875,787970000.0,23.360000610351562,852951.0,136.69,0.0,False
2020-03-24,2447.330078125,7563150000.0,20704.91015625,799340000.0,24.010000228881836,659697.0,139.12,0.0,False
2020-03-25,2475.56005859375,8300010000.0,21200.55078125,796320000.0,24.489999771118164,618725.0,136.345,0.0,False
2020-03-26,2630.070068359375,7766990000.0,22552.169921875,705180000.0,22.600000381469727,633877.0,138.49,0.0,False
2020-03-27,2541.469970703125,6201670000.0,21636.779296875,588830000.0,21.510000228881836,603124.0,131.5925,0.0,False
2020-03-28,2541.469970703125,6201670000.0,21636.779296875,588830000.0,21.510000228881836,603124.0,131.3375,0.0,False
2020-03-29,2541.469970703125,6201670000.0,21636.779296875,588830000.0,21.510000228881836,603124.0,124.45,0.0,False
2020-03-30,2626.64990234375,5751120000.0,22327.48046875,545540000.0,20.09000015258789,758711.0,132.33,0.0,False
2020-03-31,2584.590087890625,6576210000.0,21917.16015625,571210000.0,20.479999542236328,660082.0,133.185,0.0,False
2020-04-01,2470.5,5964000000.0,20943.509765625,506680000.0,20.309999465942383,703286.0,136.0,0.0,False
2020-04-02,2526.89990234375,6464190000.0,21413.439453125,529540000.0,25.31999969482422,1095972.0,141.57,0.0,False
2020-04-03,2488.64990234375,6096970000.0,21052.529296875,450010000.0,28.34000015258789,1007577.0,141.43,0.0,False
2020-04-04,2488.64990234375,6096970000.0,21052.529296875,450010000.0,28.34000015258789,1007577.0,144.55,0.0,False
2020-04-05,2488.64990234375,6096970000.0,21052.529296875,450010000.0,28.34000015258789,1007577.0,142.935,0.0,False
2020-04-06,2663.679931640625,6403840000.0,22679.990234375,610760000.0,26.079999923706055,752710.0,171.57,0.0,False
2020-04-07,2659.409912109375,7050410000.0,22653.859375,594660000.0,23.6299991607666,797707.0,164.605,0.0,False
2020-04-08,2749.97998046875,5875710000.0,23433.5703125,472740000.0,25.09000015258789,823554.0,173.4625,0.0,False
2020-04-09,2789.820068359375,7899550000.0,23719.369140625,566400000.0,22.760000228881836,1122149.0,170.225,0.0,False
2020-04-10,2789.820068359375,7899550000.0,23719.369140625,566400000.0,22.760000228881836,1122149.0,158.125,0.0,False
2020-04-11,2789.820068359375,7899550000.0,23719.369140625,566400000.0,22.760000228881836,1122149.0,158.61,0.0,False
2020-04-12,2789.820068359375,7899550000.0,23719.369140625,566400000.0,22.760000228881836,1122149.0,158.635,0.0,False
2020-04-13,2761.6298828125,5319530000.0,23390.76953125,394320000.0,22.40999984741211,775120.0,156.8825,0.0,False
2020-04-14,2846.06005859375,5615730000.0,23949.759765625,485910000.0,20.110000610351562,785478.0,158.615,0.0,False
2020-04-15,2783.360107421875,5208000000.0,23504.349609375,437630000.0,19.8700008392334,544797.0,152.8225,0.0,False
2020-04-16,2799.550048828125,5228810000.0,23537.6796875,471050000.0,19.8700008392334,350942.0,172.605,0.0,False
2020-04-17,2874.56005859375,5804810000.0,24242.490234375,525950000.0,18.270000457763672,240628.0,170.9025,0.0,False
2020-04-18,2874.56005859375,5804810000.0,24242.490234375,525950000.0,18.270000457763672,240628.0,187.8025,0.0,False
2020-04-19,2874.56005859375,5804810000.0,24242.490234375,525950000.0,18.270000457763672,240628.0,180.295,0.0,False
2020-04-20,2823.159912109375,5228630000.0,23650.439453125,423410000.0,-37.630001068115234,247947.0,170.565,0.0,False
2020-04-21,2736.56005859375,5121010000.0,23018.880859375,485140000.0,10.010000228881836,2288230.0,171.03,0.0,False
2020-04-22,2799.31005859375,5084920000.0,23475.8203125,352880000.0,13.779999732971191,1235218.0,183.1225,0.0,False
2020-04-23,2797.800048828125,5773530000.0,23515.259765625,389290000.0,16.5,833584.0,186.5275,0.0,False
2020-04-24,2836.739990234375,5382810000.0,23775.26953125,376020000.0,16.940000534057617,600220.0,187.68,0.0,False
2020-04-25,2836.739990234375,5382810000.0,23775.26953125,376020000.0,16.940000534057617,600220.0,194.355,0.0,False
2020-04-26,2836.739990234375,5382810000.0,23775.26953125,376020000.0,16.940000534057617,600220.0,197.8325,0.0,False
2020-04-27,2878.47998046875,5203930000.0,24133.779296875,389390000.0,12.779999732971191,623201.0,196.875,0.0,False
2020-04-28,2863.389892578125,5691160000.0,24101.55078125,400250000.0,12.34000015258789,897087.0,196.7725,0.0,False
2020-04-29,2939.510009765625,6645640000.0,24633.859375,455290000.0,15.0600004196167,554134.0,215.59,0.0,False
2020-04-30,2912.429931640625,6544980000.0,24345.720703125,487840000.0,18.84000015258789,545344.0,206.33,0.0,False
2020-05-01,2830.7099609375,4759810000.0,23723.689453125,418160000.0,19.780000686645508,403201.0,211.9975,0.0,False
2020-05-02,2830.7099609375,4759810000.0,23723.689453125,418160000.0,19.780000686645508,403201.0,214.2575,0.0,False
2020-05-03,2830.7099609375,4759810000.0,23723.689453125,418160000.0,19.780000686645508,403201.0,210.04,0.0,False
2020-05-04,2842.739990234375,4735930000.0,23749.759765625,355360000.0,20.389999389648438,311488.0,207.0175,0.0,False
2020-05-05,2868.43994140625,5140290000.0,23883.08984375,369710000.0,24.559999465942383,387240.0,205.565,0.0,False
2020-05-06,2848.419921875,4892570000.0,23664.640625,377450000.0,23.989999771118164,381165.0,199.19,0.0,False
2020-05-07,2881.18994140625,5178790000.0,23875.890625,369890000.0,23.549999237060547,310261.0,212.4225,0.0,False
2020-05-08,2929.800048828125,4876030000.0,24331.3203125,335760000.0,24.739999771118164,205181.0,211.6625,0.0,False
2020-05-09,2929.800048828125,4876030000.0,24331.3203125,335760000.0,24.739999771118164,205181.0,210.01,0.0,False
2020-05-10,2929.800048828125,4876030000.0,24331.3203125,335760000.0,24.739999771118164,205181.0,187.9475,0.0,False
2020-05-11,2930.18994140625,4819730000.0,24221.990234375,352400000.0,24.139999389648438,179591.0,186.0625,0.0,False
2020-05-12,2870.1201171875,5119630000.0,23764.779296875,359480000.0,25.780000686645508,212335.0,189.9475,0.0,False
2020-05-13,2820.0,6151650000.0,23247.970703125,469950000.0,25.290000915527344,150864.0,199.91,0.0,False
2020-05-14,2852.5,5651130000.0,23625.33984375,472700000.0,27.559999465942383,160507.0,203.2775,0.0,False
2020-05-15,2863.699951171875,5507700000.0,23685.419921875,491510000.0,29.43000030517578,108016.0,194.6375,0.0,False
2020-05-16,2863.699951171875,5507700000.0,23685.419921875,491510000.0,29.43000030517578,108016.0,200.57,0.0,False
2020-05-17,2863.699951171875,5507700000.0,23685.419921875,491510000.0,29.43000030517578,108016.0,206.9825,0.0,False
2020-05-18,2953.909912109375,6373670000.0,24597.369140625,484190000.0,31.81999969482422,89376.0,214.8325,0.0,False
2020-05-19,2922.93994140625,4984330000.0,24206.859375,374100000.0,32.5,430823.0,214.7275,0.0,False
2020-05-20,2971.610107421875,5005380000.0,24575.900390625,366510000.0,33.4900016784668,406431.0,209.9475,0.0,False
2020-05-21,2948.510009765625,4976620000.0,24474.119140625,346770000.0,33.91999816894531,372814.0,198.5525,0.0,False
2020-05-22,2955.449951171875,3970860000.0,24465.16015625,255660000.0,33.25,429036.0,207.1975,0.0,False
2020-05-23,2955.449951171875,3970860000.0,24465.16015625,255660000.0,33.25,429036.0,206.7075,0.0,False
2020-05-24,2955.449951171875,3970860000.0,24465.16015625,255660000.0,33.25,429036.0,199.7,0.0,False
2020-05-25,2955.449951171875,3970860000.0,24465.16015625,255660000.0,33.25,429036.0,204.08,0.0,False
2020-05-26,2991.77001953125,5848500000.0,24995.109375,424380000.0,34.349998474121094,466737.0,201.005,0.0,False
2020-05-27,3036.1298828125,6398000000.0,25548.26953125,411230000.0,32.810001373291016,415246.0,208.2525,0.0,False
2020-05-28,3029.72998046875,5447020000.0,25400.640625,377800000.0,33.709999084472656,440168.0,219.48625,0.0,False
2020-05-29,3044.31005859375,7297550000.0,25383.109375,527620000.0,35.4900016784668,443647.0,220.5575,0.0,False
2020-05-30,3044.31005859375,7297550000.0,25383.109375,527620000.0,35.4900016784668,443647.0,243.565,0.0,False
2020-05-31,3044.31005859375,7297550000.0,25383.109375,527620000.0,35.4900016784668,443647.0,231.7325,0.0,False
2020-06-01,3055.72998046875,4684170000.0,25475.01953125,338310000.0,35.439998626708984,385710.0,248.3475,0.0,False
2020-06-02,3080.820068359375,5197150000.0,25742.650390625,352610000.0,36.810001373291016,343483.0,237.64,0.0,False
2020-06-03,3122.8701171875,6005560000.0,26269.890625,398790000.0,37.290000915527344,494253.0,244.65,0.0,False
2020-06-04,3112.35009765625,6451290000.0,26281.8203125,372190000.0,37.40999984741211,307612.0,243.31,0.0,False
2020-06-05,3193.929931640625,8639300000.0,27110.98046875,542310000.0,39.54999923706055,396856.0,240.04,0.0,False
2020-06-06,3193.929931640625,8639300000.0,27110.98046875,542310000.0,39.54999923706055,396856.0,242.0775,0.0,False
2020-06-07,3193.929931640625,8639300000.0,27110.98046875,542310000.0,39.54999923706055,396856.0,244.8325,0.0,False
2020-06-08,3232.389892578125,8498300000.0,27572.439453125,430200000.0,38.189998626708984,416639.0,246.6125,0.0,False
2020-06-09,3207.179931640625,6410930000.0,27272.30078125,381430000.0,38.939998626708984,396033.0,244.1,0.0,False
2020-06-10,3190.139892578125,6598870000.0,26989.990234375,448930000.0,39.599998474121094,385868.0,248.04,0.0,False
2020-06-11,3002.10009765625,7037320000.0,25128.169921875,647780000.0,36.34000015258789,513912.0,230.1,0.0,False
2020-06-12,3041.31005859375,5845330000.0,25605.5390625,514440000.0,36.2599983215332,406508.0,237.5575,0.0,False
2020-06-13,3041.31005859375,5845330000.0,25605.5390625,514440000.0,36.2599983215332,406508.0,238.09,0.0,False
2020-06-14,3041.31005859375,5845330000.0,25605.5390625,514440000.0,36.2599983215332,406508.0,232.0725,0.0,False
2020-06-15,3066.590087890625,5757480000.0,25763.16015625,461230000.0,37.119998931884766,387546.0,230.9825,0.0,False
2020-06-16,3124.739990234375,5845810000.0,26289.98046875,489500000.0,38.380001068115234,366323.0,235.315,0.0,False
2020-06-17,3113.489990234375,4560450000.0,26119.609375,328830000.0,37.959999084472656,239516.0,233.66,0.0,False
2020-06-18,3115.340087890625,4448690000.0,26080.099609375,328390000.0,38.84000015258789,113384.0,231.04,0.0,False
2020-06-19,3097.739990234375,8346650000.0,25871.4609375,669390000.0,39.75,64113.0,228.6575,0.0,False
2020-06-20,3097.739990234375,8346650000.0,25871.4609375,669390000.0,39.75,64113.0,228.81,0.0,False
2020-06-21,3097.739990234375,8346650000.0,25871.4609375,669390000.0,39.75,64113.0,227.7675,0.0,False
2020-06-22,3117.860107421875,4686690000.0,26024.9609375,351780000.0,40.459999084472656,315264.0,243.2925,0.0,False
2020-06-23,3131.2900390625,4711850000.0,26156.099609375,389980000.0,40.369998931884766,368730.0,243.115,0.0,False
2020-06-24,3050.330078125,5597680000.0,25445.939453125,450120000.0,38.0099983215332,499490.0,234.5025,0.0,False
2020-06-25,3083.760009765625,4847690000.0,25745.599609375,384560000.0,38.720001220703125,451640.0,232.2875,0.0,False
2020-06-26,3009.050048828125,8107850000.0,25015.55078125,640860000.0,38.4900016784668,356712.0,229.3775,0.0,False
2020-06-27,3009.050048828125,8107850000.0,25015.55078125,640860000.0,38.4900016784668,356712.0,220.765,0.0,False
2020-06-28,3009.050048828125,8107850000.0,25015.55078125,640860000.0,38.4900016784668,356712.0,224.9075,0.0,False
2020-06-29,3053.239990234375,4473970000.0,25595.80078125,378070000.0,39.70000076293945,343913.0,227.85,0.0,False
2020-06-30,3100.2900390625,4705850000.0,25812.880859375,410780000.0,39.27000045776367,370059.0,225.585,0.0,False
2020-07-01,3115.860107421875,4449230000.0,25734.970703125,373180000.0,39.81999969482422,407170.0,231.115,0.0,False
2020-07-02,3130.010009765625,4197720000.0,25827.359375,349130000.0,40.650001525878906,347096.0,226.6725,0.0,False
2020-07-03,3130.010009765625,4197720000.0,25827.359375,349130000.0,40.650001525878906,347096.0,225.0925,0.0,False
2020-07-04,3130.010009765625,4197720000.0,25827.359375,349130000.0,40.650001525878906,347096.0,229.255,0.0,False
2020-07-05,3130.010009765625,4197720000.0,25827.359375,349130000.0,40.650001525878906,347096.0,227.8525,0.0,False
2020-07-06,3179.719970703125,4759160000.0,26287.029296875,340690000.0,40.630001068115234,373236.0,241.7625,0.0,False
2020-07-07,3145.320068359375,4571330000.0,25890.1796875,346820000.0,40.619998931884766,256596.0,239.345,0.0,False
2020-07-08,3169.93994140625,4937310000.0,26067.279296875,337300000.0,40.900001525878906,286740.0,247.0875,0.0,False
2020-07-09,3152.050048828125,4843650000.0,25706.08984375,387610000.0,39.619998931884766,367386.0,242.0425,0.0,False
2020-07-10,3185.0400390625,4524190000.0,26075.30078125,338170000.0,40.54999923706055,393149.0,241.205,0.0,False
2020-07-11,3185.0400390625,4524190000.0,26075.30078125,338170000.0,40.54999923706055,393149.0,239.18,0.0,False
2020-07-12,3185.0400390625,4524190000.0,26075.30078125,338170000.0,40.54999923706055,393149.0,242.8475,0.0,False
2020-07-13,3155.219970703125,4902440000.0,26085.80078125,425320000.0,40.099998474121094,370715.0,239.4825,0.0,False
2020-07-14,3197.52001953125,4507140000.0,26642.58984375,401640000.0,40.290000915527344,426971.0,240.43,0.0,False
2020-07-15,3226.56005859375,4686830000.0,26870.099609375,384900000.0,41.20000076293945,352542.0,238.46,0.0,False
2020-07-16,3215.570068359375,3972860000.0,26734.7109375,287330000.0,40.75,200101.0,234.01,0.0,False
2020-07-17,3224.72998046875,4012850000.0,26671.94921875,296460000.0,40.59000015258789,88220.0,232.7725,0.0,False
2020-07-18,3224.72998046875,4012850000.0,26671.94921875,296460000.0,40.59000015258789,88220.0,235.81,0.0,False
2020-07-19,3224.72998046875,4012850000.0,26671.94921875,296460000.0,40.59000015258789,88220.0,239.18,0.0,False
2020-07-20,3251.840087890625,3979340000.0,26680.869140625,309390000.0,40.810001373291016,60179.0,236.125,0.0,False
2020-07-21,3257.300048828125,4556610000.0,26840.400390625,364930000.0,41.959999084472656,389117.0,245.8275,0.0,False
2020-07-22,3276.02001953125,4267160000.0,27005.83984375,404340000.0,41.900001525878906,333647.0,264.3275,0.0,False
2020-07-23,3235.659912109375,4296760000.0,26652.330078125,419800000.0,41.06999969482422,389412.0,275.685,0.0,False
2020-07-24,3215.6298828125,3689410000.0,26469.890625,494170000.0,41.290000915527344,353159.0,279.435,0.0,False
2020-07-25,3215.6298828125,3689410000.0,26469.890625,494170000.0,41.290000915527344,353159.0,305.7175,0.0,False
2020-07-26,3215.6298828125,3689410000.0,26469.890625,494170000.0,41.290000915527344,353159.0,311.4475,0.0,False
2020-07-27,3239.409912109375,3970310000.0,26584.76953125,400930000.0,41.599998474121094,377714.0,322.5475,0.0,False
2020-07-28,3218.43994140625,4053180000.0,26379.279296875,361090000.0,41.040000915527344,276804.0,317.5175,0.0,False
2020-07-29,3258.43994140625,4478200000.0,26539.5703125,347580000.0,41.27000045776367,295855.0,318.245,0.0,False
2020-07-30,3246.219970703125,4264920000.0,26313.650390625,351540000.0,39.91999816894531,487325.0,335.04,0.0,False
2020-07-31,3271.1201171875,5007530000.0,26428.3203125,488050000.0,40.27000045776367,318788.0,346.7175,0.0,False
2020-08-01,3271.1201171875,5007530000.0,26428.3203125,488050000.0,40.27000045776367,318788.0,387.465,0.0,False
2020-08-02,3271.1201171875,5007530000.0,26428.3203125,488050000.0,40.27000045776367,318788.0,372.1125,0.0,False
2020-08-03,3294.610107421875,4438940000.0,26664.400390625,439380000.0,41.0099983215332,338326.0,386.1875,0.0,False
2020-08-04,3306.510009765625,4414380000.0,26828.470703125,346350000.0,41.70000076293945,451575.0,389.835,0.0,False
2020-08-05,3327.77001953125,4535060000.0,27201.51953125,366000000.0,42.189998626708984,491268.0,401.2875,0.0,False
2020-08-06,3349.159912109375,4278930000.0,27386.98046875,322460000.0,41.95000076293945,359610.0,395.1525,0.0,False
2020-08-07,3351.280029296875,4110030000.0,27433.48046875,321170000.0,41.220001220703125,398997.0,379.78,0.0,False
2020-08-08,3351.280029296875,4110030000.0,27433.48046875,321170000.0,41.220001220703125,398997.0,397.5175,0.0,False
2020-08-09,3351.280029296875,4110030000.0,27433.48046875,321170000.0,41.220001220703125,398997.0,390.46,0.0,False
2020-08-10,3360.469970703125,4327920000.0,27791.439453125,360340000.0,41.939998626708984,367796.0,395.9175,0.0,False
2020-08-11,3333.68994140625,4880540000.0,27686.91015625,428220000.0,41.61000061035156,432843.0,378.7975,0.0,False
2020-08-12,3380.35009765625,3772250000.0,27976.83984375,340210000.0,42.66999816894531,397831.0,387.24,0.0,False
2020-08-13,3373.429931640625,3438730000.0,27896.720703125,360160000.0,42.2400016784668,329507.0,424.745,0.0,False
2020-08-14,3372.85009765625,3200060000.0,27931.01953125,275540000.0,42.0099983215332,310866.0,438.7925,0.0,False
2020-08-15,3372.85009765625,3200060000.0,27931.01953125,275540000.0,42.0099983215332,310866.0,432.725,0.0,False
2020-08-16,3372.85009765625,3200060000.0,27931.01953125,275540000.0,42.0099983215332,310866.0,433.855,0.0,False
2020-08-17,3381.989990234375,3460330000.0,27844.91015625,286860000.0,42.88999938964844,208429.0,431.1125,0.0,False
2020-08-18,3389.780029296875,3669550000.0,27778.0703125,276170000.0,42.88999938964844,111628.0,422.33,0.0,False
2020-08-19,3374.85009765625,3679480000.0,27692.880859375,311460000.0,42.93000030517578,81299.0,407.535,0.0,False
2020-08-20,3385.510009765625,3431040000.0,27739.73046875,304550000.0,42.58000183105469,377070.0,415.7075,0.0,False
2020-08-21,3397.159912109375,3505010000.0,27930.330078125,372720000.0,42.34000015258789,345368.0,388.015,0.0,False
2020-08-22,3397.159912109375,3505010000.0,27930.330078125,372720000.0,42.34000015258789,345368.0,395.81,0.0,False
2020-08-23,3397.159912109375,3505010000.0,27930.330078125,372720000.0,42.34000015258789,345368.0,390.75,0.0,False
2020-08-24,3431.280029296875,3743410000.0,28308.4609375,383880000.0,42.619998931884766,294731.0,408.0425,0.0,False
2020-08-25,3443.6201171875,3627650000.0,28248.439453125,338420000.0,43.349998474121094,330800.0,383.3375,0.0,False
2020-08-26,3478.72998046875,3780530000.0,28331.919921875,327070000.0,43.38999938964844,262243.0,385.92,0.0,False
2020-08-27,3484.550048828125,3955890000.0,28492.26953125,404340000.0,43.040000915527344,320968.0,382.5825,0.0,False
2020-08-28,3508.010009765625,3868510000.0,28653.869140625,369740000.0,42.970001220703125,272800.0,395.5,0.0,False
2020-08-29,3508.010009765625,3868510000.0,28653.869140625,369740000.0,42.970001220703125,272800.0,398.6375,0.0,False
2020-08-30,3508.010009765625,3868510000.0,28653.869140625,369740000.0,42.970001220703125,272800.0,429.0175,0.0,False
2020-08-31,3500.31005859375,4348280000.0,28430.05078125,517320000.0,42.61000061035156,236877.0,433.9825,0.0,False
2020-09-01,3526.64990234375,4101490000.0,28645.66015625,423410000.0,42.7599983215332,285146.0,475.735,0.0,False
2020-09-02,3580.840087890625,4295640000.0,29100.5,539510000.0,41.5099983215332,421771.0,439.92,0.0,False
2020-09-03,3455.06005859375,4911830000.0,28292.73046875,650080000.0,41.369998931884766,417634.0,382.7125,0.0,False
2020-09-04,3426.9599609375,4438720000.0,28133.310546875,694640000.0,39.77000045776367,444184.0,386.4725,0.0,False
2020-09-05,3426.9599609375,4438720000.0,28133.310546875,694640000.0,39.77000045776367,444184.0,335.275,0.0,False
2020-09-06,3426.9599609375,4438720000.0,28133.310546875,694640000.0,39.77000045776367,444184.0,352.6725,0.0,False
2020-09-07,3426.9599609375,4438720000.0,28133.310546875,694640000.0,39.77000045776367,444184.0,353.4525,0.0,False
2020-09-08,3331.840087890625,4694330000.0,27500.890625,580860000.0,36.7599983215332,720975.0,337.2825,0.0,False
2020-09-09,3398.9599609375,3932520000.0,27940.470703125,460590000.0,38.04999923706055,455356.0,351.2625,0.0,False
2020-09-10,3339.18994140625,4208630000.0,27534.580078125,442850000.0,37.29999923706055,367555.0,368.115,0.0,False
2020-09-11,3340.969970703125,3710090000.0,27665.640625,435330000.0,37.33000183105469,363787.0,374.0,0.0,False
2020-09-12,3340.969970703125,3710090000.0,27665.640625,435330000.0,37.33000183105469,363787.0,387.6875,0.0,False
2020-09-13,3340.969970703125,3710090000.0,27665.640625,435330000.0,37.33000183105469,363787.0,366.4625,0.0,False
2020-09-14,3383.5400390625,3839580000.0,27993.330078125,380750000.0,37.2599983215332,347563.0,377.2125,0.0,False
2020-09-15,3401.199951171875,4057190000.0,27995.599609375,414520000.0,38.279998779296875,348861.0,364.1225,0.0,False
2020-09-16,3385.489990234375,4718900000.0,28032.380859375,416650000.0,40.15999984741211,367612.0,365.11,0.0,False
2020-09-17,3357.010009765625,4379840000.0,27901.98046875,437230000.0,40.970001220703125,280669.0,389.5175,0.0,False
2020-09-18,3319.469970703125,7076400000.0,27657.419921875,698710000.0,41.11000061035156,85906.0,384.5275,0.0,False
2020-09-19,3319.469970703125,7076400000.0,27657.419921875,698710000.0,41.11000061035156,85906.0,385.4175,0.0,False
2020-09-20,3319.469970703125,7076400000.0,27657.419921875,698710000.0,41.11000061035156,85906.0,370.875,0.0,False
2020-09-21,3281.06005859375,4836070000.0,27147.69921875,523660000.0,39.310001373291016,66195.0,340.04,0.0,False
2020-09-22,3315.570068359375,3974510000.0,27288.1796875,420720000.0,39.599998474121094,287807.0,344.1625,0.0,False
2020-09-23,3236.919921875,4378650000.0,26763.130859375,459470000.0,39.93000030517578,318754.0,320.245,0.0,False
2020-09-24,3246.590087890625,4601920000.0,26815.439453125,447810000.0,40.310001373291016,269992.0,349.6975,0.0,False
2020-09-25,3298.4599609375,3803330000.0,27173.9609375,388900000.0,40.25,229025.0,351.865,0.0,False
2020-09-26,3298.4599609375,3803330000.0,27173.9609375,388900000.0,40.25,229025.0,354.08,0.0,False
2020-09-27,3298.4599609375,3803330000.0,27173.9609375,388900000.0,40.25,229025.0,357.3875,0.0,False
2020-09-28,3351.60009765625,3950910000.0,27584.060546875,401860000.0,40.599998474121094,226425.0,353.9425,0.0,False
2020-09-29,3335.469970703125,3661590000.0,27452.66015625,303820000.0,39.290000915527344,379599.0,359.7975,0.0,False
2020-09-30,3363.0,4738640000.0,27781.69921875,452550000.0,40.220001220703125,340294.0,359.7775,0.0,False
2020-10-01,3380.800048828125,4076340000.0,27816.900390625,373450000.0,38.720001220703125,443442.0,353.05,0.0,False
2020-10-02,3348.419921875,3975180000.0,27682.810546875,392770000.0,37.04999923706055,391428.0,345.7,0.0,False
2020-10-03,3348.419921875,3975180000.0,27682.810546875,392770000.0,37.04999923706055,391428.0,346.205,0.0,False
2020-10-04,3348.419921875,3975180000.0,27682.810546875,392770000.0,37.04999923706055,391428.0,352.5525,0.0,False
2020-10-05,3408.60009765625,3692720000.0,28148.640625,318210000.0,39.220001220703125,378579.0,353.6775,0.0,False
2020-10-06,3360.969970703125,4453390000.0,27772.759765625,435030000.0,40.66999816894531,400531.0,340.7525,0.0,False
2020-10-07,3419.43994140625,3814750000.0,28303.4609375,328750000.0,39.95000076293945,433065.0,341.835,0.0,False
2020-10-08,3446.830078125,3867640000.0,28425.509765625,314750000.0,41.189998626708984,409787.0,351.255,0.0,False
2020-10-09,3477.139892578125,3944090000.0,28586.900390625,324050000.0,40.599998474121094,331703.0,365.4775,0.0,False
2020-10-10,3477.139892578125,3944090000.0,28586.900390625,324050000.0,40.599998474121094,331703.0,371.0275,0.0,False
2020-10-11,3477.139892578125,3944090000.0,28586.900390625,324050000.0,40.599998474121094,331703.0,374.4325,0.0,False
2020-10-12,3534.219970703125,3435760000.0,28837.51953125,493680000.0,39.43000030517578,322035.0,386.7425,0.0,False
2020-10-13,3511.929931640625,3611100000.0,28679.810546875,526110000.0,40.20000076293945,375470.0,381.33,0.0,False
2020-10-14,3488.669921875,3858510000.0,28514.0,370800000.0,41.040000915527344,328295.0,379.08,0.0,False
2020-10-15,3483.340087890625,3724550000.0,28494.19921875,328940000.0,40.959999084472656,248251.0,377.89,0.0,False
2020-10-16,3483.81005859375,4688030000.0,28606.310546875,356140000.0,40.880001068115234,96488.0,365.5375,0.0,False
2020-10-17,3483.81005859375,4688030000.0,28606.310546875,356140000.0,40.880001068115234,96488.0,368.53,0.0,False
2020-10-18,3483.81005859375,4688030000.0,28606.310546875,356140000.0,40.880001068115234,96488.0,378.4125,0.0,False
2020-10-19,3426.919921875,4091080000.0,28195.419921875,358700000.0,40.83000183105469,75335.0,379.41,0.0,False
2020-10-20,3443.1201171875,3917850000.0,28308.7890625,350220000.0,41.459999084472656,360574.0,368.7925,0.0,False
2020-10-21,3435.56005859375,4103960000.0,28210.8203125,299420000.0,40.029998779296875,366899.0,391.5525,0.0,False
2020-10-22,3453.489990234375,4172060000.0,28363.66015625,330320000.0,40.63999938964844,307494.0,414.62,0.0,False
2020-10-23,3465.389892578125,3651600000.0,28335.5703125,347300000.0,39.849998474121094,268931.0,409.7475,0.0,False
2020-10-24,3465.389892578125,3651600000.0,28335.5703125,347300000.0,39.849998474121094,268931.0,412.565,0.0,False
2020-10-25,3465.389892578125,3651600000.0,28335.5703125,347300000.0,39.849998474121094,268931.0,406.3575,0.0,False
2020-10-26,3400.969970703125,4002210000.0,27685.380859375,404150000.0,38.560001373291016,360184.0,393.3325,0.0,False
2020-10-27,3390.679931640625,3962400000.0,27463.189453125,366400000.0,39.56999969482422,339535.0,404.315,0.0,False
2020-10-28,3271.030029296875,5139970000.0,26519.94921875,496150000.0,37.38999938964844,489954.0,388.6875,0.0,False
2020-10-29,3310.110107421875,4911860000.0,26659.109375,419770000.0,36.16999816894531,568816.0,387.5275,0.0,False
2020-10-30,3269.9599609375,4843930000.0,26501.599609375,504820000.0,35.790000915527344,388971.0,382.775,0.0,False
2020-10-31,3269.9599609375,4843930000.0,26501.599609375,504820000.0,35.790000915527344,388971.0,386.8875,0.0,False
2020-11-01,3269.9599609375,4843930000.0,26501.599609375,504820000.0,35.790000915527344,388971.0,396.8375,0.0,False
2020-11-02,3310.239990234375,4314690000.0,26925.05078125,379990000.0,36.810001373291016,489204.0,383.78,0.0,False
2020-11-03,3369.159912109375,4241380000.0,27480.029296875,350980000.0,37.65999984741211,410611.0,388.285,0.0,False
2020-11-04,3443.43994140625,4790400000.0,27847.66015625,447860000.0,39.150001525878906,437000.0,402.9125,0.0,False
2020-11-05,3510.449951171875,4858150000.0,28390.1796875,390140000.0,38.790000915527344,298366.0,417.0875,0.0,False
2020-11-06,3509.43994140625,4842460000.0,28323.400390625,326710000.0,37.13999938964844,411026.0,456.46,0.0,False
2020-11-07,3509.43994140625,4842460000.0,28323.400390625,326710000.0,37.13999938964844,411026.0,435.65,0.0,False
2020-11-08,3509.43994140625,4842460000.0,28323.400390625,326710000.0,37.13999938964844,411026.0,454.6525,0.0,False
2020-11-09,3550.5,8570510000.0,29157.970703125,673310000.0,40.290000915527344,622921.0,444.4825,0.0,False
2020-11-10,3545.530029296875,6037470000.0,29420.919921875,526980000.0,41.36000061035156,457045.0,450.9475,0.0,False
2020-11-11,3572.659912109375,4635560000.0,29397.630859375,376700000.0,41.45000076293945,443772.0,464.08,0.0,False
2020-11-12,3537.010009765625,4909660000.0,29080.169921875,369320000.0,41.119998931884766,401031.0,463.21,0.0,False
2020-11-13,3585.14990234375,4719580000.0,29479.810546875,348810000.0,40.130001068115234,338187.0,477.075,0.0,False
2020-11-14,3585.14990234375,4719580000.0,29479.810546875,348810000.0,40.130001068115234,338187.0,461.21,0.0,False
2020-11-15,3585.14990234375,4719580000.0,29479.810546875,348810000.0,40.130001068115234,338187.0,448.6225,0.0,False
2020-11-16,3626.909912109375,5295510000.0,29950.439453125,418290000.0,41.34000015258789,378785.0,460.6125,0.0,False
2020-11-17,3609.530029296875,4812180000.0,29783.349609375,372380000.0,41.43000030517578,243677.0,482.835,0.0,False
2020-11-18,3567.7900390625,5284810000.0,29438.419921875,382850000.0,41.81999969482422,107013.0,479.0675,0.0,False
2020-11-19,3581.8701171875,4363370000.0,29483.23046875,331330000.0,41.7400016784668,88144.0,471.9625,0.0,False
2020-11-20,3557.5400390625,4236370000.0,29263.48046875,305350000.0,42.150001525878906,276340.0,510.465,0.0,False
2020-11-21,3557.5400390625,4236370000.0,29263.48046875,305350000.0,42.150001525878906,276340.0,552.8675,0.0,False
2020-11-22,3557.5400390625,4236370000.0,29263.48046875,305350000.0,42.150001525878906,276340.0,561.0675,0.0,False
2020-11-23,3577.590087890625,5057550000.0,29591.26953125,387200000.0,43.060001373291016,300717.0,609.3925,0.0,False
2020-11-24,3635.409912109375,6280290000.0,30046.240234375,432760000.0,44.90999984741211,418527.0,605.5225,0.0,False
2020-11-25,3629.64990234375,4910440000.0,29872.470703125,323030000.0,45.709999084472656,417182.0,569.3775,0.0,False
2020-11-26,3629.64990234375,4910440000.0,29872.470703125,323030000.0,45.709999084472656,417182.0,520.235,0.0,False
2020-11-27,3638.35009765625,2778390000.0,29910.369140625,177040000.0,45.529998779296875,365128.0,518.835,0.0,False
2020-11-28,3638.35009765625,2778390000.0,29910.369140625,177040000.0,45.529998779296875,365128.0,538.1125,0.0,False
2020-11-29,3638.35009765625,2778390000.0,29910.369140625,177040000.0,45.529998779296875,365128.0,576.5475,0.0,False
2020-11-30,3621.6298828125,6308410000.0,29638.640625,551350000.0,45.34000015258789,370755.0,616.74,0.0,False
2020-12-01,3662.449951171875,5418480000.0,29823.919921875,429510000.0,44.54999923706055,314919.0,586.28,0.0,False
2020-12-02,3669.010009765625,5041250000.0,29883.7890625,385280000.0,45.279998779296875,368854.0,597.835,0.0,False
2020-12-03,3666.719970703125,5065340000.0,29969.51953125,405680000.0,45.63999938964844,350768.0,616.6825,0.0,False
2020-12-04,3699.1201171875,5099620000.0,30218.259765625,356590000.0,46.2599983215332,335453.0,567.8525,0.0,False
2020-12-05,3699.1201171875,5099620000.0,30218.259765625,356590000.0,46.2599983215332,335453.0,597.255,0.0,False
2020-12-06,3699.1201171875,5099620000.0,30218.259765625,356590000.0,46.2599983215332,335453.0,602.36,0.0,False
2020-12-07,3691.9599609375,4804500000.0,30069.7890625,365810000.0,45.7599983215332,348871.0,591.41,0.0,False
2020-12-08,3702.25,4584390000.0,30173.880859375,311190000.0,45.599998474121094,332641.0,554.79,0.0,False
2020-12-09,3672.820068359375,5232800000.0,30068.810546875,380520000.0,45.52000045776367,434976.0,573.3875,0.0,False
2020-12-10,3668.10009765625,4658480000.0,29999.259765625,325550000.0,46.779998779296875,447529.0,558.58,0.0,False
2020-12-11,3663.4599609375,4375470000.0,30046.369140625,393870000.0,46.56999969482422,367305.0,544.19,0.0,False
2020-12-12,3663.4599609375,4375470000.0,30046.369140625,393870000.0,46.56999969482422,367305.0,568.25,0.0,False
2020-12-13,3663.4599609375,4375470000.0,30046.369140625,393870000.0,46.56999969482422,367305.0,590.5625,0.0,False
2020-12-14,3647.489990234375,4623850000.0,29861.55078125,371980000.0,46.9900016784668,403543.0,586.26,0.0,False
2020-12-15,3694.6201171875,4387080000.0,30199.310546875,417770000.0,47.619998931884766,311169.0,589.2125,0.0,False
2020-12-16,3701.169921875,4067040000.0,30154.5390625,344590000.0,47.81999969482422,275331.0,638.16,0.0,False
2020-12-17,3722.47998046875,4192810000.0,30303.369140625,345530000.0,48.36000061035156,96536.0,643.52,0.0,False
2020-12-18,3709.409912109375,7097100000.0,30179.05078125,782070000.0,49.099998474121094,83711.0,654.9025,0.0,False
2020-12-19,3709.409912109375,7097100000.0,30179.05078125,782070000.0,49.099998474121094,83711.0,658.8425,0.0,False
2020-12-20,3709.409912109375,7097100000.0,30179.05078125,782070000.0,49.099998474121094,83711.0,638.365,0.0,False
2020-12-21,3694.919921875,4748580000.0,30216.44921875,437480000.0,47.7400016784668,478098.0,607.9075,0.0,False
2020-12-22,3687.260009765625,4053310000.0,30015.509765625,388810000.0,47.02000045776367,295737.0,637.1325,0.0,False
2020-12-23,3690.010009765625,3779160000.0,30129.830078125,274050000.0,48.119998931884766,344306.0,585.395,0.0,False
2020-12-24,3703.06005859375,1883780000.0,30199.869140625,145570000.0,48.22999954223633,167390.0,612.37,0.0,False
2020-12-25,3703.06005859375,1883780000.0,30199.869140625,145570000.0,48.22999954223633,167390.0,626.7975,0.0,False
2020-12-26,3703.06005859375,1883780000.0,30199.869140625,145570000.0,48.22999954223633,167390.0,636.415,0.0,False
2020-12-27,3703.06005859375,1883780000.0,30199.869140625,145570000.0,48.22999954223633,167390.0,683.6525,0.0,False
2020-12-28,3735.360107421875,3535460000.0,30403.970703125,302490000.0,47.619998931884766,238462.0,729.5075,0.0,False
2020-12-29,3727.0400390625,3393290000.0,30335.669921875,357610000.0,48.0,213778.0,731.6975,0.0,False
2020-12-30,3732.0400390625,3154850000.0,30409.560546875,291890000.0,48.400001525878906,266957.0,752.595,0.0,False
2020-12-31,3756.070068359375,3179040000.0,30606.48046875,284470000.0,48.52000045776367,181894.0,737.4375,0.0,False
2021-01-01,3756.070068359375,3179040000.0,30606.48046875,284470000.0,48.52000045776367,181894.0,731.06,0.0,False
2021-01-02,3756.070068359375,3179040000.0,30606.48046875,284470000.0,48.52000045776367,181894.0,775.205,0.0,False
2021-01-03,3756.070068359375,3179040000.0,30606.48046875,284470000.0,48.52000045776367,181894.0,979.4725,0.0,False
2021-01-04,3700.64990234375,5015000000.0,30223.890625,475080000.0,47.619998931884766,528525.0,1042.6925,0.0,False
2021-01-05,3726.860107421875,4591020000.0,30391.599609375,350910000.0,49.93000030517578,643191.0,1103.39,0.0,False
2021-01-06,3748.139892578125,6064110000.0,30829.400390625,500430000.0,50.630001068115234,509365.0,1212.275,0.0,False
2021-01-07,3803.7900390625,5099160000.0,31041.130859375,427810000.0,50.83000183105469,369292.0,1226.64,0.0,False
2021-01-08,3824.679931640625,4773040000.0,31097.970703125,381150000.0,52.2400016784668,499416.0,1218.1675,0.0,False
2021-01-09,3824.679931640625,4773040000.0,31097.970703125,381150000.0,52.2400016784668,499416.0,1280.7275,0.0,False
2021-01-10,3824.679931640625,4773040000.0,31097.970703125,381150000.0,52.2400016784668,499416.0,1255.285,0.0,False
2021-01-11,3799.610107421875,4465430000.0,31008.689453125,356540000.0,52.25,394822.0,1088.53,0.0,False
2021-01-12,3801.18994140625,4994950000.0,31068.689453125,362620000.0,53.209999084472656,400200.0,1049.43,0.0,False
2021-01-13,3809.840087890625,4602510000.0,31060.470703125,413250000.0,52.90999984741211,429898.0,1130.6825,0.0,False
2021-01-14,3795.5400390625,5198480000.0,30991.51953125,427810000.0,53.56999969482422,390087.0,1231.6475,0.0,False
2021-01-15,3768.25,5369820000.0,30814.259765625,433000000.0,52.36000061035156,165668.0,1169.2125,0.0,False
2021-01-16,3768.25,5369820000.0,30814.259765625,433000000.0,52.36000061035156,165668.0,1228.1675,0.0,False
2021-01-17,3768.25,5369820000.0,30814.259765625,433000000.0,52.36000061035156,165668.0,1233.205,0.0,False
2021-01-18,3768.25,5369820000.0,30814.259765625,433000000.0,52.36000061035156,165668.0,1258.3075,0.0,False
2021-01-19,3798.909912109375,5014440000.0,30930.51953125,386400000.0,52.97999954223633,125964.0,1368.435,0.0,False
2021-01-20,3851.85009765625,4566190000.0,31188.380859375,384980000.0,53.2400016784668,400301.0,1377.765,0.0,False
2021-01-21,3853.070068359375,4501760000.0,31176.009765625,418780000.0,53.130001068115234,352397.0,1110.665,0.0,False
2021-01-22,3841.469970703125,5110890000.0,30996.98046875,436040000.0,52.27000045776367,437484.0,1234.475,0.0,False
2021-01-23,3841.469970703125,5110890000.0,30996.98046875,436040000.0,52.27000045776367,437484.0,1234.3775,0.0,False
2021-01-24,3841.469970703125,5110890000.0,30996.98046875,436040000.0,52.27000045776367,437484.0,1393.0775,0.0,False
2021-01-25,3855.360107421875,7000840000.0,30960.0,472890000.0,52.77000045776367,349076.0,1318.22,0.0,False
2021-01-26,3849.6201171875,6137500000.0,30937.0390625,373150000.0,52.61000061035156,314538.0,1367.9925,0.0,False
2021-01-27,3750.77001953125,9976520000.0,30303.169921875,566470000.0,52.849998474121094,442376.0,1240.565,0.0,False
2021-01-28,3787.3798828125,6992770000.0,30603.359375,465140000.0,52.34000015258789,411406.0,1332.6525,0.0,False
2021-01-29,3714.239990234375,6643370000.0,29982.619140625,536320000.0,52.20000076293945,410914.0,1378.94,0.0,False
2021-01-30,3714.239990234375,6643370000.0,29982.619140625,536320000.0,52.20000076293945,410914.0,1378.93,0.0,False
2021-01-31,3714.239990234375,6643370000.0,29982.619140625,536320000.0,52.20000076293945,410914.0,1313.8225,0.0,False
2021-02-01,3773.860107421875,5436230000.0,30211.91015625,347060000.0,53.54999923706055,416067.0,1374.9525,0.0,False
2021-02-02,3826.31005859375,5514090000.0,30687.48046875,333160000.0,54.7599983215332,463718.0,1513.3875,0.0,False
2021-02-03,3830.169921875,4864870000.0,30723.599609375,305590000.0,55.689998626708984,448693.0,1667.82,0.0,False
2021-02-04,3871.739990234375,4879240000.0,31055.859375,338330000.0,56.22999954223633,381404.0,1598.1675,0.0,False
2021-02-05,3886.830078125,4879470000.0,31148.240234375,293550000.0,56.849998474121094,400833.0,1721.2375,0.0,False
2021-02-06,3886.830078125,4879470000.0,31148.240234375,293550000.0,56.849998474121094,400833.0,1679.3775,0.0,False
2021-02-07,3886.830078125,4879470000.0,31148.240234375,293550000.0,56.849998474121094,400833.0,1615.3725,0.0,False
2021-02-08,3915.590087890625,4648360000.0,31385.759765625,322250000.0,57.970001220703125,399724.0,1753.0925,0.0,False
2021-02-09,3911.22998046875,4568320000.0,31375.830078125,308210000.0,58.36000061035156,514698.0,1771.9725,0.0,False
2021-02-10,3909.8798828125,4837070000.0,31437.80078125,326450000.0,58.68000030517578,457535.0,1743.1075,0.0,False
2021-02-11,3916.3798828125,4590960000.0,31430.69921875,280320000.0,58.2400016784668,380445.0,1787.4525,0.0,False
2021-02-12,3934.830078125,4135060000.0,31458.400390625,263090000.0,59.470001220703125,480822.0,1845.6425,0.0,False
2021-02-13,3934.830078125,4135060000.0,31458.400390625,263090000.0,59.470001220703125,480822.0,1818.035,0.0,False
2021-02-14,3934.830078125,4135060000.0,31458.400390625,263090000.0,59.470001220703125,480822.0,1803.2825,0.0,False
2021-02-15,3934.830078125,4135060000.0,31458.400390625,263090000.0,59.470001220703125,480822.0,1779.465,0.0,False
2021-02-16,3932.590087890625,5058990000.0,31522.75,329210000.0,60.04999923706055,602332.0,1781.98,0.0,False
2021-02-17,3931.330078125,4730650000.0,31613.01953125,343510000.0,61.13999938964844,335419.0,1851.375,0.0,False
2021-02-18,3913.969970703125,4793650000.0,31493.33984375,325990000.0,60.52000045776367,132035.0,1940.01,0.0,False
2021-02-19,3906.7099609375,4845320000.0,31494.3203125,353070000.0,59.2400016784668,102427.0,1958.0,0.0,False
2021-02-20,3906.7099609375,4845320000.0,31494.3203125,353070000.0,59.2400016784668,102427.0,1915.74,0.0,False
2021-02-21,3906.7099609375,4845320000.0,31494.3203125,353070000.0,59.2400016784668,102427.0,1935.5425,0.0,False
2021-02-22,3876.5,5917100000.0,31521.689453125,387210000.0,61.4900016784668,505773.0,1779.3225,0.0,False
2021-02-23,3881.3701171875,6296610000.0,31537.349609375,460410000.0,61.66999816894531,570677.0,1578.135,0.0,False
2021-02-24,3925.429931640625,6012790000.0,31961.859375,410150000.0,63.220001220703125,489933.0,1625.5225,0.0,False
2021-02-25,3829.340087890625,6547470000.0,31402.009765625,454110000.0,63.529998779296875,510357.0,1481.59,0.0,False
2021-02-26,3811.14990234375,6526070000.0,30932.369140625,532250000.0,61.5,472723.0,1445.1875,0.0,False
2021-02-27,3811.14990234375,6526070000.0,30932.369140625,532250000.0,61.5,472723.0,1460.1475,0.0,False
2021-02-28,3811.14990234375,6526070000.0,30932.369140625,532250000.0,61.5,472723.0,1422.0975,0.0,False
2021-03-01,3901.820068359375,5114820000.0,31535.509765625,385670000.0,60.63999938964844,456679.0,1571.31,0.0,False
2021-03-02,3870.2900390625,5536010000.0,31391.51953125,337270000.0,59.75,464133.0,1488.805,0.0,False
2021-03-03,3819.719970703125,6173660000.0,31270.08984375,409660000.0,61.279998779296875,465311.0,1567.735,0.0,False
2021-03-04,3768.469970703125,7195400000.0,30924.140625,537850000.0,63.83000183105469,694628.0,1538.4875,0.0,False
2021-03-05,3841.93994140625,6851070000.0,31496.30078125,501810000.0,66.08999633789062,573168.0,1528.625,0.0,False
2021-03-06,3841.93994140625,6851070000.0,31496.30078125,501810000.0,66.08999633789062,573168.0,1651.535,0.0,False
2021-03-07,3841.93994140625,6851070000.0,31496.30078125,501810000.0,66.08999633789062,573168.0,1727.5,0.0,False
2021-03-08,3821.35009765625,5871710000.0,31802.439453125,496980000.0,65.05000305175781,533376.0,1834.605,0.0,False
2021-03-09,3875.43994140625,5513560000.0,31832.740234375,458690000.0,64.01000213623047,554564.0,1871.58,0.0,False
2021-03-10,3898.81005859375,5847380000.0,32297.01953125,409110000.0,64.44000244140625,498488.0,1794.745,0.0,False
2021-03-11,3939.340087890625,5312880000.0,32485.58984375,400020000.0,66.0199966430664,441063.0,1826.69,0.0,False
2021-03-12,3943.340087890625,4476280000.0,32778.640625,346400000.0,65.61000061035156,321714.0,1767.275,0.0,False
2021-03-13,3943.340087890625,4476280000.0,32778.640625,346400000.0,65.61000061035156,321714.0,1920.8225,0.0,False
2021-03-14,3943.340087890625,4476280000.0,32778.640625,346400000.0,65.61000061035156,321714.0,1848.0375,0.0,False
2021-03-15,3968.93994140625,4900100000.0,32953.4609375,360080000.0,65.38999938964844,378009.0,1793.605,0.0,False
2021-03-16,3962.7099609375,4613080000.0,32825.94921875,386370000.0,64.80000305175781,317537.0,1805.98,0.0,False
2021-03-17,3974.1201171875,4561660000.0,33015.37109375,391200000.0,64.5999984741211,254724.0,1823.7675,0.0,False
2021-03-18,3915.4599609375,5118590000.0,32862.30078125,418480000.0,60.0,143597.0,1776.2425,0.0,False
2021-03-19,3913.10009765625,7757420000.0,32627.970703125,811890000.0,61.41999816894531,84171.0,1810.105,0.0,False
2021-03-20,3913.10009765625,7757420000.0,32627.970703125,811890000.0,61.41999816894531,84171.0,1805.4375,0.0,False
2021-03-21,3913.10009765625,7757420000.0,32627.970703125,811890000.0,61.41999816894531,84171.0,1784.465,0.0,False
2021-03-22,3940.590087890625,4316260000.0,32731.19921875,383500000.0,61.54999923706055,404370.0,1681.64,0.0,False
2021-03-23,3910.52001953125,4669010000.0,32423.150390625,385840000.0,57.7599983215332,712317.0,1668.9625,0.0,False
2021-03-24,3889.139892578125,4783020000.0,32420.060546875,399390000.0,61.18000030517578,566291.0,1582.0275,0.0,False
2021-03-25,3909.52001953125,4948340000.0,32619.48046875,411990000.0,58.560001373291016,580105.0,1586.7725,0.0,False
2021-03-26,3974.5400390625,5483160000.0,33072.87890625,382170000.0,60.970001220703125,471996.0,1699.935,0.0,False
2021-03-27,3974.5400390625,5483160000.0,33072.87890625,382170000.0,60.970001220703125,471996.0,1713.6125,0.0,False
2021-03-28,3974.5400390625,5483160000.0,33072.87890625,382170000.0,60.970001220703125,471996.0,1686.6475,0.0,False
2021-03-29,3971.090087890625,4628180000.0,33171.37109375,351610000.0,61.560001373291016,449360.0,1816.5025,0.0,False
2021-03-30,3958.550048828125,4121510000.0,33066.9609375,307510000.0,60.54999923706055,388188.0,1841.7625,0.0,False
2021-03-31,3972.889892578125,4578050000.0,32981.55078125,414140000.0,59.15999984741211,414162.0,1918.9275,0.0,False
2021-04-01,4019.8701171875,4162130000.0,33153.2109375,311880000.0,61.45000076293945,605567.0,1968.5025,0.0,False
2021-04-02,4019.8701171875,4162130000.0,33153.2109375,311880000.0,61.45000076293945,605567.0,2134.3275,0.0,False
2021-04-03,4019.8701171875,4162130000.0,33153.2109375,311880000.0,61.45000076293945,605567.0,2009.3875,0.0,False
2021-04-04,4019.8701171875,4162130000.0,33153.2109375,311880000.0,61.45000076293945,605567.0,2076.5325,0.0,False
2021-04-05,4077.909912109375,4005030000.0,33527.19140625,344270000.0,58.650001525878906,438864.0,2107.4675,0.0,False
2021-04-06,4073.93994140625,4081270000.0,33430.23828125,297940000.0,59.33000183105469,457348.0,2113.0375,0.0,False
2021-04-07,4079.949951171875,4120810000.0,33446.26171875,273440000.0,59.77000045776367,475537.0,1963.3875,0.0,False
2021-04-08,4097.169921875,3907100000.0,33503.5703125,304040000.0,59.599998474121094,419913.0,2081.32,0.0,False
2021-04-09,4128.7998046875,3640390000.0,33800.6015625,316410000.0,59.31999969482422,351436.0,2066.4725,0.0,False
2021-04-10,4128.7998046875,3640390000.0,33800.6015625,316410000.0,59.31999969482422,351436.0,2134.07,0.0,False
2021-04-11,4128.7998046875,3640390000.0,33800.6015625,316410000.0,59.31999969482422,351436.0,2149.6275,0.0,False
2021-04-12,4127.990234375,3588900000.0,33745.3984375,327370000.0,59.70000076293945,410218.0,2137.5425,0.0,False
2021-04-13,4141.58984375,3734720000.0,33677.26953125,324480000.0,60.18000030517578,349733.0,2299.785,0.0,False
2021-04-14,4124.66015625,3985350000.0,33730.890625,315330000.0,63.150001525878906,419813.0,2432.535,0.0,False
2021-04-15,4170.419921875,4033420000.0,34035.98828125,319680000.0,63.459999084472656,243370.0,2517.37,0.0,False
2021-04-16,4185.47021484375,4163820000.0,34200.671875,343760000.0,63.130001068115234,87795.0,2426.015,0.0,False
2021-04-17,4185.47021484375,4163820000.0,34200.671875,343760000.0,63.130001068115234,87795.0,2318.1025,0.0,False
2021-04-18,4185.47021484375,4163820000.0,34200.671875,343760000.0,63.130001068115234,87795.0,2241.1425,0.0,False
2021-04-19,4163.259765625,3810290000.0,34077.62890625,312540000.0,63.380001068115234,74384.0,2163.305,0.0,False
2021-04-20,4134.93994140625,4342650000.0,33821.30078125,350960000.0,62.439998626708984,476046.0,2333.565,0.0,False
2021-04-21,4173.419921875,3887250000.0,34137.30859375,290300000.0,61.349998474121094,431486.0,2357.7,0.0,False
2021-04-22,4134.97998046875,4245140000.0,33815.8984375,344470000.0,61.43000030517578,344700.0,2400.3025,0.0,False
2021-04-23,4180.169921875,3569880000.0,34043.48828125,346380000.0,62.13999938964844,345407.0,2369.7575,0.0,False
2021-04-24,4180.169921875,3569880000.0,34043.48828125,346380000.0,62.13999938964844,345407.0,2217.7425,0.0,False
2021-04-25,4180.169921875,3569880000.0,34043.48828125,346380000.0,62.13999938964844,345407.0,2322.155,0.0,False
2021-04-26,4187.6201171875,3748320000.0,33981.5703125,279300000.0,61.90999984741211,366865.0,2534.735,0.0,False
2021-04-27,4186.72021484375,3710700000.0,33984.9296875,289030000.0,62.939998626708984,361536.0,2668.6225,0.0,False
2021-04-28,4183.18017578125,3787360000.0,33820.37890625,335820000.0,63.86000061035156,387683.0,2750.545,0.0,False
2021-04-29,4211.47021484375,4298680000.0,34060.359375,408450000.0,65.01000213623047,384489.0,2758.62,0.0,False
2021-04-30,4181.169921875,4300880000.0,33874.8515625,374890000.0,63.58000183105469,400515.0,2776.8775,0.0,False
2021-05-01,4181.169921875,4300880000.0,33874.8515625,374890000.0,63.58000183105469,400515.0,2948.19,0.0,False
2021-05-02,4181.169921875,4300880000.0,33874.8515625,374890000.0,63.58000183105469,400515.0,2952.0575,0.0,False
2021-05-03,4192.66015625,4070220000.0,34113.23046875,289770000.0,64.48999786376953,285969.0,3432.0525,0.0,False
2021-05-04,4164.66015625,4452460000.0,34133.03125,407860000.0,65.69000244140625,370208.0,3240.82,0.0,False
2021-05-05,4167.58984375,4230920000.0,34230.33984375,253180000.0,65.62999725341797,460066.0,3528.525,0.0,False
2021-05-06,4201.6201171875,4511000000.0,34548.53125,315430000.0,64.70999908447266,389214.0,3491.8975,0.0,False
2021-05-07,4232.60009765625,4016080000.0,34777.76171875,303400000.0,64.9000015258789,431417.0,3484.295,0.0,False
2021-05-08,4232.60009765625,4016080000.0,34777.76171875,303400000.0,64.9000015258789,431417.0,3916.1475,0.0,False
2021-05-09,4232.60009765625,4016080000.0,34777.76171875,303400000.0,64.9000015258789,431417.0,3928.15,0.0,False
2021-05-10,4188.43017578125,4560700000.0,34742.8203125,361620000.0,64.91999816894531,448337.0,3950.6925,0.0,False
2021-05-11,4152.10009765625,4870710000.0,34269.16015625,413180000.0,65.27999877929688,514949.0,4179.245,0.0,False
2021-05-12,4063.0400390625,4733070000.0,33587.66015625,381350000.0,66.08000183105469,508519.0,3830.6425,0.0,False
2021-05-13,4112.5,4779540000.0,34021.44921875,350820000.0,63.81999969482422,547691.0,3719.4825,0.0,False
2021-05-14,4173.85009765625,4008880000.0,34382.12890625,303230000.0,65.37000274658203,383749.0,4080.66,0.0,False
2021-05-15,4173.85009765625,4008880000.0,34382.12890625,303230000.0,65.37000274658203,383749.0,3647.79,0.0,False
2021-05-16,4173.85009765625,4008880000.0,34382.12890625,303230000.0,65.37000274658203,383749.0,3584.8075,0.0,False
2021-05-17,4163.2900390625,4125050000.0,34327.7890625,291910000.0,66.2699966430664,268476.0,3283.1025,0.0,False
2021-05-18,4127.830078125,4398150000.0,34060.66015625,289590000.0,65.48999786376953,167348.0,3378.7425,0.0,False
2021-05-19,4115.68017578125,4247450000.0,33896.0390625,348480000.0,63.36000061035156,101902.0,2444.76,0.0,False
2021-05-20,4159.1201171875,3978880000.0,34084.1484375,320150000.0,62.04999923706055,524168.0,2774.64,0.0,False
2021-05-21,4155.85986328125,3995250000.0,34207.83984375,306360000.0,63.58000183105469,530831.0,2434.75,0.0,False
2021-05-22,4155.85986328125,3995250000.0,34207.83984375,306360000.0,63.58000183105469,530831.0,2297.015,0.0,False
2021-05-23,4155.85986328125,3995250000.0,34207.83984375,306360000.0,63.58000183105469,530831.0,2098.76,0.0,False
2021-05-24,4197.0498046875,3684800000.0,34393.98046875,251010000.0,66.05000305175781,466647.0,2650.375,0.0,False
2021-05-25,4188.1298828125,4182250000.0,34312.4609375,285760000.0,66.06999969482422,497394.0,2707.24,0.0,False
2021-05-26,4195.990234375,4420890000.0,34323.05078125,258780000.0,66.20999908447266,376207.0,2888.965,0.0,False
2021-05-27,4200.8798828125,6406310000.0,34464.640625,520630000.0,66.8499984741211,337542.0,2742.48,0.0,False
2021-05-28,4204.10986328125,4649250000.0,34529.44921875,290850000.0,66.31999969482422,390461.0,2412.3675,0.0,False
2021-05-29,4204.10986328125,4649250000.0,34529.44921875,290850000.0,66.31999969482422,390461.0,2279.6425,0.0,False
2021-05-30,4204.10986328125,4649250000.0,34529.44921875,290850000.0,66.31999969482422,390461.0,2388.385,0.0,False
2021-05-31,4204.10986328125,4649250000.0,34529.44921875,290850000.0,66.31999969482422,390461.0,2707.225,0.0,False
2021-06-01,4202.0400390625,5074670000.0,34575.30859375,287700000.0,67.72000122070312,570985.0,2634.3025,0.0,False
2021-06-02,4208.1201171875,5833670000.0,34600.37890625,263810000.0,68.83000183105469,332995.0,2706.8025,0.0,False
2021-06-03,4192.85009765625,5587970000.0,34577.0390625,297380000.0,68.80999755859375,351367.0,2855.97,0.0,False
2021-06-04,4229.89013671875,4139790000.0,34756.390625,270050000.0,69.62000274658203,326250.0,2691.6475,0.0,False
2021-06-05,4229.89013671875,4139790000.0,34756.390625,270050000.0,69.62000274658203,326250.0,2629.34,0.0,False
2021-06-06,4229.89013671875,4139790000.0,34756.390625,270050000.0,69.62000274658203,326250.0,2711.495,0.0,False
2021-06-07,4226.52001953125,4476920000.0,34630.23828125,259120000.0,69.2300033569336,365621.0,2593.38,0.0,False
2021-06-08,4227.259765625,4659620000.0,34599.8203125,289440000.0,70.05000305175781,441302.0,2509.0625,0.0,False
2021-06-09,4219.5498046875,4713260000.0,34447.140625,245100000.0,69.95999908447266,410820.0,2611.005,0.0,False
2021-06-10,4239.18017578125,4408210000.0,34466.23828125,309310000.0,70.29000091552734,492464.0,2471.115,0.0,False
2021-06-11,4247.43994140625,3815010000.0,34479.6015625,260840000.0,70.91000366210938,563575.0,2355.135,0.0,False
2021-06-12,4247.43994140625,3815010000.0,34479.6015625,260840000.0,70.91000366210938,563575.0,2369.26,0.0,False
2021-06-13,4247.43994140625,3815010000.0,34479.6015625,260840000.0,70.91000366210938,563575.0,2509.8775,0.0,False
2021-06-14,4255.14990234375,4151200000.0,34393.75,295530000.0,70.87999725341797,319639.0,2582.4925,0.0,False
2021-06-15,4246.58984375,4048940000.0,34299.328125,272430000.0,72.12000274658203,336035.0,2543.9175,0.0,False
2021-06-16,4223.7001953125,4538350000.0,34033.671875,347150000.0,72.1500015258789,426775.0,2367.6125,0.0,False
2021-06-17,4221.85986328125,5312680000.0,33823.44921875,354690000.0,71.04000091552734,373780.0,2372.7425,0.0,False
2021-06-18,4166.4501953125,6817010000.0,33290.078125,563920000.0,71.63999938964844,139584.0,2232.38,0.0,False
2021-06-19,4166.4501953125,6817010000.0,33290.078125,563920000.0,71.63999938964844,139584.0,2165.97,0.0,False
2021-06-20,4166.4501953125,6817010000.0,33290.078125,563920000.0,71.63999938964844,139584.0,2243.0425,0.0,False
2021-06-21,4224.7900390625,4128950000.0,33876.96875,317260000.0,73.66000366210938,123662.0,1886.53,0.0,False
2021-06-22,4246.43994140625,3828390000.0,33945.578125,284130000.0,73.05999755859375,498555.0,1880.795,0.0,False
2021-06-23,4241.83984375,3730350000.0,33874.23828125,255280000.0,73.08000183105469,429207.0,1968.355,0.0,False
2021-06-24,4266.490234375,3816660000.0,34196.8203125,275870000.0,73.30000305175781,334833.0,1986.4925,0.0,False
2021-06-25,4280.7001953125,7341450000.0,34433.83984375,432550000.0,74.05000305175781,364721.0,1810.205,0.0,False
2021-06-26,4280.7001953125,7341450000.0,34433.83984375,432550000.0,74.05000305175781,364721.0,1829.8125,0.0,False
2021-06-27,4280.7001953125,7341450000.0,34433.83984375,432550000.0,74.05000305175781,364721.0,1983.7225,0.0,False
2021-06-28,4290.60986328125,4147890000.0,34283.26953125,280280000.0,72.91000366210938,354701.0,2084.0075,0.0,False
2021-06-29,4291.7998046875,3707150000.0,34292.2890625,282360000.0,72.9800033569336,321448.0,2164.815,0.0,False
2021-06-30,4297.5,4266040000.0,34502.51171875,295560000.0,73.47000122070312,383626.0,2276.9675,0.0,False
2021-07-01,4319.93994140625,3788230000.0,34633.53125,268280000.0,75.2300033569336,615678.0,2108.355,0.0,False
2021-07-02,4352.33984375,3225840000.0,34786.3515625,301860000.0,75.16000366210938,377531.0,2155.72,0.0,False
2021-07-03,4352.33984375,3225840000.0,34786.3515625,301860000.0,75.16000366210938,377531.0,2227.3325,0.0,False
2021-07-04,4352.33984375,3225840000.0,34786.3515625,301860000.0,75.16000366210938,377531.0,2323.875,0.0,False
2021-07-05,4352.33984375,3225840000.0,34786.3515625,301860000.0,75.16000366210938,377531.0,2198.0375,0.0,False
2021-07-06,4343.5400390625,4309570000.0,34577.37109375,348430000.0,73.37000274658203,714044.0,2322.5525,0.0,False
2021-07-07,4358.1298828125,4037380000.0,34681.7890625,302700000.0,72.19999694824219,607971.0,2315.3975,0.0,False
2021-07-08,4320.81982421875,4347500000.0,34421.9296875,335690000.0,72.94000244140625,529690.0,2116.275,0.0,False
2021-07-09,4369.5498046875,3531120000.0,34870.16015625,301750000.0,74.55999755859375,422154.0,2146.8125,0.0,False
2021-07-10,4369.5498046875,3531120000.0,34870.16015625,301750000.0,74.55999755859375,422154.0,2110.3525,0.0,False
2021-07-11,4369.5498046875,3531120000.0,34870.16015625,301750000.0,74.55999755859375,422154.0,2139.63,0.0,False
2021-07-12,4384.6298828125,3384460000.0,34996.1796875,294800000.0,74.0999984741211,397931.0,2032.5575,0.0,False
2021-07-13,4369.2099609375,3695430000.0,34888.7890625,322430000.0,75.25,444078.0,1940.3525,0.0,False
2021-07-14,4374.2998046875,4006370000.0,34933.23046875,344340000.0,73.12999725341797,528360.0,1994.215,0.0,False
2021-07-15,4360.02978515625,3905230000.0,34987.01953125,320450000.0,71.6500015258789,368679.0,1917.2275,0.0,False
2021-07-16,4327.16015625,3985700000.0,34687.8515625,322980000.0,71.80999755859375,133926.0,1876.4275,0.0,False
2021-07-17,4327.16015625,3985700000.0,34687.8515625,322980000.0,71.80999755859375,133926.0,1899.1275,0.0,False
2021-07-18,4327.16015625,3985700000.0,34687.8515625,322980000.0,71.80999755859375,133926.0,1891.3875,0.0,False
2021-07-19,4258.490234375,5157660000.0,33962.0390625,440440000.0,66.41999816894531,82565.0,1817.8475,0.0,False
2021-07-20,4323.06005859375,4438270000.0,34511.98828125,387020000.0,67.41999816894531,561629.0,1785.9025,0.0,False
2021-07-21,4358.68994140625,3810280000.0,34798.0,317090000.0,70.30000305175781,503030.0,1995.5425,0.0,False
2021-07-22,4367.47998046875,3358300000.0,34823.3515625,291610000.0,71.91000366210938,435181.0,2022.6325,0.0,False
2021-07-23,4411.7900390625,4540070000.0,35061.55078125,314040000.0,72.06999969482422,274778.0,2125.2375,0.0,False
2021-07-24,4411.7900390625,4540070000.0,35061.55078125,314040000.0,72.06999969482422,274778.0,2186.2975,0.0,False
2021-07-25,4411.7900390625,4540070000.0,35061.55078125,314040000.0,72.06999969482422,274778.0,2193.1475,0.0,False
2021-07-26,4422.2998046875,4275630000.0,35144.30859375,259790000.0,71.91000366210938,395743.0,2228.67,0.0,False
2021-07-27,4401.4599609375,4241950000.0,35058.51953125,326610000.0,71.6500015258789,333123.0,2302.025,0.0,False
2021-07-28,4400.64013671875,4215290000.0,34930.9296875,347170000.0,72.38999938964844,318911.0,2300.1775,0.0,False
2021-07-29,4419.14990234375,4044600000.0,35084.53125,222680000.0,73.62000274658203,294462.0,2383.1275,0.0,False
2021-07-30,4395.259765625,3956740000.0,34935.46875,276410000.0,73.94999694824219,303700.0,2464.19,0.0,False
2021-07-31,4395.259765625,3956740000.0,34935.46875,276410000.0,73.94999694824219,303700.0,2530.7125,0.0,False
2021-08-01,4395.259765625,3956740000.0,34935.46875,276410000.0,73.94999694824219,303700.0,2556.4525,0.0,False
2021-08-02,4387.16015625,3724090000.0,34838.16015625,238620000.0,71.26000213623047,448200.0,2608.625,0.0,False
2021-08-03,4423.14990234375,3965190000.0,35116.3984375,259820000.0,70.55999755859375,509938.0,2507.94,0.0,False
2021-08-04,4402.66015625,4260760000.0,34792.671875,245300000.0,68.1500015258789,582924.0,2724.665,0.0,False
2021-08-05,4429.10009765625,3769410000.0,35064.25,216580000.0,69.08999633789062,416331.0,2829.6475,0.0,False
2021-08-06,4436.52001953125,3451870000.0,35208.51171875,231570000.0,68.27999877929688,537136.0,2892.675,0.0,False
2021-08-07,4436.52001953125,3451870000.0,35208.51171875,231570000.0,68.27999877929688,537136.0,3162.7925,0.0,False
2021-08-08,4436.52001953125,3451870000.0,35208.51171875,231570000.0,68.27999877929688,537136.0,3014.215,0.0,False
2021-08-09,4432.35009765625,3449280000.0,35101.8515625,207850000.0,66.4800033569336,598381.0,3164.89,0.0,False
2021-08-10,4436.75,3886610000.0,35264.671875,255040000.0,68.29000091552734,452126.0,3141.79,0.0,False
2021-08-11,4442.41015625,3532560000.0,35484.96875,232800000.0,69.25,513292.0,3163.34,0.0,False
2021-08-12,4460.830078125,3375310000.0,35499.8515625,231600000.0,69.08999633789062,352465.0,3047.1025,0.0,False
2021-08-13,4468.0,3016470000.0,35515.37890625,236790000.0,68.44000244140625,272033.0,3324.2675,0.0,False
2021-08-14,4468.0,3016470000.0,35515.37890625,236790000.0,68.44000244140625,272033.0,3266.9225,0.0,False
2021-08-15,4468.0,3016470000.0,35515.37890625,236790000.0,68.44000244140625,272033.0,3311.965,0.0,False
2021-08-16,4479.7099609375,3370640000.0,35625.3984375,292590000.0,67.29000091552734,334844.0,3147.2025,0.0,False
2021-08-17,4448.080078125,3836960000.0,35343.28125,309410000.0,66.58999633789062,235303.0,3011.9925,0.0,False
2021-08-18,4400.27001953125,3755590000.0,34960.69140625,289800000.0,65.45999908447266,121197.0,3013.88,0.0,False
2021-08-19,4405.7998046875,4398410000.0,34894.12109375,333550000.0,63.689998626708984,88237.0,3184.765,0.0,False
2021-08-20,4441.669921875,3652610000.0,35120.078125,269320000.0,62.31999969482422,365009.0,3286.4825,0.0,False
2021-08-21,4441.669921875,3652610000.0,35120.078125,269320000.0,62.31999969482422,365009.0,3226.3,0.0,False
2021-08-22,4441.669921875,3652610000.0,35120.078125,269320000.0,62.31999969482422,365009.0,3241.1775,0.0,False
2021-08-23,4479.52978515625,3576530000.0,35335.7109375,245760000.0,65.63999938964844,397290.0,3321.8925,0.0,False
2021-08-24,4486.22998046875,3979220000.0,35366.26171875,228710000.0,67.54000091552734,335888.0,3173.3875,0.0,False
2021-08-25,4496.18994140625,3444700000.0,35405.5,237230000.0,68.36000061035156,353742.0,3229.435,0.0,False
2021-08-26,4470.0,3263980000.0,35213.12109375,239740000.0,67.41999816894531,344286.0,3093.2225,0.0,False
2021-08-27,4509.3701171875,3331200000.0,35455.80078125,240990000.0,68.73999786376953,326056.0,3275.475,0.0,False
2021-08-28,4509.3701171875,3331200000.0,35455.80078125,240990000.0,68.73999786376953,326056.0,3246.7675,0.0,False
2021-08-29,4509.3701171875,3331200000.0,35455.80078125,240990000.0,68.73999786376953,326056.0,3225.455,0.0,False
2021-08-30,4528.7900390625,3168660000.0,35399.83984375,245390000.0,69.20999908447266,360797.0,3227.8825,0.0,False
2021-08-31,4522.68017578125,4290710000.0,35360.73046875,337240000.0,68.5,325853.0,3431.58,0.0,False
2021-09-01,4524.08984375,4057340000.0,35312.53125,265520000.0,68.58999633789062,399497.0,3831.1625,0.0,False
2021-09-02,4536.9501953125,3735990000.0,35443.8203125,263370000.0,69.98999786376953,403314.0,3789.13,0.0,False
2021-09-03,4535.43017578125,3217530000.0,35369.08984375,221370000.0,69.29000091552734,313086.0,3939.0325,0.0,False
2021-09-04,4535.43017578125,3217530000.0,35369.08984375,221370000.0,69.29000091552734,313086.0,3887.32,0.0,False
2021-09-05,4535.43017578125,3217530000.0,35369.08984375,221370000.0,69.29000091552734,313086.0,3952.5725,0.0,False
2021-09-06,4535.43017578125,3217530000.0,35369.08984375,221370000.0,69.29000091552734,313086.0,3928.6275,0.0,False
2021-09-07,4520.02978515625,3822960000.0,35100.0,289830000.0,68.3499984741211,481704.0,3433.1,0.0,False
2021-09-08,4514.06982421875,3750880000.0,35031.0703125,261880000.0,69.30000305175781,389325.0,3498.985,0.0,False
2021-09-09,4493.27978515625,3735390000.0,34879.37890625,261330000.0,68.13999938964844,556451.0,3423.9275,0.0,False
2021-09-10,4458.580078125,3623180000.0,34607.71875,333230000.0,69.72000122070312,411079.0,3209.2275,0.0,False
2021-09-11,4458.580078125,3623180000.0,34607.71875,333230000.0,69.72000122070312,411079.0,3266.35,0.0,False
2021-09-12,4458.580078125,3623180000.0,34607.71875,333230000.0,69.72000122070312,411079.0,3405.7125,0.0,False
2021-09-13,4468.72998046875,3914220000.0,34869.62890625,334190000.0,70.44999694824219,390939.0,3284.7775,0.0,False
2021-09-14,4443.0498046875,3670460000.0,34577.5703125,325140000.0,70.45999908447266,414231.0,3434.89,0.0,False
2021-09-15,4480.7001953125,4032020000.0,34814.390625,317490000.0,72.61000061035156,418665.0,3615.31,0.0,False
2021-09-16,4473.75,3984560000.0,34751.3203125,278270000.0,72.61000061035156,298412.0,3569.66,0.0,False
2021-09-17,4432.990234375,7289530000.0,34584.87890625,560630000.0,71.97000122070312,119933.0,3399.0575,0.0,False
2021-09-18,4432.990234375,7289530000.0,34584.87890625,560630000.0,71.97000122070312,119933.0,3436.14,0.0,False
2021-09-19,4432.990234375,7289530000.0,34584.87890625,560630000.0,71.97000122070312,119933.0,3328.9,0.0,False
2021-09-20,4357.72998046875,4898070000.0,33970.46875,435780000.0,70.29000091552734,75837.0,2977.31,0.0,False
2021-09-21,4354.18994140625,3920920000.0,33919.83984375,306970000.0,70.55999755859375,393403.0,2765.4475,0.0,False
2021-09-22,4395.64013671875,3939170000.0,34258.3203125,296590000.0,72.2300033569336,381061.0,3078.87,0.0,False
2021-09-23,4448.97998046875,3916350000.0,34764.8203125,283890000.0,73.30000305175781,403405.0,3154.68,0.0,False
2021-09-24,4455.47998046875,3384290000.0,34798.0,254310000.0,73.9800033569336,350382.0,2930.44,0.0,False
2021-09-25,4455.47998046875,3384290000.0,34798.0,254310000.0,73.9800033569336,350382.0,2925.9525,0.0,False
2021-09-26,4455.47998046875,3384290000.0,34798.0,254310000.0,73.9800033569336,350382.0,3062.4,0.0,False
2021-09-27,4443.10986328125,4058650000.0,34869.37109375,289480000.0,75.44999694824219,417829.0,2925.9475,0.0,False
2021-09-28,4352.6298828125,4416550000.0,34299.98828125,379020000.0,75.29000091552734,476143.0,2807.145,0.0,False
2021-09-29,4359.4599609375,3712660000.0,34390.71875,290350000.0,74.83000183105469,424193.0,2850.6825,0.0,False
2021-09-30,4307.5400390625,4448140000.0,33843.921875,354830000.0,75.02999877929688,583189.0,3000.43,0.0,False
2021-10-01,4357.0400390625,4010370000.0,34326.4609375,427580000.0,75.87999725341797,388996.0,3310.765,0.0,False
2021-10-02,4357.0400390625,4010370000.0,34326.4609375,427580000.0,75.87999725341797,388996.0,3390.225,0.0,False
2021-10-03,4357.0400390625,4010370000.0,34326.4609375,427580000.0,75.87999725341797,388996.0,3418.455,0.0,False
2021-10-04,4300.4599609375,4307870000.0,34002.921875,396860000.0,77.62000274658203,458006.0,3385.7575,0.0,False
2021-10-05,4345.72021484375,3902890000.0,34314.671875,311520000.0,78.93000030517578,449617.0,3516.21,0.0,False
2021-10-06,4363.5498046875,4009630000.0,34416.98828125,322170000.0,77.43000030517578,459055.0,3576.15,0.0,False
2021-10-07,4399.759765625,3843740000.0,34754.94140625,273290000.0,78.30000305175781,545008.0,3588.175,0.0,False
2021-10-08,4391.33984375,3280160000.0,34746.25,238080000.0,79.3499984741211,662010.0,3562.8375,0.0,False
2021-10-09,4391.33984375,3280160000.0,34746.25,238080000.0,79.3499984741211,662010.0,3574.8175,0.0,False
2021-10-10,4391.33984375,3280160000.0,34746.25,238080000.0,79.3499984741211,662010.0,3417.135,0.0,False
2021-10-11,4361.18994140625,3281970000.0,34496.05859375,256820000.0,80.5199966430664,653756.0,3543.58,0.0,False
2021-10-12,4350.64990234375,3558450000.0,34378.33984375,319010000.0,80.63999938964844,598181.0,3490.24,0.0,False
2021-10-13,4363.7998046875,3620070000.0,34377.80859375,316220000.0,80.44000244140625,487220.0,3608.075,0.0,False
2021-10-14,4438.259765625,3598280000.0,34912.55859375,338540000.0,81.30999755859375,399813.0,3791.0425,0.0,False
2021-10-15,4471.3701171875,3819380000.0,35294.76171875,327870000.0,82.27999877929688,277953.0,3868.6725,0.0,False
2021-10-16,4471.3701171875,3819380000.0,35294.76171875,327870000.0,82.27999877929688,277953.0,3828.36,0.0,False
2021-10-17,4471.3701171875,3819380000.0,35294.76171875,327870000.0,82.27999877929688,277953.0,3846.5325,0.0,False
2021-10-18,4486.4599609375,3662010000.0,35258.609375,312640000.0,82.44000244140625,134098.0,3746.0275,0.0,False
2021-10-19,4519.6298828125,3459130000.0,35457.30859375,278510000.0,82.95999908447266,82607.0,3877.685,0.0,False
2021-10-20,4536.18994140625,3670760000.0,35609.33984375,265750000.0,83.87000274658203,530693.0,4162.4425,0.0,False
2021-10-21,4549.77978515625,3822330000.0,35603.078125,298390000.0,82.5,567503.0,4055.06,0.0,False
2021-10-22,4544.89990234375,3758220000.0,35677.01953125,346290000.0,83.76000213623047,465355.0,3971.1525,0.0,False
2021-10-23,4544.89990234375,3758220000.0,35677.01953125,346290000.0,83.76000213623047,465355.0,4170.0875,0.0,False
2021-10-24,4544.89990234375,3758220000.0,35677.01953125,346290000.0,83.76000213623047,465355.0,4083.265,0.0,False
2021-10-25,4566.47998046875,3899400000.0,35741.1484375,267220000.0,83.76000213623047,568725.0,4220.2425,0.0,False
2021-10-26,4574.7900390625,3879740000.0,35756.87890625,321910000.0,84.6500015258789,467716.0,4130.6925,0.0,False
2021-10-27,4551.68017578125,4226050000.0,35490.69140625,354180000.0,82.66000366210938,529952.0,3923.6375,0.0,False
2021-10-28,4596.419921875,4132950000.0,35730.48046875,337400000.0,82.80999755859375,491585.0,4289.08,0.0,False
2021-10-29,4605.3798828125,4510200000.0,35819.55859375,399400000.0,83.56999969482422,507309.0,4418.385,0.0,False
2021-10-30,4605.3798828125,4510200000.0,35819.55859375,399400000.0,83.56999969482422,507309.0,4322.6175,0.0,False
2021-10-31,4605.3798828125,4510200000.0,35819.55859375,399400000.0,83.56999969482422,507309.0,4289.93,0.0,False
2021-11-01,4613.669921875,3971540000.0,35913.83984375,292880000.0,84.05000305175781,412309.0,4323.77,0.0,False
2021-11-02,4630.64990234375,3975250000.0,36052.62890625,304510000.0,83.91000366210938,429608.0,4593.4625,0.0,False
2021-11-03,4660.56982421875,4319660000.0,36157.578125,262540000.0,80.86000061035156,546577.0,4606.2275,0.0,False
2021-11-04,4680.06005859375,4462300000.0,36124.23046875,307640000.0,78.80999755859375,701119.0,4537.7525,0.0,False
2021-11-05,4697.52978515625,4467180000.0,36327.94921875,344600000.0,81.2699966430664,531054.0,4493.0025,0.0,False
2021-11-06,4697.52978515625,4467180000.0,36327.94921875,344600000.0,81.2699966430664,531054.0,4522.2625,0.0,False
2021-11-07,4697.52978515625,4467180000.0,36327.94921875,344600000.0,81.2699966430664,531054.0,4595.38,0.0,False
2021-11-08,4701.7001953125,4269710000.0,36432.21875,284400000.0,81.93000030517578,393953.0,4811.71,0.0,False
2021-11-09,4685.25,4117080000.0,36319.98046875,258020000.0,84.1500015258789,504832.0,4681.59,0.0,False
2021-11-10,4646.7099609375,4503720000.0,36079.94140625,278390000.0,81.33999633789062,555215.0,4633.575,0.0,False
2021-11-11,4649.27001953125,3926870000.0,35921.23046875,270320000.0,81.58999633789062,475436.0,4722.6425,0.0,False
2021-11-12,4682.85009765625,3728600000.0,36100.30859375,293180000.0,80.79000091552734,390304.0,4670.1525,0.0,False
2021-11-13,4682.85009765625,3728600000.0,36100.30859375,293180000.0,80.79000091552734,390304.0,4617.635,0.0,False
2021-11-14,4682.85009765625,3728600000.0,36100.30859375,293180000.0,80.79000091552734,390304.0,4628.4,0.0,False
2021-11-15,4682.7998046875,3488410000.0,36087.44921875,280660000.0,80.87999725341797,343484.0,4564.0825,0.0,False
2021-11-16,4700.89990234375,3972640000.0,36142.21875,308290000.0,80.76000213623047,325668.0,4210.74,0.0,False
2021-11-17,4688.669921875,3969070000.0,35931.05078125,358310000.0,78.36000061035156,174471.0,4291.64,0.0,False
2021-11-18,4704.5400390625,4226410000.0,35870.94921875,435080000.0,79.01000213623047,83984.0,3992.145,0.0,False
2021-11-19,4697.9599609375,4253180000.0,35601.98046875,408840000.0,76.0999984741211,623448.0,4299.7875,0.0,False
2021-11-20,4697.9599609375,4253180000.0,35601.98046875,408840000.0,76.0999984741211,623448.0,4415.38,0.0,False
2021-11-21,4697.9599609375,4253180000.0,35601.98046875,408840000.0,76.0999984741211,623448.0,4264.35,0.0,False
2021-11-22,4682.93994140625,4441100000.0,35619.25,420810000.0,76.75,465768.0,4091.42,0.0,False
2021-11-23,4690.7001953125,4277590000.0,35813.80078125,392520000.0,78.5,506987.0,4341.85,0.0,False
2021-11-24,4701.4599609375,3418430000.0,35804.37890625,280960000.0,78.38999938964844,328848.0,4271.43,0.0,False
2021-11-25,4701.4599609375,3418430000.0,35804.37890625,280960000.0,78.38999938964844,328848.0,4526.07,0.0,False
2021-11-26,4594.6201171875,3517700000.0,34899.33984375,324580000.0,68.1500015258789,844630.0,4044.74,0.0,False
2021-11-27,4594.6201171875,3517700000.0,34899.33984375,324580000.0,68.1500015258789,844630.0,4100.02,0.0,False
2021-11-28,4594.6201171875,3517700000.0,34899.33984375,324580000.0,68.1500015258789,844630.0,4299.5,0.0,False
2021-11-29,4655.27001953125,4336410000.0,35135.94140625,416040000.0,69.94999694824219,675090.0,4447.69,0.0,False
2021-11-30,4567.0,6625990000.0,34483.71875,678800000.0,66.18000030517578,722475.0,4631.96,0.0,False
2021-12-01,4513.0400390625,5366730000.0,34022.0390625,496000000.0,65.56999969482422,602447.0,4587.83,0.0,False
2021-12-02,4577.10009765625,5077180000.0,34639.7890625,466900000.0,66.5,668293.0,4514.87,0.0,False
2021-12-03,4538.43017578125,5240070000.0,34580.078125,439550000.0,66.26000213623047,449974.0,4220.52,0.0,False
2021-12-04,4538.43017578125,5240070000.0,34580.078125,439550000.0,66.26000213623047,449974.0,4124.83,0.0,False
2021-12-05,4538.43017578125,5240070000.0,34580.078125,439550000.0,66.26000213623047,449974.0,4200.93,0.0,False
2021-12-06,4591.669921875,4770800000.0,35227.03125,416720000.0,69.48999786376953,401060.0,4355.3,0.0,False
2021-12-07,4686.75,4492400000.0,35719.4296875,474940000.0,72.05000305175781,496528.0,4310.12,0.0,False
2021-12-08,4701.2099609375,4234600000.0,35754.75,387650000.0,72.36000061035156,464846.0,4440.76,0.0,False
2021-12-09,4667.4501953125,3903840000.0,35754.69140625,353020000.0,70.94000244140625,393205.0,4106.2,0.0,False
2021-12-10,4712.02001953125,3870110000.0,35970.98828125,361200000.0,71.66999816894531,397883.0,3901.22,0.0,False
2021-12-11,4712.02001953125,3870110000.0,35970.98828125,361200000.0,71.66999816894531,397883.0,4089.49,0.0,False
2021-12-12,4712.02001953125,3870110000.0,35970.98828125,361200000.0,71.66999816894531,397883.0,4134.57,0.0,False
2021-12-13,4668.97021484375,4397230000.0,35650.94921875,441110000.0,71.29000091552734,406604.0,3784.61,0.0,False
2021-12-14,4634.08984375,4485430000.0,35544.1796875,440900000.0,70.7300033569336,359454.0,3861.98,0.0,False
2021-12-15,4709.85009765625,4910130000.0,35927.4296875,424720000.0,70.87000274658203,294337.0,4020.79,0.0,False
2021-12-16,4668.669921875,4829500000.0,35897.640625,473620000.0,72.37999725341797,142541.0,3956.77,0.0,False
2021-12-17,4620.64013671875,7987090000.0,35365.44140625,750480000.0,70.86000061035156,78125.0,3877.8,0.0,False
2021-12-18,4620.64013671875,7987090000.0,35365.44140625,750480000.0,70.86000061035156,78125.0,3961.91,0.0,False
2021-12-19,4620.64013671875,7987090000.0,35365.44140625,750480000.0,70.86000061035156,78125.0,3924.54,0.0,False
2021-12-20,4568.02001953125,4635700000.0,34932.16015625,386590000.0,68.2300033569336,492217.0,3944.15,0.0,False
2021-12-21,4649.22998046875,4072430000.0,35492.69921875,346080000.0,71.12000274658203,358779.0,4018.28,0.0,False
2021-12-22,4696.56005859375,3319610000.0,35753.890625,281930000.0,72.76000213623047,306709.0,3981.18,0.0,False
2021-12-23,4725.7900390625,2913040000.0,35950.55859375,247420000.0,73.79000091552734,270223.0,4112.82,0.0,False
2021-12-24,4725.7900390625,2913040000.0,35950.55859375,247420000.0,73.79000091552734,270223.0,4049.12,0.0,False
2021-12-25,4725.7900390625,2913040000.0,35950.55859375,247420000.0,73.79000091552734,270223.0,4097.34,0.0,False
2021-12-26,4725.7900390625,2913040000.0,35950.55859375,247420000.0,73.79000091552734,270223.0,4064.0,0.0,False
2021-12-27,4791.18994140625,2770290000.0,36302.37890625,244350000.0,75.56999969482422,268490.0,4038.04,0.0,False
2021-12-28,4786.35009765625,2707920000.0,36398.2109375,239090000.0,75.9800033569336,249728.0,3792.68,0.0,False
2021-12-29,4793.06005859375,2963310000.0,36488.62890625,213480000.0,76.55999755859375,283557.0,3628.97,0.0,False
2021-12-30,4778.72998046875,3124950000.0,36398.078125,205620000.0,76.98999786376953,231163.0,3710.11,0.0,False
2021-12-31,4766.18017578125,2677820000.0,36338.30078125,213200000.0,75.20999908447266,237118.0,3676.83,0.0,False
2022-01-01,4766.18017578125,2677820000.0,36338.30078125,213200000.0,75.20999908447266,237118.0,3767.54,0.0,False
2022-01-02,4766.18017578125,2677820000.0,36338.30078125,213200000.0,75.20999908447266,237118.0,3830.84,0.0,False
2022-01-03,4796.56005859375,3831020000.0,36585.05859375,347930000.0,76.08000183105469,317628.0,3765.49,0.0,False
2022-01-04,4793.5400390625,4683170000.0,36799.6484375,435080000.0,76.98999786376953,372848.0,3785.76,0.0,False
2022-01-05,4700.580078125,4887960000.0,36407.109375,462040000.0,77.8499984741211,397898.0,3538.64,0.0,False
2022-01-06,4696.0498046875,4295280000.0,36236.46875,385890000.0,79.45999908447266,476665.0,3406.91,0.0,False
2022-01-07,4677.02978515625,4181510000.0,36231.66015625,356110000.0,78.9000015258789,414434.0,3197.03,0.0,False
2022-01-08,4677.02978515625,4181510000.0,36231.66015625,356110000.0,78.9000015258789,414434.0,3080.54,0.0,False
2022-01-09,4677.02978515625,4181510000.0,36231.66015625,356110000.0,78.9000015258789,414434.0,3151.52,0.0,False
2022-01-10,4670.2900390625,4511810000.0,36068.87109375,430680000.0,78.2300033569336,389956.0,3084.39,0.0,False
2022-01-11,4713.06982421875,4101590000.0,36252.01953125,356850000.0,81.22000122070312,481815.0,3240.99,0.0,False
2022-01-12,4726.35009765625,4048220000.0,36290.3203125,310180000.0,82.63999938964844,420619.0,3373.42,0.0,False
2022-01-13,4659.02978515625,4251730000.0,36113.62109375,343640000.0,82.12000274658203,364769.0,3241.3,0.0,False
2022-01-14,4662.85009765625,4338490000.0,35911.80859375,389200000.0,83.81999969482422,364442.0,3309.83,0.0,False
2022-01-15,4662.85009765625,4338490000.0,35911.80859375,389200000.0,83.81999969482422,364442.0,3329.28,0.0,False
2022-01-16,4662.85009765625,4338490000.0,35911.80859375,389200000.0,83.81999969482422,364442.0,3347.78,0.0,False
2022-01-17,4662.85009765625,4338490000.0,35911.80859375,389200000.0,83.81999969482422,364442.0,3244.02,0.0,False
2022-01-18,4577.10986328125,4748700000.0,35368.46875,427260000.0,85.43000030517578,163643.0,3206.56,0.0,False
2022-01-19,4532.759765625,4465740000.0,35028.6484375,393080000.0,86.95999908447266,113153.0,3148.64,0.0,False
2022-01-20,4482.72998046875,4640870000.0,34715.390625,369070000.0,86.9000015258789,532202.0,3086.41,0.0,False
2022-01-21,4397.93994140625,5589100000.0,34265.37109375,523880000.0,85.13999938964844,509103.0,2762.21,0.0,False
2022-01-22,4397.93994140625,5589100000.0,34265.37109375,523880000.0,85.13999938964844,509103.0,2644.43,0.0,False
2022-01-23,4397.93994140625,5589100000.0,34265.37109375,523880000.0,85.13999938964844,509103.0,2742.13,0.0,False
2022-01-24,4410.1298828125,6928110000.0,34364.5,664010000.0,83.30999755859375,511695.0,2667.49,0.0,False
2022-01-25,4356.4501953125,5145050000.0,34297.73046875,506430000.0,85.5999984741211,507219.0,2680.17,0.0,False
2022-01-26,4349.93017578125,5570640000.0,34168.08984375,546330000.0,87.3499984741211,459642.0,2683.4,0.0,False
2022-01-27,4326.509765625,5214200000.0,34160.78125,527780000.0,86.61000061035156,427804.0,2425.83,0.0,False
2022-01-28,4431.85009765625,5031090000.0,34725.46875,568440000.0,86.81999969482422,436172.0,2547.28,0.0,False
2022-01-29,4431.85009765625,5031090000.0,34725.46875,568440000.0,86.81999969482422,436172.0,2603.03,0.0,False
2022-01-30,4431.85009765625,5031090000.0,34725.46875,568440000.0,86.81999969482422,436172.0,2603.28,0.0,False
2022-01-31,4515.5498046875,5098610000.0,35131.859375,468070000.0,88.1500015258789,359080.0,2689.01,0.0,False
2022-02-01,4546.5400390625,4816830000.0,35405.23828125,386080000.0,88.19999694824219,376841.0,2790.26,0.0,False
2022-02-02,4589.3798828125,4481580000.0,35629.328125,359540000.0,88.26000213623047,456863.0,2682.6,0.0,False
2022-02-03,4477.43994140625,4401970000.0,35111.16015625,381020000.0,90.2699966430664,465771.0,2697.83,0.0,False
2022-02-04,4500.52978515625,4706290000.0,35089.73828125,349880000.0,92.30999755859375,410926.0,2997.45,0.0,False
2022-02-05,4500.52978515625,4706290000.0,35089.73828125,349880000.0,92.30999755859375,410926.0,3015.63,0.0,False
2022-02-06,4500.52978515625,4706290000.0,35089.73828125,349880000.0,92.30999755859375,410926.0,3057.85,0.0,False
2022-02-07,4483.8701171875,4228480000.0,35091.12890625,328910000.0,91.31999969482422,497754.0,3141.94,0.0,False
2022-02-08,4521.5400390625,4459620000.0,35462.78125,319190000.0,89.36000061035156,467386.0,3119.72,0.0,False
2022-02-09,4587.18017578125,4524350000.0,35768.05859375,333610000.0,89.66000366210938,445618.0,3246.67,0.0,False
2022-02-10,4504.080078125,5314860000.0,35241.58984375,411620000.0,89.87999725341797,492091.0,3074.51,0.0,False
2022-02-11,4418.64013671875,5251500000.0,34738.05859375,398860000.0,93.0999984741211,554423.0,2928.76,0.0,False
2022-02-12,4418.64013671875,5251500000.0,34738.05859375,398860000.0,93.0999984741211,554423.0,2917.85,0.0,False
2022-02-13,4418.64013671875,5251500000.0,34738.05859375,398860000.0,93.0999984741211,554423.0,2872.11,0.0,False
2022-02-14,4401.669921875,4600390000.0,34566.171875,370320000.0,95.45999908447266,467071.0,2932.68,0.0,False
2022-02-15,4471.06982421875,4430830000.0,34988.83984375,305670000.0,92.06999969482422,442641.0,3186.27,0.0,False
2022-02-16,4475.009765625,4283640000.0,34934.26953125,294410000.0,93.66000366210938,401453.0,3123.74,0.0,False
2022-02-17,4380.259765625,4539420000.0,34312.03125,348720000.0,91.76000213623047,212552.0,2896.1,0.0,False
2022-02-18,4348.8701171875,4708060000.0,34079.1796875,414080000.0,91.06999969482422,150382.0,2781.1,0.0,False
2022-02-19,4348.8701171875,4708060000.0,34079.1796875,414080000.0,91.06999969482422,150382.0,2764.4,0.0,False
2022-02-20,4348.8701171875,4708060000.0,34079.1796875,414080000.0,91.06999969482422,150382.0,2622.27,0.0,False
2022-02-21,4348.8701171875,4708060000.0,34079.1796875,414080000.0,91.06999969482422,150382.0,2569.5,0.0,False
2022-02-22,4304.759765625,5121900000.0,33596.609375,432090000.0,92.3499984741211,789041.0,2638.45,0.0,False
2022-02-23,4225.5,4797430000.0,33131.76171875,370600000.0,92.0999984741211,440574.0,2580.57,0.0,False
2022-02-24,4288.7001953125,6752130000.0,33223.828125,590850000.0,92.80999755859375,872244.0,2598.31,0.0,False
2022-02-25,4384.64990234375,5177060000.0,34058.75,417630000.0,91.58999633789062,523793.0,2768.49,0.0,False
2022-02-26,4384.64990234375,5177060000.0,34058.75,417630000.0,91.58999633789062,523793.0,2779.72,0.0,False
2022-02-27,4384.64990234375,5177060000.0,34058.75,417630000.0,91.58999633789062,523793.0,2616.66,0.0,False
2022-02-28,4373.93994140625,6071370000.0,33892.6015625,443460000.0,95.72000122070312,490796.0,2923.94,0.0,False
2022-03-01,4306.259765625,5846230000.0,33294.94921875,438730000.0,103.41000366210938,698814.0,2976.98,0.0,False
2022-03-02,4386.5400390625,5337870000.0,33891.3515625,400920000.0,110.5999984741211,651853.0,2949.43,0.0,False
2022-03-03,4363.490234375,5039890000.0,33794.66015625,369740000.0,107.66999816894531,592031.0,2834.43,0.0,False
2022-03-04,4328.8701171875,5797380000.0,33614.80078125,408390000.0,115.68000030517578,493875.0,2622.87,0.0,False
2022-03-05,4328.8701171875,5797380000.0,33614.80078125,408390000.0,115.68000030517578,493875.0,2666.21,0.0,False
2022-03-06,4328.8701171875,5797380000.0,33614.80078125,408390000.0,115.68000030517578,493875.0,2550.4,0.0,False
2022-03-07,4201.08984375,6940470000.0,32817.37890625,488400000.0,119.4000015258789,576022.0,2493.13,0.0,False
2022-03-08,4170.7001953125,7243120000.0,32632.640625,553750000.0,123.69999694824219,583106.0,2577.83,0.0,False
2022-03-09,4277.8798828125,5662670000.0,33286.25,418670000.0,108.69999694824219,594773.0,2727.97,0.0,False
2022-03-10,4259.52001953125,4980830000.0,33174.0703125,399480000.0,106.0199966430664,437924.0,2608.29,0.0,False
2022-03-11,4204.31005859375,4938640000.0,32944.19140625,369480000.0,109.33000183105469,368194.0,2556.9,0.0,False
2022-03-12,4204.31005859375,4938640000.0,32944.19140625,369480000.0,109.33000183105469,368194.0,2567.86,0.0,False
2022-03-13,4204.31005859375,4938640000.0,32944.19140625,369480000.0,109.33000183105469,368194.0,2516.05,0.0,False
2022-03-14,4173.10986328125,5574920000.0,32945.23828125,394940000.0,103.01000213623047,344184.0,2590.66,0.0,False
2022-03-15,4262.4501953125,5392470000.0,33544.33984375,388810000.0,96.44000244140625,401690.0,2620.88,0.0,False
2022-03-16,4357.85986328125,6309750000.0,34063.1015625,427400000.0,95.04000091552734,293947.0,2775.34,0.0,False
2022-03-17,4411.669921875,4985090000.0,34480.76171875,339470000.0,102.9800033569336,210763.0,2814.75,0.0,False
2022-03-18,4463.1201171875,8278430000.0,34754.9296875,615420000.0,104.69999694824219,74247.0,2940.45,0.0,False
2022-03-19,4463.1201171875,8278430000.0,34754.9296875,615420000.0,104.69999694824219,74247.0,2951.82,0.0,False
2022-03-20,4463.1201171875,8278430000.0,34754.9296875,615420000.0,104.69999694824219,74247.0,2861.28,0.0,False
2022-03-21,4461.18017578125,4869820000.0,34552.98828125,408490000.0,112.12000274658203,77217.0,2892.93,0.0,False
2022-03-22,4511.60986328125,4754840000.0,34807.4609375,368550000.0,111.76000213623047,318629.0,2970.67,0.0,False
2022-03-23,4456.240234375,4550670000.0,34358.5,347880000.0,114.93000030517578,289182.0,3037.97,0.0,False
2022-03-24,4520.16015625,4131390000.0,34707.94140625,324870000.0,112.33999633789062,307238.0,3112.51,0.0,False
2022-03-25,4543.06005859375,4305020000.0,34861.23828125,285440000.0,113.9000015258789,320304.0,3104.78,0.0,False
2022-03-26,4543.06005859375,4305020000.0,34861.23828125,285440000.0,113.9000015258789,320304.0,3146.89,0.0,False
2022-03-27,4543.06005859375,4305020000.0,34861.23828125,285440000.0,113.9000015258789,320304.0,3297.18,0.0,False
2022-03-28,4575.52001953125,4312260000.0,34955.890625,299790000.0,105.95999908447266,372251.0,3333.89,0.0,False
2022-03-29,4631.60009765625,5085910000.0,35294.19140625,355050000.0,104.23999786376953,387200.0,3402.82,0.0,False
2022-03-30,4602.4501953125,4385570000.0,35228.80859375,317320000.0,107.81999969482422,284544.0,3386.82,0.0,False
2022-03-31,4530.41015625,4823020000.0,34678.3515625,433400000.0,100.27999877929688,450845.0,3282.73,0.0,False
2022-04-01,4545.85986328125,4562940000.0,34818.26953125,340400000.0,99.2699966430664,324777.0,3456.54,0.0,False
2022-04-02,4545.85986328125,4562940000.0,34818.26953125,340400000.0,99.2699966430664,324777.0,3444.74,0.0,False
2022-04-03,4545.85986328125,4562940000.0,34818.26953125,340400000.0,99.2699966430664,324777.0,3521.59,0.0,False
2022-04-04,4582.64013671875,4547350000.0,34921.87890625,316570000.0,103.27999877929688,288131.0,3520.81,0.0,False
2022-04-05,4525.1201171875,4800620000.0,34641.1796875,304010000.0,101.95999908447266,280283.0,3407.32,0.0,False
2022-04-06,4481.14990234375,4986830000.0,34496.51171875,386250000.0,96.2300033569336,366036.0,3168.71,0.0,False
2022-04-07,4500.2099609375,4821490000.0,34583.5703125,319870000.0,96.02999877929688,367318.0,3228.81,0.0,False
2022-04-08,4488.27978515625,4083200000.0,34721.12109375,301750000.0,98.26000213623047,310082.0,3193.43,0.0,False
2022-04-09,4488.27978515625,4083200000.0,34721.12109375,301750000.0,98.26000213623047,310082.0,3260.32,0.0,False
2022-04-10,4488.27978515625,4083200000.0,34721.12109375,301750000.0,98.26000213623047,310082.0,3202.06,0.0,False
2022-04-11,4412.52978515625,4266290000.0,34308.078125,333290000.0,94.29000091552734,315873.0,2979.52,0.0,False
2022-04-12,4397.4501953125,4152090000.0,34220.359375,333510000.0,100.5999984741211,329037.0,3029.16,0.0,False
2022-04-13,4446.58984375,3828150000.0,34564.58984375,313630000.0,104.25,312502.0,3118.37,0.0,False
2022-04-14,4392.58984375,4083090000.0,34451.23046875,353680000.0,106.94999694824219,244952.0,3021.88,0.0,False
2022-04-15,4392.58984375,4083090000.0,34451.23046875,353680000.0,106.94999694824219,244952.0,3041.04,0.0,False
2022-04-16,4392.58984375,4083090000.0,34451.23046875,353680000.0,106.94999694824219,244952.0,3059.99,0.0,False
2022-04-17,4392.58984375,4083090000.0,34451.23046875,353680000.0,106.94999694824219,244952.0,2988.37,0.0,False
2022-04-18,4391.68994140625,3910490000.0,34411.69140625,264110000.0,108.20999908447266,68489.0,3056.39,0.0,False
2022-04-19,4462.2099609375,4108120000.0,34911.19921875,296350000.0,102.55999755859375,71792.0,3102.43,0.0,False
2022-04-20,4459.4501953125,4290450000.0,35160.7890625,337620000.0,102.75,299028.0,3077.76,0.0,False
2022-04-21,4393.66015625,4636890000.0,34792.76171875,366390000.0,103.79000091552734,280321.0,2984.28,0.0,False
2022-04-22,4271.77978515625,4651940000.0,33811.3984375,373280000.0,102.06999969482422,246116.0,2963.11,0.0,False
2022-04-23,4271.77978515625,4651940000.0,33811.3984375,373280000.0,102.06999969482422,246116.0,2933.26,0.0,False
2022-04-24,4271.77978515625,4651940000.0,33811.3984375,373280000.0,102.06999969482422,246116.0,2922.4,0.0,False
2022-04-25,4296.1201171875,5240040000.0,34049.4609375,416900000.0,98.54000091552734,328153.0,3006.68,0.0,False
2022-04-26,4175.2001953125,4689970000.0,33240.1796875,400020000.0,101.69999694824219,351850.0,2810.37,0.0,False
2022-04-27,4183.9599609375,4769680000.0,33301.9296875,447230000.0,102.0199966430664,278781.0,2890.02,0.0,False
2022-04-28,4287.5,4854180000.0,33916.390625,440380000.0,105.36000061035156,312064.0,2937.19,0.0,False
2022-04-29,4131.93017578125,5084030000.0,32977.2109375,501560000.0,104.69000244140625,294386.0,2816.92,0.0,False
2022-04-30,4131.93017578125,5084030000.0,32977.2109375,501560000.0,104.69000244140625,294386.0,2727.39,0.0,False
2022-05-01,4131.93017578125,5084030000.0,32977.2109375,501560000.0,104.69000244140625,294386.0,2826.07,0.0,False
2022-05-02,4155.3798828125,5163790000.0,33061.5,453390000.0,105.16999816894531,261878.0,2856.07,0.0,False
2022-05-03,4175.47998046875,4582050000.0,33128.7890625,364420000.0,102.41000366210938,239266.0,2780.39,0.0,False
2022-05-04,4300.169921875,5136360000.0,34061.05859375,411060000.0,107.80999755859375,272909.0,2940.22,0.0,False
2022-05-05,4146.8701171875,5077030000.0,32997.96875,448420000.0,108.26000213623047,286916.0,2747.27,0.0,False
2022-05-06,4123.33984375,5116940000.0,32899.37109375,416520000.0,109.7699966430664,294278.0,2692.05,0.0,False
2022-05-07,4123.33984375,5116940000.0,32899.37109375,416520000.0,109.7699966430664,294278.0,2635.41,0.0,False
2022-05-08,4123.33984375,5116940000.0,32899.37109375,416520000.0,109.7699966430664,294278.0,2519.89,0.0,False
2022-05-09,3991.239990234375,5954520000.0,32245.69921875,470770000.0,103.08999633789062,368183.0,2229.97,0.0,False
2022-05-10,4001.050048828125,5885820000.0,32160.740234375,439290000.0,99.76000213623047,389750.0,2341.35,0.0,False
2022-05-11,3935.179931640625,5816140000.0,31834.109375,458460000.0,105.70999908447266,382701.0,2074.41,0.0,False
2022-05-12,3930.080078125,6286450000.0,31730.30078125,544240000.0,106.12999725341797,323547.0,1952.5,0.0,False
2022-05-13,4023.889892578125,5183340000.0,32196.66015625,388520000.0,110.48999786376953,240989.0,2006.27,0.0,False
2022-05-14,4023.889892578125,5183340000.0,32196.66015625,388520000.0,110.48999786376953,240989.0,2041.27,0.0,False
2022-05-15,4023.889892578125,5183340000.0,32196.66015625,388520000.0,110.48999786376953,240989.0,2142.85,0.0,False
2022-05-16,4008.010009765625,4415030000.0,32223.419921875,330030000.0,114.19999694824219,289127.0,2018.84,0.0,False
2022-05-17,4088.85009765625,4841410000.0,32654.58984375,389310000.0,112.4000015258789,252630.0,2089.06,0.0,False
2022-05-18,3923.679931640625,5103220000.0,31490.0703125,465060000.0,109.58999633789062,103669.0,1911.43,0.0,False
2022-05-19,3900.7900390625,5113550000.0,31253.130859375,517190000.0,112.20999908447266,68511.0,2017.45,0.0,False
2022-05-20,3901.360107421875,5130730000.0,31261.900390625,495510000.0,113.2300033569336,229930.0,1957.07,0.0,False
2022-05-21,3901.360107421875,5130730000.0,31261.900390625,495510000.0,113.2300033569336,229930.0,1972.88,0.0,False
2022-05-22,3901.360107421875,5130730000.0,31261.900390625,495510000.0,113.2300033569336,229930.0,2041.11,0.0,False
2022-05-23,3973.75,4420030000.0,31880.240234375,402010000.0,110.29000091552734,215623.0,1970.79,0.0,False
2022-05-24,3941.47998046875,4923190000.0,31928.619140625,382950000.0,109.7699966430664,224794.0,1976.87,0.0,False
2022-05-25,3978.72998046875,4802560000.0,32120.279296875,343460000.0,110.33000183105469,191370.0,1940.98,0.0,False
2022-05-26,4057.840087890625,4709970000.0,32637.189453125,351220000.0,114.08999633789062,234752.0,1790.71,0.0,False
2022-05-27,4158.240234375,4375620000.0,33212.9609375,328770000.0,115.06999969482422,217281.0,1723.56,0.0,False
2022-05-28,4158.240234375,4375620000.0,33212.9609375,328770000.0,115.06999969482422,217281.0,1790.6,0.0,False
2022-05-29,4158.240234375,4375620000.0,33212.9609375,328770000.0,115.06999969482422,217281.0,1811.16,0.0,False
2022-05-30,4158.240234375,4375620000.0,33212.9609375,328770000.0,115.06999969482422,217281.0,1997.64,0.0,False
2022-05-31,4132.14990234375,6822640000.0,32990.12109375,533560000.0,114.66999816894531,440796.0,1940.39,0.0,False
2022-06-01,4101.22998046875,4531800000.0,32813.23046875,338210000.0,115.26000213623047,290530.0,1816.29,0.0,False
2022-06-02,4176.81982421875,4405790000.0,33248.28125,333210000.0,116.87000274658203,327600.0,1832.65,0.0,False
2022-06-03,4108.5400390625,3711110000.0,32899.69921875,298570000.0,118.87000274658203,240831.0,1773.49,0.0,False
2022-06-04,4108.5400390625,3711110000.0,32899.69921875,298570000.0,118.87000274658203,240831.0,1803.39,0.0,False
2022-06-05,4108.5400390625,3711110000.0,32899.69921875,298570000.0,118.87000274658203,240831.0,1805.08,0.0,False
2022-06-06,4121.43017578125,4332700000.0,32915.78125,253010000.0,118.5,246825.0,1858.86,0.0,False
2022-06-07,4160.68017578125,4248210000.0,33180.140625,270750000.0,119.41000366210938,341694.0,1812.32,0.0,False
2022-06-08,4115.77001953125,4159470000.0,32910.8984375,270470000.0,122.11000061035156,340591.0,1790.96,0.0,False
2022-06-09,4017.820068359375,4134170000.0,32272.7890625,289710000.0,121.51000213623047,293295.0,1787.42,0.0,False
2022-06-10,3900.860107421875,4889640000.0,31392.7890625,362300000.0,120.66999816894531,352906.0,1660.72,0.0,False
2022-06-11,3900.860107421875,4889640000.0,31392.7890625,362300000.0,120.66999816894531,352906.0,1530.57,0.0,False
2022-06-12,3900.860107421875,4889640000.0,31392.7890625,362300000.0,120.66999816894531,352906.0,1433.28,0.0,False
2022-06-13,3749.6298828125,5636890000.0,30516.740234375,472290000.0,120.93000030517578,372403.0,1209.17,0.0,False
2022-06-14,3735.47998046875,5153890000.0,30364.830078125,366800000.0,118.93000030517578,366320.0,1206.47,0.0,False
2022-06-15,3789.989990234375,5530480000.0,30668.529296875,392670000.0,115.30999755859375,301750.0,1236.72,0.0,False
2022-06-16,3666.77001953125,5644930000.0,29927.0703125,442910000.0,117.58999633789062,162543.0,1064.98,0.0,False
2022-06-17,3674.840087890625,8520740000.0,29888.779296875,692830000.0,109.55999755859375,103149.0,1085.2,0.0,False
2022-06-18,3674.840087890625,8520740000.0,29888.779296875,692830000.0,109.55999755859375,103149.0,994.81,0.0,False
2022-06-19,3674.840087890625,8520740000.0,29888.779296875,692830000.0,109.55999755859375,103149.0,1125.28,0.0,False
2022-06-20,3674.840087890625,8520740000.0,29888.779296875,692830000.0,109.55999755859375,103149.0,1127.32,0.0,False
2022-06-21,3764.7900390625,5292260000.0,30530.25,376900000.0,110.6500015258789,427262.0,1124.7,0.0,False
2022-06-22,3759.889892578125,5058990000.0,30483.130859375,343490000.0,106.19000244140625,432724.0,1048.41,0.0,False
2022-06-23,3795.72998046875,5098640000.0,30677.359375,361420000.0,104.2699966430664,346362.0,1143.75,0.0,False
2022-06-24,3911.739990234375,8120260000.0,31500.6796875,465480000.0,107.62000274658203,321591.0,1224.27,0.0,False
2022-06-25,3911.739990234375,8120260000.0,31500.6796875,465480000.0,107.62000274658203,321591.0,1241.46,0.0,False
2022-06-26,3911.739990234375,8120260000.0,31500.6796875,465480000.0,107.62000274658203,321591.0,1197.58,0.0,False
2022-06-27,3900.110107421875,4325310000.0,31438.259765625,309910000.0,109.56999969482422,282914.0,1190.65,0.0,False
2022-06-28,3821.550048828125,4270120000.0,30946.990234375,350780000.0,111.76000213623047,306748.0,1142.56,0.0,False
2022-06-29,3818.830078125,4211240000.0,31029.310546875,269390000.0,109.77999877929688,322060.0,1098.73,0.0,False
2022-06-30,3785.3798828125,4840070000.0,30775.4296875,394070000.0,105.76000213623047,362890.0,1070.96,0.0,False
2022-07-01,3825.330078125,4046950000.0,31097.259765625,310440000.0,108.43000030517578,305338.0,1057.95,0.0,False
2022-07-02,3825.330078125,4046950000.0,31097.259765625,310440000.0,108.43000030517578,305338.0,1065.74,0.0,False
2022-07-03,3825.330078125,4046950000.0,31097.259765625,310440000.0,108.43000030517578,305338.0,1073.14,0.0,False
2022-07-04,3825.330078125,4046950000.0,31097.259765625,310440000.0,108.43000030517578,305338.0,1149.45,0.0,False
2022-07-05,3831.389892578125,5076590000.0,30967.8203125,323080000.0,99.5,594215.0,1131.91,0.0,False
2022-07-06,3845.080078125,4417720000.0,31037.6796875,289800000.0,98.52999877929688,444106.0,1185.58,0.0,False
2022-07-07,3902.6201171875,4057770000.0,31384.55078125,296620000.0,102.7300033569336,379861.0,1237.34,0.0,False
2022-07-08,3899.3798828125,3521620000.0,31338.150390625,238120000.0,104.79000091552734,327461.0,1213.66,0.0,False
2022-07-09,3899.3798828125,3521620000.0,31338.150390625,238120000.0,104.79000091552734,327461.0,1216.54,0.0,False
2022-07-10,3899.3798828125,3521620000.0,31338.150390625,238120000.0,104.79000091552734,327461.0,1167.16,0.0,False
2022-07-11,3854.429931640625,3423480000.0,31173.83984375,245020000.0,104.08999633789062,348566.0,1095.66,0.0,False
2022-07-12,3818.800048828125,3817210000.0,30981.330078125,324190000.0,95.83999633789062,398552.0,1036.76,0.0,False
2022-07-13,3801.780029296875,4109390000.0,30772.7890625,291830000.0,96.30000305175781,347193.0,1114.91,0.0,False
2022-07-14,3790.3798828125,4199690000.0,30630.169921875,325130000.0,95.77999877929688,387528.0,1192.36,0.0,False
2022-07-15,3863.159912109375,4143800000.0,31288.259765625,321570000.0,97.58999633789062,240766.0,1231.11,0.0,False
2022-07-16,3863.159912109375,4143800000.0,31288.259765625,321570000.0,97.58999633789062,240766.0,1356.47,0.0,False
2022-07-17,3863.159912109375,4143800000.0,31288.259765625,321570000.0,97.58999633789062,240766.0,1337.87,0.0,False
2022-07-18,3830.85009765625,4046870000.0,31072.609375,309960000.0,102.5999984741211,84669.0,1581.61,0.0,False
2022-07-19,3936.68994140625,4041070000.0,31827.05078125,378720000.0,104.22000122070312,63149.0,1542.59,0.0,False
2022-07-20,3959.89990234375,4185300000.0,31874.83984375,313520000.0,102.26000213623047,315620.0,1521.85,0.0,False
2022-07-21,3998.949951171875,4132790000.0,32036.900390625,302320000.0,96.3499984741211,318911.0,1575.59,0.0,False
2022-07-22,3961.6298828125,3979240000.0,31899.2890625,319880000.0,94.69999694824219,307568.0,1535.54,0.0,False
2022-07-23,3961.6298828125,3979240000.0,31899.2890625,319880000.0,94.69999694824219,307568.0,1549.36,0.0,False
2022-07-24,3961.6298828125,3979240000.0,31899.2890625,319880000.0,94.69999694824219,307568.0,1597.67,0.0,False
2022-07-25,3966.840087890625,3568340000.0,31990.0390625,255450000.0,96.69999694824219,278998.0,1439.77,0.0,False
2022-07-26,3921.050048828125,3778950000.0,31761.5390625,324930000.0,94.9800033569336,310043.0,1449.68,0.0,False
2022-07-27,4023.610107421875,4112180000.0,32197.58984375,365480000.0,97.26000213623047,321903.0,1637.08,0.0,False
2022-07-28,4072.429931640625,4413000000.0,32529.630859375,331110000.0,96.41999816894531,318403.0,1725.38,0.0,False
2022-07-29,4130.2900390625,4616360000.0,32845.12890625,487360000.0,98.62000274658203,349374.0,1721.98,0.0,False
2022-07-30,4130.2900390625,4616360000.0,32845.12890625,487360000.0,98.62000274658203,349374.0,1697.29,0.0,False
2022-07-31,4130.2900390625,4616360000.0,32845.12890625,487360000.0,98.62000274658203,349374.0,1679.91,0.0,False
2022-08-01,4118.6298828125,4202810000.0,32798.3984375,321180000.0,93.88999938964844,365293.0,1631.34,0.0,False
2022-08-02,4091.18994140625,4727710000.0,32396.169921875,316740000.0,94.41999816894531,328538.0,1631.59,0.0,False
2022-08-03,4155.169921875,4351760000.0,32812.5,342160000.0,90.66000366210938,395099.0,1619.01,0.0,False
2022-08-04,4151.93994140625,4283320000.0,32726.8203125,315590000.0,88.54000091552734,334931.0,1607.59,0.0,False
2022-08-05,4145.18994140625,4085940000.0,32803.46875,273010000.0,89.01000213623047,350016.0,1736.86,0.0,False
2022-08-06,4145.18994140625,4085940000.0,32803.46875,273010000.0,89.01000213623047,350016.0,1690.48,0.0,False
2022-08-07,4145.18994140625,4085940000.0,32803.46875,273010000.0,89.01000213623047,350016.0,1700.73,0.0,False
2022-08-08,4140.06005859375,4221090000.0,32832.5390625,275350000.0,90.76000213623047,340157.0,1778.52,0.0,False
2022-08-09,4122.47021484375,3913090000.0,32774.41015625,281080000.0,90.5,347045.0,1703.32,0.0,False
2022-08-10,4210.240234375,4546010000.0,33309.51171875,311740000.0,91.93000030517578,383766.0,1854.4,0.0,False
2022-08-11,4207.27001953125,4630200000.0,33336.671875,308030000.0,94.33999633789062,341234.0,1881.69,0.0,False
2022-08-12,4280.14990234375,3788010000.0,33761.05078125,299140000.0,92.08999633789062,264953.0,1960.08,0.0,False
2022-08-13,4280.14990234375,3788010000.0,33761.05078125,299140000.0,92.08999633789062,264953.0,1984.21,0.0,False
2022-08-14,4280.14990234375,3788010000.0,33761.05078125,299140000.0,92.08999633789062,264953.0,1936.18,0.0,False
2022-08-15,4297.14013671875,3696830000.0,33912.44140625,262670000.0,89.41000366210938,275443.0,1899.9,0.0,False
2022-08-16,4305.2001953125,4329820000.0,34152.01171875,288670000.0,86.52999877929688,305366.0,1877.49,0.0,False
2022-08-17,4274.0400390625,3885030000.0,33980.3203125,281390000.0,88.11000061035156,230346.0,1834.32,0.0,False
2022-08-18,4283.740234375,3340330000.0,33999.0390625,282550000.0,90.5,80029.0,1846.47,0.0,False
2022-08-19,4228.47998046875,3761340000.0,33706.73828125,293990000.0,90.7699966430664,58714.0,1609.18,0.0,False
2022-08-20,4228.47998046875,3761340000.0,33706.73828125,293990000.0,90.7699966430664,58714.0,1576.0,0.0,False
2022-08-21,4228.47998046875,3761340000.0,33706.73828125,293990000.0,90.7699966430664,58714.0,1618.32,0.0,False
2022-08-22,4137.990234375,3907430000.0,33063.609375,308900000.0,90.2300033569336,352665.0,1625.03,0.0,False
2022-08-23,4128.72998046875,3823520000.0,32909.58984375,251870000.0,93.73999786376953,285607.0,1664.83,0.0,False
2022-08-24,4140.77001953125,3583630000.0,32969.23046875,256900000.0,94.88999938964844,320388.0,1656.75,0.0,False
2022-08-25,4199.1201171875,3566870000.0,33291.78125,308530000.0,92.5199966430664,279877.0,1696.01,0.0,False
2022-08-26,4057.659912109375,3832750000.0,32283.400390625,352850000.0,93.05999755859375,288392.0,1508.53,0.0,False
2022-08-27,4057.659912109375,3832750000.0,32283.400390625,352850000.0,93.05999755859375,288392.0,1491.17,0.0,False
2022-08-28,4057.659912109375,3832750000.0,32283.400390625,352850000.0,93.05999755859375,288392.0,1425.82,0.0,False
2022-08-29,4030.610107421875,3396510000.0,32098.990234375,317820000.0,97.01000213623047,283463.0,1552.53,0.0,False
2022-08-30,3986.159912109375,3835860000.0,31790.869140625,317150000.0,91.63999938964844,386272.0,1523.95,0.0,False
2022-08-31,3955.0,4542490000.0,31510.4296875,392780000.0,89.55000305175781,344147.0,1554.63,0.0,False
2022-09-01,3966.85009765625,4152250000.0,31656.419921875,339360000.0,86.61000061035156,305106.0,1585.93,0.0,False
2022-09-02,3924.260009765625,3665850000.0,31318.439453125,306180000.0,86.87000274658203,277533.0,1576.1,0.0,False
2022-09-03,3924.260009765625,3665850000.0,31318.439453125,306180000.0,86.87000274658203,277533.0,1557.92,0.0,False
2022-09-04,3924.260009765625,3665850000.0,31318.439453125,306180000.0,86.87000274658203,277533.0,1579.46,0.0,False
2022-09-05,3924.260009765625,3665850000.0,31318.439453125,306180000.0,86.87000274658203,277533.0,1617.46,0.0,False
2022-09-06,3908.18994140625,4127340000.0,31145.30078125,347320000.0,86.87999725341797,420255.0,1557.95,0.0,False
2022-09-07,3979.8701171875,3890320000.0,31581.279296875,345080000.0,81.94000244140625,380781.0,1630.15,0.0,False
2022-09-08,4006.179931640625,3966850000.0,31774.51953125,344340000.0,83.54000091552734,342763.0,1635.52,0.0,False
2022-09-09,4067.360107421875,3901940000.0,32151.7109375,310980000.0,86.79000091552734,305188.0,1719.74,0.0,False
2022-09-10,4067.360107421875,3901940000.0,32151.7109375,310980000.0,86.79000091552734,305188.0,1775.1,0.0,False
2022-09-11,4067.360107421875,3901940000.0,32151.7109375,310980000.0,86.79000091552734,305188.0,1766.83,0.0,False
2022-09-12,4110.41015625,3814200000.0,32381.33984375,339250000.0,87.77999877929688,275104.0,1716.86,0.0,False
2022-09-13,3932.68994140625,4224550000.0,31104.970703125,428930000.0,87.30999755859375,347998.0,1574.55,0.0,False
2022-09-14,3946.010009765625,4293240000.0,31135.08984375,348670000.0,88.4800033569336,335381.0,1638.97,0.0,False
2022-09-15,3901.35009765625,4441830000.0,30961.8203125,345500000.0,85.0999984741211,235358.0,1472.46,0.0,False
2022-09-16,3873.330078125,7954650000.0,30822.419921875,627920000.0,85.11000061035156,87829.0,1433.87,0.0,False
2022-09-17,3873.330078125,7954650000.0,30822.419921875,627920000.0,85.11000061035156,87829.0,1469.37,0.0,False
2022-09-18,3873.330078125,7954650000.0,30822.419921875,627920000.0,85.11000061035156,87829.0,1335.02,0.0,False
2022-09-19,3899.889892578125,3766850000.0,31019.6796875,291200000.0,85.7300033569336,59626.0,1376.08,0.0,False
2022-09-20,3855.929931640625,4058050000.0,30706.23046875,317970000.0,84.44999694824219,279813.0,1323.24,0.0,False
2022-09-21,3789.929931640625,4078330000.0,30183.779296875,354960000.0,82.94000244140625,339683.0,1246.39,0.0,False
2022-09-22,3757.989990234375,4284600000.0,30076.6796875,335270000.0,83.48999786376953,303492.0,1326.21,0.0,False
2022-09-23,3693.22998046875,5144270000.0,29590.41015625,388200000.0,78.73999786376953,334271.0,1327.69,0.0,False
2022-09-24,3693.22998046875,5144270000.0,29590.41015625,388200000.0,78.73999786376953,334271.0,1317.17,0.0,False
2022-09-25,3693.22998046875,5144270000.0,29590.41015625,388200000.0,78.73999786376953,334271.0,1294.03,0.0,False
2022-09-26,3655.0400390625,4886140000.0,29260.810546875,369450000.0,76.70999908447266,280927.0,1336.66,0.0,False
2022-09-27,3647.2900390625,4577740000.0,29134.990234375,355460000.0,78.5,283614.0,1327.96,0.0,False
2022-09-28,3719.0400390625,4684850000.0,29683.740234375,436040000.0,82.1500015258789,324678.0,1337.05,0.0,False
2022-09-29,3640.469970703125,4681810000.0,29225.609375,388820000.0,81.2300033569336,286126.0,1336.06,0.0,False
2022-09-30,3585.6201171875,5645360000.0,28725.509765625,464260000.0,79.48999786376953,253154.0,1328.42,0.0,False
2022-10-01,3585.6201171875,5645360000.0,28725.509765625,464260000.0,79.48999786376953,253154.0,1311.74,0.0,False
2022-10-02,3585.6201171875,5645360000.0,28725.509765625,464260000.0,79.48999786376953,253154.0,1276.31,0.0,False
2022-10-03,3678.429931640625,4806680000.0,29490.890625,397830000.0,83.62999725341797,287168.0,1323.57,0.0,False
2022-10-04,3790.929931640625,5146580000.0,30316.3203125,375640000.0,86.5199966430664,302549.0,1362.08,0.0,False
2022-10-05,3783.280029296875,4293180000.0,30273.869140625,290610000.0,87.76000213623047,329790.0,1352.6,0.0,False
2022-10-06,3744.52001953125,4252100000.0,29926.939453125,306840000.0,88.44999694824219,235296.0,1352.49,0.0,False
2022-10-07,3639.659912109375,4449660000.0,29296.7890625,367950000.0,92.63999938964844,429162.0,1331.56,0.0,False
2022-10-08,3639.659912109375,4449660000.0,29296.7890625,367950000.0,92.63999938964844,429162.0,1315.47,0.0,False
2022-10-09,3639.659912109375,4449660000.0,29296.7890625,367950000.0,92.63999938964844,429162.0,1323.31,0.0,False
2022-10-10,3612.389892578125,3834320000.0,29202.880859375,315410000.0,91.12999725341797,289508.0,1290.35,0.0,False
2022-10-11,3588.840087890625,4759030000.0,29239.189453125,352920000.0,89.3499984741211,333158.0,1279.83,0.0,False
2022-10-12,3577.030029296875,4006830000.0,29210.849609375,304420000.0,87.2699966430664,332271.0,1294.4,0.0,False
2022-10-13,3669.909912109375,5021680000.0,30038.720703125,470260000.0,89.11000061035156,298032.0,1287.32,0.0,False
2022-10-14,3583.070068359375,4243030000.0,29634.830078125,379090000.0,85.61000061035156,237026.0,1296.78,0.0,False
2022-10-15,3583.070068359375,4243030000.0,29634.830078125,379090000.0,85.61000061035156,237026.0,1274.77,0.0,False
2022-10-16,3583.070068359375,4243030000.0,29634.830078125,379090000.0,85.61000061035156,237026.0,1306.06,0.0,False
2022-10-17,3677.949951171875,4352780000.0,30185.8203125,369820000.0,85.45999908447266,172020.0,1331.53,0.0,False
2022-10-18,3719.97998046875,4483740000.0,30523.80078125,387130000.0,82.81999969482422,97304.0,1310.34,0.0,False
2022-10-19,3695.159912109375,4223800000.0,30423.810546875,314030000.0,85.55000305175781,71309.0,1284.94,0.0,False
2022-10-20,3665.780029296875,4496620000.0,30333.58984375,333190000.0,85.9800033569336,338344.0,1282.79,0.0,False
2022-10-21,3752.75,5078020000.0,31082.560546875,418190000.0,85.05000305175781,272803.0,1299.76,0.0,False
2022-10-22,3752.75,5078020000.0,31082.560546875,418190000.0,85.05000305175781,272803.0,1313.89,0.0,False
2022-10-23,3752.75,5078020000.0,31082.560546875,418190000.0,85.05000305175781,272803.0,1363.83,0.0,False
2022-10-24,3797.340087890625,4747930000.0,31499.619140625,345040000.0,84.58000183105469,250726.0,1344.4,0.0,False
2022-10-25,3859.110107421875,4843120000.0,31836.740234375,336930000.0,85.31999969482422,240441.0,1460.15,0.0,False
2022-10-26,3830.60009765625,4817310000.0,31839.109375,430400000.0,87.91000366210938,287182.0,1566.46,0.0,False
2022-10-27,3807.300048828125,4687320000.0,32033.279296875,375720000.0,89.08000183105469,292556.0,1513.95,0.0,False
2022-10-28,3901.06005859375,4459410000.0,32861.80078125,495830000.0,87.9000015258789,263404.0,1554.86,0.0,False
2022-10-29,3901.06005859375,4459410000.0,32861.80078125,495830000.0,87.9000015258789,263404.0,1620.24,0.0,False
2022-10-30,3901.06005859375,4459410000.0,32861.80078125,495830000.0,87.9000015258789,263404.0,1590.53,0.0,False
2022-10-31,3871.97998046875,4820620000.0,32732.94921875,390890000.0,86.52999877929688,285342.0,1573.2,0.0,False
2022-11-01,3856.10009765625,4481210000.0,32653.19921875,323210000.0,88.37000274658203,274321.0,1578.79,0.0,False
2022-11-02,3759.68994140625,4899000000.0,32147.759765625,398430000.0,90.0,280961.0,1518.67,0.0,False
2022-11-03,3719.889892578125,4625290000.0,32001.25,354440000.0,88.16999816894531,239816.0,1530.91,0.0,False
2022-11-04,3770.550048828125,5400180000.0,32403.220703125,422370000.0,92.61000061035156,354060.0,1644.84,0.0,False
2022-11-05,3770.550048828125,5400180000.0,32403.220703125,422370000.0,92.61000061035156,354060.0,1627.29,0.0,False
2022-11-06,3770.550048828125,5400180000.0,32403.220703125,422370000.0,92.61000061035156,354060.0,1568.52,0.0,False
2022-11-07,3806.800048828125,4341620000.0,32827.0,336300000.0,91.79000091552734,322419.0,1567.4,0.0,False
2022-11-08,3828.110107421875,4607640000.0,33160.828125,335340000.0,88.91000366210938,344223.0,1333.5,0.0,False
2022-11-09,3748.570068359375,4645010000.0,32513.939453125,355200000.0,85.83000183105469,388301.0,1099.58,0.0,False
2022-11-10,3956.3701171875,5781260000.0,33715.37109375,480130000.0,86.47000122070312,340007.0,1295.03,0.0,False
2022-11-11,3992.929931640625,5593310000.0,33747.859375,427790000.0,88.95999908447266,301664.0,1284.98,0.0,False
2022-11-12,3992.929931640625,5593310000.0,33747.859375,427790000.0,88.95999908447266,301664.0,1254.53,0.0,False
2022-11-13,3992.929931640625,5593310000.0,33747.859375,427790000.0,88.95999908447266,301664.0,1219.84,0.0,False
2022-11-14,3957.25,4561930000.0,33536.69921875,354340000.0,85.87000274658203,315450.0,1241.39,0.0,False
2022-11-15,3991.72998046875,5015310000.0,33592.921875,390610000.0,86.91999816894531,331709.0,1251.72,0.0,False
2022-11-16,3958.7900390625,4165320000.0,33553.828125,301560000.0,85.58999633789062,225668.0,1215.04,0.0,False
2022-11-17,3946.56005859375,4051780000.0,33546.3203125,319210000.0,81.63999938964844,138476.0,1199.29,0.0,False
2022-11-18,3965.340087890625,4037360000.0,33745.69140625,312950000.0,80.08000183105469,96583.0,1211.08,0.0,False
2022-11-19,3965.340087890625,4037360000.0,33745.69140625,312950000.0,80.08000183105469,96583.0,1216.53,0.0,False
2022-11-20,3965.340087890625,4037360000.0,33745.69140625,312950000.0,80.08000183105469,96583.0,1140.84,0.0,False
2022-11-21,3949.93994140625,3850690000.0,33700.28125,352960000.0,79.7300033569336,475104.0,1105.54,0.0,False
2022-11-22,4003.580078125,3887990000.0,34098.1015625,277070000.0,80.94999694824219,269615.0,1137.99,0.0,False
2022-11-23,4027.260009765625,3279720000.0,34194.05859375,236820000.0,77.94000244140625,379145.0,1183.53,0.0,False
2022-11-24,4027.260009765625,3279720000.0,34194.05859375,236820000.0,77.94000244140625,379145.0,1202.86,0.0,False
2022-11-25,4026.1201171875,1706460000.0,34347.03125,131660000.0,76.27999877929688,266451.0,1197.98,0.0,False
2022-11-26,4026.1201171875,1706460000.0,34347.03125,131660000.0,76.27999877929688,266451.0,1204.59,0.0,False
2022-11-27,4026.1201171875,1706460000.0,34347.03125,131660000.0,76.27999877929688,266451.0,1192.78,0.0,False
2022-11-28,3963.93994140625,3615430000.0,33849.4609375,300330000.0,77.23999786376953,405033.0,1167.28,0.0,False
2022-11-29,3957.6298828125,3546040000.0,33852.53125,279750000.0,78.19999694824219,381869.0,1215.57,0.0,False
2022-11-30,4080.110107421875,6579360000.0,34589.76953125,524440000.0,80.55000305175781,287534.0,1294.75,0.0,False
2022-12-01,4076.570068359375,4527130000.0,34395.01171875,348720000.0,81.22000122070312,321432.0,1276.11,0.0,False
2022-12-02,4071.699951171875,4012620000.0,34429.87890625,290580000.0,79.9800033569336,280235.0,1295.34,0.0,False
2022-12-03,4071.699951171875,4012620000.0,34429.87890625,290580000.0,79.9800033569336,280235.0,1240.97,0.0,False
2022-12-04,4071.699951171875,4012620000.0,34429.87890625,290580000.0,79.9800033569336,280235.0,1279.91,0.0,False
2022-12-05,3998.840087890625,4280820000.0,33947.1015625,312960000.0,76.93000030517578,346657.0,1259.18,0.0,False
2022-12-06,3941.260009765625,4368380000.0,33596.33984375,306220000.0,74.25,380598.0,1271.3,0.0,False
2022-12-07,3933.919921875,4118050000.0,33597.921875,359980000.0,72.01000213623047,392236.0,1231.33,0.0,False
2022-12-08,3963.510009765625,4006900000.0,33781.48046875,271830000.0,71.45999908447266,474459.0,1280.42,0.0,False
2022-12-09,3934.3798828125,3888260000.0,33476.4609375,287630000.0,71.0199966430664,356722.0,1263.03,0.0,False
2022-12-10,3934.3798828125,3888260000.0,33476.4609375,287630000.0,71.0199966430664,356722.0,1266.26,0.0,False
2022-12-11,3934.3798828125,3888260000.0,33476.4609375,287630000.0,71.0199966430664,356722.0,1263.22,0.0,False
2022-12-12,3990.56005859375,3904130000.0,34005.0390625,313440000.0,73.16999816894531,323553.0,1275.29,0.0,False
2022-12-13,4019.64990234375,5079360000.0,34108.640625,442650000.0,75.38999938964844,352858.0,1320.65,0.0,False
2022-12-14,3995.320068359375,4472340000.0,33966.3515625,339090000.0,77.27999877929688,292488.0,1307.21,0.0,False
2022-12-15,3895.75,4493900000.0,33202.21875,394290000.0,76.11000061035156,224663.0,1266.49,0.0,False
2022-12-16,3852.360107421875,7493660000.0,32920.4609375,756310000.0,74.29000091552734,99205.0,1167.05,0.0,False
2022-12-17,3852.360107421875,7493660000.0,32920.4609375,756310000.0,74.29000091552734,99205.0,1187.46,0.0,False
2022-12-18,3852.360107421875,7493660000.0,32920.4609375,756310000.0,74.29000091552734,99205.0,1183.01,0.0,False
2022-12-19,3817.659912109375,3969610000.0,32757.5390625,326430000.0,75.19000244140625,69348.0,1167.57,0.0,False
2022-12-20,3821.6201171875,3985370000.0,32849.73828125,303970000.0,76.08999633789062,254792.0,1217.36,0.0,False
2022-12-21,3878.43994140625,3775200000.0,33376.48046875,328020000.0,78.29000091552734,234624.0,1213.67,0.0,False
2022-12-22,3822.389892578125,3956950000.0,33027.48828125,340640000.0,77.48999786376953,219142.0,1217.55,0.0,False
2022-12-23,3844.820068359375,2819280000.0,33203.9296875,221050000.0,79.55999755859375,237711.0,1220.06,0.0,False
2022-12-24,3844.820068359375,2819280000.0,33203.9296875,221050000.0,79.55999755859375,237711.0,1220.35,0.0,False
2022-12-25,3844.820068359375,2819280000.0,33203.9296875,221050000.0,79.55999755859375,237711.0,1218.48,0.0,False
2022-12-26,3844.820068359375,2819280000.0,33203.9296875,221050000.0,79.55999755859375,237711.0,1227.78,0.0,False
2022-12-27,3829.25,3030300000.0,33241.55859375,246010000.0,79.52999877929688,199601.0,1211.14,0.0,False
2022-12-28,3783.219970703125,3083520000.0,32875.7109375,252260000.0,78.95999908447266,207717.0,1189.32,0.0,False
2022-12-29,3849.280029296875,3003680000.0,33220.80078125,243060000.0,78.4000015258789,199858.0,1200.3,0.0,False
2022-12-30,3839.5,2979870000.0,33147.25,295500000.0,80.26000213623047,205909.0,1199.11,0.0,False
2022-12-31,3839.5,2979870000.0,33147.25,295500000.0,80.26000213623047,205909.0,1194.64,0.0,False
2023-01-01,3839.5,2979870000.0,33147.25,295500000.0,80.26000213623047,205909.0,1199.87,0.0,False
2023-01-02,3839.5,2979870000.0,33147.25,295500000.0,80.26000213623047,205909.0,1213.91,0.0,False
2023-01-03,3824.139892578125,3959140000.0,33136.37109375,355930000.0,76.93000030517578,338520.0,1214.09,0.0,False
2023-01-04,3852.969970703125,4414080000.0,33269.76953125,379400000.0,72.83999633789062,352434.0,1256.33,0.0,False
2023-01-05,3808.10009765625,3893450000.0,32930.078125,337920000.0,73.66999816894531,300731.0,1250.55,0.0,False
2023-01-06,3895.080078125,3923560000.0,33630.609375,360740000.0,73.7699966430664,258128.0,1269.07,0.0,False
2023-01-07,3895.080078125,3923560000.0,33630.609375,360740000.0,73.7699966430664,258128.0,1263.75,0.0,False
2023-01-08,3895.080078125,3923560000.0,33630.609375,360740000.0,73.7699966430664,258128.0,1289.12,0.0,False
2023-01-09,3892.090087890625,4311770000.0,33517.6484375,327840000.0,74.62999725341797,329290.0,1320.22,0.0,False
2023-01-10,3919.25,3851030000.0,33704.1015625,268260000.0,75.12000274658203,307430.0,1335.34,0.0,False
2023-01-11,3969.610107421875,4303360000.0,33973.01171875,301650000.0,77.41000366210938,350891.0,1389.3,0.0,False
2023-01-12,3983.169921875,4440260000.0,34189.96875,308190000.0,78.38999938964844,307705.0,1415.96,0.0,False
2023-01-13,3999.090087890625,3939700000.0,34302.609375,274110000.0,79.86000061035156,283539.0,1451.15,0.0,False
2023-01-14,3999.090087890625,3939700000.0,34302.609375,274110000.0,79.86000061035156,283539.0,1550.34,0.0,False
2023-01-15,3999.090087890625,3939700000.0,34302.609375,274110000.0,79.86000061035156,283539.0,1552.93,0.0,False
2023-01-16,3999.090087890625,3939700000.0,34302.609375,274110000.0,79.86000061035156,283539.0,1576.54,0.0,False
2023-01-17,3990.969970703125,4235560000.0,33910.8515625,353050000.0,80.18000030517578,312275.0,1565.32,0.0,False
2023-01-18,3928.860107421875,4298710000.0,33296.9609375,351670000.0,79.4800033569336,92549.0,1511.7,0.0,False
2023-01-19,3898.85009765625,3991500000.0,33044.55859375,319770000.0,80.33000183105469,58863.0,1551.81,0.0,False
2023-01-20,3972.610107421875,4013360000.0,33375.48828125,367330000.0,81.30999755859375,300145.0,1658.81,0.0,False
2023-01-21,3972.610107421875,4013360000.0,33375.48828125,367330000.0,81.30999755859375,300145.0,1626.4,0.0,False
2023-01-22,3972.610107421875,4013360000.0,33375.48828125,367330000.0,81.30999755859375,300145.0,1627.76,0.0,False
2023-01-23,4019.81005859375,3945210000.0,33629.55859375,355220000.0,81.62000274658203,297076.0,1626.41,0.0,False
2023-01-24,4016.949951171875,3320430000.0,33733.9609375,299310000.0,80.12999725341797,288207.0,1556.27,0.0,False
2023-01-25,4016.219970703125,3724020000.0,33743.83984375,341720000.0,80.1500015258789,297234.0,1611.26,0.0,False
2023-01-26,4060.429931640625,3809590000.0,33949.41015625,327000000.0,81.01000213623047,291060.0,1601.45,0.0,False
2023-01-27,4070.56005859375,3907760000.0,33978.078125,441260000.0,79.68000030517578,367588.0,1598.16,0.0,False
2023-01-28,4070.56005859375,3907760000.0,33978.078125,441260000.0,79.68000030517578,367588.0,1572.87,0.0,False
2023-01-29,4070.56005859375,3907760000.0,33978.078125,441260000.0,79.68000030517578,367588.0,1645.51,0.0,False
2023-01-30,4017.77001953125,3802000000.0,33717.08984375,343920000.0,77.9000015258789,327426.0,1566.8,0.0,False
2023-01-31,4076.60009765625,4679320000.0,34086.0390625,360240000.0,78.87000274658203,312734.0,1585.61,0.0,False
2023-02-01,4119.2099609375,4856930000.0,34092.9609375,370120000.0,76.41000366210938,360859.0,1641.91,0.0,False
2023-02-02,4179.759765625,5624360000.0,34053.94140625,429910000.0,75.87999725341797,339755.0,1642.93,0.0,False
2023-02-03,4136.47998046875,4694510000.0,33926.01171875,425150000.0,73.38999938964844,413414.0,1663.9,0.0,False
2023-02-04,4136.47998046875,4694510000.0,33926.01171875,425150000.0,73.38999938964844,413414.0,1666.57,0.0,False
2023-02-05,4136.47998046875,4694510000.0,33926.01171875,425150000.0,73.38999938964844,413414.0,1629.63,0.0,False
2023-02-06,4111.080078125,4114240000.0,33891.01953125,296400000.0,74.11000061035156,380028.0,1614.32,0.0,False
2023-02-07,4164.0,4355860000.0,34156.69140625,361620000.0,77.13999938964844,408279.0,1672.2,0.0,False
2023-02-08,4117.85986328125,4029820000.0,33949.01171875,324090000.0,78.47000122070312,353468.0,1650.43,0.0,False
2023-02-09,4081.5,4270200000.0,33699.87890625,347520000.0,78.05999755859375,324156.0,1545.53,0.0,False
2023-02-10,4090.4599609375,3891520000.0,33869.26953125,288150000.0,79.72000122070312,356062.0,1514.0,0.0,False
2023-02-11,4090.4599609375,3891520000.0,33869.26953125,288150000.0,79.72000122070312,356062.0,1539.02,0.0,False
2023-02-12,4090.4599609375,3891520000.0,33869.26953125,288150000.0,79.72000122070312,356062.0,1515.69,0.0,False
2023-02-13,4137.2900390625,3448620000.0,34245.9296875,302600000.0,80.13999938964844,301299.0,1506.45,0.0,False
2023-02-14,4136.1298828125,3929200000.0,34089.26953125,288820000.0,79.05999755859375,299938.0,1556.52,0.0,False
2023-02-15,4147.60009765625,4075980000.0,34128.05078125,267530000.0,78.58999633789062,264486.0,1675.49,0.0,False
2023-02-16,4090.409912109375,4143660000.0,33696.8515625,317530000.0,78.48999786376953,117600.0,1637.88,0.0,False
2023-02-17,4079.090087890625,4045480000.0,33826.69140625,302900000.0,76.33999633789062,93267.0,1694.21,0.0,False
2023-02-18,4079.090087890625,4045480000.0,33826.69140625,302900000.0,76.33999633789062,93267.0,1692.1,0.0,False
2023-02-19,4079.090087890625,4045480000.0,33826.69140625,302900000.0,76.33999633789062,93267.0,1681.75,0.0,False
2023-02-20,4079.090087890625,4045480000.0,33826.69140625,302900000.0,76.33999633789062,93267.0,1703.36,0.0,False
2023-02-21,3997.340087890625,4121590000.0,33129.58984375,348320000.0,76.16000366210938,402351.0,1659.6,0.0,False
2023-02-22,3991.050048828125,4079320000.0,33045.08984375,321910000.0,73.94999694824219,332018.0,1643.07,0.0,False
2023-02-23,4012.320068359375,3952940000.0,33153.91015625,288120000.0,75.38999938964844,333838.0,1650.51,0.0,False
2023-02-24,3970.0400390625,3877700000.0,32816.921875,277120000.0,76.31999969482422,329254.0,1607.95,0.0,False
2023-02-25,3970.0400390625,3877700000.0,32816.921875,277120000.0,76.31999969482422,329254.0,1594.83,0.0,False
2023-02-26,3970.0400390625,3877700000.0,32816.921875,277120000.0,76.31999969482422,329254.0,1641.63,0.0,False
2023-02-27,3982.239990234375,3836950000.0,32889.08984375,243660000.0,75.68000030517578,266091.0,1633.62,0.0,False
2023-02-28,3970.14990234375,5043400000.0,32656.69921875,303760000.0,77.05000305175781,300093.0,1604.63,0.0,False
2023-03-01,3951.389892578125,4249480000.0,32661.83984375,292810000.0,77.69000244140625,342121.0,1665.48,0.0,False
2023-03-02,3981.35009765625,4244900000.0,33003.5703125,317450000.0,78.16000366210938,260331.0,1647.9,0.0,False
2023-03-03,4045.639892578125,4084730000.0,33390.96875,300050000.0,79.68000030517578,374201.0,1569.62,0.0,False
2023-03-04,4045.639892578125,4084730000.0,33390.96875,300050000.0,79.68000030517578,374201.0,1566.72,0.0,False
2023-03-05,4045.639892578125,4084730000.0,33390.96875,300050000.0,79.68000030517578,374201.0,1564.69,0.0,False
2023-03-06,4048.419921875,4000870000.0,33431.44140625,329190000.0,80.45999908447266,292351.0,1567.01,0.0,False
2023-03-07,3986.3701171875,3922500000.0,32856.4609375,299400000.0,77.58000183105469,398241.0,1561.66,0.0,False
2023-03-08,3992.010009765625,3535570000.0,32798.3984375,242750000.0,76.66000366210938,335930.0,1532.39,0.0,False
2023-03-09,3918.320068359375,4445260000.0,32254.859375,315860000.0,75.72000122070312,349960.0,1437.52,0.0,False
2023-03-10,3861.590087890625,5518190000.0,31909.640625,397790000.0,76.68000030517578,371834.0,1430.64,0.0,False
2023-03-11,3861.590087890625,5518190000.0,31909.640625,397790000.0,76.68000030517578,371834.0,1492.45,0.0,False
2023-03-12,3861.590087890625,5518190000.0,31909.640625,397790000.0,76.68000030517578,371834.0,1593.98,0.0,False
2023-03-13,3855.760009765625,6558020000.0,31819.140625,429090000.0,74.80000305175781,457423.0,1680.61,0.0,False
2023-03-14,3919.2900390625,5665870000.0,32155.400390625,391760000.0,71.33000183105469,432858.0,1704.97,0.0,False
2023-03-15,3891.929931640625,6594010000.0,31874.5703125,420910000.0,67.61000061035156,555164.0,1656.36,0.0,False
2023-03-16,3960.280029296875,5695790000.0,32246.55078125,440940000.0,68.3499984741211,327120.0,1677.05,0.0,False
2023-03-17,3916.639892578125,9354280000.0,31861.98046875,712100000.0,66.73999786376953,152255.0,1793.66,0.0,False
2023-03-18,3916.639892578125,9354280000.0,31861.98046875,712100000.0,66.73999786376953,152255.0,1763.57,0.0,False
2023-03-19,3916.639892578125,9354280000.0,31861.98046875,712100000.0,66.73999786376953,152255.0,1785.92,0.0,False
2023-03-20,3951.570068359375,5347140000.0,32244.580078125,357210000.0,67.63999938964844,76873.0,1737.75,0.0,False
2023-03-21,4002.8701171875,4920240000.0,32560.599609375,363190000.0,69.33000183105469,409495.0,1807.14,0.0,False
2023-03-22,3936.969970703125,4533010000.0,32030.109375,325990000.0,70.9000015258789,337639.0,1738.75,0.0,False
2023-03-23,3948.719970703125,4991600000.0,32105.25,335430000.0,69.95999908447266,335241.0,1817.03,0.0,False
2023-03-24,3970.989990234375,4583970000.0,32237.529296875,317070000.0,69.26000213623047,380852.0,1751.93,0.0,False
2023-03-25,3970.989990234375,4583970000.0,32237.529296875,317070000.0,69.26000213623047,380852.0,1744.1,0.0,False
2023-03-26,3970.989990234375,4583970000.0,32237.529296875,317070000.0,69.26000213623047,380852.0,1775.83,0.0,False
2023-03-27,3977.530029296875,4233540000.0,32432.080078125,291560000.0,72.80999755859375,353598.0,1715.99,0.0,False
2023-03-28,3971.27001953125,4014600000.0,32394.25,248560000.0,73.19999694824219,328472.0,1773.52,0.0,False
2023-03-29,4027.81005859375,4145250000.0,32717.599609375,314110000.0,72.97000122070312,312669.0,1793.29,0.0,False
2023-03-30,4050.830078125,3930860000.0,32859.03125,283380000.0,74.37000274658203,269743.0,1791.19,0.0,False
2023-03-31,4109.31005859375,4525120000.0,33274.1484375,353740000.0,75.66999816894531,304361.0,1821.98,0.0,False
2023-04-01,4109.31005859375,4525120000.0,33274.1484375,353740000.0,75.66999816894531,304361.0,1821.47,0.0,False
2023-04-02,4109.31005859375,4525120000.0,33274.1484375,353740000.0,75.66999816894531,304361.0,1795.28,0.0,False
2023-04-03,4124.509765625,4234700000.0,33601.1484375,311890000.0,80.41999816894531,547126.0,1810.56,0.0,False
2023-04-04,4100.60009765625,4227800000.0,33402.37890625,283360000.0,80.70999908447266,343570.0,1871.34,0.0,False
2023-04-05,4090.3798828125,3968020000.0,33482.71875,286660000.0,80.61000061035156,254974.0,1909.36,0.0,False
2023-04-06,4105.02001953125,3486690000.0,33485.2890625,258680000.0,80.69999694824219,0.0,1872.96,0.0,False
2023-04-07,4105.02001953125,3486690000.0,33485.2890625,258680000.0,80.69999694824219,0.0,1864.92,0.0,False
2023-04-08,4105.02001953125,3486690000.0,33485.2890625,258680000.0,80.69999694824219,0.0,1850.13,0.0,False
2023-04-09,4105.02001953125,3486690000.0,33485.2890625,258680000.0,80.69999694824219,0.0,1859.8,0.0,False
2023-04-10,4109.10986328125,3423650000.0,33586.51953125,232920000.0,79.73999786376953,264906.0,1911.22,0.0,False
2023-04-11,4108.93994140625,3665830000.0,33684.7890625,241430000.0,81.52999877929688,309683.0,1891.9,0.0,False
2023-04-12,4091.949951171875,3633120000.0,33646.5,260300000.0,83.26000213623047,356133.0,1918.68,0.0,False
2023-04-13,4146.22021484375,3596590000.0,34029.69140625,277230000.0,82.16000366210938,261230.0,2014.29,0.0,False
2023-04-14,4137.64013671875,3575690000.0,33886.46875,276720000.0,82.5199966430664,275129.0,2101.86,0.0,False
2023-04-15,4137.64013671875,3575690000.0,33886.46875,276720000.0,82.5199966430664,275129.0,2092.45,0.0,False
2023-04-16,4137.64013671875,3575690000.0,33886.46875,276720000.0,82.5199966430664,275129.0,2120.25,0.0,False
2023-04-17,4151.31982421875,3611180000.0,33987.1796875,234530000.0,80.83000183105469,217048.0,2075.83,0.0,False
2023-04-18,4154.8701171875,3536640000.0,33976.62890625,253570000.0,80.86000061035156,96290.0,2104.64,0.0,False
2023-04-19,4154.52001953125,3572560000.0,33897.01171875,251490000.0,79.16000366210938,78310.0,1934.81,0.0,False
2023-04-20,4129.7900390625,3772080000.0,33786.62109375,307910000.0,77.29000091552734,361413.0,1943.23,0.0,False
2023-04-21,4133.52001953125,3611750000.0,33808.9609375,291080000.0,77.87000274658203,291114.0,1848.61,0.0,False
2023-04-22,4133.52001953125,3611750000.0,33808.9609375,291080000.0,77.87000274658203,291114.0,1874.27,0.0,False
2023-04-23,4133.52001953125,3611750000.0,33808.9609375,291080000.0,77.87000274658203,291114.0,1862.0,0.0,False
2023-04-24,4137.0400390625,3290940000.0,33875.3984375,252020000.0,78.76000213623047,306720.0,1841.82,0.0,False
2023-04-25,4071.6298828125,3978640000.0,33530.828125,297880000.0,77.06999969482422,361646.0,1866.08,0.0,False
2023-04-26,4055.989990234375,3837030000.0,33301.87109375,321170000.0,74.30000305175781,497778.0,1866.46,0.0,False
2023-04-27,4135.35009765625,3750550000.0,33826.16015625,343240000.0,74.76000213623047,345880.0,1909.07,0.0,False
2023-04-28,4169.47998046875,4087800000.0,34098.16015625,354310000.0,76.77999877929688,328399.0,1892.51,0.0,False
2023-04-29,4169.47998046875,4087800000.0,34098.16015625,354310000.0,76.77999877929688,328399.0,1908.81,0.0,False
2023-04-30,4169.47998046875,4087800000.0,34098.16015625,354310000.0,76.77999877929688,328399.0,1869.45,0.0,False
2023-05-01,4167.8701171875,3321370000.0,34051.69921875,244190000.0,75.66000366210938,215017.0,1831.22,0.0,False
2023-05-02,4119.580078125,4486130000.0,33684.53125,274460000.0,71.66000366210938,417820.0,1870.84,0.0,False
2023-05-03,4090.75,4246510000.0,33414.23828125,286900000.0,68.5999984741211,490523.0,1905.31,0.0,False
2023-05-04,4061.219970703125,4920090000.0,33127.73828125,305160000.0,68.55999755859375,412495.0,1877.87,0.0,False
2023-05-05,4136.25,4186270000.0,33674.37890625,316350000.0,71.33999633789062,330585.0,1996.03,0.0,False
2023-05-06,4136.25,4186270000.0,33674.37890625,316350000.0,71.33999633789062,330585.0,1900.26,0.0,False
2023-05-07,4136.25,4186270000.0,33674.37890625,316350000.0,71.33999633789062,330585.0,1873.19,0.0,False
2023-05-08,4138.1201171875,3641640000.0,33618.69140625,225680000.0,73.16000366210938,290076.0,1849.06,0.0,False
2023-05-09,4119.169921875,3810140000.0,33561.80859375,232940000.0,73.70999908447266,317493.0,1847.86,0.0,False
2023-05-10,4137.64013671875,4057160000.0,33531.328125,271180000.0,72.55999755859375,351506.0,1842.39,0.0,False
2023-05-11,4130.6201171875,3752900000.0,33309.51171875,298000000.0,70.87000274658203,365892.0,1795.45,0.0,False
2023-05-12,4124.080078125,3533740000.0,33300.62109375,227570000.0,70.04000091552734,275435.0,1808.37,0.0,False
2023-05-13,4124.080078125,3533740000.0,33300.62109375,227570000.0,70.04000091552734,275435.0,1796.14,0.0,False
2023-05-14,4124.080078125,3533740000.0,33300.62109375,227570000.0,70.04000091552734,275435.0,1800.03,0.0,False
2023-05-15,4136.27978515625,3562170000.0,33348.6015625,224020000.0,71.11000061035156,259013.0,1816.61,0.0,False
2023-05-16,4109.89990234375,3654200000.0,33012.140625,246680000.0,70.86000061035156,232328.0,1824.32,0.0,False
2023-05-17,4158.77001953125,4039080000.0,33420.76953125,307130000.0,72.83000183105469,273708.0,1822.21,0.0,False
2023-05-18,4198.0498046875,3980500000.0,33535.91015625,333070000.0,71.86000061035156,80864.0,1800.81,0.0,False
2023-05-19,4191.97998046875,4041900000.0,33426.62890625,315210000.0,71.55000305175781,69949.0,1812.8,0.0,False
2023-05-20,4191.97998046875,4041900000.0,33426.62890625,315210000.0,71.55000305175781,69949.0,1820.05,0.0,False
2023-05-21,4191.97998046875,4041900000.0,33426.62890625,315210000.0,71.55000305175781,69949.0,1804.98,0.0,False
2023-05-22,4192.6298828125,3728520000.0,33286.578125,268900000.0,71.98999786376953,263977.0,1817.64,0.0,False
2023-05-23,4145.580078125,4155320000.0,33055.51171875,291550000.0,72.91000366210938,317586.0,1854.39,0.0,False
2023-05-24,4115.240234375,0.0,32799.921875,246180000.0,74.33999633789062,386611.0,1799.83,0.0,False
2023-05-25,4151.27978515625,4147760000.0,32764.650390625,364670000.0,71.83000183105469,422637.0,1805.89,0.0,False
2023-05-26,4205.4501953125,3715460000.0,33093.33984375,330290000.0,72.66999816894531,261498.0,1828.53,0.0,False
2023-05-27,4205.4501953125,3715460000.0,33093.33984375,330290000.0,72.66999816894531,261498.0,1830.93,0.0,False
2023-05-28,4205.4501953125,3715460000.0,33093.33984375,330290000.0,72.66999816894531,261498.0,1909.02,0.0,False
2023-05-29,4205.4501953125,3715460000.0,33093.33984375,330290000.0,72.66999816894531,261498.0,1893.2,0.0,False
2023-05-30,4205.52001953125,4228510000.0,33042.78125,322700000.0,69.45999908447266,440862.0,1901.07,0.0,False
2023-05-31,4179.830078125,5980670000.0,32908.26953125,689990000.0,68.08999633789062,444787.0,1873.88,0.0,False
2023-06-01,4221.02001953125,4391860000.0,33061.5703125,349460000.0,70.0999984741211,395393.0,1862.1,0.0,False
2023-06-02,4282.3701171875,4454200000.0,33762.76171875,383590000.0,71.73999786376953,322596.0,1907.29,0.0,False
2023-06-03,4282.3701171875,4454200000.0,33762.76171875,383590000.0,71.73999786376953,322596.0,1892.44,0.0,False
2023-06-04,4282.3701171875,4454200000.0,33762.76171875,383590000.0,71.73999786376953,322596.0,1890.27,0.0,False
2023-06-05,4273.7900390625,3813290000.0,33562.859375,367170000.0,72.1500015258789,383943.0,1810.85,0.0,False
2023-06-06,4283.85009765625,3996560000.0,33573.28125,294070000.0,71.73999786376953,314962.0,1884.48,0.0,False
2023-06-07,4267.52001953125,4537800000.0,33665.01953125,347400000.0,72.52999877929688,299127.0,1832.54,0.0,False
2023-06-08,4293.93017578125,3826740000.0,33833.609375,269160000.0,71.29000091552734,485396.0,1846.06,0.0,False
2023-06-09,4298.85986328125,3786510000.0,33876.78125,262310000.0,70.16999816894531,300724.0,1840.42,0.0,False
2023-06-10,4298.85986328125,3786510000.0,33876.78125,262310000.0,70.16999816894531,300724.0,1752.4,0.0,False
2023-06-11,4298.85986328125,3786510000.0,33876.78125,262310000.0,70.16999816894531,300724.0,1753.14,0.0,False
2023-06-12,4338.93017578125,3945670000.0,34066.328125,308130000.0,67.12000274658203,404769.0,1742.52,0.0,False
2023-06-13,4369.009765625,4275400000.0,34212.12109375,308790000.0,69.41999816894531,366354.0,1739.32,0.0,False
2023-06-14,4372.58984375,4252110000.0,33979.328125,354910000.0,68.2699966430664,304449.0,1650.74,0.0,False
2023-06-15,4425.83984375,4176690000.0,34408.05859375,361400000.0,70.62000274658203,115613.0,1665.27,0.0,False
2023-06-16,4409.58984375,6848600000.0,34299.12109375,595230000.0,71.77999877929688,99185.0,1716.82,0.0,False
2023-06-17,4409.58984375,6848600000.0,34299.12109375,595230000.0,71.77999877929688,99185.0,1727.16,0.0,False
2023-06-18,4409.58984375,6848600000.0,34299.12109375,595230000.0,71.77999877929688,99185.0,1720.41,0.0,False
2023-06-19,4409.58984375,6848600000.0,34299.12109375,595230000.0,71.77999877929688,99185.0,1736.83,0.0,False
2023-06-20,4388.7099609375,4055790000.0,34053.87109375,334810000.0,70.5,430492.0,1792.51,0.0,False
2023-06-21,4365.68994140625,3709330000.0,33951.51953125,323690000.0,72.52999877929688,264656.0,1889.36,0.0,False
2023-06-22,4381.89013671875,3511000000.0,33946.7109375,275600000.0,69.51000213623047,421348.0,1872.25,0.0,False
2023-06-23,4348.330078125,6053620000.0,33727.4296875,379800000.0,69.16000366210938,322475.0,1893.33,0.0,False
2023-06-24,4348.330078125,6053620000.0,33727.4296875,379800000.0,69.16000366210938,322475.0,1875.9,0.0,False
2023-06-25,4348.330078125,6053620000.0,33727.4296875,379800000.0,69.16000366210938,322475.0,1899.41,0.0,False
2023-06-26,4328.81982421875,3415030000.0,33714.7109375,265330000.0,69.37000274658203,280116.0,1859.15,0.0,False
2023-06-27,4378.41015625,3573500000.0,33926.73828125,293210000.0,67.69999694824219,384752.0,1889.87,0.0,False
2023-06-28,4376.85986328125,3739330000.0,33852.66015625,268050000.0,69.55999755859375,368295.0,1827.64,0.0,False
2023-06-29,4396.43994140625,3696660000.0,34122.421875,279940000.0,69.86000061035156,292865.0,1852.01,0.0,False
2023-06-30,4450.3798828125,3923450000.0,34407.6015625,351060000.0,70.63999938964844,299873.0,1933.35,0.0,False
2023-07-01,4450.3798828125,3923450000.0,34407.6015625,351060000.0,70.63999938964844,299873.0,1924.38,0.0,False
2023-07-02,4450.3798828125,3923450000.0,34407.6015625,351060000.0,70.63999938964844,299873.0,1937.36,0.0,False
2023-07-03,4455.58984375,2034280000.0,34418.46875,157590000.0,69.79000091552734,303479.0,1955.75,0.0,False
2023-07-04,4455.58984375,2034280000.0,34418.46875,157590000.0,69.79000091552734,303479.0,1936.14,0.0,False
2023-07-05,4446.81982421875,3482620000.0,34288.640625,274570000.0,71.79000091552734,456809.0,1910.52,0.0,False
2023-07-06,4411.58984375,3682020000.0,33922.26171875,293840000.0,71.80000305175781,395381.0,1846.74,0.0,False
2023-07-07,4398.9501953125,3630480000.0,33734.87890625,272730000.0,73.86000061035156,362632.0,1870.42,0.0,False
2023-07-08,4398.9501953125,3630480000.0,33734.87890625,272730000.0,73.86000061035156,362632.0,1865.52,0.0,False
2023-07-09,4398.9501953125,3630480000.0,33734.87890625,272730000.0,73.86000061035156,362632.0,1863.26,0.0,False
2023-07-10,4409.52978515625,3429600000.0,33944.3984375,299200000.0,72.98999786376953,301014.0,1880.59,0.0,False
2023-07-11,4439.259765625,3624220000.0,34261.421875,278940000.0,74.83000183105469,326883.0,1878.58,0.0,False
2023-07-12,4472.16015625,3920290000.0,34347.4296875,331410000.0,75.75,352887.0,1871.77,0.0,False
2023-07-13,4510.0400390625,3839530000.0,34395.140625,267180000.0,76.88999938964844,379728.0,2005.22,0.0,False
2023-07-14,4505.419921875,3647450000.0,34509.03125,293540000.0,75.41999816894531,299576.0,1939.27,0.0,False
2023-07-15,4505.419921875,3647450000.0,34509.03125,293540000.0,75.41999816894531,299576.0,1931.68,0.0,False
2023-07-16,4505.419921875,3647450000.0,34509.03125,293540000.0,75.41999816894531,299576.0,1923.07,0.0,False
2023-07-17,4522.7900390625,3538240000.0,34585.3515625,359780000.0,74.1500015258789,244785.0,1911.66,0.0,False
2023-07-18,4554.97998046875,4090010000.0,34951.9296875,385940000.0,75.75,125092.0,1897.65,0.0,False
2023-07-19,4565.72021484375,4115670000.0,35061.2109375,365130000.0,75.3499984741211,92920.0,1888.75,0.0,False
2023-07-20,4534.8701171875,3761770000.0,35225.1796875,340880000.0,75.62999725341797,340962.0,1891.53,0.0,False
2023-07-21,4536.33984375,3570190000.0,35227.69140625,465270000.0,77.06999969482422,308106.0,1891.95,0.0,False
2023-07-22,4536.33984375,3570190000.0,35227.69140625,465270000.0,77.06999969482422,308106.0,1866.16,0.0,False
2023-07-23,4536.33984375,3570190000.0,35227.69140625,465270000.0,77.06999969482422,308106.0,1888.78,0.0,False
2023-07-24,4554.64013671875,3856250000.0,35411.23828125,284460000.0,78.73999786376953,368285.0,1849.77,0.0,False
2023-07-25,4567.4599609375,3812470000.0,35438.0703125,299530000.0,79.62999725341797,349600.0,1857.58,0.0,False
2023-07-26,4566.75,3990290000.0,35520.12109375,346240000.0,78.77999877929688,322031.0,1871.97,0.0,False
2023-07-27,4537.41015625,4553210000.0,35282.71875,352230000.0,80.08999633789062,374358.0,1860.75,0.0,False
2023-07-28,4582.22998046875,3981010000.0,35459.2890625,369000000.0,80.58000183105469,299547.0,1874.52,0.0,False
2023-07-29,4582.22998046875,3981010000.0,35459.2890625,369000000.0,80.58000183105469,299547.0,1880.89,0.0,False
2023-07-30,4582.22998046875,3981010000.0,35459.2890625,369000000.0,80.58000183105469,299547.0,1861.66,0.0,False
2023-07-31,4588.9599609375,4503600000.0,35559.53125,327410000.0,81.80000305175781,297270.0,1856.04,0.0,False
2023-08-01,4576.72998046875,4042370000.0,35630.6796875,259490000.0,81.37000274658203,307859.0,1872.93,0.0,False
2023-08-02,4513.39013671875,4270710000.0,35282.51953125,298570000.0,79.48999786376953,414825.0,1839.04,0.0,False
2023-08-03,4501.89013671875,4149120000.0,35215.890625,254960000.0,81.55000305175781,402641.0,1834.42,0.0,False
2023-08-04,4478.02978515625,4143310000.0,35065.62109375,338290000.0,82.81999969482422,320873.0,1827.38,0.0,False
2023-08-05,4478.02978515625,4143310000.0,35065.62109375,338290000.0,82.81999969482422,320873.0,1834.74,0.0,False
2023-08-06,4478.02978515625,4143310000.0,35065.62109375,338290000.0,82.81999969482422,320873.0,1827.4,0.0,False
2023-08-07,4518.43994140625,3493920000.0,35473.12890625,300150000.0,81.94000244140625,293036.0,1826.98,0.0,False
2023-08-08,4499.3798828125,3884910000.0,35314.48828125,303840000.0,82.91999816894531,424545.0,1855.71,0.0,False
2023-08-09,4467.7099609375,3803100000.0,35123.359375,306680000.0,84.4000015258789,478140.0,1854.12,0.0,False
2023-08-10,4468.830078125,4504370000.0,35176.1484375,337110000.0,82.81999969482422,362188.0,1850.51,0.0,False
2023-08-11,4464.0498046875,3753290000.0,35281.3984375,277840000.0,83.19000244140625,331254.0,1847.07,0.0,False
2023-08-12,4464.0498046875,3753290000.0,35281.3984375,277840000.0,83.19000244140625,331254.0,1849.14,0.0,False
2023-08-13,4464.0498046875,3753290000.0,35281.3984375,277840000.0,83.19000244140625,331254.0,1839.25,0.0,False
2023-08-14,4489.72021484375,3896410000.0,35307.62890625,300250000.0,82.51000213623047,277352.0,1843.95,0.0,False
2023-08-15,4437.85986328125,3832250000.0,34946.390625,323920000.0,80.98999786376953,303207.0,1827.12,0.0,False
2023-08-16,4404.330078125,3753910000.0,34765.73828125,332310000.0,79.37999725341797,325403.0,1805.56,0.0,False
2023-08-17,4370.35986328125,3943700000.0,34474.828125,392850000.0,80.38999938964844,235581.0,1682.4,0.0,False
2023-08-18,4369.7099609375,3940400000.0,34500.66015625,320680000.0,81.25,128090.0,1661.12,0.0,False
2023-08-19,4369.7099609375,3940400000.0,34500.66015625,320680000.0,81.25,128090.0,1669.6,0.0,False
2023-08-20,4369.7099609375,3940400000.0,34500.66015625,320680000.0,81.25,128090.0,1685.38,0.0,False
2023-08-21,4399.77001953125,3726850000.0,34463.69140625,396490000.0,80.72000122070312,115874.0,1667.22,0.0,False
2023-08-22,4387.5498046875,3522760000.0,34288.828125,279200000.0,80.3499984741211,287489.0,1633.86,0.0,False
2023-08-23,4436.009765625,3837270000.0,34472.98046875,360610000.0,78.88999938964844,378146.0,1679.27,0.0,False
2023-08-24,4376.31005859375,3723470000.0,34099.421875,342520000.0,79.05000305175781,349230.0,1660.54,0.0,False
2023-08-25,4405.7099609375,3296180000.0,34346.8984375,257440000.0,79.83000183105469,411409.0,1652.91,0.0,False
2023-08-26,4405.7099609375,3296180000.0,34346.8984375,257440000.0,79.83000183105469,411409.0,1646.29,0.0,False
2023-08-27,4405.7099609375,3296180000.0,34346.8984375,257440000.0,79.83000183105469,411409.0,1657.67,0.0,False
2023-08-28,4433.31005859375,2957230000.0,34559.98046875,224640000.0,80.0999984741211,246584.0,1652.18,0.0,False
2023-08-29,4497.6298828125,3354820000.0,34852.671875,262550000.0,81.16000366210938,284168.0,1729.37,0.0,False
2023-08-30,4514.8701171875,3064110000.0,34890.23828125,236070000.0,81.62999725341797,299418.0,1705.3,0.0,False
2023-08-31,4507.66015625,3946360000.0,34721.91015625,341900000.0,83.62999725341797,368848.0,1645.66,0.0,False
2023-09-01,4515.77001953125,3246260000.0,34837.7109375,286370000.0,85.55000305175781,420461.0,1628.49,0.0,False
2023-09-02,4515.77001953125,3246260000.0,34837.7109375,286370000.0,85.55000305175781,420461.0,1636.94,0.0,False
2023-09-03,4515.77001953125,3246260000.0,34837.7109375,286370000.0,85.55000305175781,420461.0,1635.76,0.0,False
2023-09-04,4515.77001953125,3246260000.0,34837.7109375,286370000.0,85.55000305175781,420461.0,1629.54,0.0,False
2023-09-05,4496.830078125,3526250000.0,34641.96875,283540000.0,86.69000244140625,452908.0,1633.77,0.0,False
2023-09-06,4465.47998046875,3418850000.0,34443.19140625,308900000.0,87.54000091552734,307115.0,1632.19,0.0,False
2023-09-07,4451.14013671875,3763760000.0,34500.73046875,386980000.0,86.87000274658203,270736.0,1647.63,0.0,False
2023-09-08,4457.490234375,3259290000.0,34576.58984375,293990000.0,87.51000213623047,294437.0,1636.05,0.0,False
2023-09-09,4457.490234375,3259290000.0,34576.58984375,293990000.0,87.51000213623047,294437.0,1635.28,0.0,False
2023-09-10,4457.490234375,3259290000.0,34576.58984375,293990000.0,87.51000213623047,294437.0,1616.76,0.0,False
2023-09-11,4487.4599609375,3369920000.0,34663.71875,291720000.0,87.29000091552734,292388.0,1551.52,0.0,False
2023-09-12,4461.89990234375,3435740000.0,34645.98828125,318670000.0,88.83999633789062,341137.0,1593.14,0.0,False
2023-09-13,4467.43994140625,3529430000.0,34575.53125,295480000.0,88.5199966430664,345972.0,1608.05,0.0,False
2023-09-14,4505.10009765625,3648720000.0,34907.109375,305180000.0,90.16000366210938,325270.0,1626.92,0.0,False
2023-09-15,4450.31982421875,6932230000.0,34618.23828125,582160000.0,90.7699966430664,315003.0,1641.41,0.0,False
2023-09-16,4450.31982421875,6932230000.0,34618.23828125,582160000.0,90.7699966430664,315003.0,1635.03,0.0,False
2023-09-17,4450.31982421875,6932230000.0,34618.23828125,582160000.0,90.7699966430664,315003.0,1623.11,0.0,False
2023-09-18,4453.52978515625,3161230000.0,34624.30078125,252700000.0,91.4800033569336,119258.0,1637.29,0.0,False
2023-09-19,4443.9501953125,3614880000.0,34517.73046875,282830000.0,91.19999694824219,94597.0,1643.47,0.0,False
2023-09-20,4402.2001953125,3308450000.0,34440.87890625,291650000.0,90.27999877929688,457854.0,1622.46,0.0,False
2023-09-21,4330.0,3662340000.0,34070.421875,331930000.0,89.62999725341797,351032.0,1584.0,0.0,False
2023-09-22,4320.06005859375,3349570000.0,33963.83984375,268760000.0,90.02999877929688,402087.0,1593.1,0.0,False
2023-09-23,4320.06005859375,3349570000.0,33963.83984375,268760000.0,90.02999877929688,402087.0,1593.79,0.0,False
2023-09-24,4320.06005859375,3349570000.0,33963.83984375,268760000.0,90.02999877929688,402087.0,1580.85,0.0,False
2023-09-25,4337.43994140625,3195650000.0,34006.87890625,229450000.0,89.68000030517578,328369.0,1588.06,0.0,False
2023-09-26,4273.52978515625,3472340000.0,33618.87890625,280100000.0,90.38999938964844,318016.0,1593.16,0.0,False
2023-09-27,4274.509765625,3875880000.0,33550.26953125,300330000.0,93.68000030517578,504630.0,1597.52,0.0,False
2023-09-28,4299.7001953125,3846230000.0,33666.33984375,275610000.0,91.70999908447266,406709.0,1652.96,0.0,False
2023-09-29,4288.0498046875,3865960000.0,33507.5,319830000.0,90.79000091552734,355782.0,1667.57,0.0,False
2023-09-30,4288.0498046875,3865960000.0,33507.5,319830000.0,90.79000091552734,355782.0,1670.98,0.0,False
2023-10-01,4288.0498046875,3865960000.0,33507.5,319830000.0,90.79000091552734,355782.0,1733.02,0.0,False
2023-10-02,4288.39013671875,3938660000.0,33433.3515625,275630000.0,88.81999969482422,334493.0,1662.89,0.0,False
2023-10-03,4229.4501953125,3953830000.0,33002.37890625,293450000.0,89.2300033569336,350659.0,1657.0,0.0,False
2023-10-04,4263.75,3777600000.0,33129.55078125,287030000.0,84.22000122070312,459995.0,1647.09,0.0,False
2023-10-05,4258.18994140625,3581470000.0,33119.5703125,277250000.0,82.30999755859375,465997.0,1611.48,0.0,False
2023-10-06,4308.5,3902030000.0,33407.578125,332990000.0,82.79000091552734,461139.0,1645.93,0.0,False
2023-10-07,4308.5,3902030000.0,33407.578125,332990000.0,82.79000091552734,461139.0,1634.78,0.0,False
2023-10-08,4308.5,3902030000.0,33407.578125,332990000.0,82.79000091552734,461139.0,1633.77,0.0,False
2023-10-09,4335.66015625,3174630000.0,33604.6484375,228760000.0,86.37999725341797,435037.0,1580.07,0.0,False
2023-10-10,4358.240234375,3520240000.0,33739.30078125,255640000.0,85.97000122070312,337654.0,1567.54,0.0,False
2023-10-11,4376.9501953125,3601660000.0,33804.87109375,256560000.0,83.48999786376953,425395.0,1566.54,0.0,False
2023-10-12,4349.60986328125,3713140000.0,33631.140625,289160000.0,82.91000366210938,373492.0,1539.41,0.0,False
2023-10-13,4327.77978515625,3566560000.0,33670.2890625,306340000.0,87.69000244140625,356863.0,1552.1,0.0,False
2023-10-14,4327.77978515625,3566560000.0,33670.2890625,306340000.0,87.69000244140625,356863.0,1554.96,0.0,False
2023-10-15,4327.77978515625,3566560000.0,33670.2890625,306340000.0,87.69000244140625,356863.0,1557.98,0.0,False
2023-10-16,4373.6298828125,3409960000.0,33984.5390625,270060000.0,86.66000366210938,235780.0,1600.19,0.0,False
2023-10-17,4373.2001953125,3794850000.0,33997.6484375,281010000.0,86.66000366210938,197124.0,1565.43,0.0,False
2023-10-18,4314.60009765625,3686030000.0,33665.078125,285410000.0,88.31999969482422,92797.0,1563.71,0.0,False
2023-10-19,4278.0,3969730000.0,33414.171875,304320000.0,89.37000274658203,72058.0,1567.61,0.0,False
2023-10-20,4224.16015625,4004030000.0,33127.28125,325530000.0,88.75,311917.0,1604.81,0.0,False
2023-10-21,4224.16015625,4004030000.0,33127.28125,325530000.0,88.75,311917.0,1629.51,0.0,False
2023-10-22,4224.16015625,4004030000.0,33127.28125,325530000.0,88.75,311917.0,1663.93,0.0,False
2023-10-23,4217.0400390625,3776100000.0,32936.41015625,342500000.0,85.48999786376953,315517.0,1766.25,0.0,False
2023-10-24,4247.68017578125,3821820000.0,33141.37890625,359230000.0,83.73999786376953,370591.0,1785.05,0.0,False
2023-10-25,4186.77001953125,3869370000.0,33035.9296875,355690000.0,85.38999938964844,429459.0,1787.7,0.0,False
2023-10-26,4137.22998046875,4277640000.0,32784.30078125,379880000.0,83.20999908447266,341792.0,1803.87,0.0,False
2023-10-27,4117.3701171875,4019500000.0,32417.58984375,376970000.0,85.54000091552734,333760.0,1779.97,0.0,False
2023-10-28,4117.3701171875,4019500000.0,32417.58984375,376970000.0,85.54000091552734,333760.0,1776.63,0.0,False
2023-10-29,4117.3701171875,4019500000.0,32417.58984375,376970000.0,85.54000091552734,333760.0,1795.8,0.0,False
2023-10-30,4166.81982421875,3911140000.0,32928.9609375,298640000.0,82.30999755859375,356928.0,1809.98,0.0,False
2023-10-31,4193.7998046875,4249470000.0,33052.87109375,306950000.0,81.0199966430664,346007.0,1815.51,0.0,False
2023-11-01,4237.85986328125,4224900000.0,33274.578125,307570000.0,80.44000244140625,321592.0,1847.52,0.0,False
2023-11-02,4317.77978515625,4669780000.0,33839.078125,304350000.0,82.45999908447266,307122.0,1801.18,0.0,False
2023-11-03,4358.33984375,4570960000.0,34061.3203125,311000000.0,80.51000213623047,457281.0,1833.43,0.0,False
2023-11-04,4358.33984375,4570960000.0,34061.3203125,311000000.0,80.51000213623047,457281.0,1857.29,0.0,False
2023-11-05,4358.33984375,4570960000.0,34061.3203125,311000000.0,80.51000213623047,457281.0,1893.83,0.0,False
2023-11-06,4365.97998046875,3656340000.0,34095.859375,265570000.0,80.81999969482422,271131.0,1901.72,0.0,False
2023-11-07,4378.3798828125,3791230000.0,34152.6015625,281790000.0,77.37000274658203,396289.0,1886.06,0.0,False
2023-11-08,4382.77978515625,3729510000.0,34112.26953125,280330000.0,75.33000183105469,429647.0,1889.08,0.0,False
2023-11-09,4347.35009765625,3900780000.0,33891.94140625,325400000.0,75.73999786376953,303430.0,2121.65660571,0.0,False
2023-11-10,4415.240234375,3665080000.0,34283.1015625,302460000.0,77.16999816894531,266998.0,2077.90199435,0.0,False
2023-11-11,4415.240234375,3665080000.0,34283.1015625,302460000.0,77.16999816894531,266998.0,2054.1760533,0.0,False
2023-11-12,4415.240234375,3665080000.0,34283.1015625,302460000.0,77.16999816894531,266998.0,2045.14796233,0.0,False
2023-11-13,4411.5498046875,3326240000.0,34337.87109375,245090000.0,78.26000213623047,262903.0,2054.16,0.0,False
2023-11-14,4495.7001953125,4700350000.0,34827.69921875,328050000.0,78.26000213623047,263002.0,1979.52,0.0,False
2023-11-15,4502.8798828125,4347170000.0,34991.2109375,347790000.0,76.66000366210938,282301.0,2060.1,0.0,False
2023-11-16,4508.240234375,3964520000.0,34945.46875,435540000.0,72.9000015258789,125165.0,1962.82,0.0,False
2023-11-17,4514.02001953125,3777240000.0,34947.28125,334820000.0,75.88999938964844,101484.0,1960.97,0.0,False
2023-11-18,4514.02001953125,3777240000.0,34947.28125,334820000.0,75.88999938964844,101484.0,1963.31,0.0,False
2023-11-19,4514.02001953125,3777240000.0,34947.28125,334820000.0,75.88999938964844,101484.0,2012.45,0.0,False
2023-11-20,4547.3798828125,3644790000.0,35151.0390625,331050000.0,77.5999984741211,270638.0,2022.48,0.0,False
2023-11-21,4538.18994140625,3511080000.0,35088.2890625,271120000.0,77.7699966430664,238629.0,1934.67,0.0,False
2023-11-22,4556.6201171875,3042810000.0,35273.03125,237290000.0,77.0999984741211,389325.0,2063.94,0.0,False
2023-11-23,4556.6201171875,3042810000.0,35273.03125,237290000.0,77.0999984741211,389325.0,2062.79,0.0,False
2023-11-24,4559.33984375,1639500000.0,35390.1484375,117040000.0,75.54000091552734,281147.0,2081.07,0.0,False
2023-11-25,4559.33984375,1639500000.0,35390.1484375,117040000.0,75.54000091552734,281147.0,2084.68,0.0,False
2023-11-26,4559.33984375,1639500000.0,35390.1484375,117040000.0,75.54000091552734,281147.0,2063.45,0.0,False
2023-11-27,4550.43017578125,3403990000.0,35333.46875,258340000.0,74.86000061035156,289562.0,2028.17,0.0,False
2023-11-28,4554.89013671875,3586240000.0,35416.98046875,256210000.0,76.41000366210938,286618.0,2048.17,0.0,False
2023-11-29,4550.580078125,4418760000.0,35430.421875,299330000.0,77.86000061035156,322170.0,2029.71,0.0,False
2023-11-30,4567.7998046875,5399300000.0,35950.890625,435540000.0,75.95999908447266,559169.0,2052.38,0.0,False
2023-12-01,4594.6298828125,4397120000.0,36245.5,321840000.0,74.06999969482422,358976.0,2087.64,0.0,False
2023-12-02,4594.6298828125,4397120000.0,36245.5,321840000.0,74.06999969482422,358976.0,2165.91,0.0,False
2023-12-03,4594.6298828125,4397120000.0,36245.5,321840000.0,74.06999969482422,358976.0,2193.88,0.0,False
2023-12-04,4569.77978515625,4369910000.0,36204.44140625,329450000.0,73.04000091552734,388832.0,2244.16,0.0,False
2023-12-05,4567.18017578125,3909950000.0,36124.55859375,309250000.0,72.31999969482422,358703.0,2293.38,0.0,False
2023-12-06,4549.33984375,4245680000.0,36054.4296875,283240000.0,69.37999725341797,436803.0,2233.19,0.0,False
2023-12-07,4585.58984375,3818880000.0,36117.37890625,287280000.0,69.33999633789062,339000.0,2355.77,0.0,False
2023-12-08,4604.3701171875,3707010000.0,36247.87109375,295180000.0,71.2300033569336,302250.0,2359.07,0.0,False
2023-12-09,4604.3701171875,3707010000.0,36247.87109375,295180000.0,71.2300033569336,302250.0,2341.16,0.0,False
2023-12-10,4604.3701171875,3707010000.0,36247.87109375,295180000.0,71.2300033569336,302250.0,2352.92,0.0,False
2023-12-11,4622.43994140625,3823210000.0,36404.9296875,342490000.0,71.31999969482422,274414.0,2225.11,0.0,False
2023-12-12,4643.7001953125,3808380000.0,36577.94140625,292770000.0,68.61000061035156,324530.0,2202.46,0.0,False
2023-12-13,4707.08984375,5063650000.0,37090.23828125,354790000.0,69.47000122070312,306996.0,2259.06,0.0,False
2023-12-14,4719.5498046875,6314040000.0,37248.3515625,455820000.0,71.58000183105469,275688.0,2315.73,0.0,False
2023-12-15,4719.18994140625,8218980000.0,37305.16015625,788160000.0,71.43000030517578,95513.0,2220.91,0.0,False
2023-12-16,4719.18994140625,8218980000.0,37305.16015625,788160000.0,71.43000030517578,95513.0,2228.77,0.0,False
2023-12-17,4719.18994140625,8218980000.0,37305.16015625,788160000.0,71.43000030517578,95513.0,2194.83,0.0,False
2023-12-18,4740.56005859375,4060340000.0,37306.01953125,292120000.0,72.47000122070312,73941.0,2217.32,0.0,False
2023-12-19,4768.3701171875,4026970000.0,37557.921875,272740000.0,73.44000244140625,230042.0,2177.5,0.0,False
2023-12-20,4698.35009765625,4201320000.0,37082.0,303450000.0,74.22000122070312,273364.0,2201.56,0.0,False
2023-12-21,4746.75,3431180000.0,37404.3515625,253120000.0,73.88999938964844,251982.0,2239.57,0.0,False
2023-12-22,4754.6298828125,3046770000.0,37385.96875,252970000.0,73.55999755859375,222600.0,2324.88,0.0,False
2023-12-23,4754.6298828125,3046770000.0,37385.96875,252970000.0,73.55999755859375,222600.0,2310.33,0.0,False
2023-12-24,4754.6298828125,3046770000.0,37385.96875,252970000.0,73.55999755859375,222600.0,2264.93,0.0,False
2023-12-25,4754.6298828125,3046770000.0,37385.96875,252970000.0,73.55999755859375,222600.0,2272.69,0.0,False
2023-12-26,4774.75,2513910000.0,37545.328125,212420000.0,75.56999969482422,208715.0,2231.33,0.0,False
2023-12-27,4781.580078125,2748450000.0,37656.51953125,245530000.0,74.11000061035156,253323.0,2378.35,0.0,False
2023-12-28,4783.35009765625,2698860000.0,37710.1015625,199550000.0,71.7699966430664,262748.0,2345.82,0.0,False
2023-12-29,4769.830078125,3126060000.0,37689.5390625,234570000.0,71.6500015258789,214486.0,2300.07,0.0,False
2023-12-30,4769.830078125,3126060000.0,37689.5390625,234570000.0,71.6500015258789,214486.0,2291.86,0.0,False
2023-12-31,4769.830078125,3126060000.0,37689.5390625,234570000.0,71.6500015258789,214486.0,2282.11,0.0,False
2024-01-01,4769.830078125,3126060000.0,37689.5390625,234570000.0,71.6500015258789,214486.0,2351.4,0.0,False
2024-01-02,4742.830078125,3743050000.0,37715.0390625,350280000.0,70.37999725341797,330992.0,2356.24,0.0,False
2024-01-03,4704.81005859375,3950760000.0,37430.19140625,322010000.0,72.69999694824219,334861.0,2210.44,0.0,False
2024-01-04,4688.68017578125,3715480000.0,37440.33984375,380220000.0,72.19000244140625,344467.0,2268.17,0.0,False
2024-01-05,4697.240234375,3844370000.0,37466.109375,299480000.0,73.80999755859375,325525.0,2270.51,0.0,False
2024-01-06,4697.240234375,3844370000.0,37466.109375,299480000.0,73.80999755859375,325525.0,2242.53,0.0,False
2024-01-07,4697.240234375,3844370000.0,37466.109375,299480000.0,73.80999755859375,325525.0,2222.67,0.0,False
2024-01-08,4763.5400390625,3742320000.0,37683.01171875,362200000.0,70.7699966430664,392249.0,2332.1,0.0,False
2024-01-09,4756.5,3529960000.0,37525.16015625,289860000.0,72.23999786376953,363445.0,2346.18,0.0,False
2024-01-10,4783.4501953125,3498680000.0,37695.73046875,279540000.0,71.37000274658203,352772.0,2584.15,0.0,False
2024-01-11,4780.240234375,3759890000.0,37711.01953125,299540000.0,72.0199966430664,373645.0,2618.82,0.0,False
2024-01-12,4783.830078125,3486340000.0,37592.98046875,279250000.0,72.68000030517578,403636.0,2522.57,0.0,False
2024-01-13,4783.830078125,3486340000.0,37592.98046875,279250000.0,72.68000030517578,403636.0,2577.31,0.0,False
2024-01-14,4783.830078125,3486340000.0,37592.98046875,279250000.0,72.68000030517578,403636.0,2472.72,0.0,False
2024-01-15,4783.830078125,3486340000.0,37592.98046875,279250000.0,72.68000030517578,403636.0,2510.04,0.0,False
2024-01-16,4765.97998046875,4260550000.0,37361.12109375,378280000.0,72.4000015258789,430437.0,2585.86,0.0,False
2024-01-17,4739.2099609375,3928600000.0,37266.671875,290880000.0,72.55999755859375,315679.0,2529.37,0.0,False
2024-01-18,4780.93994140625,4019000000.0,37468.609375,340620000.0,74.08000183105469,86646.0,2468.33,0.0,False
2024-01-19,4839.81005859375,4287200000.0,37863.80078125,377650000.0,73.41000366210938,78234.0,2489.61,0.0,False
2024-01-20,4839.81005859375,4287200000.0,37863.80078125,377650000.0,73.41000366210938,78234.0,2469.91,0.0,False
2024-01-21,4839.81005859375,4287200000.0,37863.80078125,377650000.0,73.41000366210938,78234.0,2455.29,0.0,False
2024-01-22,4850.43017578125,4297610000.0,38001.80859375,339560000.0,75.19000244140625,372284.0,2312.64,0.0,False
2024-01-23,4864.60009765625,3912800000.0,37905.44921875,334110000.0,74.37000274658203,306060.0,2240.17,0.0,False
2024-01-24,4868.5498046875,4330030000.0,37806.390625,336090000.0,75.08999633789062,323726.0,2233.14,0.0,False
2024-01-25,4894.16015625,4020430000.0,38049.12890625,402970000.0,77.36000061035156,320177.0,2217.81,0.0,False
2024-01-26,4890.97021484375,3353400000.0,38109.4296875,387000000.0,78.01000213623047,365456.0,2266.42,0.0,False
2024-01-27,4890.97021484375,3353400000.0,38109.4296875,387000000.0,78.01000213623047,365456.0,2267.49,0.0,False
2024-01-28,4890.97021484375,3353400000.0,38109.4296875,387000000.0,78.01000213623047,365456.0,2256.88,0.0,False
2024-01-29,4927.93017578125,3525160000.0,38333.44921875,312480000.0,76.77999877929688,331925.0,2317.48,0.0,False
2024-01-30,4924.97021484375,3836130000.0,38467.30859375,326640000.0,77.81999969482422,347242.0,2343.04,0.0,False
2024-01-31,4845.64990234375,4696120000.0,38150.30078125,453250000.0,75.8499984741211,344493.0,2283.12,0.0,False
2024-02-01,4906.18994140625,4386090000.0,38519.83984375,321830000.0,73.81999969482422,577936.0,2302.52,0.0,False
2024-02-02,4958.60986328125,3974350000.0,38654.421875,379760000.0,72.27999877929688,467768.0,2308.34,0.0,False
2024-02-03,4958.60986328125,3974350000.0,38654.421875,379760000.0,72.27999877929688,467768.0,2295.54,0.0,False
2024-02-04,4958.60986328125,3974350000.0,38654.421875,379760000.0,72.27999877929688,467768.0,2288.99,0.0,False
2024-02-05,4942.81005859375,4023640000.0,38380.12109375,322290000.0,72.77999877929688,350843.0,2300.8,0.0,False
2024-02-06,4954.22998046875,4440880000.0,38521.359375,276140000.0,73.30999755859375,310955.0,2369.66,0.0,False
2024-02-07,4995.06005859375,4895590000.0,38677.359375,302210000.0,73.86000061035156,294955.0,2424.36,0.0,False
2024-02-08,4997.91015625,4341860000.0,38726.328125,315510000.0,76.22000122070312,377906.0,2419.05,0.0,False
2024-02-09,5026.60986328125,3912990000.0,38671.69140625,299970000.0,76.83999633789062,302612.0,2487.0,0.0,False
2024-02-10,5026.60986328125,3912990000.0,38671.69140625,299970000.0,76.83999633789062,302612.0,2501.44,0.0,False
2024-02-11,5026.60986328125,3912990000.0,38671.69140625,299970000.0,76.83999633789062,302612.0,2507.88,0.0,False
2024-02-12,5021.83984375,3805740000.0,38797.37890625,273020000.0,76.91999816894531,248476.0,2660.01,0.0,False
2024-02-13,4953.169921875,4302190000.0,38272.75,318390000.0,77.87000274658203,338174.0,2640.9,0.0,False
2024-02-14,5000.6201171875,3845600000.0,38424.26953125,274610000.0,76.63999938964844,296131.0,2776.24,0.0,False
2024-02-15,5029.72998046875,4137970000.0,38773.12109375,303840000.0,78.02999877929688,122432.0,2825.28,0.0,False
2024-02-16,5005.56982421875,3833270000.0,38627.98828125,282210000.0,79.19000244140625,113713.0,2804.71,0.0,False
2024-02-17,5005.56982421875,3833270000.0,38627.98828125,282210000.0,79.19000244140625,113713.0,2787.77,0.0,False
2024-02-18,5005.56982421875,3833270000.0,38627.98828125,282210000.0,79.19000244140625,113713.0,2881.92,0.0,False
2024-02-19,5005.56982421875,3833270000.0,38627.98828125,282210000.0,79.19000244140625,113713.0,2945.32,0.0,False
2024-02-20,4975.509765625,4034880000.0,38563.80078125,335990000.0,78.18000030517578,435235.0,3015.43,0.0,False
2024-02-21,4981.7998046875,3788390000.0,38612.23828125,279510000.0,77.91000366210938,323243.0,2968.48,0.0,False
2024-02-22,5087.02978515625,4051710000.0,39069.109375,324630000.0,78.61000061035156,330511.0,2971.53,0.0,False
2024-02-23,5088.7998046875,3672790000.0,39131.53125,286910000.0,76.48999786376953,353437.0,2920.29,0.0,False
2024-02-24,5088.7998046875,3672790000.0,39131.53125,286910000.0,76.48999786376953,353437.0,2992.17,0.0,False
2024-02-25,5088.7998046875,3672790000.0,39131.53125,286910000.0,76.48999786376953,353437.0,3112.68,0.0,False
2024-02-26,5069.52978515625,3683930000.0,39069.23046875,296930000.0,77.58000183105469,274710.0,3175.9,0.0,False
2024-02-27,5078.18017578125,3925950000.0,38972.41015625,272860000.0,78.87000274658203,269236.0,3244.71,0.0,False
2024-02-28,5069.759765625,3789370000.0,38949.01953125,272560000.0,78.54000091552734,330043.0,3384.75,0.0,False
2024-02-29,5096.27001953125,5219740000.0,38996.390625,519690000.0,78.26000213623047,317939.0,3343.9,0.0,False
2024-03-01,5137.080078125,4748110000.0,39087.37890625,331030000.0,79.97000122070312,363417.0,3435.24,0.0,False
2024-03-02,5137.080078125,4748110000.0,39087.37890625,331030000.0,79.97000122070312,363417.0,3423.87,0.0,False
2024-03-03,5137.080078125,4748110000.0,39087.37890625,331030000.0,79.97000122070312,363417.0,3490.13,0.0,False
2024-03-04,5130.9501953125,4758440000.0,38989.828125,386290000.0,78.73999786376953,347214.0,3628.64,0.0,False
2024-03-05,5078.64990234375,4418410000.0,38585.19140625,393750000.0,78.1500015258789,436521.0,3558.05,0.0,False
2024-03-06,5104.759765625,4559050000.0,38661.05078125,347900000.0,79.12999725341797,371049.0,3823.57,0.0,False
2024-03-07,5157.35986328125,4137980000.0,38791.3515625,335580000.0,78.93000030517578,432923.0,3870.77,0.0,False
2024-03-08,5123.68994140625,4208870000.0,38722.69140625,342030000.0,78.01000213623047,347533.0,3889.11,0.0,False
2024-03-09,5123.68994140625,4208870000.0,38722.69140625,342030000.0,78.01000213623047,347533.0,3913.49,0.0,False
2024-03-10,5123.68994140625,4208870000.0,38722.69140625,342030000.0,78.01000213623047,347533.0,3886.44,0.0,False
2024-03-11,5117.93994140625,3896430000.0,38769.66015625,300190000.0,77.93000030517578,329873.0,4068.69,0.0,False
2024-03-12,5175.27001953125,4080510000.0,39005.48828125,329090000.0,77.55999755859375,309922.0,3980.54,0.0,False
2024-03-13,5165.31005859375,4282890000.0,39043.3203125,330930000.0,79.72000122070312,316390.0,4005.52,0.0,False
2024-03-14,5150.47998046875,4687970000.0,38905.66015625,375810000.0,81.26000213623047,297450.0,3884.08,0.0,False
2024-03-15,5117.08984375,7753670000.0,38714.76953125,774360000.0,81.04000091552734,185078.0,3740.69,0.0,False
2024-03-16,5117.08984375,7753670000.0,38714.76953125,774360000.0,81.04000091552734,185078.0,3523.43,0.0,False
2024-03-17,5117.08984375,7753670000.0,38714.76953125,774360000.0,81.04000091552734,185078.0,3641.83,0.0,False
2024-03-18,5149.419921875,4036220000.0,38790.4296875,327950000.0,82.72000122070312,84718.0,3517.74,0.0,False
2024-03-19,5178.509765625,4031760000.0,39110.76171875,310610000.0,83.47000122070312,76814.0,3158.45,0.0,False
2024-03-20,5224.6201171875,4064850000.0,39512.12890625,350050000.0,81.68000030517578,351161.0,3514.1,0.0,False
2024-03-21,5241.52978515625,4207730000.0,39781.37109375,408990000.0,81.06999969482422,266860.0,3493.18,0.0,False
2024-03-22,5234.18017578125,3374700000.0,39475.8984375,332340000.0,80.62999725341797,231101.0,3335.43,0.0,False
2024-03-23,5234.18017578125,3374700000.0,39475.8984375,332340000.0,80.62999725341797,231101.0,3330.79,0.0,False
2024-03-24,5234.18017578125,3374700000.0,39475.8984375,332340000.0,80.62999725341797,231101.0,3454.62,0.0,False
2024-03-25,5218.18994140625,3331360000.0,39313.640625,323670000.0,81.94999694824219,300360.0,3590.27,0.0,False
2024-03-26,5203.580078125,3871790000.0,39282.328125,306940000.0,81.62000274658203,235845.0,3587.95,0.0,False
2024-03-27,5248.490234375,3850500000.0,39760.078125,332190000.0,81.3499984741211,249964.0,3501.11,0.0,False
2024-03-28,5254.35009765625,3998270000.0,39807.37109375,360970000.0,83.16999816894531,293774.0,3558.7,0.0,False
2024-03-29,5254.35009765625,3998270000.0,39807.37109375,360970000.0,83.16999816894531,293774.0,3509.92,0.0,False
2024-03-30,5254.35009765625,3998270000.0,39807.37109375,360970000.0,83.16999816894531,293774.0,3507.45,0.0,False
2024-03-31,5254.35009765625,3998270000.0,39807.37109375,360970000.0,83.16999816894531,293774.0,3646.82,0.0,False
2024-04-01,5243.77001953125,3325930000.0,39566.8515625,269470000.0,83.70999908447266,321059.0,3504.18,0.0,False
2024-04-02,5205.81005859375,3886590000.0,39170.23828125,319590000.0,85.1500015258789,344040.0,3279.81,0.0,False
2024-04-03,5211.490234375,3703250000.0,39127.140625,364180000.0,85.43000030517578,322549.0,3311.77,0.0,False
2024-04-04,5147.2099609375,4075680000.0,38596.98046875,356510000.0,86.58999633789062,359534.0,3328.64,0.0,False
2024-04-05,5204.33984375,3386780000.0,38904.0390625,317110000.0,86.91000366210938,353206.0,3319.08,0.0,False
2024-04-06,5204.33984375,3386780000.0,38904.0390625,317110000.0,86.91000366210938,353206.0,3352.62,0.0,False
2024-04-07,5204.33984375,3386780000.0,38904.0390625,317110000.0,86.91000366210938,353206.0,3454.9,0.0,False
2024-04-08,5202.39013671875,3278180000.0,38892.80078125,291460000.0,86.43000030517578,393734.0,3694.52,0.0,False
2024-04-09,5209.91015625,3400680000.0,38883.671875,328700000.0,85.2300033569336,314994.0,3506.02,0.0,False
2024-04-10,5160.64013671875,3845930000.0,38461.51171875,317580000.0,86.20999908447266,373939.0,3544.01,0.0,False
2024-04-11,5199.06005859375,3509380000.0,38459.078125,356640000.0,85.0199966430664,388128.0,3502.4,0.0,False
2024-04-12,5123.41015625,3963220000.0,37983.23828125,440910000.0,85.66000366210938,369958.0,3238.0,0.0,False
2024-04-13,5123.41015625,3963220000.0,37983.23828125,440910000.0,85.66000366210938,369958.0,3008.2,0.0,False
2024-04-14,5123.41015625,3963220000.0,37983.23828125,440910000.0,85.66000366210938,369958.0,3158.92,0.0,False
2024-04-15,5061.81982421875,3950210000.0,37735.109375,389170000.0,85.41000366210938,343894.0,3105.06,0.0,False
2024-04-16,5051.41015625,4006200000.0,37798.96875,339480000.0,85.36000061035156,241343.0,3084.87,0.0,False
2024-04-17,5022.2099609375,3596130000.0,37753.30859375,314650000.0,82.69000244140625,259540.0,2986.48,0.0,False
2024-04-18,5011.1201171875,3619760000.0,37775.37890625,300230000.0,82.7300033569336,84468.0,3064.27,0.0,False
2024-04-19,4967.22998046875,3878750000.0,37986.3984375,420460000.0,83.13999938964844,76901.0,3057.69,0.0,False
2024-04-20,4967.22998046875,3878750000.0,37986.3984375,420460000.0,83.13999938964844,76901.0,3156.98,0.0,False
2024-04-21,4967.22998046875,3878750000.0,37986.3984375,420460000.0,83.13999938964844,76901.0,3148.7,0.0,False
2024-04-22,5010.60009765625,3820250000.0,38239.98046875,351650000.0,82.8499984741211,313914.0,3200.71,0.0,False
2024-04-23,5070.5498046875,3751400000.0,38503.69140625,329420000.0,83.36000061035156,355814.0,3220.65,0.0,False
2024-04-24,5071.6298828125,3656740000.0,38460.921875,337230000.0,82.80999755859375,329077.0,3140.82,0.0,False
2024-04-25,5048.419921875,3958050000.0,38085.80078125,408170000.0,83.56999969482422,314116.0,3154.24,0.0,False
2024-04-26,5099.9599609375,3604140000.0,38239.66015625,398680000.0,83.8499984741211,244090.0,3130.6,0.0,False
2024-04-27,5099.9599609375,3604140000.0,38239.66015625,398680000.0,83.8499984741211,244090.0,3254.15,0.0,False
2024-04-28,5099.9599609375,3604140000.0,38239.66015625,398680000.0,83.8499984741211,244090.0,3261.06,0.0,False
2024-04-29,5116.169921875,3447450000.0,38386.08984375,343630000.0,82.62999725341797,336984.0,3215.6,0.0,False
2024-04-30,5035.68994140625,4082470000.0,37815.921875,448480000.0,81.93000030517578,400680.0,3013.25,0.0,False
2024-05-01,5018.39013671875,4544170000.0,37903.2890625,413540000.0,79.0,441978.0,2969.74,0.0,False
2024-05-02,5064.2001953125,4381660000.0,38225.66015625,355910000.0,78.94999694824219,359652.0,2981.9,0.0,False
2024-05-03,5127.7900390625,3924990000.0,38675.6796875,410530000.0,78.11000061035156,324438.0,3102.55,0.0,False
2024-05-04,5127.7900390625,3924990000.0,38675.6796875,410530000.0,78.11000061035156,324438.0,3118.34,0.0,False
2024-05-05,5127.7900390625,3924990000.0,38675.6796875,410530000.0,78.11000061035156,324438.0,3136.78,0.0,False
2024-05-06,5180.740234375,3683250000.0,38852.26953125,315550000.0,78.4800033569336,297369.0,3062.69,0.0,False
2024-05-07,5187.7001953125,3987890000.0,38884.26171875,360930000.0,78.37999725341797,327593.0,3005.71,0.0,False
2024-05-08,5187.669921875,3842100000.0,39056.390625,292340000.0,78.98999786376953,355449.0,2974.33,0.0,False
2024-05-09,5214.080078125,3727370000.0,39387.76171875,303270000.0,79.26000213623047,272712.0,3034.93,0.0,False
2024-05-10,5222.68017578125,3617900000.0,39512.83984375,289480000.0,78.26000213623047,281169.0,2909.44,0.0,False
2024-05-11,5222.68017578125,3617900000.0,39512.83984375,289480000.0,78.26000213623047,281169.0,2911.86,0.0,False
2024-05-12,5222.68017578125,3617900000.0,39512.83984375,289480000.0,78.26000213623047,281169.0,2928.57,0.0,False
2024-05-13,5221.419921875,4255710000.0,39431.51171875,323370000.0,79.12000274658203,287701.0,2949.64,0.0,False
2024-05-14,5246.68017578125,4763580000.0,39558.109375,320860000.0,78.0199966430664,307410.0,2881.42,0.0,False
2024-05-15,5308.14990234375,4360810000.0,39908.0,411190000.0,78.62999725341797,321267.0,3031.08,0.0,False
2024-05-16,5297.10009765625,3817470000.0,39869.37890625,400560000.0,79.2300033569336,230277.0,2945.68,0.0,False
2024-05-17,5303.27001953125,3578120000.0,40003.58984375,300260000.0,80.05999755859375,94152.0,3092.39,0.0,False
2024-05-18,5303.27001953125,3578120000.0,40003.58984375,300260000.0,80.05999755859375,94152.0,3123.93,0.0,False
2024-05-19,5303.27001953125,3578120000.0,40003.58984375,300260000.0,80.05999755859375,94152.0,3071.77,0.0,False
2024-05-20,5308.1298828125,3420100000.0,39806.76953125,272420000.0,79.80000305175781,85072.0,3660.99,0.0,False
2024-05-21,5321.41015625,3662240000.0,39872.98828125,314120000.0,79.26000213623047,371672.0,3789.89,0.0,False
2024-05-22,5307.009765625,3847130000.0,39671.0390625,258430000.0,77.56999969482422,314145.0,3737.37,0.0,False
2024-05-23,5267.83984375,3869520000.0,39065.26171875,335640000.0,76.87000274658203,330273.0,3781.95,0.0,False
2024-05-24,5304.72021484375,3005510000.0,39069.58984375,249810000.0,77.72000122070312,299075.0,3726.12,0.0,False
2024-05-25,5304.72021484375,3005510000.0,39069.58984375,249810000.0,77.72000122070312,299075.0,3748.45,0.0,False
2024-05-26,5304.72021484375,3005510000.0,39069.58984375,249810000.0,77.72000122070312,299075.0,3825.76,0.0,False
2024-05-27,5304.72021484375,3005510000.0,39069.58984375,249810000.0,77.72000122070312,299075.0,3892.2,0.0,False
2024-05-28,5306.0400390625,3751540000.0,38852.859375,303340000.0,79.83000183105469,334074.0,3841.55,0.0,False
2024-05-29,5266.9501953125,3552750000.0,38441.5390625,292280000.0,79.2300033569336,259594.0,3763.73,0.0,False
2024-05-30,5235.47998046875,3818750000.0,38111.48046875,360090000.0,77.91000366210938,373779.0,3742.86,0.0,False
2024-05-31,5277.509765625,5437160000.0,38686.3203125,618200000.0,76.98999786376953,345120.0,3761.12,0.0,False
2024-06-01,5277.509765625,5437160000.0,38686.3203125,618200000.0,76.98999786376953,345120.0,3812.19,0.0,False
2024-06-02,5277.509765625,5437160000.0,38686.3203125,618200000.0,76.98999786376953,345120.0,3778.0,0.0,False
2024-06-03,5283.39990234375,4046920000.0,38571.03125,314010000.0,74.22000122070312,443271.0,3765.06,0.0,False
2024-06-04,5291.33984375,3707900000.0,38711.2890625,304450000.0,73.25,408721.0,3809.6,0.0,False
2024-06-05,5354.02978515625,3591460000.0,38807.328125,310970000.0,74.06999969482422,307701.0,3865.76,0.0,False
2024-06-06,5352.9599609375,3609990000.0,38886.171875,269000000.0,75.55000305175781,291082.0,3813.53,0.0,False
2024-06-07,5346.990234375,3692760000.0,38798.98828125,265850000.0,75.52999877929688,280253.0,3676.91,0.0,False
2024-06-08,5346.990234375,3692760000.0,38798.98828125,265850000.0,75.52999877929688,280253.0,3679.91,0.0,False
2024-06-09,5346.990234375,3692760000.0,38798.98828125,265850000.0,75.52999877929688,280253.0,3705.87,0.0,False
2024-06-10,5360.7900390625,3622280000.0,38868.0390625,330580000.0,77.73999786376953,317031.0,3667.35,0.0,False
2024-06-11,5375.31982421875,3568030000.0,38747.421875,383090000.0,77.9000015258789,314874.0,3495.66,0.0,False
2024-06-12,5421.02978515625,3962840000.0,38712.2109375,472280000.0,78.5,322285.0,3559.68,0.0,False
2024-06-13,5433.740234375,3530380000.0,38647.1015625,341330000.0,78.62000274658203,307638.0,3468.12,0.0,False
2024-06-14,5431.60009765625,3438650000.0,38589.16015625,272200000.0,78.44999694824219,245827.0,3480.1,0.0,False
2024-06-15,5431.60009765625,3438650000.0,38589.16015625,272200000.0,78.44999694824219,245827.0,3566.87,0.0,False
2024-06-16,5431.60009765625,3438650000.0,38589.16015625,272200000.0,78.44999694824219,245827.0,3622.15,0.0,False
2024-06-17,5473.22998046875,3447840000.0,38778.1015625,346190000.0,80.33000183105469,126733.0,3509.03,0.0,False
2024-06-18,5487.02978515625,3544330000.0,38834.859375,324260000.0,81.56999969482422,140709.0,3482.78,0.0,False
2024-06-19,5487.02978515625,3544330000.0,38834.859375,324260000.0,81.56999969482422,140709.0,3558.65,0.0,False
2024-06-20,5473.169921875,3847060000.0,39134.76171875,397010000.0,82.16999816894531,420499.0,3511.72,0.0,False
2024-06-21,5464.6201171875,6773800000.0,39150.328125,818670000.0,80.7300033569336,290500.0,3516.28,0.0,False
2024-06-22,5464.6201171875,6773800000.0,39150.328125,818670000.0,80.7300033569336,290500.0,3494.09,0.0,False
2024-06-23,5464.6201171875,6773800000.0,39150.328125,818670000.0,80.7300033569336,290500.0,3419.32,0.0,False
2024-06-24,5447.8701171875,3696750000.0,39411.2109375,373940000.0,81.62999725341797,271745.0,3350.2,0.0,False
2024-06-25,5469.2998046875,3591960000.0,39112.16015625,339010000.0,80.83000183105469,286038.0,3392.59,0.0,False
2024-06-26,5477.89990234375,3563920000.0,39127.80078125,333100000.0,80.9000015258789,308410.0,3369.82,0.0,False
2024-06-27,5482.8701171875,3589530000.0,39164.05859375,338010000.0,81.73999786376953,306342.0,3448.12,0.0,False
2024-06-28,5460.47998046875,7199220000.0,39118.859375,679630000.0,81.54000091552734,260252.0,3375.28,0.0,False
2024-06-29,5460.47998046875,7199220000.0,39118.859375,679630000.0,81.54000091552734,260252.0,3372.21,0.0,False
2024-06-30,5460.47998046875,7199220000.0,39118.859375,679630000.0,81.54000091552734,260252.0,3432.17,0.0,False
2024-07-01,5475.08984375,3488760000.0,39169.51953125,346210000.0,83.37999725341797,345780.0,3436.57,0.0,False
2024-07-02,5509.009765625,3329950000.0,39331.8515625,317380000.0,82.80999755859375,367787.0,3417.91,0.0,False
2024-07-03,5537.02001953125,2179470000.0,39308.0,202070000.0,83.87999725341797,289685.0,3290.45,0.0,False
2024-07-04,5537.02001953125,2179470000.0,39308.0,202070000.0,83.87999725341797,289685.0,3056.39,0.0,False
2024-07-05,5567.18994140625,3253080000.0,39375.87109375,325230000.0,83.16000366210938,361357.0,2980.78,0.0,False
2024-07-06,5567.18994140625,3253080000.0,39375.87109375,325230000.0,83.16000366210938,361357.0,3066.86,0.0,False
2024-07-07,5567.18994140625,3253080000.0,39375.87109375,325230000.0,83.16000366210938,361357.0,2931.3,0.0,False
2024-07-08,5572.85009765625,3185670000.0,39344.7890625,358320000.0,82.33000183105469,251774.0,3018.84,0.0,False
2024-07-09,5576.97998046875,3232920000.0,39291.96875,361410000.0,81.41000366210938,297325.0,3066.16,0.0,False
2024-07-10,5633.91015625,3336100000.0,39721.359375,334180000.0,82.0999984741211,334380.0,3100.99,0.0,False
2024-07-11,5584.5400390625,4020950000.0,39753.75,361530000.0,82.62000274658203,324170.0,3099.24,0.0,False
2024-07-12,5615.35009765625,3700280000.0,40000.8984375,325780000.0,82.20999908447266,370062.0,3133.84,0.0,False
2024-07-13,5615.35009765625,3700280000.0,40000.8984375,325780000.0,82.20999908447266,370062.0,3176.54,0.0,False
2024-07-14,5615.35009765625,3700280000.0,40000.8984375,325780000.0,82.20999908447266,370062.0,3245.73,0.0,False
2024-07-15,5631.22021484375,3620470000.0,40211.71875,308880000.0,81.91000366210938,296520.0,3484.44,0.0,False
2024-07-16,5667.2001953125,4041760000.0,40954.48046875,306390000.0,80.76000213623047,308186.0,3445.66,0.0,False
2024-07-17,5588.27001953125,4246450000.0,41198.078125,433450000.0,82.8499984741211,257437.0,3389.05,0.0,False
2024-07-18,5544.58984375,4007510000.0,40665.01953125,393450000.0,82.81999969482422,95704.0,3426.45,0.0,False
2024-07-19,5505.0,3760570000.0,40287.53125,348530000.0,80.12999725341797,83795.0,3503.0,0.0,False
2024-07-20,5505.0,3760570000.0,40287.53125,348530000.0,80.12999725341797,83795.0,3518.89,0.0,False
2024-07-21,5505.0,3760570000.0,40287.53125,348530000.0,80.12999725341797,83795.0,3536.62,0.0,False
2024-07-22,5564.41015625,3375180000.0,40415.44140625,351670000.0,79.77999877929688,345235.0,3439.83,0.0,False
2024-07-23,5555.740234375,3500210000.0,40358.08984375,287390000.0,76.95999908447266,417941.0,3483.61,0.0,False
2024-07-24,5427.1298828125,3945550000.0,39853.87109375,394210000.0,77.58999633789062,355971.0,3336.34,0.0,False
2024-07-25,5399.22021484375,4592120000.0,39935.0703125,375790000.0,78.27999877929688,457288.0,3174.81,0.0,False
2024-07-26,5459.10009765625,3638770000.0,40589.33984375,332070000.0,77.16000366210938,365121.0,3273.89,0.0,False
2024-07-27,5459.10009765625,3638770000.0,40589.33984375,332070000.0,77.16000366210938,365121.0,3249.4,0.0,False
2024-07-28,5459.10009765625,3638770000.0,40589.33984375,332070000.0,77.16000366210938,365121.0,3270.1,0.0,False
2024-07-29,5463.5400390625,3379970000.0,40539.9296875,272200000.0,75.80999755859375,362635.0,3317.58,0.0,False
2024-07-30,5436.43994140625,3777740000.0,40743.328125,350910000.0,74.7300033569336,419478.0,3278.72,0.0,False
2024-07-31,5522.2998046875,4546910000.0,40842.7890625,420090000.0,77.91000366210938,460315.0,3231.66,0.0,False
2024-08-01,5446.68017578125,4703620000.0,40347.96875,472030000.0,76.30999755859375,383014.0,3202.52,0.0,False
2024-08-02,5346.56005859375,5156450000.0,39737.26171875,827820000.0,73.5199966430664,467786.0,2986.86,0.0,False
2024-08-03,5346.56005859375,5156450000.0,39737.26171875,827820000.0,73.5199966430664,467786.0,2900.16,0.0,False
2024-08-04,5346.56005859375,5156450000.0,39737.26171875,827820000.0,73.5199966430664,467786.0,2687.32,0.0,False
2024-08-05,5186.330078125,5333250000.0,38703.26953125,661280000.0,72.94000244140625,500151.0,2418.11,0.0,False
2024-08-06,5240.02978515625,4690190000.0,38997.66015625,462650000.0,73.19999694824219,352250.0,2462.16,0.0,False
2024-08-07,5199.5,4558260000.0,38763.44921875,428250000.0,75.2300033569336,427995.0,2343.66,0.0,False
2024-08-08,5319.31005859375,4016830000.0,39446.48828125,376440000.0,76.19000244140625,327301.0,2683.35,0.0,False
2024-08-09,5344.16015625,3516400000.0,39497.5390625,316320000.0,76.83999633789062,263007.0,2599.34,0.0,False
2024-08-10,5344.16015625,3516400000.0,39497.5390625,316320000.0,76.83999633789062,263007.0,2610.92,0.0,False
2024-08-11,5344.16015625,3516400000.0,39497.5390625,316320000.0,76.83999633789062,263007.0,2555.72,0.0,False
2024-08-12,5344.39013671875,3360160000.0,39357.01171875,312380000.0,80.05999755859375,376747.0,2722.65,0.0,False
2024-08-13,5434.43017578125,3648980000.0,39765.640625,365560000.0,78.3499984741211,370763.0,2702.9,0.0,False
2024-08-14,5455.2099609375,3380050000.0,40008.390625,317800000.0,76.9800033569336,357636.0,2662.25,0.0,False
2024-08-15,5543.22021484375,3723310000.0,40563.05859375,446850000.0,78.16000366210938,195122.0,2570.37,0.0,False
2024-08-16,5554.25,3357690000.0,40659.76171875,323210000.0,76.6500015258789,100810.0,2593.17,0.0,False
2024-08-17,5554.25,3357690000.0,40659.76171875,323210000.0,76.6500015258789,100810.0,2615.14,0.0,False
2024-08-18,5554.25,3357690000.0,40659.76171875,323210000.0,76.6500015258789,100810.0,2612.42,0.0,False
2024-08-19,5608.25,3222050000.0,40896.53125,283890000.0,74.37000274658203,118172.0,2636.77,0.0,False
2024-08-20,5597.1201171875,2994420000.0,40834.96875,299380000.0,74.04000091552734,329276.0,2573.55,0.0,False
2024-08-21,5620.85009765625,3119670000.0,40890.48828125,281460000.0,71.93000030517578,390527.0,2630.84,0.0,False
2024-08-22,5570.64013671875,2981530000.0,40712.78125,310470000.0,73.01000213623047,334117.0,2623.37,0.0,False
2024-08-23,5634.60986328125,3291940000.0,41175.078125,300080000.0,74.83000183105469,313764.0,2762.41,0.0,False
2024-08-24,5634.60986328125,3291940000.0,41175.078125,300080000.0,74.83000183105469,313764.0,2770.64,0.0,False
2024-08-25,5634.60986328125,3291940000.0,41175.078125,300080000.0,74.83000183105469,313764.0,2746.97,0.0,False
2024-08-26,5616.83984375,2938570000.0,41240.51953125,249300000.0,77.41999816894531,409675.0,2681.51,0.0,False
2024-08-27,5625.7998046875,2798990000.0,41250.5,256160000.0,75.52999877929688,331162.0,2457.63,0.0,False
2024-08-28,5592.18017578125,3053450000.0,41091.421875,272170000.0,74.5199966430664,337361.0,2528.57,0.0,False
2024-08-29,5591.9599609375,3065640000.0,41335.05078125,309820000.0,75.91000366210938,408147.0,2528.13,0.0,False
2024-08-30,5648.39990234375,4185850000.0,41563.078125,494900000.0,73.55000305175781,427273.0,2526.07,0.0,False
2024-08-31,5648.39990234375,4185850000.0,41563.078125,494900000.0,73.55000305175781,427273.0,2512.74,0.0,False
2024-09-01,5648.39990234375,4185850000.0,41563.078125,494900000.0,73.55000305175781,427273.0,2425.65,0.0,False
2024-09-02,5648.39990234375,4185850000.0,41563.078125,494900000.0,73.55000305175781,427273.0,2537.85,0.0,False
2024-09-03,5528.93017578125,3866350000.0,40936.9296875,420530000.0,70.33999633789062,546617.0,2425.21,0.0,False
2024-09-04,5520.06982421875,3478140000.0,40974.96875,359380000.0,69.19999694824219,482025.0,2449.98,0.0,False
2024-09-05,5503.41015625,3521650000.0,40755.75,331250000.0,69.1500015258789,405596.0,2368.52,0.0,False
2024-09-06,5408.419921875,3822800000.0,40345.41015625,370440000.0,67.66999816894531,351074.0,2224.55,0.0,False
2024-09-07,5408.419921875,3822800000.0,40345.41015625,370440000.0,67.66999816894531,351074.0,2272.8,0.0,False
2024-09-08,5408.419921875,3822800000.0,40345.41015625,370440000.0,67.66999816894531,351074.0,2296.85,0.0,False
2024-09-09,5471.0498046875,3825940000.0,40829.58984375,376720000.0,68.70999908447266,351074.0,2359.29,0.0,False
2024-09-10,5495.52001953125,3848180000.0,40736.9609375,360950000.0,65.75,442855.0,2388.74,0.0,False
2024-09-11,5554.1298828125,3839450000.0,40861.7109375,356040000.0,67.30999755859375,393311.0,2340.39,0.0,False
2024-09-12,5595.759765625,3655070000.0,41096.76953125,289300000.0,68.97000122070312,351976.0,2361.98,0.0,False
2024-09-13,5626.02001953125,3500790000.0,41393.78125,276800000.0,68.6500015258789,308983.0,2439.07,0.0,False
2024-09-14,5626.02001953125,3500790000.0,41393.78125,276800000.0,68.6500015258789,308983.0,2419.16,0.0,False
2024-09-15,5626.02001953125,3500790000.0,41393.78125,276800000.0,68.6500015258789,308983.0,2316.58,0.0,False
2024-09-16,5633.08984375,3437070000.0,41622.078125,408670000.0,70.08999633789062,295176.0,2295.55,0.0,False
2024-09-17,5634.580078125,3443600000.0,41606.1796875,448610000.0,71.19000244140625,251629.0,2341.37,0.0,False
2024-09-18,5618.259765625,3691390000.0,41503.1015625,383600000.0,70.91000366210938,102907.0,2374.75,0.0,False
2024-09-19,5713.64013671875,4024530000.0,42025.19140625,429760000.0,71.94999694824219,86630.0,2465.2,0.0,False
2024-09-20,5702.5498046875,7867260000.0,42063.359375,1207660000.0,71.91999816894531,306997.0,2561.64,0.0,False
2024-09-21,5702.5498046875,7867260000.0,42063.359375,1207660000.0,71.91999816894531,306997.0,2612.77,0.0,False
2024-09-22,5702.5498046875,7867260000.0,42063.359375,1207660000.0,71.91999816894531,306997.0,2581.25,0.0,False
2024-09-23,5718.56982421875,3529550000.0,42124.6484375,455200000.0,70.37000274658203,338267.0,2647.03,0.0,False
2024-09-24,5732.93017578125,3872710000.0,42208.21875,401020000.0,71.55999755859375,318516.0,2652.94,0.0,False
2024-09-25,5722.259765625,3624910000.0,41914.75,374960000.0,69.69000244140625,476237.0,2580.11,0.0,False
2024-09-26,5745.3701171875,4391180000.0,42175.109375,353600000.0,67.66999816894531,478069.0,2631.42,0.0,False
2024-09-27,5738.169921875,3898530000.0,42313.0,329840000.0,68.18000030517578,341133.0,2694.78,0.0,False
2024-09-28,5738.169921875,3898530000.0,42313.0,329840000.0,68.18000030517578,341133.0,2675.53,0.0,False
2024-09-29,5738.169921875,3898530000.0,42313.0,329840000.0,68.18000030517578,341133.0,2657.91,0.0,False
2024-09-30,5762.47998046875,4425730000.0,42330.1484375,354430000.0,68.16999816894531,350115.0,2602.5,0.0,False
2024-10-01,5708.75,4025180000.0,42156.96875,380240000.0,69.83000183105469,668216.0,2447.85,0.0,False
2024-10-02,5709.5400390625,3829050000.0,42196.51953125,301760000.0,70.0999984741211,429225.0,2363.65,0.0,False
2024-10-03,5699.93994140625,3597450000.0,42011.58984375,267260000.0,73.70999908447266,460554.0,2349.28,0.0,False
2024-10-04,5751.06982421875,3479400000.0,42352.75,296550000.0,74.37999725341797,428815.0,2414.05,0.0,False
2024-10-05,5751.06982421875,3479400000.0,42352.75,296550000.0,74.37999725341797,428815.0,2414.6,0.0,False
2024-10-06,5751.06982421875,3479400000.0,42352.75,296550000.0,74.37999725341797,428815.0,2439.94,0.0,False
2024-10-07,5695.93994140625,3637790000.0,41954.23828125,307230000.0,77.13999938964844,419018.0,2422.27,0.0,False
2024-10-08,5751.1298828125,3393400000.0,42080.37109375,284500000.0,73.56999969482422,496760.0,2440.16,0.0,False
2024-10-09,5792.0400390625,3650340000.0,42512.0,267400000.0,73.23999786376953,401159.0,2369.12,0.0,False
2024-10-10,5780.0498046875,3208790000.0,42454.12109375,245570000.0,75.8499984741211,321453.0,2384.27,0.0,False
2024-10-11,5815.02978515625,3208720000.0,42863.859375,265330000.0,75.55999755859375,315302.0,2437.2,0.0,False
2024-10-12,5815.02978515625,3208720000.0,42863.859375,265330000.0,75.55999755859375,315302.0,2475.48,0.0,False
2024-10-13,5815.02978515625,3208720000.0,42863.859375,265330000.0,75.55999755859375,315302.0,2468.14,0.0,False
2024-10-14,5859.85009765625,3005250000.0,43065.21875,240050000.0,73.83000183105469,273455.0,2628.79,0.0,False
2024-10-15,5815.259765625,3882120000.0,42740.421875,360880000.0,70.58000183105469,328738.0,2606.71,0.0,False
2024-10-16,5842.47021484375,3467230000.0,43077.69921875,297510000.0,70.38999938964844,222437.0,2610.6,0.0,False
2024-10-17,5841.47021484375,3480010000.0,43239.05078125,267370000.0,70.66999816894531,188161.0,2605.04,0.0,False
2024-10-18,5864.669921875,3374490000.0,43275.91015625,295500000.0,69.22000122070312,95768.0,2641.25,0.0,False
2024-10-19,5864.669921875,3374490000.0,43275.91015625,295500000.0,69.22000122070312,95768.0,2647.89,0.0,False
2024-10-20,5864.669921875,3374490000.0,43275.91015625,295500000.0,69.22000122070312,95768.0,2746.39,0.0,False
2024-10-21,5853.97998046875,3407010000.0,42931.6015625,273590000.0,70.55999755859375,92584.0,2665.8,0.0,False
2024-10-22,5851.2001953125,3342080000.0,42924.890625,335200000.0,72.08999633789062,330456.0,2621.46,0.0,False
2024-10-23,5797.419921875,3532650000.0,42514.94921875,356610000.0,70.7699966430664,293835.0,2523.03,0.0,False
2024-10-24,5809.85986328125,3543030000.0,42374.359375,282680000.0,70.19000244140625,286571.0,2533.1,0.0,False
2024-10-25,5808.1201171875,3501280000.0,42114.3984375,314000000.0,71.77999877929688,287189.0,2439.33,0.0,False
2024-10-26,5808.1201171875,3501280000.0,42114.3984375,314000000.0,71.77999877929688,287189.0,2477.51,0.0,False
2024-10-27,5808.1201171875,3501280000.0,42114.3984375,314000000.0,71.77999877929688,287189.0,2504.66,0.0,False
2024-10-28,5823.52001953125,3691280000.0,42387.5703125,284770000.0,67.37999725341797,419623.0,2564.17,0.0,False
2024-10-29,5832.919921875,3879100000.0,42233.05078125,373550000.0,67.20999908447266,291929.0,2637.08,0.0,False
2024-10-30,5813.669921875,3851120000.0,42141.5390625,377420000.0,68.61000061035156,284795.0,2658.3,0.0,False
2024-10-31,5705.4501953125,4425660000.0,41763.4609375,497370000.0,69.26000213623047,311055.0,2517.79,0.0,False
2024-11-01,5728.7998046875,3796450000.0,42052.19140625,531350000.0,69.48999786376953,320572.0,2508.24,0.0,False
2024-11-02,5728.7998046875,3796450000.0,42052.19140625,531350000.0,69.48999786376953,320572.0,2492.74,0.0,False
2024-11-03,5728.7998046875,3796450000.0,42052.19140625,531350000.0,69.48999786376953,320572.0,2456.86,0.0,False
2024-11-04,5712.68994140625,3602060000.0,41794.6015625,341500000.0,71.47000122070312,286947.0,2397.37,0.0,False
2024-11-05,5782.759765625,3768310000.0,42221.87890625,283990000.0,71.98999786376953,247311.0,2421.06,0.0,False
2024-11-06,5929.0400390625,6329530000.0,43729.9296875,550400000.0,71.69000244140625,388265.0,2721.77,0.0,False
2024-11-07,5973.10009765625,4925740000.0,43729.33984375,437510000.0,72.36000061035156,353595.0,2897.27,0.0,False
2024-11-08,5995.5400390625,4666740000.0,43988.98828125,454570000.0,70.37999725341797,362038.0,2963.67,0.0,False
2024-11-09,5995.5400390625,4666740000.0,43988.98828125,454570000.0,70.37999725341797,362038.0,3128.4,0.0,False
2024-11-10,5995.5400390625,4666740000.0,43988.98828125,454570000.0,70.37999725341797,362038.0,3184.82,0.0,False
2024-11-11,6001.35009765625,4333000000.0,44293.12890625,451940000.0,68.04000091552734,364506.0,3373.6,0.0,False
2024-11-12,5983.990234375,4243400000.0,43910.98046875,482720000.0,68.12000274658203,286926.0,3247.91,0.0,False
2024-11-13,5985.3798828125,4220180000.0,43958.19140625,500190000.0,68.43000030517578,386027.0,3189.96,0.0,False
2024-11-14,5949.169921875,4184570000.0,43750.859375,545090000.0,68.69999694824219,232270.0,3062.65,0.0,False
2024-11-15,5870.6201171875,4590960000.0,43444.98828125,664320000.0,67.0199966430664,205235.0,3090.31,0.0,False
2024-11-16,5870.6201171875,4590960000.0,43444.98828125,664320000.0,67.0199966430664,205235.0,3133.36,0.0,False
2024-11-17,5870.6201171875,4590960000.0,43444.98828125,664320000.0,67.0199966430664,205235.0,3076.96,0.0,False
2024-11-18,5893.6201171875,3983860000.0,43389.6015625,527180000.0,69.16000366210938,110375.0,3208.4,0.0,False
2024-11-19,5916.97998046875,4036940000.0,43268.94140625,497970000.0,69.38999938964844,89360.0,3108.92,0.0,False
2024-11-20,5917.10986328125,3772620000.0,43408.46875,559010000.0,68.87000274658203,235637.0,3073.78,0.0,False
2024-11-21,5948.7099609375,4230120000.0,43870.3515625,712120000.0,70.0999984741211,283850.0,3358.49,0.0,False
2024-11-22,5969.33984375,4141420000.0,44296.51171875,533010000.0,71.23999786376953,408207.0,3330.84,0.0,False
2024-11-23,5969.33984375,4141420000.0,44296.51171875,533010000.0,71.23999786376953,408207.0,3397.33,0.0,False
2024-11-24,5969.33984375,4141420000.0,44296.51171875,533010000.0,71.23999786376953,408207.0,3363.99,0.0,False
2024-11-25,5987.3701171875,5633150000.0,44736.5703125,826660000.0,68.94000244140625,380922.0,3418.22,0.0,False
2024-11-26,6021.6298828125,3835170000.0,44860.30859375,476170000.0,68.7699966430664,292138.0,3324.54,0.0,False
2024-11-27,5998.740234375,3363340000.0,44722.05859375,451360000.0,68.72000122070312,227215.0,3651.81,0.0,False
2024-11-28,5998.740234375,3363340000.0,44722.05859375,451360000.0,68.72000122070312,227215.0,3581.7,0.0,False
2024-11-29,6032.3798828125,2444420000.0,44910.6484375,319210000.0,68.0,291408.0,3592.41,0.0,False
2024-11-30,6032.3798828125,2444420000.0,44910.6484375,319210000.0,68.0,291408.0,3705.18,0.0,False
2024-12-01,6032.3798828125,2444420000.0,44910.6484375,319210000.0,68.0,291408.0,3709.82,0.0,False
2024-12-02,6047.14990234375,4412470000.0,44782.0,439740000.0,68.0999984741211,264883.0,3645.47,0.0,False
2024-12-03,6049.8798828125,4095000000.0,44705.53125,429130000.0,69.94000244140625,303752.0,3615.74,0.0,False
2024-12-04,6086.490234375,4003390000.0,45014.0390625,554420000.0,68.54000091552734,325636.0,3840.52,0.0,False
2024-12-05,6075.10986328125,4212020000.0,44765.7109375,457340000.0,68.30000305175781,286701.0,3790.75,0.0,False
2024-12-06,6090.27001953125,3924830000.0,44642.51953125,466910000.0,67.19999694824219,341593.0,4003.23,0.0,False
2024-12-07,6090.27001953125,3924830000.0,44642.51953125,466910000.0,67.19999694824219,341593.0,4002.21,0.0,False
2024-12-08,6090.27001953125,3924830000.0,44642.51953125,466910000.0,67.19999694824219,341593.0,4006.94,0.0,False
2024-12-09,6052.85009765625,4556460000.0,44401.9296875,503920000.0,68.37000274658203,297085.0,3715.62,0.0,False
2024-12-10,6034.91015625,4048410000.0,44247.828125,482660000.0,68.58999633789062,286003.0,3629.74,0.0,False
2024-12-11,6084.18994140625,4269950000.0,44148.55859375,512650000.0,70.29000091552734,335892.0,3833.96,0.0,False
2024-12-12,6051.25,3678010000.0,43914.12109375,396050000.0,70.0199966430664,326046.0,3883.93,0.0,False
2024-12-13,6051.08984375,3584960000.0,43828.05859375,455380000.0,71.29000091552734,230429.0,3907.17,0.0,False
2024-12-14,6051.08984375,3584960000.0,43828.05859375,455380000.0,71.29000091552734,230429.0,3870.91,0.0,False
2024-12-15,6051.08984375,3584960000.0,43828.05859375,455380000.0,71.29000091552734,230429.0,3958.11,0.0,False
2024-12-16,6074.080078125,4391100000.0,43717.48046875,579350000.0,70.70999908447266,204296.0,3985.0,0.0,False
2024-12-17,6050.60986328125,4544500000.0,43449.8984375,593670000.0,70.08000183105469,99604.0,3894.06,0.0,False
2024-12-18,5872.16015625,5246960000.0,42326.87109375,627570000.0,70.58000183105469,99386.0,3627.41,0.0,False
2024-12-19,5867.080078125,4896880000.0,42342.23828125,560200000.0,69.91000366210938,291660.0,3415.47,0.0,False
2024-12-20,5930.85009765625,8223220000.0,42840.26171875,1121300000.0,69.45999908447266,231592.0,3469.05,0.0,False
2024-12-21,5930.85009765625,8223220000.0,42840.26171875,1121300000.0,69.45999908447266,231592.0,3337.14,0.0,False
2024-12-22,5930.85009765625,8223220000.0,42840.26171875,1121300000.0,69.45999908447266,231592.0,3279.67,0.0,False
2024-12-23,5974.06982421875,3593280000.0,42906.94921875,449390000.0,69.23999786376953,188843.0,3419.11,0.0,False
2024-12-24,6040.0400390625,1757720000.0,43297.03125,230410000.0,70.0999984741211,122602.0,3488.91,0.0,False
2024-12-25,6040.0400390625,1757720000.0,43297.03125,230410000.0,70.0999984741211,122602.0,3494.54,0.0,False
2024-12-26,6037.58984375,2904530000.0,43325.80078125,270350000.0,69.62000274658203,144877.0,3332.19,0.0,False
2024-12-27,5970.83984375,3159610000.0,42992.2109375,376960000.0,70.5999984741211,172641.0,3329.6,0.0,False
2024-12-28,5970.83984375,3159610000.0,42992.2109375,376960000.0,70.5999984741211,172641.0,3399.21,0.0,False
2024-12-29,5970.83984375,3159610000.0,42992.2109375,376960000.0,70.5999984741211,172641.0,3350.32,0.0,False
2024-12-30,5906.93994140625,3433250000.0,42573.73046875,383300000.0,70.98999786376953,199296.0,3355.58,0.0,False
2024-12-31,5881.6298828125,3128350000.0,42544.21875,359210000.0,71.72000122070312,151155.0,3331.43,0.0,False
2025-01-01,5881.6298828125,3128350000.0,42544.21875,359210000.0,71.72000122070312,151155.0,3353.33,0.0,False
2025-01-02,5868.5498046875,3621680000.0,42392.26953125,459850000.0,73.12999725341797,306498.0,3448.22,0.0,False
2025-01-03,5942.47021484375,3667340000.0,42732.12890625,455810000.0,73.95999908447266,296040.0,3605.29,0.0,False
2025-01-04,5942.47021484375,3667340000.0,42732.12890625,455810000.0,73.95999908447266,296040.0,3655.07,0.0,False
2025-01-05,5942.47021484375,3667340000.0,42732.12890625,455810000.0,73.95999908447266,296040.0,3635.2,0.0,False
2025-01-06,5975.3798828125,4940120000.0,42706.55859375,557040000.0,73.55999755859375,306042.0,3686.64,0.0,False
2025-01-07,5909.02978515625,4517330000.0,42528.359375,621630000.0,74.25,277328.0,3382.43,0.0,False
2025-01-08,5918.25,4441740000.0,42635.19921875,463430000.0,73.31999969482422,328617.0,3326.68,0.0,False
2025-01-09,5918.25,4441740000.0,42635.19921875,463430000.0,73.91999816894531,213421.0,3218.44,0.0,False
2025-01-10,5827.0400390625,4751930000.0,41938.44921875,543810000.0,76.56999969482422,478432.0,3266.88,0.0,False
2025-01-11,5827.0400390625,4751930000.0,41938.44921875,543810000.0,76.56999969482422,478432.0,3282.3,0.0,False
2025-01-12,5827.0400390625,4751930000.0,41938.44921875,543810000.0,76.56999969482422,478432.0,3266.0,0.0,False
2025-01-13,5836.22021484375,4421200000.0,42297.12109375,500190000.0,78.81999969482422,460942.0,3135.89,0.0,False
2025-01-14,5842.91015625,4142280000.0,42518.28125,454650000.0,77.5,326729.0,3224.25,0.0,False
2025-01-15,5949.91015625,4544570000.0,43221.55078125,479110000.0,80.04000091552734,321422.0,3450.08,0.0,False
2025-01-16,5937.33984375,4285810000.0,43153.12890625,504270000.0,78.68000030517578,159948.0,3308.18,0.0,False
2025-01-17,5996.66015625,4366830000.0,43487.828125,554870000.0,77.87999725341797,112409.0,3472.72,0.0,False
2025-01-18,5996.66015625,4366830000.0,43487.828125,554870000.0,77.87999725341797,112409.0,3309.13,0.0,False
2025-01-19,5996.66015625,4366830000.0,43487.828125,554870000.0,77.87999725341797,112409.0,3210.99,0.0,False
2025-01-20,5996.66015625,4366830000.0,43487.828125,554870000.0,77.87999725341797,112409.0,3279.24,0.0,False
2025-01-21,6049.240234375,4702920000.0,44025.80859375,592210000.0,75.88999938964844,568807.0,3323.55,0.0,False
2025-01-22,6086.3701171875,4323040000.0,44156.73046875,588430000.0,75.44000244140625,315333.0,3242.94,0.0,False
2025-01-23,6118.7099609375,4432250000.0,44565.0703125,444180000.0,74.62000274658203,350688.0,3336.23,0.0,False
2025-01-24,6101.240234375,4214250000.0,44424.25,532230000.0,74.66000366210938,319679.0,3310.62,0.0,False
2025-01-25,6101.240234375,4214250000.0,44424.25,532230000.0,74.66000366210938,319679.0,3318.5,0.0,False
2025-01-26,6101.240234375,4214250000.0,44424.25,532230000.0,74.66000366210938,319679.0,3232.93,0.0,False
2025-01-27,6012.27978515625,5198750000.0,44713.578125,1230150000.0,73.16999816894531,334418.0,3181.23,0.0,False
2025-01-28,6067.7001953125,4473640000.0,44850.3515625,915110000.0,73.7699966430664,326075.0,3077.13,0.0,False
2025-01-29,6039.31005859375,4115310000.0,44713.51953125,695190000.0,72.62000274658203,312733.0,3112.17,0.0,False
2025-01-30,6071.169921875,4634620000.0,44882.12890625,714080000.0,72.7300033569336,336475.0,3247.39,0.0,False
2025-01-31,6040.52978515625,4843770000.0,44544.66015625,768530000.0,72.52999877929688,376335.0,3301.02,0.0,False
2025-02-01,6040.52978515625,4843770000.0,44544.66015625,768530000.0,72.52999877929688,376335.0,3116.5,0.0,False
2025-02-02,6040.52978515625,4843770000.0,44544.66015625,768530000.0,72.52999877929688,376335.0,2869.21,0.0,False
2025-02-03,5994.56982421875,4797210000.0,44421.91015625,712890000.0,73.16000366210938,517853.0,2879.3,0.0,False
2025-02-04,6037.8798828125,4410160000.0,44556.0390625,561360000.0,72.69999694824219,452961.0,2733.73,0.0,False
2025-02-05,6061.47998046875,4756250000.0,44873.28125,552040000.0,71.02999877929688,289902.0,2788.89,0.0,False
2025-02-06,6083.56982421875,4847120000.0,44747.62890625,542250000.0,70.61000061035156,299037.0,2687.27,0.0,False
2025-02-07,6025.990234375,4766900000.0,44303.3984375,552510000.0,71.0,273766.0,2622.4,0.0,False
2025-02-08,6025.990234375,4766900000.0,44303.3984375,552510000.0,71.0,273766.0,2632.92,0.0,False
2025-02-09,6025.990234375,4766900000.0,44303.3984375,552510000.0,71.0,273766.0,2627.67,0.0,False
2025-02-10,6066.43994140625,4458760000.0,44470.41015625,494600000.0,72.31999969482422,255941.0,2661.57,0.0,False
2025-02-11,6068.5,4324880000.0,44593.6484375,453440000.0,73.31999969482422,266819.0,2602.97,0.0,False
2025-02-12,6051.97021484375,4627960000.0,44368.55859375,444470000.0,71.37000274658203,318123.0,2737.51,0.0,False
2025-02-13,6115.06982421875,4763800000.0,44711.4296875,513960000.0,71.29000091552734,278197.0,2675.85,0.0,False
2025-02-14,6114.6298828125,4335190000.0,44546.078125,474570000.0,70.73999786376953,207719.0,2725.58,0.0,False
2025-02-15,6114.6298828125,4335190000.0,44546.078125,474570000.0,70.73999786376953,207719.0,2693.37,0.0,False
2025-02-16,6114.6298828125,4335190000.0,44546.078125,474570000.0,70.73999786376953,207719.0,2661.94,0.0,False
2025-02-17,6114.6298828125,4335190000.0,44546.078125,474570000.0,70.73999786376953,207719.0,2744.18,0.0,False
2025-02-18,6129.580078125,4684980000.0,44556.33984375,551790000.0,71.8499984741211,130937.0,2671.61,0.0,False
2025-02-19,6144.14990234375,4562330000.0,44627.58984375,438880000.0,72.25,69012.0,2714.13,0.0,False
2025-02-20,6117.52001953125,4813690000.0,44176.6484375,448500000.0,72.56999969482422,240060.0,2737.89,0.0,False
2025-02-21,6013.1298828125,5434560000.0,43428.01953125,622550000.0,70.4000015258789,268470.0,2663.21,0.0,False
2025-02-22,6013.1298828125,5434560000.0,43428.01953125,622550000.0,70.4000015258789,268470.0,2761.78,0.0,False
2025-02-23,6013.1298828125,5434560000.0,43428.01953125,622550000.0,70.4000015258789,268470.0,2819.81,0.0,False
2025-02-24,5983.25,4990120000.0,43461.2109375,615500000.0,70.69999694824219,205468.0,2514.08,0.0,False
2025-02-25,5955.25,5374690000.0,43621.16015625,641310000.0,68.93000030517578,267310.0,2494.8,0.0,False
2025-02-26,5956.06005859375,4869580000.0,43433.12109375,590270000.0,68.62000274658203,255601.0,2333.37,0.0,False
2025-02-27,5861.56982421875,5057680000.0,43239.5,739620000.0,70.3499984741211,265933.0,2304.1,0.0,False
2025-02-28,5954.5,6441140000.0,43840.91015625,782170000.0,69.76000213623047,250074.0,2234.96,0.0,False
2025-03-01,5954.5,6441140000.0,43840.91015625,782170000.0,69.76000213623047,250074.0,2216.5,0.0,False
2025-03-02,5954.5,6441140000.0,43840.91015625,782170000.0,69.76000213623047,250074.0,2517.08,0.0,False
2025-03-03,5849.72021484375,5613850000.0,43191.23828125,731560000.0,68.37000274658203,332751.0,2149.18,0.0,False
2025-03-04,5778.14990234375,6138110000.0,42520.98828125,815780000.0,68.26000213623047,386750.0,2170.03,0.0,False
2025-03-05,5842.6298828125,5285970000.0,43006.58984375,582350000.0,66.30999755859375,382493.0,2241.1,0.0,False
2025-03-06,5738.52001953125,5165080000.0,42579.078125,643880000.0,66.36000061035156,341632.0,2202.21,0.0,False
2025-03-07,5770.2001953125,5705140000.0,42801.71875,763440000.0,67.04000091552734,329710.0,2141.56,0.0,False
2025-03-08,5770.2001953125,5705140000.0,42801.71875,763440000.0,67.04000091552734,329710.0,2202.62,0.0,False
2025-03-09,5770.2001953125,5705140000.0,42801.71875,763440000.0,67.04000091552734,329710.0,2019.44,0.0,False
2025-03-10,5614.56005859375,6409370000.0,41911.7109375,840180000.0,66.02999877929688,249633.0,1864.46,0.0,False
2025-03-11,5572.06982421875,6221240000.0,41433.48046875,828160000.0,66.25,222511.0,1922.32,0.0,False
2025-03-12,5599.2998046875,5219830000.0,41350.9296875,712360000.0,67.68000030517578,246675.0,1907.72,0.0,False
2025-03-13,5521.52001953125,5018980000.0,40813.5703125,646770000.0,66.55000305175781,268590.0,1864.19,0.0,False
2025-03-14,5638.93994140625,4863180000.0,41488.19140625,600240000.0,67.18000030517578,180495.0,1910.75,0.0,False
2025-03-15,5638.93994140625,4863180000.0,41488.19140625,600240000.0,67.18000030517578,180495.0,1937.22,0.0,False
2025-03-16,5638.93994140625,4863180000.0,41488.19140625,600240000.0,67.18000030517578,180495.0,1887.19,0.0,False
2025-03-17,5675.1201171875,5031770000.0,41841.62890625,564190000.0,67.58000183105469,161298.0,1926.24,0.0,False
2025-03-18,5614.66015625,4666270000.0,41581.30859375,569810000.0,66.9000015258789,110338.0,1931.52,0.0,False
2025-03-19,5675.2900390625,4660090000.0,41964.62890625,577530000.0,67.16000366210938,73077.0,2055.79,0.0,False
2025-03-20,5662.89013671875,4678420000.0,41953.3203125,545240000.0,68.26000213623047,283376.0,1984.28,0.0,False
2025-03-21,5667.56005859375,9367460000.0,41985.3515625,1026600000.0,68.27999877929688,198964.0,1964.61,0.0,False
2025-03-22,5667.56005859375,9367460000.0,41985.3515625,1026600000.0,68.27999877929688,198964.0,1980.08,0.0,False
2025-03-23,5667.56005859375,9367460000.0,41985.3515625,1026600000.0,68.27999877929688,198964.0,2005.56,0.0,False
2025-03-24,5767.56982421875,4517990000.0,42583.3203125,548840000.0,69.11000061035156,247024.0,2081.29,0.0,False
2025-03-25,5776.64990234375,4467340000.0,42587.5,452200000.0,69.0,258411.0,2066.64,0.0,False
2025-03-26,5712.2001953125,4183140000.0,42454.7890625,592650000.0,69.6500015258789,262413.0,2009.91,0.0,False
2025-03-27,5693.31005859375,4403460000.0,42299.69921875,484540000.0,69.91999816894531,211825.0,2003.88,0.0,False
2025-03-28,5580.93994140625,4513330000.0,41583.8984375,532360000.0,69.36000061035156,246650.0,1896.47,0.0,False
2025-03-29,5580.93994140625,4513330000.0,41583.8984375,532360000.0,69.36000061035156,246650.0,1827.13,0.0,False
2025-03-30,5580.93994140625,4513330000.0,41583.8984375,532360000.0,69.36000061035156,246650.0,1807.04,0.0,False
2025-03-31,5611.85009765625,5257250000.0,42001.76171875,732220000.0,71.4800033569336,313087.0,1822.15,0.0,False
2025-04-01,5633.06982421875,4434500000.0,41989.9609375,514610000.0,71.19999694824219,272832.0,1904.75,0.0,False
2025-04-02,5670.97021484375,4243830000.0,42225.3203125,492050000.0,71.70999908447266,286501.0,1795.33,0.0,False
2025-04-03,5396.52001953125,7210470000.0,40545.9296875,941940000.0,66.94999694824219,459238.0,1816.5,0.0,False
2025-04-04,5074.080078125,8853500000.0,38314.859375,1290100000.0,61.9900016784668,559638.0,1816.26,0.0,False
2025-04-05,5074.080078125,8853500000.0,38314.859375,1290100000.0,61.9900016784668,559638.0,1805.31,0.0,False
2025-04-06,5074.080078125,8853500000.0,38314.859375,1290100000.0,61.9900016784668,559638.0,1580.04,0.0,False
2025-04-07,5062.25,8691980000.0,37965.6015625,1363960000.0,60.70000076293945,597617.0,1551.87,0.0,False
2025-04-08,4982.77001953125,7408140000.0,37645.58984375,1051220000.0,59.58000183105469,557655.0,1472.71,0.0,False
2025-04-09,5456.89990234375,9489600000.0,40608.44921875,1412960000.0,62.349998474121094,592250.0,1667.87,0.0,False
2025-04-10,5268.0498046875,6677140000.0,39593.66015625,1023490000.0,60.06999969482422,391826.0,1522.01,0.0,False
2025-04-11,5363.35986328125,5602550000.0,40212.7109375,742800000.0,61.5,306231.0,1565.84,0.0,False
2025-04-12,5363.35986328125,5602550000.0,40212.7109375,742800000.0,61.5,306231.0,1643.41,0.0,False
2025-04-13,5363.35986328125,5602550000.0,40212.7109375,742800000.0,61.5,306231.0,1597.59,0.0,False
2025-04-14,5405.97021484375,5031440000.0,40524.7890625,667010000.0,61.529998779296875,238068.0,1623.34,0.0,False
2025-04-15,5396.6298828125,4317110000.0,40368.9609375,529800000.0,61.33000183105469,197404.0,1588.66,0.0,False
2025-04-16,5275.7001953125,4607750000.0,39669.390625,737550000.0,62.470001220703125,213194.0,1577.1,0.0,False
2025-04-17,5282.7001953125,4714880000.0,39142.23046875,657400000.0,64.68000030517578,111479.0,1583.62,0.0,False
2025-04-18,5282.7001953125,4714880000.0,39142.23046875,657400000.0,64.68000030517578,111479.0,1588.66,0.0,False
2025-04-19,5282.7001953125,4714880000.0,39142.23046875,657400000.0,64.68000030517578,111479.0,1613.09,0.0,False
2025-04-20,5282.7001953125,4714880000.0,39142.23046875,657400000.0,64.68000030517578,111479.0,1587.25,0.0,False
2025-04-21,5158.2001953125,4226340000.0,38170.41015625,604790000.0,63.08000183105469,82671.0,1579.55,0.0,False
2025-04-22,5287.759765625,4666950000.0,39186.98046875,582330000.0,64.30999755859375,297928.0,1756.24,0.0,False
2025-04-23,5375.85986328125,5371390000.0,39606.5703125,642550000.0,62.27000045776367,397841.0,1795.8,0.0,False
2025-04-24,5484.77001953125,4697710000.0,40093.3984375,558120000.0,62.790000915527344,264908.0,1770.33,0.0,False
2025-04-25,5525.2099609375,4236580000.0,40113.5,559040000.0,63.02000045776367,283758.0,1785.22,0.0,False
2025-04-26,5525.2099609375,4236580000.0,40113.5,559040000.0,63.02000045776367,283758.0,1821.9,0.0,False
2025-04-27,5525.2099609375,4236580000.0,40113.5,559040000.0,63.02000045776367,283758.0,1791.79,0.0,False
2025-04-28,5528.75,4257880000.0,40227.58984375,475930000.0,62.04999923706055,276116.0,1800.3,0.0,False
2025-04-29,5560.830078125,4747150000.0,40527.62109375,434830000.0,60.41999816894531,312373.0,1798.32,0.0,False
2025-04-30,5569.06005859375,5449490000.0,40669.359375,599760000.0,58.209999084472656,419549.0,1794.12,0.0,False
2025-05-01,5604.14013671875,4935270000.0,40752.9609375,597270000.0,59.2400016784668,364216.0,1838.37,0.0,False
2025-05-02,5686.669921875,4854380000.0,41317.4296875,589870000.0,58.290000915527344,322096.0,1842.63,0.0,False
2025-05-03,5686.669921875,4854380000.0,41317.4296875,589870000.0,58.290000915527344,322096.0,1834.23,0.0,False
2025-05-04,5686.669921875,4854380000.0,41317.4296875,589870000.0,58.290000915527344,322096.0,1809.26,0.0,False
2025-05-05,5650.3798828125,4358260000.0,41218.828125,413440000.0,57.130001068115234,308387.0,1820.28,0.0,False
2025-05-06,5606.91015625,4717260000.0,40829.0,416110000.0,59.09000015258789,343893.0,1816.87,0.0,False
2025-05-07,5631.27978515625,4987440000.0,41113.96875,533870000.0,58.06999969482422,295238.0,1811.07,0.0,False
2025-05-08,5663.93994140625,5627400000.0,41368.44921875,514850000.0,59.90999984741211,281000.0,2208.03,0.0,False
2025-05-09,5659.91015625,4645090000.0,41249.37890625,373930000.0,61.02000045776367,239640.0,2345.0,0.0,False
2025-05-10,5659.91015625,4645090000.0,41249.37890625,373930000.0,61.02000045776367,239640.0,2584.37,0.0,False
2025-05-11,5659.91015625,4645090000.0,41249.37890625,373930000.0,61.02000045776367,239640.0,2514.77,0.0,False
2025-05-12,5844.18994140625,6014580000.0,42410.1015625,653810000.0,61.95000076293945,325865.0,2495.91,0.0,False
2025-05-13,5886.5498046875,5516290000.0,42140.4296875,729860000.0,63.66999816894531,258795.0,2679.57,0.0,False
2025-05-14,5892.580078125,5233450000.0,42051.05859375,660230000.0,63.150001525878906,225626.0,2609.7,0.0,False
2025-05-15,5916.93017578125,4991290000.0,42322.75,736430000.0,61.619998931884766,258404.0,2548.85,0.0,False
2025-05-16,5958.3798828125,4850850000.0,42654.73828125,621250000.0,62.4900016784668,121556.0,2537.62,0.0,False
2025-05-17,5958.3798828125,4850850000.0,42654.73828125,621250000.0,62.4900016784668,121556.0,2475.92,0.0,False
2025-05-18,5958.3798828125,4850850000.0,42654.73828125,621250000.0,62.4900016784668,121556.0,2498.33,0.0,False
2025-05-19,5963.60009765625,4144010000.0,42792.0703125,536830000.0,62.689998626708984,95570.0,2528.77,0.0,False
2025-05-20,5940.4599609375,4416850000.0,42677.23828125,441530000.0,62.560001373291016,250414.0,2524.81,0.0,False
2025-05-21,5844.60986328125,5254250000.0,41860.44140625,607900000.0,61.56999969482422,302702.0,2551.84,0.0,False
2025-05-22,5842.009765625,5157050000.0,41859.08984375,476080000.0,61.20000076293945,258549.0,2665.71,0.0,False
2025-05-23,5802.81982421875,4662820000.0,41603.0703125,497060000.0,61.529998779296875,273392.0,2527.17,0.0,False
2025-05-24,5802.81982421875,4662820000.0,41603.0703125,497060000.0,61.529998779296875,273392.0,2530.66,0.0,False
2025-05-25,5802.81982421875,4662820000.0,41603.0703125,497060000.0,61.529998779296875,273392.0,2552.14,0.0,False
2025-05-26,5802.81982421875,4662820000.0,41603.0703125,497060000.0,61.529998779296875,273392.0,2564.73,0.0,False
2025-05-27,5921.5400390625,5366380000.0,42343.6484375,501340000.0,60.88999938964844,291317.0,2661.91,0.0,False
2025-05-28,5888.5498046875,4665050000.0,42098.69921875,518840000.0,61.84000015258789,260374.0,2682.92,0.0,False
2025-05-29,5912.169921875,4569750000.0,42215.73046875,665310000.0,60.939998626708984,299859.0,2632.32,0.0,False
2025-05-30,5911.68994140625,6378540000.0,42270.0703125,796200000.0,60.790000915527344,384927.0,2531.39,0.0,False
2025-05-31,5911.68994140625,6378540000.0,42270.0703125,796200000.0,60.790000915527344,384927.0,2529.02,0.0,False
2025-06-01,5911.68994140625,6378540000.0,42270.0703125,796200000.0,60.790000915527344,384927.0,2540.55,0.0,False
2025-06-02,5935.93994140625,4832240000.0,42305.48046875,454680000.0,62.52000045776367,403580.0,2608.46,0.0,False
2025-06-03,5970.3701171875,5026680000.0,42519.640625,504410000.0,63.40999984741211,291260.0,2594.59,0.0,False
2025-06-04,5970.81005859375,4767050000.0,42427.73828125,409600000.0,62.849998474121094,321128.0,2609.33,0.0,False
2025-06-05,5939.2998046875,5091850000.0,42319.73828125,532850000.0,63.369998931884766,232423.0,2415.56,0.0,False
2025-06-06,6000.35986328125,4355710000.0,42762.87109375,414540000.0,64.58000183105469,310133.0,2477.33,0.0,False
2025-06-07,6000.35986328125,4355710000.0,42762.87109375,414540000.0,64.58000183105469,310133.0,2526.44,0.0,False
2025-06-08,6000.35986328125,4355710000.0,42762.87109375,414540000.0,64.58000183105469,310133.0,2511.13,0.0,False
2025-06-09,6005.8798828125,4642360000.0,42761.76171875,485780000.0,65.29000091552734,235900.0,2681.42,0.0,False
2025-06-10,6038.81005859375,4882880000.0,42866.87109375,446850000.0,64.9800033569336,279021.0,2817.26,0.0,False
2025-06-11,6022.240234375,5111550000.0,42865.76953125,467260000.0,68.1500015258789,378473.0,2772.17,0.0,False
2025-06-12,6045.259765625,4669500000.0,42967.62109375,455760000.0,68.04000091552734,379394.0,2643.89,0.0,False
2025-06-13,5976.97021484375,5258910000.0,42197.7890625,485930000.0,72.9800033569336,715652.0,2580.03,0.0,False
2025-06-14,5976.97021484375,5258910000.0,42197.7890625,485930000.0,72.9800033569336,715652.0,2532.01,0.0,False
2025-06-15,5976.97021484375,5258910000.0,42197.7890625,485930000.0,72.9800033569336,715652.0,2548.66,0.0,False
2025-06-16,6033.10986328125,5111710000.0,42515.08984375,467040000.0,71.7699966430664,367312.0,2544.67,0.0,False
2025-06-17,5982.72021484375,4955700000.0,42215.80078125,423070000.0,74.83999633789062,154264.0,2511.19,0.0,False
2025-06-18,5980.8701171875,5106470000.0,42171.66015625,485440000.0,75.13999938964844,0.0,2525.47,0.0,False
2025-06-19,5980.8701171875,5106470000.0,42171.66015625,485440000.0,75.13999938964844,0.0,2521.68,0.0,False
2025-06-20,5967.83984375,7451500000.0,42206.8203125,859840000.0,74.93000030517578,678377.0,2406.89,0.0,False
2025-06-21,5967.83984375,7451500000.0,42206.8203125,859840000.0,74.93000030517578,678377.0,2296.45,0.0,False
2025-06-22,5967.83984375,7451500000.0,42206.8203125,859840000.0,74.93000030517578,678377.0,2228.4,0.0,False
2025-06-23,6025.169921875,5597000000.0,42581.78125,496750000.0,68.51000213623047,728868.0,2412.67,0.0,False
2025-06-24,6092.18017578125,5443690000.0,43089.01953125,516060000.0,64.37000274658203,541475.0,2450.3,0.0,False
2025-06-25,6092.16015625,5171110000.0,42982.4296875,527460000.0,64.91999816894531,278504.0,2419.48,0.0,False
2025-06-26,6141.02001953125,5308140000.0,43386.83984375,536710000.0,65.23999786376953,233771.0,2417.25,0.0,False
2025-06-27,6173.06982421875,7889350000.0,43819.26953125,921330000.0,65.5199966430664,236284.0,2423.72,0.0,False
2025-06-28,6173.06982421875,7889350000.0,43819.26953125,921330000.0,65.5199966430664,236284.0,2436.7,0.0,False
2025-06-29,6173.06982421875,7889350000.0,43819.26953125,921330000.0,65.5199966430664,236284.0,2501.15,0.0,False
2025-06-30,6204.9501953125,5782900000.0,44094.76953125,623630000.0,65.11000061035156,193289.0,2485.89,0.0,False
2025-07-01,6198.009765625,6275310000.0,44494.94140625,593600000.0,65.44999694824219,193162.0,2405.64,0.0,False
2025-07-02,6227.419921875,5645710000.0,44484.421875,499870000.0,67.44999694824219,265200.0,2570.86,0.0,False
2025-07-03,6279.35009765625,3378110000.0,44828.53125,346620000.0,67.0,0.0,2592.13,0.0,False
2025-07-04,6279.35009765625,3378110000.0,44828.53125,346620000.0,66.5,0.0,2508.84,0.0,False
2025-07-05,6279.35009765625,3378110000.0,44828.53125,346620000.0,66.5,0.0,2517.09,0.0,False
2025-07-06,6279.35009765625,3378110000.0,44828.53125,346620000.0,66.5,0.0,2571.17,0.0,False
2025-07-07,6229.97998046875,5236740000.0,44406.359375,442350000.0,67.93000030517578,332949.0,2542.49,0.0,False
2025-07-08,6225.52001953125,5739030000.0,44240.76171875,445670000.0,68.33000183105469,219882.0,2615.29,0.0,False
2025-07-09,6263.259765625,4813340000.0,44458.30078125,531790000.0,68.37999725341797,223945.0,2769.17,0.0,False
2025-07-10,6280.4599609375,5367350000.0,44650.640625,452340000.0,66.56999969482422,258654.0,2952.24,0.0,False
2025-07-11,6259.75,4656210000.0,44371.51171875,474090000.0,68.44999694824219,226297.0,2958.54,0.0,False
2025-07-12,6259.75,4656210000.0,44371.51171875,474090000.0,68.44999694824219,226297.0,2944.42,0.0,False
2025-07-13,6259.75,4656210000.0,44371.51171875,474090000.0,68.44999694824219,226297.0,2972.98,0.0,False
2025-07-14,6268.56005859375,4722250000.0,44459.6484375,410250000.0,66.9800033569336,263877.0,3014.9,0.0,False
2025-07-15,6243.759765625,5133670000.0,44023.2890625,496270000.0,66.5199966430664,252724.0,3139.28,0.0,False
2025-07-16,6263.7001953125,5177460000.0,44254.78125,450190000.0,66.37999725341797,248346.0,3371.8,0.0,False
2025-07-17,6297.35986328125,5512290000.0,44484.48828125,455310000.0,67.54000091552734,188802.0,3478.37,0.0,False
2025-07-18,6296.7900390625,5184700000.0,44342.19140625,497800000.0,67.33999633789062,107628.0,3549.28,0.0,False
2025-07-19,6296.7900390625,5184700000.0,44342.19140625,497800000.0,67.33999633789062,107628.0,3594.49,0.0,False
2025-07-20,6296.7900390625,5184700000.0,44342.19140625,497800000.0,67.33999633789062,107628.0,3758.5,0.0,False
2025-07-21,6305.60009765625,5010840000.0,44323.0703125,446590000.0,67.19999694824219,81194.0,3763.74,0.0,False
2025-07-22,6309.6201171875,5662040000.0,44502.44140625,483560000.0,66.20999908447266,269991.0,3747.89,0.0,False
2025-07-23,6358.91015625,5642510000.0,45010.2890625,446630000.0,65.25,251825.0,3629.8,0.0,False
2025-07-24,6363.35009765625,5282720000.0,44693.91015625,453000000.0,66.02999877929688,281209.0,3708.34,0.0,False
2025-07-25,6388.64013671875,4470720000.0,44901.921875,369500000.0,65.16000366210938,234283.0,3726.75,0.0,False
2025-07-26,6388.64013671875,4470720000.0,44901.921875,369500000.0,65.16000366210938,234283.0,3741.06,0.0,False
2025-07-27,6388.64013671875,4470720000.0,44901.921875,369500000.0,65.16000366210938,234283.0,3873.45,0.0,False
2025-07-28,6389.77001953125,4565620000.0,44837.55859375,416510000.0,66.70999908447266,262038.0,3798.77,0.0,False
2025-07-29,6370.85986328125,5076120000.0,44632.98828125,488780000.0,69.20999908447266,329112.0,3793.63,0.0,False
2025-07-30,6362.89990234375,5375070000.0,44461.28125,456840000.0,70.0,345336.0,3809.15,0.0,False
2025-07-31,6339.39013671875,6077080000.0,44130.98046875,689040000.0,69.26000213623047,247031.0,3698.25,0.0,False
2025-08-01,6238.009765625,5827150000.0,43588.578125,705150000.0,67.33000183105469,355819.0,3487.69,0.0,False
2025-08-02,6238.009765625,5827150000.0,43588.578125,705150000.0,67.33000183105469,355819.0,3392.52,0.0,False
2025-08-03,6238.009765625,5827150000.0,43588.578125,705150000.0,67.33000183105469,355819.0,3496.03,0.0,False
2025-08-04,6329.93994140625,4842580000.0,44173.640625,514180000.0,66.29000091552734,277375.0,3721.18,0.0,False
2025-08-05,6299.18994140625,5517410000.0,44111.73828125,455690000.0,65.16000366210938,279030.0,3611.86,0.0,False
2025-08-06,6345.06005859375,5408560000.0,44193.12109375,518970000.0,64.3499984741211,353827.0,3682.83,0.0,False
2025-08-07,6340.0,5306090000.0,43968.640625,492480000.0,63.880001068115234,300518.0,3910.94,0.0,False
2025-08-08,6389.4501953125,4769910000.0,44175.609375,452500000.0,63.880001068115234,322939.0,4010.44,0.0,False
2025-08-09,6389.4501953125,4769910000.0,44175.609375,452500000.0,63.880001068115234,322939.0,4261.29,0.0,False
2025-08-10,6389.4501953125,4769910000.0,44175.609375,452500000.0,63.880001068115234,322939.0,4251.61,0.0,False
2025-08-11,6373.4501953125,4652400000.0,43975.08984375,431510000.0,63.959999084472656,234807.0,4224.1,0.0,False
2025-08-12,6445.759765625,5135300000.0,44458.609375,442850000.0,63.16999816894531,304441.0,4590.47,0.0,False
2025-08-13,6466.580078125,5195950000.0,44922.26953125,521430000.0,62.650001525878906,298939.0,4747.84,0.0,False
2025-08-14,6468.5400390625,4462050000.0,44911.26171875,453530000.0,63.959999084472656,251652.0,4548.59,0.0,False
2025-08-15,6449.7998046875,4575060000.0,44946.12109375,547270000.0,62.79999923706055,197390.0,4442.63,0.0,False
2025-08-16,6449.7998046875,4575060000.0,44946.12109375,547270000.0,62.79999923706055,197390.0,4424.69,0.0,False
2025-08-17,6449.7998046875,4575060000.0,44946.12109375,547270000.0,62.79999923706055,197390.0,4475.2,0.0,False
2025-08-18,6449.14990234375,4162290000.0,44911.8203125,416460000.0,63.41999816894531,95113.0,4315.76,0.0,False
2025-08-19,6411.3701171875,4377440000.0,44922.26953125,466010000.0,62.349998474121094,99484.0,4077.46,0.0,False
2025-08-20,6395.77978515625,4470390000.0,44938.30859375,512550000.0,63.209999084472656,280663.0,4335.47,0.0,False
2025-08-21,6370.169921875,4013560000.0,44785.5,407540000.0,63.52000045776367,250166.0,4225.29,0.0,False
2025-08-22,6466.91015625,5046860000.0,45631.73828125,484720000.0,63.65999984741211,223169.0,4829.76,0.0,False
2025-08-23,6466.91015625,5046860000.0,45631.73828125,484720000.0,63.65999984741211,223169.0,4776.65,0.0,False
2025-08-24,6466.91015625,5046860000.0,45631.73828125,484720000.0,63.65999984741211,223169.0,4778.21,0.0,False
2025-08-25,6439.31982421875,4059070000.0,45282.46875,393960000.0,64.80000305175781,185270.0,4376.08,0.0,False
2025-08-26,6465.93994140625,4867680000.0,45418.0703125,490980000.0,63.25,199101.0,4601.18,0.0,False
2025-08-27,6481.39990234375,4143680000.0,45565.23046875,430980000.0,64.1500015258789,193476.0,4507.29,0.0,False
2025-08-28,6501.85986328125,4283760000.0,45636.8984375,540880000.0,64.5999984741211,208931.0,4511.97,0.0,False
2025-08-29,6460.259765625,4234840000.0,45544.87890625,494870000.0,64.01000213623047,0.0,4360.2,0.0,False
2025-08-30,6460.259765625,4234840000.0,45544.87890625,494870000.0,64.01000213623047,0.0,4374.16,0.0,False
2025-08-31,6460.259765625,4234840000.0,45544.87890625,494870000.0,64.01000213623047,0.0,4392.83,0.0,False
2025-09-01,6460.259765625,4234840000.0,45544.87890625,494870000.0,64.01000213623047,0.0,4314.59,0.0,False
2025-09-02,6415.5400390625,4784000000.0,45295.80859375,533180000.0,65.58999633789062,320218.0,4326.68,0.0,False
2025-09-03,6448.259765625,4465360000.0,45271.23046875,479210000.0,63.970001220703125,298737.0,4450.66,0.0,False
2025-09-04,6502.080078125,4670770000.0,45621.2890625,457490000.0,63.47999954223633,251689.0,4299.99,0.0,False
2025-09-05,6481.5,5066120000.0,45400.859375,558920000.0,61.869998931884766,294540.0,4308.16,0.0,False
2025-09-06,6481.5,5066120000.0,45400.859375,558920000.0,61.869998931884766,294540.0,4273.16,0.0,False
2025-09-07,6481.5,5066120000.0,45400.859375,558920000.0,61.869998931884766,294540.0,4307.69,0.0,False
2025-09-08,6495.14990234375,5211500000.0,45514.94921875,472240000.0,62.2599983215332,237288.0,4306.69,0.0,False
2025-09-09,6512.60986328125,4798350000.0,45711.33984375,449650000.0,62.630001068115234,268529.0,4310.63,0.0,False
2025-09-10,6532.0400390625,5253010000.0,45490.921875,579920000.0,63.66999816894531,260684.0,4349.56,0.0,False
2025-09-11,6587.47021484375,5426460000.0,46108.0,448340000.0,62.369998931884766,222661.0,4459.55,0.0,False
2025-09-12,6584.2900390625,4641640000.0,45834.21875,421730000.0,62.689998626708984,313265.0,4713.54,0.0,False
2025-09-13,6584.2900390625,4641640000.0,45834.21875,421730000.0,62.689998626708984,313265.0,4669.82,0.0,False
2025-09-14,6584.2900390625,4641640000.0,45834.21875,421730000.0,62.689998626708984,313265.0,4606.55,0.0,False
2025-09-15,6615.27978515625,5045020000.0,45883.44921875,401500000.0,63.29999923706055,205560.0,4525.68,0.0,False
2025-09-16,6606.759765625,5359510000.0,45757.8984375,443400000.0,64.5199966430664,234250.0,4502.61,0.0,False
2025-09-17,6600.35009765625,5805340000.0,46018.3203125,509830000.0,64.05000305175781,165427.0,4592.17,0.0,False
2025-09-18,6631.9599609375,5292400000.0,46142.421875,489090000.0,63.56999969482422,82321.0,4589.01,0.0,False
2025-09-19,6664.35986328125,9125960000.0,46315.26953125,972580000.0,62.68000030517578,87165.0,4470.77,0.0,False
2025-09-20,6664.35986328125,9125960000.0,46315.26953125,972580000.0,62.68000030517578,87165.0,4483.22,0.0,False
2025-09-21,6664.35986328125,9125960000.0,46315.26953125,972580000.0,62.68000030517578,87165.0,4448.03,0.0,False
2025-09-22,6693.75,5642620000.0,46381.5390625,627450000.0,62.63999938964844,223779.0,4201.73,0.0,False
2025-09-23,6656.919921875,5633620000.0,46292.78125,541530000.0,63.40999984741211,265948.0,4167.66,0.0,False
2025-09-24,6637.97021484375,5459180000.0,46121.28125,421040000.0,64.98999786376953,282721.0,4154.4,0.0,False
2025-09-25,6604.72021484375,5874670000.0,45947.3203125,509180000.0,64.9800033569336,258353.0,3875.47,0.0,False
2025-09-26,6643.7001953125,5103110000.0,46247.2890625,434270000.0,65.72000122070312,284990.0,4033.81,0.0,False
2025-09-27,6643.7001953125,5103110000.0,46247.2890625,434270000.0,65.72000122070312,284990.0,4021.06,0.0,False
2025-09-28,6643.7001953125,5103110000.0,46247.2890625,434270000.0,65.72000122070312,284990.0,4144.88,0.0,False
2025-09-29,6661.2099609375,5358760000.0,46316.0703125,479740000.0,63.45000076293945,294292.0,4217.47,0.0,False
2025-09-30,6688.4599609375,6057210000.0,46397.890625,584780000.0,62.369998931884766,271649.0,4147.69,0.0,False
2025-10-01,6711.2001953125,6037950000.0,46441.1015625,552790000.0,61.779998779296875,274339.0,4348.55,0.0,False
2025-10-02,6715.35009765625,5416130000.0,46519.71875,442010000.0,60.47999954223633,290507.0,4487.42,0.0,False
2025-10-03,6715.7900390625,5713110000.0,46758.28125,425050000.0,60.880001068115234,240044.0,4515.56,0.0,False
2025-10-04,6715.7900390625,5713110000.0,46758.28125,425050000.0,60.880001068115234,240044.0,4490.21,0.0,False
2025-10-05,6715.7900390625,5713110000.0,46758.28125,425050000.0,60.880001068115234,240044.0,4516.39,0.0,False
2025-10-06,6740.27978515625,5604460000.0,46694.96875,500000000.0,61.689998626708984,224682.0,4685.48,0.0,False
2025-10-07,6714.58984375,5546150000.0,46602.98046875,411280000.0,61.72999954223633,245121.0,4449.49,0.0,False
2025-10-08,6753.72021484375,5383130000.0,46601.78125,423510000.0,62.54999923706055,273318.0,4528.2,0.0,False
2025-10-09,6735.10986328125,5385020000.0,46358.421875,493080000.0,61.5099983215332,259171.0,4369.6,0.0,False
2025-10-10,6552.509765625,6596610000.0,45479.6015625,658100000.0,58.900001525878906,339103.0,3831.8,0.0,False
2025-10-11,6552.509765625,6596610000.0,45479.6015625,658100000.0,58.900001525878906,339103.0,3753.2,0.0,False
2025-10-12,6552.509765625,6596610000.0,45479.6015625,658100000.0,58.900001525878906,339103.0,4156.67,0.0,False
2025-10-13,6654.72021484375,5303960000.0,46067.578125,414070000.0,59.4900016784668,339103.0,4245.28,0.0,False
2025-10-14,6644.31005859375,5666920000.0,46270.4609375,515330000.0,58.70000076293945,259200.0,4128.21,0.0,False
2025-10-15,6671.06005859375,5633060000.0,46253.30859375,488700000.0,58.27000045776367,224919.0,3987.91,0.0,False
2025-10-16,6629.06982421875,6048180000.0,45952.23828125,481610000.0,57.459999084472656,203866.0,3896.82,0.0,False
2025-10-17,6664.009765625,5358120000.0,46190.609375,492870000.0,57.540000915527344,108748.0,3832.08,0.0,False
2025-10-18,6664.009765625,5358120000.0,46190.609375,492870000.0,57.540000915527344,108748.0,3890.62,0.0,False
2025-10-19,6664.009765625,5358120000.0,46190.609375,492870000.0,57.540000915527344,108748.0,3984.04,0.0,False
2025-10-20,6735.1298828125,4672170000.0,46706.578125,444010000.0,57.52000045776367,108146.0,3980.4,0.0,False
2025-10-21,6735.35009765625,5245020000.0,46924.73828125,430490000.0,57.81999969482422,314207.0,3874.71,0.0,False
2025-10-22,6699.39990234375,5710010000.0,46590.41015625,458450000.0,58.5,378637.0,3807.08,0.0,False
2025-10-23,6738.43994140625,5565750000.0,46734.609375,407570000.0,61.790000915527344,735186.0,3857.32,0.0,False
2025-10-24,6791.68994140625,5058220000.0,47207.12109375,403500000.0,61.5,373744.0,3936.35,0.0,False
2025-10-25,6791.68994140625,5058220000.0,47207.12109375,403500000.0,61.5,373744.0,3954.8,0.0,False
2025-10-26,6791.68994140625,5058220000.0,47207.12109375,403500000.0,61.5,373744.0,4159.76,0.0,False
2025-10-27,6875.16015625,5290650000.0,47544.58984375,426790000.0,61.310001373291016,272191.0,4120.9,0.0,False
2025-10-28,6890.89013671875,5695930000.0,47706.37109375,603670000.0,60.150001525878906,307568.0,3980.2,0.0,False
2025-10-29,6890.58984375,6280130000.0,47632.0,683470000.0,60.47999954223633,276875.0,3903.96,0.0,False
2025-10-30,6822.33984375,6052700000.0,47522.12109375,593890000.0,60.56999969482422,247917.0,3804.33,0.0,False
2025-10-31,6840.2001953125,6398280000.0,47562.87109375,704620000.0,60.97999954223633,278598.0,3847.89,0.0,False
2025-11-01,6840.2001953125,6398280000.0,47562.87109375,704620000.0,60.97999954223633,278598.0,3873.0,0.0,False
2025-11-02,6840.2001953125,6398280000.0,47562.87109375,704620000.0,60.97999954223633,278598.0,3905.53,0.0,False
2025-11-03,6851.97021484375,6065720000.0,47336.6796875,571740000.0,61.04999923706055,0.0,3603.82,0.0,False
2025-11-04,6771.5498046875,5739510000.0,47085.23828125,514650000.0,60.560001373291016,219300.0,3286.57,0.0,False
2025-11-05,6796.2900390625,5939600000.0,47311.0,469010000.0,59.599998474121094,292518.0,3424.22,0.0,False
2025-11-06,6720.31982421875,6051900000.0,46912.30078125,552150000.0,59.43000030517578,277768.0,3315.2,0.0,False
2025-11-07,6728.7998046875,5926070000.0,46987.1015625,591090000.0,59.75,259446.0,3434.86,0.0,False
2025-11-08,6728.7998046875,5926070000.0,46987.1015625,591090000.0,59.75,259446.0,3399.77,0.0,False
2025-11-09,6728.7998046875,5926070000.0,46987.1015625,591090000.0,59.75,259446.0,3583.05,0.0,False
2025-11-10,6832.43017578125,5366050000.0,47368.62890625,490070000.0,60.130001068115234,222879.0,3567.63,0.0,False
2025-11-11,6846.60986328125,4983490000.0,47927.9609375,454970000.0,61.040000915527344,264427.0,3416.81,0.0,False
2025-11-12,6850.919921875,5293610000.0,48254.8203125,497550000.0,58.4900016784668,329517.0,3413.97,0.0,False
2025-11-13,6737.490234375,5473720000.0,47457.21875,608110000.0,58.689998626708984,247349.0,3231.75,0.0,False
2025-11-14,6734.10986328125,5042660000.0,47147.48046875,552330000.0,60.09000015258789,334116.0,3111.07,0.0,False
2025-11-15,6734.10986328125,5042660000.0,47147.48046875,552330000.0,60.09000015258789,334116.0,3165.62,0.0,False
2025-11-16,6734.10986328125,5042660000.0,47147.48046875,552330000.0,60.09000015258789,334116.0,3094.39,0.0,False
2025-11-17,6672.41015625,5204220000.0,46590.23828125,503830000.0,59.90999984741211,189638.0,3029.26,0.0,False
2025-11-18,6617.31982421875,5159390000.0,46091.73828125,596360000.0,60.7400016784668,105325.0,3120.73,0.0,False
2025-11-19,6642.16015625,5021610000.0,46138.76953125,555370000.0,59.439998626708984,79622.0,3024.7,0.0,False
2025-11-20,6538.759765625,5596080000.0,45752.26171875,721440000.0,59.13999938964844,324282.0,2832.25,0.0,False
2025-11-21,6602.990234375,5929930000.0,46245.41015625,790560000.0,58.060001373291016,345014.0,2763.03,0.0,False
2025-11-22,6602.990234375,5929930000.0,46245.41015625,790560000.0,58.060001373291016,345014.0,2768.93,0.0,False
2025-11-23,6602.990234375,5929930000.0,46245.41015625,790560000.0,58.060001373291016,345014.0,2801.12,0.0,False
2025-11-24,6705.1201171875,6039740000.0,46448.26953125,743580000.0,58.84000015258789,238138.0,2952.86,0.0,False
2025-11-25,6765.8798828125,5003330000.0,47112.44921875,648860000.0,57.95000076293945,334442.0,2958.86,0.0,False
2025-11-26,6812.60986328125,4485000000.0,47427.12109375,454980000.0,58.650001525878906,228285.0,3025.65,0.0,False
2025-11-27,6812.60986328125,4485000000.0,47427.12109375,454980000.0,58.650001525878906,228285.0,3015.39,0.0,False
2025-11-28,6849.08984375,2558540000.0,47716.421875,272500000.0,58.54999923706055,153758.0,3031.24,0.0,False
2025-11-29,6849.08984375,2558540000.0,47716.421875,272500000.0,58.54999923706055,153758.0,2989.99,0.0,False
2025-11-30,6849.08984375,2558540000.0,47716.421875,272500000.0,58.54999923706055,153758.0,2992.52,0.0,False
2025-12-01,6812.6298828125,4549370000.0,47289.328125,482190000.0,59.31999969482422,232770.0,2799.71,0.0,False
2025-12-02,6829.3701171875,4582290000.0,47474.4609375,510900000.0,58.63999938964844,255513.0,2996.39,0.0,False
2025-12-03,6849.72021484375,4736780000.0,47882.8984375,490380000.0,58.95000076293945,260974.0,3189.8,0.0,False
2025-12-04,6857.1201171875,4872440000.0,47850.94140625,498740000.0,59.66999816894531,264993.0,3134.26,0.0,False
2025-12-05,6870.39990234375,4944560000.0,47954.98828125,456100000.0,60.08000183105469,255075.0,3022.29,0.0,False
2025-12-06,6870.39990234375,4944560000.0,47954.98828125,456100000.0,60.08000183105469,255075.0,3039.38,0.0,False
2025-12-07,6870.39990234375,4944560000.0,47954.98828125,456100000.0,60.08000183105469,255075.0,3060.7,0.0,False
2025-12-08,6846.509765625,4757130000.0,47739.3203125,505490000.0,58.880001068115234,263009.0,3125.21,0.0,False
2025-12-09,6840.509765625,4508050000.0,47560.2890625,425470000.0,58.25,260206.0,3318.52,0.0,False
2025-12-10,6886.68017578125,5526570000.0,48057.75,545610000.0,58.459999084472656,256508.0,3324.49,0.0,False
2025-12-11,6901.0,5021060000.0,48704.01171875,493950000.0,57.599998474121094,286808.0,3237.75,0.0,False
2025-12-12,6827.41015625,4910160000.0,48458.05078125,495830000.0,57.439998626708984,212806.0,3085.39,0.0,False
2025-12-13,6827.41015625,4910160000.0,48458.05078125,495830000.0,57.439998626708984,212806.0,3115.31,0.0,False
2025-12-14,6827.41015625,4910160000.0,48458.05078125,495830000.0,57.439998626708984,212806.0,3063.63,0.0,False
2025-12-15,6816.509765625,4975600000.0,48416.55859375,516630000.0,56.81999969482422,229310.0,2965.5,0.0,False
2025-12-16,6800.259765625,4983180000.0,48114.26171875,457400000.0,55.27000045776367,230933.0,2962.42,0.0,False
2025-12-17,6721.43017578125,5122120000.0,47885.96875,534260000.0,55.939998626708984,125608.0,2833.51,0.0,False
2025-12-18,6774.759765625,5101190000.0,47951.8515625,521430000.0,56.150001525878906,85735.0,2827.77,0.0,False
2025-12-19,6834.5,8554470000.0,48134.890625,1227520000.0,56.65999984741211,209264.0,2978.41,0.0,False
2025-12-20,6834.5,8554470000.0,48134.890625,1227520000.0,56.65999984741211,209264.0,2976.55,0.0,False
2025-12-21,6834.5,8554470000.0,48134.890625,1227520000.0,56.65999984741211,209264.0,3001.19,0.0,False
2025-12-22,6878.490234375,4465030000.0,48362.6796875,427050000.0,58.0099983215332,221576.0,3008.28,0.0,False
2025-12-23,6909.7900390625,3820560000.0,48442.41015625,418920000.0,58.380001068115234,183633.0,2963.54,0.0,False
2025-12-24,6932.0498046875,1798270000.0,48731.16015625,206740000.0,58.349998474121094,111762.0,2945.61,0.0,False
2025-12-25,6932.0498046875,1798270000.0,48731.16015625,206740000.0,58.349998474121094,111762.0,2902.31,0.0,False
2025-12-26,6929.93994140625,2586550000.0,48710.96875,288770000.0,56.7400016784668,166669.0,2926.3,0.0,False
2025-12-27,6929.93994140625,2586550000.0,48710.96875,288770000.0,56.7400016784668,166669.0,2946.75,0.0,False
2025-12-28,6929.93994140625,2586550000.0,48710.96875,288770000.0,56.7400016784668,166669.0,2948.75,0.0,False
2025-12-29,6905.740234375,3541750000.0,48461.9296875,321850000.0,58.08000183105469,178590.0,2936.11,0.0,False
2025-12-30,6896.240234375,3309930000.0,48367.05859375,282570000.0,57.95000076293945,143802.0,2970.38,0.0,False
2025-12-31,6845.5,3261830000.0,48063.2890625,336060000.0,57.41999816894531,157160.0,2968.61,0.0,False
2026-01-01,6845.5,3261830000.0,48063.2890625,336060000.0,57.41999816894531,157160.0,2999.94,0.0,False
2026-01-02,6858.47021484375,4184120000.0,48382.390625,465060000.0,57.31999969482422,189503.0,3121.63,0.0,False
2026-01-03,6858.47021484375,4184120000.0,48382.390625,465060000.0,57.31999969482422,189503.0,3125.88,0.0,False
2026-01-04,6858.47021484375,4184120000.0,48382.390625,465060000.0,57.31999969482422,189503.0,3143.54,0.0,False
2026-01-05,6902.0498046875,5771930000.0,48977.1796875,578580000.0,58.31999969482422,301483.0,3223.67,0.0,False
2026-01-06,6944.81982421875,5509680000.0,49462.078125,541220000.0,57.130001068115234,292067.0,3296.58,0.0,False
2026-01-07,6920.93017578125,5214480000.0,48996.078125,506140000.0,55.9900016784668,383128.0,3167.6,0.0,False
2026-01-08,6921.4599609375,5333200000.0,49266.109375,515070000.0,57.7599983215332,334134.0,3104.03,0.0,False
2026-01-09,6966.27978515625,5163900000.0,49504.0703125,444480000.0,59.119998931884766,360309.0,3085.57,0.0,False
2026-01-10,6966.27978515625,5163900000.0,49504.0703125,444480000.0,59.119998931884766,360309.0,3082.8,0.0,False
2026-01-11,6966.27978515625,5163900000.0,49504.0703125,444480000.0,59.119998931884766,360309.0,3119.7,0.0,False
2026-01-12,6977.27001953125,5019040000.0,49590.19921875,516430000.0,59.5,309700.0,3091.45,0.0,False
2026-01-13,6963.740234375,5091730000.0,49191.98828125,549950000.0,61.150001525878906,411190.0,3321.87,0.0,False
2026-01-14,6926.60009765625,5530830000.0,49149.62890625,530670000.0,62.02000045776367,410261.0,3353.02,0.0,False
2026-01-15,6944.47021484375,5114050000.0,49442.44140625,541520000.0,59.189998626708984,113642.0,3319.07,0.0,False
2026-01-16,6940.009765625,5356550000.0,49359.328125,992970000.0,59.439998626708984,113794.0,3295.39,0.0,False
2026-01-17,6940.009765625,5356550000.0,49359.328125,992970000.0,59.439998626708984,113794.0,3309.37,0.0,False
2026-01-18,6940.009765625,5356550000.0,49359.328125,992970000.0,59.439998626708984,113794.0,3282.99,0.0,False
2026-01-19,6940.009765625,5356550000.0,49359.328125,992970000.0,59.439998626708984,113794.0,3188.41,0.0,False
2026-01-20,6796.85986328125,5769500000.0,48488.58984375,676030000.0,60.34000015258789,499595.0,2938.14,0.0,False
2026-01-21,6875.6201171875,5835520000.0,49077.23046875,600840000.0,60.619998931884766,333062.0,2978.8,0.0,False
2026-01-22,6913.35009765625,5307580000.0,49384.01171875,455130000.0,59.36000061035156,324349.0,2950.21,0.0,False
2026-01-23,6915.60986328125,4871930000.0,49098.7109375,461030000.0,61.06999969482422,283419.0,2953.73,0.0,False
2026-01-24,6915.60986328125,4871930000.0,49098.7109375,461030000.0,61.06999969482422,283419.0,2949.74,0.0,False
2026-01-25,6915.60986328125,4871930000.0,49098.7109375,461030000.0,61.06999969482422,283419.0,2813.3,0.0,False
2026-01-26,6950.22998046875,4968050000.0,49412.3984375,454370000.0,60.630001068115234,281062.0,2927.27,0.0,False
2026-01-27,6978.60009765625,5331720000.0,49003.41015625,533780000.0,62.38999938964844,360208.0,3023.4,0.0,False
2026-01-28,6978.02978515625,5507670000.0,49015.6015625,470990000.0,63.209999084472656,354864.0,3006.66,0.0,False
2026-01-29,6969.009765625,6877780000.0,49071.55859375,693040000.0,65.41999816894531,560007.0,2818.77,0.0,False
2026-01-30,6939.02978515625,6697340000.0,48892.46875,761990000.0,65.20999908447266,449325.0,2703.06,0.0,False
2026-01-31,6939.02978515625,6697340000.0,48892.46875,761990000.0,65.20999908447266,449325.0,2448.18,0.0,False
2026-02-01,6939.02978515625,6697340000.0,48892.46875,761990000.0,65.20999908447266,449325.0,2267.59,0.0,False
2026-02-02,6976.43994140625,5772050000.0,49407.66015625,632100000.0,62.13999938964844,414083.0,2344.91,0.0,False
2026-02-03,6917.81005859375,7017660000.0,49240.98828125,741310000.0,63.209999084472656,381144.0,2231.92,0.0,False
2026-02-04,6882.72021484375,7475750000.0,49501.30078125,742920000.0,65.13999938964844,446588.0,2145.08,0.0,False
2026-02-05,6798.39990234375,6989120000.0,48908.71875,710270000.0,63.290000915527344,389763.0,1823.4,0.0,False
2026-02-06,6932.2998046875,6283680000.0,50115.671875,775490000.0,63.54999923706055,448924.0,2059.47,0.0,False
2026-02-07,6932.2998046875,6283680000.0,50115.671875,775490000.0,63.54999923706055,448924.0,2085.96,0.0,False
2026-02-08,6932.2998046875,6283680000.0,50115.671875,775490000.0,63.54999923706055,448924.0,2088.73,0.0,False
2026-02-09,6964.81982421875,5650260000.0,50135.87109375,623640000.0,64.36000061035156,298005.0,2103.46,0.0,False
2026-02-10,6941.81005859375,5595950000.0,50188.140625,532700000.0,63.959999084472656,276292.0,2021.89,0.0,False
2026-02-11,6941.47021484375,6175510000.0,50121.3984375,569380000.0,64.62999725341797,340194.0,1941.75,0.0,False
2026-02-12,6832.759765625,7118700000.0,49451.98046875,765340000.0,62.84000015258789,369303.0,1946.51,0.0,False
2026-02-13,6836.169921875,5718360000.0,49500.9296875,597100000.0,62.88999938964844,255793.0,2047.48,0.0,False
2026-02-14,6836.169921875,5718360000.0,49500.9296875,597100000.0,62.88999938964844,255793.0,2085.45,0.0,False
2026-02-15,6836.169921875,5718360000.0,49500.9296875,597100000.0,62.88999938964844,255793.0,1965.33,0.0,False
2026-02-16,6836.169921875,5718360000.0,49500.9296875,597100000.0,62.88999938964844,255793.0,1997.26,0.0,False
2026-02-17,6843.22021484375,5418480000.0,49533.19140625,558570000.0,62.33000183105469,328727.0,1990.66,0.0,False
2026-02-18,6881.31005859375,5098160000.0,49662.66015625,493390000.0,65.19000244140625,115379.0,1955.38,0.0,False
2026-02-19,6861.89013671875,5151690000.0,49395.16015625,439980000.0,66.43000030517578,113408.0,1948.34,0.0,False
2026-02-20,6909.509765625,5432480000.0,49625.96875,574810000.0,66.38999938964844,351351.0,1968.2,0.0,False
2026-02-21,6909.509765625,5432480000.0,49625.96875,574810000.0,66.38999938964844,351351.0,1972.98,0.0,False
2026-02-22,6909.509765625,5432480000.0,49625.96875,574810000.0,66.38999938964844,351351.0,1957.48,0.0,False
2026-02-23,6837.75,5638350000.0,48804.05859375,574610000.0,66.30999755859375,270365.0,1855.84,0.0,False
2026-02-24,6890.06982421875,5266090000.0,49174.5,524270000.0,65.62999725341797,312124.0,1851.35,0.0,False
2026-02-25,6946.1298828125,5328060000.0,49482.1484375,541620000.0,65.41999816894531,306780.0,2057.78,0.0,False
2026-02-26,6908.85986328125,5889550000.0,49499.19921875,684630000.0,65.20999908447266,498542.0,2027.88,0.0,False
2026-02-27,6878.8798828125,6665660000.0,48977.921875,811800000.0,67.0199966430664,437053.0,1929.72,0.0,False
2026-02-28,6878.8798828125,6665660000.0,48977.921875,811800000.0,67.0199966430664,437053.0,1964.65,0.0,False
2026-03-01,6878.8798828125,6665660000.0,48977.921875,811800000.0,67.0199966430664,437053.0,1939.46,0.0,False
2026-03-02,6881.6201171875,6079080000.0,48904.78125,552340000.0,71.2300033569336,881329.0,2027.09,0.0,False
2026-03-03,6816.6298828125,6442080000.0,48501.26953125,533540000.0,74.55999755859375,1009753.0,1982.78,0.0,False
2026-03-04,6869.5,5252170000.0,48739.41015625,511380000.0,74.66000366210938,617822.0,2127.42,0.0,False
2026-03-05,6830.7099609375,5989300000.0,47954.73828125,625110000.0,81.01000213623047,707030.0,2073.25,0.0,False
2026-03-06,6740.02001953125,5793120000.0,47501.55078125,541850000.0,90.9000015258789,996251.0,1979.09,0.0,False
2026-03-07,6740.02001953125,5793120000.0,47501.55078125,541850000.0,90.9000015258789,996251.0,1969.51,0.0,False
2026-03-08,6740.02001953125,5793120000.0,47501.55078125,541850000.0,90.9000015258789,996251.0,1937.11,0.0,False
2026-03-09,6795.990234375,6709410000.0,47740.80078125,560020000.0,94.7699966430664,1107193.0,1993.53,0.0,False
2026-03-10,6781.47998046875,5944950000.0,47706.51171875,490360000.0,83.44999694824219,801564.0,2037.01,0.0,False
2026-03-11,6775.7998046875,5511090000.0,47417.26953125,419500000.0,87.25,538020.0,2051.99,0.0,False
2026-03-12,6672.6201171875,6292170000.0,46677.8515625,535900000.0,95.7300033569336,548999.0,2073.94,0.0,False
2026-03-13,6632.18994140625,5337120000.0,46558.46875,453250000.0,98.70999908447266,436700.0,2092.7,0.0,False
2026-03-14,6632.18994140625,5337120000.0,46558.46875,453250000.0,98.70999908447266,436700.0,2096.66,0.0,False
2026-03-15,6632.18994140625,5337120000.0,46558.46875,453250000.0,98.70999908447266,436700.0,2178.79,0.0,False
2026-03-16,6699.3798828125,5176290000.0,46946.41015625,514980000.0,93.5,455454.0,2353.29,0.0,False
2026-03-17,6716.08984375,5063390000.0,46993.26171875,479900000.0,96.20999908447266,308425.0,2317.31,0.0,False
2026-03-18,6624.7001953125,5275480000.0,46225.1484375,472020000.0,96.31999969482422,157222.0,2204.12,0.0,False
2026-03-19,6606.490234375,5973390000.0,46021.4296875,482890000.0,96.13999938964844,118719.0,2138.23,0.0,False
2026-03-20,6506.47998046875,10025820000.0,45577.46875,1044540000.0,98.31999969482422,461845.0,2146.53,0.0,False
2026-03-21,6506.47998046875,10025820000.0,45577.46875,1044540000.0,98.31999969482422,461845.0,2084.9,0.0,False
2026-03-22,6506.47998046875,10025820000.0,45577.46875,1044540000.0,98.31999969482422,461845.0,2053.6,0.0,False
2026-03-23,6581.0,6020650000.0,46208.46875,530140000.0,88.12999725341797,666790.0,2151.45,0.0,False
2026-03-24,6556.3701171875,5278580000.0,46124.05859375,474450000.0,92.3499984741211,420067.0,2156.0,0.0,False
2026-03-25,6591.89990234375,4936720000.0,46429.48828125,462990000.0,90.31999969482422,405170.0,2168.11,0.0,False
2026-03-26,6477.16015625,4845560000.0,45960.109375,505010000.0,94.4800033569336,350768.0,2059.82,0.0,False
2026-03-27,6368.85009765625,5303490000.0,45166.640625,555090000.0,99.63999938964844,374920.0,1991.88,0.0,False
2026-03-28,6368.85009765625,5303490000.0,45166.640625,555090000.0,99.63999938964844,374920.0,1993.61,0.0,False
2026-03-29,6368.85009765625,5303490000.0,45166.640625,555090000.0,99.63999938964844,374920.0,1982.91,0.0,False
2026-03-30,6343.72021484375,5458640000.0,45216.140625,540680000.0,102.87999725341797,374075.0,2025.05,0.0,False
2026-03-31,6528.52001953125,6396100000.0,46341.51171875,639410000.0,101.37999725341797,495395.0,2103.8,0.0,False
2026-04-01,6575.31982421875,5637260000.0,46565.73828125,604140000.0,100.12000274658203,434561.0,2138.42,0.0,False
2026-04-02,6582.68994140625,4740740000.0,46504.671875,446710000.0,111.54000091552734,0.0,2056.97,0.0,False
2026-04-03,6582.68994140625,4740740000.0,46504.671875,446710000.0,111.54000091552734,0.0,2054.16,0.0,False
2026-04-04,6582.68994140625,4740740000.0,46504.671875,446710000.0,111.54000091552734,0.0,2065.37,0.0,False
2026-04-05,6582.68994140625,4740740000.0,46504.671875,446710000.0,111.54000091552734,0.0,2109.36,0.0,False
2026-04-06,6611.830078125,3906440000.0,46669.87890625,339870000.0,112.41000366210938,271742.0,2106.65,0.0,False
2026-04-07,6616.85009765625,4555680000.0,46584.4609375,450740000.0,112.94999694824219,429331.0,2240.3,0.0,False
2026-04-08,6782.81005859375,5904880000.0,47909.921875,523710000.0,94.41000366210938,599576.0,2189.75,0.0,False
2026-04-09,6824.66015625,4912410000.0,48185.80078125,445240000.0,97.87000274658203,427201.0,2190.42,0.0,False
2026-04-10,6816.89013671875,4393220000.0,47916.5703125,477060000.0,96.56999969482422,314855.0,2245.12,0.0,False
2026-04-11,6816.89013671875,4393220000.0,47916.5703125,477060000.0,96.56999969482422,314855.0,2285.69,0.0,False
2026-04-12,6816.89013671875,4393220000.0,47916.5703125,477060000.0,96.56999969482422,314855.0,2192.02,0.0,False
2026-04-13,6886.240234375,4785840000.0,48218.25,455850000.0,99.08000183105469,344337.0,2368.93,0.0,False
2026-04-14,6967.3798828125,5032380000.0,48535.98828125,527910000.0,91.27999877929688,315821.0,2322.93,0.0,False
2026-04-15,7022.9501953125,5278610000.0,48463.71875,529870000.0,91.29000091552734,240397.0,2360.86,0.0,False
2026-04-16,7041.27978515625,5173650000.0,48578.71875,456610000.0,94.69000244140625,194354.0,2348.92,0.0,False
2026-04-17,7126.06005859375,6145300000.0,49447.4296875,585650000.0,83.8499984741211,116624.0,2419.87,0.0,False
2026-04-18,7126.06005859375,6145300000.0,49447.4296875,585650000.0,83.8499984741211,116624.0,2351.04,0.0,False
2026-04-19,7126.06005859375,6145300000.0,49447.4296875,585650000.0,83.8499984741211,116624.0,2263.9,0.0,False
2026-04-20,7109.14013671875,4661130000.0,49442.55859375,411270000.0,89.61000061035156,115578.0,2314.94,0.0,False
2026-04-21,7064.009765625,5160270000.0,49149.37890625,476630000.0,92.12999725341797,383596.0,2328.23,0.0,False
2026-04-22,7137.89990234375,4919460000.0,49490.03125,426410000.0,92.95999908447266,299675.0,2374.87,0.0,False
2026-04-23,7108.39990234375,5307260000.0,49310.3203125,455470000.0,95.8499984741211,365210.0,2331.28,0.0,False
2026-04-24,7165.080078125,4608830000.0,49230.7109375,536950000.0,94.4000015258789,330280.0,2315.83,0.0,False
2026-04-25,7165.080078125,4608830000.0,49230.7109375,536950000.0,94.4000015258789,330280.0,2320.2,0.0,False
2026-04-26,7165.080078125,4608830000.0,49230.7109375,536950000.0,94.4000015258789,330280.0,2370.3,0.0,False
2026-04-27,7173.91015625,4783750000.0,49167.7890625,514570000.0,96.37000274658203,219055.0,2304.54,0.0,False
2026-04-28,7138.7998046875,4900650000.0,49141.9296875,508210000.0,99.93000030517578,281078.0,2289.07,0.0,False
2026-04-29,7135.9501953125,5123100000.0,48861.80859375,453280000.0,106.87999725341797,318841.0,2252.51,0.0,False
2026-04-30,7209.009765625,5723790000.0,49652.140625,733120000.0,105.06999969482422,341994.0,2256.72,0.0,False
2026-05-01,7230.1201171875,4847390000.0,49499.26953125,465300000.0,101.94000244140625,268707.0,2294.65,0.0,False
2026-05-02,7230.1201171875,4847390000.0,49499.26953125,465300000.0,101.94000244140625,268707.0,2316.67,0.0,False
2026-05-03,7230.1201171875,4847390000.0,49499.26953125,465300000.0,101.94000244140625,268707.0,2322.75,0.0,False
2026-05-04,7200.75,5215480000.0,48941.8984375,439460000.0,106.41999816894531,342843.0,2346.94,0.0,False
2026-05-05,7259.22021484375,5279760000.0,49298.25,395600000.0,102.2699966430664,241150.0,2360.28,0.0,False
2026-05-06,7365.1201171875,6579640000.0,49910.58984375,552640000.0,95.08000183105469,423491.0,2350.85,0.0,False
2026-05-07,7337.10986328125,6237040000.0,49596.96875,482010000.0,94.80999755859375,392091.0,2290.71,0.0,False
2026-05-08,7398.93017578125,5302740000.0,49609.16015625,456510000.0,95.41999816894531,243423.0,2306.95,0.0,False
2026-05-09,7398.93017578125,5302740000.0,49609.16015625,456510000.0,95.41999816894531,243423.0,2326.35,0.0,False
2026-05-10,7398.93017578125,5302740000.0,49609.16015625,456510000.0,95.41999816894531,243423.0,2370.37,0.0,False
2026-05-11,7412.83984375,5821910000.0,49704.46875,493230000.0,98.06999969482422,256251.0,2340.01,0.0,False
2026-05-12,7400.9599609375,5624790000.0,49760.55859375,498360000.0,102.18000030517578,231747.0,2274.15,0.0,False
2026-05-13,7444.25,5716600000.0,49693.19921875,485990000.0,101.0199966430664,212582.0,2258.13,0.0,False
2026-05-14,7501.240234375,5267050000.0,50063.4609375,504090000.0,101.16999816894531,173862.0,2282.25,0.0,False
2026-05-15,7408.5,5582070000.0,49526.171875,587920000.0,105.41999816894531,96552.0,2224.05,0.0,False
2026-05-16,7408.5,5582070000.0,49526.171875,587920000.0,105.41999816894531,96552.0,2179.49,0.0,False
2026-05-17,7408.5,5582070000.0,49526.171875,587920000.0,105.41999816894531,96552.0,2130.11,0.0,False
2026-05-18,7403.0498046875,5489500000.0,49686.12109375,461520000.0,108.66000366210938,117910.0,2128.99,0.0,False
2026-05-19,7353.60986328125,5441140000.0,49363.87890625,494840000.0,107.7699966430664,206472.0,2110.55,0.0,False
2026-05-20,7432.97021484375,5384150000.0,50009.3515625,513230000.0,98.26000213623047,320034.0,2127.66,0.0,False
2026-05-21,7445.72021484375,5440620000.0,50285.66015625,560940000.0,96.3499984741211,345482.0,2131.63,0.0,False
2026-05-22,7473.47021484375,4952440000.0,50579.69921875,463470000.0,96.5999984741211,261142.0,2064.0,0.0,False
2026-05-23,7473.47021484375,4952440000.0,50579.69921875,463470000.0,96.5999984741211,261142.0,2115.0,0.0,False
2026-05-24,7473.47021484375,4952440000.0,50579.69921875,463470000.0,96.5999984741211,261142.0,2096.99,0.0,False
2026-05-25,7473.47021484375,4952440000.0,50579.69921875,463470000.0,96.5999984741211,261142.0,2110.22,0.0,False
2026-05-26,7519.1201171875,5496060000.0,50461.6796875,530360000.0,93.88999938964844,358867.0,2071.53,0.0,False
2026-05-27,7520.35986328125,5524250000.0,50644.28125,503580000.0,88.68000030517578,290948.0,2022.35,0.0,False
2026-05-28,7563.6298828125,5494860000.0,50668.96875,505090000.0,88.9000015258789,235145.0,2006.94,0.0,False
2026-05-29,7580.06005859375,7858290000.0,51032.4609375,894700000.0,87.36000061035156,267803.0,2011.99,0.0,False
2026-05-30,7580.06005859375,7858290000.0,51032.4609375,894700000.0,87.36000061035156,267803.0,2019.87,0.0,False
2026-05-31,7580.06005859375,7858290000.0,51032.4609375,894700000.0,87.36000061035156,267803.0,2004.37,0.0,False
2026-06-01,7599.9599609375,6583960000.0,51078.87890625,625190000.0,92.16000366210938,322039.0,2003.92,0.0,False
2026-06-02,7609.77978515625,5904410000.0,51307.7890625,548760000.0,93.76000213623047,238146.0,1857.41,0.0,False
2026-06-03,7553.68017578125,5753860000.0,50687.0703125,546850000.0,96.0199966430664,260613.0,1810.61,0.0,False
2026-06-04,7584.31005859375,5398910000.0,51561.9296875,520670000.0,93.04000091552734,219500.0,1768.5,0.0,False
2026-06-05,7383.740234375,5591290000.0,50866.78125,638680000.0,90.54000091552734,252903.0,1581.64,0.0,False
2026-06-06,7383.740234375,5591290000.0,50866.78125,638680000.0,90.54000091552734,252903.0,1569.17,0.0,False
2026-06-07,7383.740234375,5591290000.0,50866.78125,638680000.0,90.54000091552734,252903.0,1689.61,0.0,False
2026-06-08,7405.72998046875,4898180000.0,50786.01171875,477180000.0,91.30000305175781,278650.0,1689.96,0.0,False
2026-06-09,7386.64990234375,6006390000.0,50872.109375,566610000.0,88.19999694824219,306101.0,1638.86,0.0,False
2026-06-10,7266.990234375,5247300000.0,49918.78125,503790000.0,90.02999877929688,291935.0,1620.74,0.0,False
2026-06-11,7394.2998046875,5658920000.0,50848.75,516860000.0,87.70999908447266,317151.0,1671.85,0.0,False
2026-06-12,7431.4599609375,4950530000.0,51202.26171875,427710000.0,84.87999725341797,233924.0,1664.62,0.0,False
2026-06-13,7431.4599609375,4950530000.0,51202.26171875,427710000.0,84.87999725341797,233924.0,1680.19,0.0,False
2026-06-14,7431.4599609375,4950530000.0,51202.26171875,427710000.0,84.87999725341797,233924.0,1725.22,0.0,False
2026-06-15,7554.2900390625,5674670000.0,51671.03125,509660000.0,80.75,208395.0,1794.99,0.0,False
2026-06-16,7511.35009765625,5286210000.0,51999.671875,447100000.0,76.05000305175781,205050.0,1792.0,0.0,False
2026-06-17,7420.10009765625,5883740000.0,51492.55078125,496040000.0,76.79000091552734,100474.0,1748.81,0.0,False
2026-06-18,7500.580078125,9061110000.0,51564.69921875,985370000.0,76.5999984741211,97813.0,1709.75,0.0,False
2026-06-19,7500.580078125,9061110000.0,51564.69921875,985370000.0,76.5999984741211,97813.0,1709.59,0.0,False
2026-06-20,7500.580078125,9061110000.0,51564.69921875,985370000.0,76.5999984741211,97813.0,1739.33,0.0,False
2026-06-21,7500.580078125,9061110000.0,51564.69921875,985370000.0,76.5999984741211,97813.0,1705.16,0.0,False
2026-06-22,7472.7900390625,5976740000.0,51712.7109375,529120000.0,74.81999969482422,315903.0,1726.39,0.0,False
2026-06-23,7365.4599609375,5640530000.0,51666.83984375,548870000.0,73.20999908447266,203509.0,1665.16,0.0,False
2026-06-24,7358.22021484375,5994860000.0,51848.8984375,560270000.0,70.33999633789062,251403.0,1620.24,0.0,False
2026-06-25,7357.490234375,5565760000.0,51920.62109375,639230000.0,71.91999816894531,228065.0,1565.09,0.0,False
2026-06-26,7354.02001953125,9105600000.0,51876.109375,1297680000.0,69.2300033569336,249316.0,1576.24,0.0,False
2026-06-27,7354.02001953125,9105600000.0,51876.109375,1297680000.0,69.2300033569336,249316.0,1571.79,0.0,False
2026-06-28,7354.02001953125,9105600000.0,51876.109375,1297680000.0,69.2300033569336,249316.0,1569.62,0.0,False
2026-06-29,7440.43017578125,5794570000.0,52182.73828125,580440000.0,70.75,170488.0,1610.65,0.0,False
2026-06-30,7499.35986328125,6037540000.0,52319.19921875,622980000.0,69.5,194279.0,1569.71,0.0,False
2026-07-01,7483.22998046875,5782730000.0,52305.23828125,622970000.0,68.58000183105469,200004.0,1607.16,0.0,False
2026-07-02,7483.240234375,5463520000.0,52900.0703125,548820000.0,68.69000244140625,183635.0,1698.75,0.0,False
2026-07-03,7483.240234375,5463520000.0,52900.0703125,548820000.0,68.69000244140625,183635.0,1756.1,0.0,False
2026-07-04,7483.240234375,5463520000.0,52900.0703125,548820000.0,68.69000244140625,183635.0,1778.88,0.0,False
2026-07-05,7483.240234375,5463520000.0,52900.0703125,548820000.0,68.69000244140625,183635.0,1784.33,0.0,False
2026-07-06,7537.43017578125,4971110000.0,53055.91015625,467390000.0,68.55000305175781,229909.0,1797.81,0.0,False
2026-07-07,7503.85009765625,5049590000.0,52925.1484375,442010000.0,70.44000244140625,264072.0,1769.84,0.0,False
2026-07-08,7482.7099609375,5102020000.0,52348.390625,454130000.0,73.5199966430664,445251.0,1742.34,0.0,False
2026-07-09,7543.64013671875,4442950000.0,52487.41015625,456760000.0,72.08000183105469,264009.0,1743.28,0.0,False
2026-07-10,7575.39013671875,4006370000.0,52637.01171875,408090000.0,71.41000366210938,219817.0,1795.36,0.0,False
2026-07-11,7575.39013671875,4006370000.0,52637.01171875,408090000.0,71.41000366210938,219817.0,1786.62,0.0,False
2026-07-12,7575.39013671875,4006370000.0,52637.01171875,408090000.0,71.41000366210938,219817.0,1805.68,0.0,False
2026-07-13,7515.33984375,4729990000.0,52498.640625,399240000.0,78.13999938964844,327411.0,1775.54,0.0,False
2026-07-14,7543.58984375,4836950000.0,52508.26953125,464870000.0,79.33999633789062,409973.0,1889.22,0.0,False
2026-07-15,7572.39990234375,5236550000.0,52658.640625,506020000.0,79.5999984741211,239855.0,1916.44,0.0,False
2026-07-16,7533.77001953125,5365300000.0,52552.96875,528320000.0,78.94999694824219,188731.0,1863.49,0.0,False
2026-07-17,7457.68994140625,5303290000.0,52146.421875,549690000.0,82.48999786376953,96003.0,1840.21,0.0,False
2026-07-18,7457.68994140625,5303290000.0,52146.421875,549690000.0,82.48999786376953,96003.0,1861.18,0.0,False
2026-07-19,7457.68994140625,5303290000.0,52146.421875,549690000.0,82.48999786376953,96003.0,1870.93,0.0,False
2026-07-20,7443.27978515625,5152910000.0,51839.26171875,397690000.0,83.2300033569336,99783.0,1903.14,0.0,False
2026-07-21,7509.2001953125,5149030000.0,52224.640625,404610000.0,84.91000366210938,298109.0,1928.41,0.0,False
2026-07-22,7498.9599609375,4890390000.0,52218.578125,449100000.0,86.83000183105469,358021.0,1932.68,0.0,False
2026-07-23,7408.2998046875,5515210000.0,51711.6484375,496570000.0,92.19000244140625,401934.0,1877.34,0.0,False
2026-07-24,7411.97998046875,4860620000.0,51947.25,437530000.0,89.30999755859375,365438.0,1860.18,0.0,False
2026-07-25,7411.97998046875,4860620000.0,51947.25,437530000.0,89.30999755859375,365438.0,1873.22,0.0,False
2026-07-26,7411.97998046875,4860620000.0,51947.25,437530000.0,89.30999755859375,365438.0,1952.98,0.0,False
2026-07-27,7413.18017578125,5038290000.0,52210.078125,487490000.0,82.61000061035156,352813.0,1890.55,0.0,False
2026-07-28,7428.77978515625,5590890000.0,52747.3203125,544740000.0,79.26000213623047,368026.0,1920.31,0.0,False
2026-07-29,7316.14990234375,5836350000.0,51594.140625,531850000.0,84.45999908447266,327417.0,1908.25,0.0,False
2026-07-30,7437.6298828125,5594430000.0,52208.05859375,631410000.0,83.58999633789062,235395.0,1915.99,0.0,False
2026-07-31,7489.72021484375,5391020000.0,52485.03125,697510000.0,84.66999816894531,257851.0,1860.9,0.0,False
2026-08-01,7489.72021484375,5391020000.0,52485.03125,697510000.0,84.66999816894531,257851.0,1843.16,0.0,False
2026-08-02,7489.72021484375,5391020000.0,52485.03125,697510000.0,84.66999816894531,257851.0,1883.37,0.0,False
2026-08-03,7600.5,5201470000.0,53178.41015625,598420000.0,80.33999633789062,294823.0,1858.52,0.0,False
2026-08-04,7736.52001953125,5906940000.0,54085.87890625,580350000.0,75.7699966430664,362270.0,1868.05,0.0,False
2026-08-05,7723.5498046875,5615640000.0,54349.12109375,519020000.0,75.22000122070312,259965.0,1907.22,0.0,False
2026-08-06,7709.9599609375,5330830000.0,53885.1015625,416810000.0,77.29000091552734,246260.0,1902.2,0.0,False
2026-08-07,7757.64013671875,5019970000.0,54036.9296875,378680000.0,78.18000030517578,241222.0,1912.29,0.0,False
2026-08-08,7757.64013671875,5019970000.0,54036.9296875,378680000.0,78.18000030517578,241222.0,1915.67,0.0,False
2026-08-09,7757.64013671875,5019970000.0,54036.9296875,378680000.0,78.18000030517578,241222.0,1909.16,0.0,False
2026-08-10,7753.10986328125,4879540000.0,53975.98046875,413890000.0,82.12999725341797,271132.0,1871.81,0.0,False
2026-08-11,7728.2001953125,4739500000.0,53791.8515625,379390000.0,83.19999694824219,283823.0,1880.81,0.0,False
2026-08-12,7748.5,4574170000.0,53770.26953125,410990000.0,83.2699966430664,250779.0,1878.09,0.0,False
2026-08-13,7798.990234375,4833230000.0,53839.98828125,417340000.0,81.25,245842.0,1884.35,0.0,False
2026-08-14,7785.759765625,4159900000.0,53732.41015625,319610000.0,82.4000015258789,192132.0,1880.26,0.0,False
2026-08-15,7785.759765625,4159900000.0,53732.41015625,319610000.0,82.4000015258789,192132.0,1880.81,0.0,False
2026-08-16,7785.759765625,4159900000.0,53732.41015625,319610000.0,82.4000015258789,192132.0,1874.04,0.0,False
2026-08-17,7745.06005859375,4452630000.0,53459.78125,436700000.0,84.5,180066.0,1911.54,0.0,False
2026-08-18,7691.759765625,4602700000.0,53343.3984375,427990000.0,84.94000244140625,90110.0,1916.13,0.0,False
2026-08-19,7707.97998046875,5184100000.0,53463.05078125,451460000.0,85.83000183105469,98764.0,2251.22,0.0,False
2026-08-20,7641.16015625,4759610000.0,52759.2109375,434340000.0,87.83000183105469,98764.0,2325.6,0.0,False
2026-08-21,7641.16015625,4759610000.0,52759.2109375,434340000.0,87.83000183105469,98764.0,2515.47,0.0,False
