date,cpi_headline,core_pce,ppi,nonfarm_payrolls,unemployment_rate,avg_hourly_earnings,retail_sales,gdp_nominal,fomc_rate_upper,fomc_rate_lower,fomc_rate_changed
2015-03-08,235.342,96.324,191.1,140827.0,5.5,24.79,427119.0,18279.784,0.25,0.0,False
2015-03-09,235.342,96.324,191.1,140827.0,5.5,24.79,427119.0,18279.784,0.25,0.0,False
2015-03-10,235.342,96.324,191.1,140827.0,5.5,24.79,427119.0,18279.784,0.25,0.0,False
2015-03-11,235.342,96.324,191.1,140827.0,5.5,24.79,427119.0,18279.784,0.25,0.0,False
2015-03-12,235.342,96.324,191.1,140827.0,5.5,24.79,427119.0,18279.784,0.25,0.0,False
2015-03-13,235.342,96.324,191.1,140827.0,5.5,24.79,427119.0,18279.784,0.25,0.0,False
2015-03-14,235.342,96.324,191.1,140827.0,5.5,24.79,427119.0,18279.784,0.25,0.0,False
2015-03-15,235.342,96.324,191.1,140827.0,5.5,24.79,427119.0,18279.784,0.25,0.0,False
2015-03-16,235.342,96.324,191.1,140827.0,5.5,24.79,427119.0,18279.784,0.25,0.0,False
2015-03-17,235.342,96.324,191.1,140827.0,5.5,24.79,427119.0,18279.784,0.25,0.0,False
2015-03-18,235.342,96.324,191.1,140827.0,5.5,24.79,427119.0,18279.784,0.25,0.0,False
2015-03-19,235.342,96.324,191.1,140827.0,5.5,24.79,427119.0,18279.784,0.25,0.0,False
2015-03-20,235.342,96.324,191.1,140827.0,5.5,24.79,427119.0,18279.784,0.25,0.0,False
2015-03-21,235.342,96.324,191.1,140827.0,5.5,24.79,427119.0,18279.784,0.25,0.0,False
2015-03-22,235.342,96.324,191.1,140827.0,5.5,24.79,427119.0,18279.784,0.25,0.0,False
2015-03-23,235.342,96.324,191.1,140827.0,5.5,24.79,427119.0,18279.784,0.25,0.0,False
2015-03-24,235.342,96.324,191.1,140827.0,5.5,24.79,427119.0,18279.784,0.25,0.0,False
2015-03-25,235.342,96.324,191.1,140827.0,5.5,24.79,427119.0,18279.784,0.25,0.0,False
2015-03-26,235.342,96.324,191.1,140827.0,5.5,24.79,427119.0,18279.784,0.25,0.0,False
2015-03-27,235.342,96.324,191.1,140827.0,5.5,24.79,427119.0,18279.784,0.25,0.0,False
2015-03-28,235.342,96.324,191.1,140827.0,5.5,24.79,427119.0,18279.784,0.25,0.0,False
2015-03-29,235.342,96.324,191.1,140827.0,5.5,24.79,427119.0,18279.784,0.25,0.0,False
2015-03-30,235.342,96.324,191.1,140827.0,5.5,24.79,427119.0,18279.784,0.25,0.0,False
2015-03-31,235.342,96.324,191.1,140827.0,5.5,24.79,427119.0,18279.784,0.25,0.0,False
2015-04-01,235.342,96.324,191.1,140827.0,5.5,24.79,427119.0,18279.784,0.25,0.0,False
2015-04-02,235.342,96.324,191.1,140827.0,5.5,24.79,427119.0,18279.784,0.25,0.0,False
2015-04-03,235.342,96.324,191.1,140827.0,5.5,24.79,427119.0,18279.784,0.25,0.0,False
2015-04-04,235.342,96.324,191.1,140827.0,5.5,24.79,427119.0,18279.784,0.25,0.0,False
2015-04-05,235.342,96.324,191.1,140923.0,5.4,24.85,427119.0,18279.784,0.25,0.0,False
2015-04-06,235.342,96.324,191.1,140923.0,5.4,24.85,427119.0,18279.784,0.25,0.0,False
2015-04-07,235.342,96.324,191.1,140923.0,5.4,24.85,427119.0,18279.784,0.25,0.0,False
2015-04-08,235.342,96.324,191.1,140923.0,5.4,24.85,427119.0,18279.784,0.25,0.0,False
2015-04-09,235.342,96.324,191.1,140923.0,5.4,24.85,427119.0,18279.784,0.25,0.0,False
2015-04-10,235.342,96.324,191.1,140923.0,5.4,24.85,427119.0,18279.784,0.25,0.0,False
2015-04-11,235.342,96.324,191.1,140923.0,5.4,24.85,427119.0,18279.784,0.25,0.0,False
2015-04-12,235.342,96.324,191.1,140923.0,5.4,24.85,427119.0,18279.784,0.25,0.0,False
2015-04-13,235.342,96.324,191.1,140923.0,5.4,24.85,427119.0,18279.784,0.25,0.0,False
2015-04-14,235.342,96.324,191.1,140923.0,5.4,24.85,427119.0,18279.784,0.25,0.0,False
2015-04-15,235.976,96.324,191.5,140923.0,5.4,24.85,433647.0,18279.784,0.25,0.0,False
2015-04-16,235.976,96.324,191.5,140923.0,5.4,24.85,433647.0,18279.784,0.25,0.0,False
2015-04-17,235.976,96.324,191.5,140923.0,5.4,24.85,433647.0,18279.784,0.25,0.0,False
2015-04-18,235.976,96.324,191.5,140923.0,5.4,24.85,433647.0,18279.784,0.25,0.0,False
2015-04-19,235.976,96.324,191.5,140923.0,5.4,24.85,433647.0,18279.784,0.25,0.0,False
2015-04-20,235.976,96.324,191.5,140923.0,5.4,24.85,433647.0,18279.784,0.25,0.0,False
2015-04-21,235.976,96.324,191.5,140923.0,5.4,24.85,433647.0,18279.784,0.25,0.0,False
2015-04-22,235.976,96.324,191.5,140923.0,5.4,24.85,433647.0,18279.784,0.25,0.0,False
2015-04-23,235.976,96.324,191.5,140923.0,5.4,24.85,433647.0,18279.784,0.25,0.0,False
2015-04-24,235.976,96.324,191.5,140923.0,5.4,24.85,433647.0,18279.784,0.25,0.0,False
2015-04-25,235.976,96.324,191.5,140923.0,5.4,24.85,433647.0,18279.784,0.25,0.0,False
2015-04-26,235.976,96.324,191.5,140923.0,5.4,24.85,433647.0,18279.784,0.25,0.0,False
2015-04-27,235.976,96.324,191.5,140923.0,5.4,24.85,433647.0,18279.784,0.25,0.0,False
2015-04-28,235.976,96.324,191.5,140923.0,5.4,24.85,433647.0,18279.784,0.25,0.0,False
2015-04-29,235.976,96.324,191.5,140923.0,5.4,24.85,433647.0,18279.784,0.25,0.0,False
2015-04-30,235.976,96.47,191.5,140923.0,5.4,24.85,433647.0,18279.784,0.25,0.0,False
2015-05-01,235.976,96.47,191.5,140923.0,5.4,24.85,433647.0,18279.784,0.25,0.0,False
2015-05-02,235.976,96.47,191.5,140923.0,5.4,24.85,433647.0,18279.784,0.25,0.0,False
2015-05-03,235.976,96.47,191.5,140923.0,5.4,24.85,433647.0,18279.784,0.25,0.0,False
2015-05-04,235.976,96.47,191.5,140923.0,5.4,24.85,433647.0,18279.784,0.25,0.0,False
2015-05-05,235.976,96.47,191.5,140923.0,5.4,24.85,433647.0,18279.784,0.25,0.0,False
2015-05-06,235.976,96.47,191.5,141196.0,5.4,24.89,433647.0,18279.784,0.25,0.0,False
2015-05-07,235.976,96.47,191.5,141196.0,5.4,24.89,433647.0,18279.784,0.25,0.0,False
2015-05-08,235.976,96.47,191.5,141196.0,5.4,24.89,433647.0,18279.784,0.25,0.0,False
2015-05-09,235.976,96.47,191.5,141196.0,5.4,24.89,433647.0,18279.784,0.25,0.0,False
2015-05-10,235.976,96.47,191.5,141196.0,5.4,24.89,433647.0,18279.784,0.25,0.0,False
2015-05-11,235.976,96.47,191.5,141196.0,5.4,24.89,433647.0,18279.784,0.25,0.0,False
2015-05-12,235.976,96.47,191.5,141196.0,5.4,24.89,433647.0,18279.784,0.25,0.0,False
2015-05-13,235.976,96.47,191.5,141196.0,5.4,24.89,433647.0,18279.784,0.25,0.0,False
2015-05-14,235.976,96.47,191.5,141196.0,5.4,24.89,433647.0,18279.784,0.25,0.0,False
2015-05-15,235.976,96.47,191.5,141196.0,5.4,24.89,433647.0,18279.784,0.25,0.0,False
2015-05-16,236.222,96.47,190.9,141196.0,5.4,24.89,434470.0,18279.784,0.25,0.0,False
2015-05-17,236.222,96.47,190.9,141196.0,5.4,24.89,434470.0,18279.784,0.25,0.0,False
2015-05-18,236.222,96.47,190.9,141196.0,5.4,24.89,434470.0,18279.784,0.25,0.0,False
2015-05-19,236.222,96.47,190.9,141196.0,5.4,24.89,434470.0,18279.784,0.25,0.0,False
2015-05-20,236.222,96.47,190.9,141196.0,5.4,24.89,434470.0,18279.784,0.25,0.0,False
2015-05-21,236.222,96.47,190.9,141196.0,5.4,24.89,434470.0,18279.784,0.25,0.0,False
2015-05-22,236.222,96.47,190.9,141196.0,5.4,24.89,434470.0,18279.784,0.25,0.0,False
2015-05-23,236.222,96.47,190.9,141196.0,5.4,24.89,434470.0,18279.784,0.25,0.0,False
2015-05-24,236.222,96.47,190.9,141196.0,5.4,24.89,434470.0,18279.784,0.25,0.0,False
2015-05-25,236.222,96.47,190.9,141196.0,5.4,24.89,434470.0,18279.784,0.25,0.0,False
2015-05-26,236.222,96.47,190.9,141196.0,5.4,24.89,434470.0,18279.784,0.25,0.0,False
2015-05-27,236.222,96.47,190.9,141196.0,5.4,24.89,434470.0,18279.784,0.25,0.0,False
2015-05-28,236.222,96.47,190.9,141196.0,5.4,24.89,434470.0,18279.784,0.25,0.0,False
2015-05-29,236.222,96.47,190.9,141196.0,5.4,24.89,434470.0,18279.784,0.25,0.0,False
2015-05-30,236.222,96.47,190.9,141196.0,5.4,24.89,434470.0,18279.784,0.25,0.0,False
2015-05-31,236.222,96.648,190.9,141196.0,5.4,24.89,434470.0,18279.784,0.25,0.0,False
2015-06-01,236.222,96.648,190.9,141196.0,5.4,24.89,434470.0,18279.784,0.25,0.0,False
2015-06-02,236.222,96.648,190.9,141196.0,5.4,24.89,434470.0,18279.784,0.25,0.0,False
2015-06-03,236.222,96.648,190.9,141196.0,5.4,24.89,434470.0,18279.784,0.25,0.0,False
2015-06-04,236.222,96.648,190.9,141196.0,5.4,24.89,434470.0,18279.784,0.25,0.0,False
2015-06-05,236.222,96.648,190.9,141538.0,5.6,24.97,434470.0,18279.784,0.25,0.0,False
2015-06-06,236.222,96.648,190.9,141538.0,5.6,24.97,434470.0,18279.784,0.25,0.0,False
2015-06-07,236.222,96.648,190.9,141538.0,5.6,24.97,434470.0,18279.784,0.25,0.0,False
2015-06-08,236.222,96.648,190.9,141538.0,5.6,24.97,434470.0,18279.784,0.25,0.0,False
2015-06-09,236.222,96.648,190.9,141538.0,5.6,24.97,434470.0,18279.784,0.25,0.0,False
2015-06-10,236.222,96.648,190.9,141538.0,5.6,24.97,434470.0,18279.784,0.25,0.0,False
2015-06-11,236.222,96.648,190.9,141538.0,5.6,24.97,434470.0,18279.784,0.25,0.0,False
2015-06-12,236.222,96.648,190.9,141538.0,5.6,24.97,434470.0,18279.784,0.25,0.0,False
2015-06-13,236.222,96.648,190.9,141538.0,5.6,24.97,434470.0,18279.784,0.25,0.0,False
2015-06-14,236.222,96.648,190.9,141538.0,5.6,24.97,434470.0,18279.784,0.25,0.0,False
2015-06-15,237.001,96.648,193.4,141538.0,5.6,24.97,437865.0,18279.784,0.25,0.0,False
2015-06-16,237.001,96.648,193.4,141538.0,5.6,24.97,437865.0,18279.784,0.25,0.0,False
2015-06-17,237.001,96.648,193.4,141538.0,5.6,24.97,437865.0,18279.784,0.25,0.0,False
2015-06-18,237.001,96.648,193.4,141538.0,5.6,24.97,437865.0,18279.784,0.25,0.0,False
2015-06-19,237.001,96.648,193.4,141538.0,5.6,24.97,437865.0,18279.784,0.25,0.0,False
2015-06-20,237.001,96.648,193.4,141538.0,5.6,24.97,437865.0,18279.784,0.25,0.0,False
2015-06-21,237.001,96.648,193.4,141538.0,5.6,24.97,437865.0,18279.784,0.25,0.0,False
2015-06-22,237.001,96.648,193.4,141538.0,5.6,24.97,437865.0,18279.784,0.25,0.0,False
2015-06-23,237.001,96.648,193.4,141538.0,5.6,24.97,437865.0,18279.784,0.25,0.0,False
2015-06-24,237.001,96.648,193.4,141538.0,5.6,24.97,437865.0,18279.784,0.25,0.0,False
2015-06-25,237.001,96.648,193.4,141538.0,5.6,24.97,437865.0,18279.784,0.25,0.0,False
2015-06-26,237.001,96.648,193.4,141538.0,5.6,24.97,437865.0,18279.784,0.25,0.0,False
2015-06-27,237.001,96.648,193.4,141538.0,5.6,24.97,437865.0,18279.784,0.25,0.0,False
2015-06-28,237.001,96.648,193.4,141538.0,5.6,24.97,437865.0,18279.784,0.25,0.0,False
2015-06-29,237.001,96.648,193.4,141538.0,5.6,24.97,437865.0,18279.784,0.25,0.0,False
2015-06-30,237.001,96.766,193.4,141538.0,5.6,24.97,437865.0,18279.784,0.25,0.0,False
2015-07-01,237.001,96.766,193.4,141538.0,5.6,24.97,437865.0,18279.784,0.25,0.0,False
2015-07-02,237.001,96.766,193.4,141538.0,5.6,24.97,437865.0,18279.784,0.25,0.0,False
2015-07-03,237.001,96.766,193.4,141538.0,5.6,24.97,437865.0,18279.784,0.25,0.0,False
2015-07-04,237.001,96.766,193.4,141538.0,5.6,24.97,437865.0,18279.784,0.25,0.0,False
2015-07-05,237.001,96.766,193.4,141538.0,5.6,24.97,437865.0,18279.784,0.25,0.0,False
2015-07-06,237.001,96.766,193.4,141709.0,5.3,24.97,437865.0,18279.784,0.25,0.0,False
2015-07-07,237.001,96.766,193.4,141709.0,5.3,24.97,437865.0,18279.784,0.25,0.0,False
2015-07-08,237.001,96.766,193.4,141709.0,5.3,24.97,437865.0,18279.784,0.25,0.0,False
2015-07-09,237.001,96.766,193.4,141709.0,5.3,24.97,437865.0,18279.784,0.25,0.0,False
2015-07-10,237.001,96.766,193.4,141709.0,5.3,24.97,437865.0,18279.784,0.25,0.0,False
2015-07-11,237.001,96.766,193.4,141709.0,5.3,24.97,437865.0,18279.784,0.25,0.0,False
2015-07-12,237.001,96.766,193.4,141709.0,5.3,24.97,437865.0,18279.784,0.25,0.0,False
2015-07-13,237.001,96.766,193.4,141709.0,5.3,24.97,437865.0,18279.784,0.25,0.0,False
2015-07-14,237.001,96.766,193.4,141709.0,5.3,24.97,437865.0,18279.784,0.25,0.0,False
2015-07-15,237.001,96.766,193.4,141709.0,5.3,24.97,437865.0,18279.784,0.25,0.0,False
2015-07-16,237.657,96.766,194.8,141709.0,5.3,24.97,437951.0,18279.784,0.25,0.0,False
2015-07-17,237.657,96.766,194.8,141709.0,5.3,24.97,437951.0,18279.784,0.25,0.0,False
2015-07-18,237.657,96.766,194.8,141709.0,5.3,24.97,437951.0,18279.784,0.25,0.0,False
2015-07-19,237.657,96.766,194.8,141709.0,5.3,24.97,437951.0,18279.784,0.25,0.0,False
2015-07-20,237.657,96.766,194.8,141709.0,5.3,24.97,437951.0,18279.784,0.25,0.0,False
2015-07-21,237.657,96.766,194.8,141709.0,5.3,24.97,437951.0,18279.784,0.25,0.0,False
2015-07-22,237.657,96.766,194.8,141709.0,5.3,24.97,437951.0,18279.784,0.25,0.0,False
2015-07-23,237.657,96.766,194.8,141709.0,5.3,24.97,437951.0,18279.784,0.25,0.0,False
2015-07-24,237.657,96.766,194.8,141709.0,5.3,24.97,437951.0,18279.784,0.25,0.0,False
2015-07-25,237.657,96.766,194.8,141709.0,5.3,24.97,437951.0,18279.784,0.25,0.0,False
2015-07-26,237.657,96.766,194.8,141709.0,5.3,24.97,437951.0,18279.784,0.25,0.0,False
2015-07-27,237.657,96.766,194.8,141709.0,5.3,24.97,437951.0,18279.784,0.25,0.0,False
2015-07-28,237.657,96.766,194.8,141709.0,5.3,24.97,437951.0,18279.784,0.25,0.0,False
2015-07-29,237.657,96.766,194.8,141709.0,5.3,24.97,437951.0,18279.784,0.25,0.0,False
2015-07-30,237.657,96.766,194.8,141709.0,5.3,24.97,437951.0,18279.784,0.25,0.0,False
2015-07-31,237.657,96.882,194.8,141709.0,5.3,24.97,437951.0,18401.626,0.25,0.0,False
2015-08-01,237.657,96.882,194.8,141709.0,5.3,24.97,437951.0,18401.626,0.25,0.0,False
2015-08-02,237.657,96.882,194.8,141709.0,5.3,24.97,437951.0,18401.626,0.25,0.0,False
2015-08-03,237.657,96.882,194.8,141709.0,5.3,24.97,437951.0,18401.626,0.25,0.0,False
2015-08-04,237.657,96.882,194.8,141709.0,5.3,24.97,437951.0,18401.626,0.25,0.0,False
2015-08-05,237.657,96.882,194.8,141991.0,5.2,25.01,437951.0,18401.626,0.25,0.0,False
2015-08-06,237.657,96.882,194.8,141991.0,5.2,25.01,437951.0,18401.626,0.25,0.0,False
2015-08-07,237.657,96.882,194.8,141991.0,5.2,25.01,437951.0,18401.626,0.25,0.0,False
2015-08-08,237.657,96.882,194.8,141991.0,5.2,25.01,437951.0,18401.626,0.25,0.0,False
2015-08-09,237.657,96.882,194.8,141991.0,5.2,25.01,437951.0,18401.626,0.25,0.0,False
2015-08-10,237.657,96.882,194.8,141991.0,5.2,25.01,437951.0,18401.626,0.25,0.0,False
2015-08-11,237.657,96.882,194.8,141991.0,5.2,25.01,437951.0,18401.626,0.25,0.0,False
2015-08-12,237.657,96.882,194.8,141991.0,5.2,25.01,437951.0,18401.626,0.25,0.0,False
2015-08-13,237.657,96.882,194.8,141991.0,5.2,25.01,437951.0,18401.626,0.25,0.0,False
2015-08-14,237.657,96.882,194.8,141991.0,5.2,25.01,437951.0,18401.626,0.25,0.0,False
2015-08-15,238.034,96.882,193.9,141991.0,5.2,25.01,441942.0,18401.626,0.25,0.0,False
2015-08-16,238.034,96.882,193.9,141991.0,5.2,25.01,441942.0,18401.626,0.25,0.0,False
2015-08-17,238.034,96.882,193.9,141991.0,5.2,25.01,441942.0,18401.626,0.25,0.0,False
2015-08-18,238.034,96.882,193.9,141991.0,5.2,25.01,441942.0,18401.626,0.25,0.0,False
2015-08-19,238.034,96.882,193.9,141991.0,5.2,25.01,441942.0,18401.626,0.25,0.0,False
2015-08-20,238.034,96.882,193.9,141991.0,5.2,25.01,441942.0,18401.626,0.25,0.0,False
2015-08-21,238.034,96.882,193.9,141991.0,5.2,25.01,441942.0,18401.626,0.25,0.0,False
2015-08-22,238.034,96.882,193.9,141991.0,5.2,25.01,441942.0,18401.626,0.25,0.0,False
2015-08-23,238.034,96.882,193.9,141991.0,5.2,25.01,441942.0,18401.626,0.25,0.0,False
2015-08-24,238.034,96.882,193.9,141991.0,5.2,25.01,441942.0,18401.626,0.25,0.0,False
2015-08-25,238.034,96.882,193.9,141991.0,5.2,25.01,441942.0,18401.626,0.25,0.0,False
2015-08-26,238.034,96.882,193.9,141991.0,5.2,25.01,441942.0,18401.626,0.25,0.0,False
2015-08-27,238.034,96.882,193.9,141991.0,5.2,25.01,441942.0,18401.626,0.25,0.0,False
2015-08-28,238.034,96.882,193.9,141991.0,5.2,25.01,441942.0,18401.626,0.25,0.0,False
2015-08-29,238.034,96.882,193.9,141991.0,5.2,25.01,441942.0,18401.626,0.25,0.0,False
2015-08-30,238.034,96.978,193.9,141991.0,5.2,25.01,441942.0,18401.626,0.25,0.0,False
2015-08-31,238.034,96.978,193.9,141991.0,5.2,25.01,441942.0,18401.626,0.25,0.0,False
2015-09-01,238.034,96.978,193.9,141991.0,5.2,25.01,441942.0,18401.626,0.25,0.0,False
2015-09-02,238.034,96.978,193.9,141991.0,5.2,25.01,441942.0,18401.626,0.25,0.0,False
2015-09-03,238.034,96.978,193.9,141991.0,5.2,25.01,441942.0,18401.626,0.25,0.0,False
2015-09-04,238.034,96.978,193.9,141991.0,5.2,25.01,441942.0,18401.626,0.25,0.0,False
2015-09-05,238.034,96.978,193.9,142125.0,5.1,25.1,441942.0,18401.626,0.25,0.0,False
2015-09-06,238.034,96.978,193.9,142125.0,5.1,25.1,441942.0,18401.626,0.25,0.0,False
2015-09-07,238.034,96.978,193.9,142125.0,5.1,25.1,441942.0,18401.626,0.25,0.0,False
2015-09-08,238.034,96.978,193.9,142125.0,5.1,25.1,441942.0,18401.626,0.25,0.0,False
2015-09-09,238.034,96.978,193.9,142125.0,5.1,25.1,441942.0,18401.626,0.25,0.0,False
2015-09-10,238.034,96.978,193.9,142125.0,5.1,25.1,441942.0,18401.626,0.25,0.0,False
2015-09-11,238.034,96.978,193.9,142125.0,5.1,25.1,441942.0,18401.626,0.25,0.0,False
2015-09-12,238.034,96.978,193.9,142125.0,5.1,25.1,441942.0,18401.626,0.25,0.0,False
2015-09-13,238.034,96.978,193.9,142125.0,5.1,25.1,441942.0,18401.626,0.25,0.0,False
2015-09-14,238.034,96.978,193.9,142125.0,5.1,25.1,441942.0,18401.626,0.25,0.0,False
2015-09-15,238.033,96.978,191.9,142125.0,5.1,25.1,441849.0,18401.626,0.25,0.0,False
2015-09-16,238.033,96.978,191.9,142125.0,5.1,25.1,441849.0,18401.626,0.25,0.0,False
2015-09-17,238.033,96.978,191.9,142125.0,5.1,25.1,441849.0,18401.626,0.25,0.0,False
2015-09-18,238.033,96.978,191.9,142125.0,5.1,25.1,441849.0,18401.626,0.25,0.0,False
2015-09-19,238.033,96.978,191.9,142125.0,5.1,25.1,441849.0,18401.626,0.25,0.0,False
2015-09-20,238.033,96.978,191.9,142125.0,5.1,25.1,441849.0,18401.626,0.25,0.0,False
2015-09-21,238.033,96.978,191.9,142125.0,5.1,25.1,441849.0,18401.626,0.25,0.0,False
2015-09-22,238.033,96.978,191.9,142125.0,5.1,25.1,441849.0,18401.626,0.25,0.0,False
2015-09-23,238.033,96.978,191.9,142125.0,5.1,25.1,441849.0,18401.626,0.25,0.0,False
2015-09-24,238.033,96.978,191.9,142125.0,5.1,25.1,441849.0,18401.626,0.25,0.0,False
2015-09-25,238.033,96.978,191.9,142125.0,5.1,25.1,441849.0,18401.626,0.25,0.0,False
2015-09-26,238.033,96.978,191.9,142125.0,5.1,25.1,441849.0,18401.626,0.25,0.0,False
2015-09-27,238.033,96.978,191.9,142125.0,5.1,25.1,441849.0,18401.626,0.25,0.0,False
2015-09-28,238.033,96.978,191.9,142125.0,5.1,25.1,441849.0,18401.626,0.25,0.0,False
2015-09-29,238.033,96.978,191.9,142125.0,5.1,25.1,441849.0,18401.626,0.25,0.0,False
2015-09-30,238.033,97.056,191.9,142125.0,5.1,25.1,441849.0,18401.626,0.25,0.0,False
2015-10-01,238.033,97.056,191.9,142125.0,5.1,25.1,441849.0,18401.626,0.25,0.0,False
2015-10-02,238.033,97.056,191.9,142125.0,5.1,25.1,441849.0,18401.626,0.25,0.0,False
2015-10-03,238.033,97.056,191.9,142125.0,5.1,25.1,441849.0,18401.626,0.25,0.0,False
2015-10-04,238.033,97.056,191.9,142125.0,5.1,25.1,441849.0,18401.626,0.25,0.0,False
2015-10-05,238.033,97.056,191.9,142125.0,5.1,25.1,441849.0,18401.626,0.25,0.0,False
2015-10-06,238.033,97.056,191.9,142275.0,5.0,25.11,441849.0,18401.626,0.25,0.0,False
2015-10-07,238.033,97.056,191.9,142275.0,5.0,25.11,441849.0,18401.626,0.25,0.0,False
2015-10-08,238.033,97.056,191.9,142275.0,5.0,25.11,441849.0,18401.626,0.25,0.0,False
2015-10-09,238.033,97.056,191.9,142275.0,5.0,25.11,441849.0,18401.626,0.25,0.0,False
2015-10-10,238.033,97.056,191.9,142275.0,5.0,25.11,441849.0,18401.626,0.25,0.0,False
2015-10-11,238.033,97.056,191.9,142275.0,5.0,25.11,441849.0,18401.626,0.25,0.0,False
2015-10-12,238.033,97.056,191.9,142275.0,5.0,25.11,441849.0,18401.626,0.25,0.0,False
2015-10-13,238.033,97.056,191.9,142275.0,5.0,25.11,441849.0,18401.626,0.25,0.0,False
2015-10-14,238.033,97.056,191.9,142275.0,5.0,25.11,441849.0,18401.626,0.25,0.0,False
2015-10-15,238.033,97.056,191.9,142275.0,5.0,25.11,441849.0,18401.626,0.25,0.0,False
2015-10-16,237.498,97.056,189.1,142275.0,5.0,25.11,439867.0,18401.626,0.25,0.0,False
2015-10-17,237.498,97.056,189.1,142275.0,5.0,25.11,439867.0,18401.626,0.25,0.0,False
2015-10-18,237.498,97.056,189.1,142275.0,5.0,25.11,439867.0,18401.626,0.25,0.0,False
2015-10-19,237.498,97.056,189.1,142275.0,5.0,25.11,439867.0,18401.626,0.25,0.0,False
2015-10-20,237.498,97.056,189.1,142275.0,5.0,25.11,439867.0,18401.626,0.25,0.0,False
2015-10-21,237.498,97.056,189.1,142275.0,5.0,25.11,439867.0,18401.626,0.25,0.0,False
2015-10-22,237.498,97.056,189.1,142275.0,5.0,25.11,439867.0,18401.626,0.25,0.0,False
2015-10-23,237.498,97.056,189.1,142275.0,5.0,25.11,439867.0,18401.626,0.25,0.0,False
2015-10-24,237.498,97.056,189.1,142275.0,5.0,25.11,439867.0,18401.626,0.25,0.0,False
2015-10-25,237.498,97.056,189.1,142275.0,5.0,25.11,439867.0,18401.626,0.25,0.0,False
2015-10-26,237.498,97.056,189.1,142275.0,5.0,25.11,439867.0,18401.626,0.25,0.0,False
2015-10-27,237.498,97.056,189.1,142275.0,5.0,25.11,439867.0,18401.626,0.25,0.0,False
2015-10-28,237.498,97.056,189.1,142275.0,5.0,25.11,439867.0,18401.626,0.25,0.0,False
2015-10-29,237.498,97.056,189.1,142275.0,5.0,25.11,439867.0,18401.626,0.25,0.0,False
2015-10-30,237.498,97.056,189.1,142275.0,5.0,25.11,439867.0,18401.626,0.25,0.0,False
2015-10-31,237.498,97.196,189.1,142275.0,5.0,25.11,439867.0,18435.137,0.25,0.0,False
2015-11-01,237.498,97.196,189.1,142275.0,5.0,25.11,439867.0,18435.137,0.25,0.0,False
2015-11-02,237.498,97.196,189.1,142275.0,5.0,25.11,439867.0,18435.137,0.25,0.0,False
2015-11-03,237.498,97.196,189.1,142275.0,5.0,25.11,439867.0,18435.137,0.25,0.0,False
2015-11-04,237.498,97.196,189.1,142275.0,5.0,25.11,439867.0,18435.137,0.25,0.0,False
2015-11-05,237.498,97.196,189.1,142579.0,5.0,25.2,439867.0,18435.137,0.25,0.0,False
2015-11-06,237.498,97.196,189.1,142579.0,5.0,25.2,439867.0,18435.137,0.25,0.0,False
2015-11-07,237.498,97.196,189.1,142579.0,5.0,25.2,439867.0,18435.137,0.25,0.0,False
2015-11-08,237.498,97.196,189.1,142579.0,5.0,25.2,439867.0,18435.137,0.25,0.0,False
2015-11-09,237.498,97.196,189.1,142579.0,5.0,25.2,439867.0,18435.137,0.25,0.0,False
2015-11-10,237.498,97.196,189.1,142579.0,5.0,25.2,439867.0,18435.137,0.25,0.0,False
2015-11-11,237.498,97.196,189.1,142579.0,5.0,25.2,439867.0,18435.137,0.25,0.0,False
2015-11-12,237.498,97.196,189.1,142579.0,5.0,25.2,439867.0,18435.137,0.25,0.0,False
2015-11-13,237.498,97.196,189.1,142579.0,5.0,25.2,439867.0,18435.137,0.25,0.0,False
2015-11-14,237.498,97.196,189.1,142579.0,5.0,25.2,439867.0,18435.137,0.25,0.0,False
2015-11-15,237.733,97.196,187.5,142579.0,5.0,25.2,438693.0,18435.137,0.25,0.0,False
2015-11-16,237.733,97.196,187.5,142579.0,5.0,25.2,438693.0,18435.137,0.25,0.0,False
2015-11-17,237.733,97.196,187.5,142579.0,5.0,25.2,438693.0,18435.137,0.25,0.0,False
2015-11-18,237.733,97.196,187.5,142579.0,5.0,25.2,438693.0,18435.137,0.25,0.0,False
2015-11-19,237.733,97.196,187.5,142579.0,5.0,25.2,438693.0,18435.137,0.25,0.0,False
2015-11-20,237.733,97.196,187.5,142579.0,5.0,25.2,438693.0,18435.137,0.25,0.0,False
2015-11-21,237.733,97.196,187.5,142579.0,5.0,25.2,438693.0,18435.137,0.25,0.0,False
2015-11-22,237.733,97.196,187.5,142579.0,5.0,25.2,438693.0,18435.137,0.25,0.0,False
2015-11-23,237.733,97.196,187.5,142579.0,5.0,25.2,438693.0,18435.137,0.25,0.0,False
2015-11-24,237.733,97.196,187.5,142579.0,5.0,25.2,438693.0,18435.137,0.25,0.0,False
2015-11-25,237.733,97.196,187.5,142579.0,5.0,25.2,438693.0,18435.137,0.25,0.0,False
2015-11-26,237.733,97.196,187.5,142579.0,5.0,25.2,438693.0,18435.137,0.25,0.0,False
2015-11-27,237.733,97.196,187.5,142579.0,5.0,25.2,438693.0,18435.137,0.25,0.0,False
2015-11-28,237.733,97.196,187.5,142579.0,5.0,25.2,438693.0,18435.137,0.25,0.0,False
2015-11-29,237.733,97.196,187.5,142579.0,5.0,25.2,438693.0,18435.137,0.25,0.0,False
2015-11-30,237.733,97.228,187.5,142579.0,5.0,25.2,438693.0,18435.137,0.25,0.0,False
2015-12-01,237.733,97.228,187.5,142579.0,5.0,25.2,438693.0,18435.137,0.25,0.0,False
2015-12-02,237.733,97.228,187.5,142579.0,5.0,25.2,438693.0,18435.137,0.25,0.0,False
2015-12-03,237.733,97.228,187.5,142579.0,5.0,25.2,438693.0,18435.137,0.25,0.0,False
2015-12-04,237.733,97.228,187.5,142579.0,5.0,25.2,438693.0,18435.137,0.25,0.0,False
2015-12-05,237.733,97.228,187.5,142579.0,5.0,25.2,438693.0,18435.137,0.25,0.0,False
2015-12-06,237.733,97.228,187.5,142808.0,5.1,25.25,438693.0,18435.137,0.25,0.0,False
2015-12-07,237.733,97.228,187.5,142808.0,5.1,25.25,438693.0,18435.137,0.25,0.0,False
2015-12-08,237.733,97.228,187.5,142808.0,5.1,25.25,438693.0,18435.137,0.25,0.0,False
2015-12-09,237.733,97.228,187.5,142808.0,5.1,25.25,438693.0,18435.137,0.25,0.0,False
2015-12-10,237.733,97.228,187.5,142808.0,5.1,25.25,438693.0,18435.137,0.25,0.0,False
2015-12-11,237.733,97.228,187.5,142808.0,5.1,25.25,438693.0,18435.137,0.25,0.0,False
2015-12-12,237.733,97.228,187.5,142808.0,5.1,25.25,438693.0,18435.137,0.25,0.0,False
2015-12-13,237.733,97.228,187.5,142808.0,5.1,25.25,438693.0,18435.137,0.25,0.0,False
2015-12-14,237.733,97.228,187.5,142808.0,5.1,25.25,438693.0,18435.137,0.25,0.0,False
2015-12-15,237.733,97.228,187.5,142808.0,5.1,25.25,438693.0,18435.137,0.25,0.0,False
2015-12-16,238.017,97.228,185.7,142808.0,5.1,25.25,440303.0,18435.137,0.5,0.25,True
2015-12-17,238.017,97.228,185.7,142808.0,5.1,25.25,440303.0,18435.137,0.5,0.25,False
2015-12-18,238.017,97.228,185.7,142808.0,5.1,25.25,440303.0,18435.137,0.5,0.25,False
2015-12-19,238.017,97.228,185.7,142808.0,5.1,25.25,440303.0,18435.137,0.5,0.25,False
2015-12-20,238.017,97.228,185.7,142808.0,5.1,25.25,440303.0,18435.137,0.5,0.25,False
2015-12-21,238.017,97.228,185.7,142808.0,5.1,25.25,440303.0,18435.137,0.5,0.25,False
2015-12-22,238.017,97.228,185.7,142808.0,5.1,25.25,440303.0,18435.137,0.5,0.25,False
2015-12-23,238.017,97.228,185.7,142808.0,5.1,25.25,440303.0,18435.137,0.5,0.25,False
2015-12-24,238.017,97.228,185.7,142808.0,5.1,25.25,440303.0,18435.137,0.5,0.25,False
2015-12-25,238.017,97.228,185.7,142808.0,5.1,25.25,440303.0,18435.137,0.5,0.25,False
2015-12-26,238.017,97.228,185.7,142808.0,5.1,25.25,440303.0,18435.137,0.5,0.25,False
2015-12-27,238.017,97.228,185.7,142808.0,5.1,25.25,440303.0,18435.137,0.5,0.25,False
2015-12-28,238.017,97.228,185.7,142808.0,5.1,25.25,440303.0,18435.137,0.5,0.25,False
2015-12-29,238.017,97.228,185.7,142808.0,5.1,25.25,440303.0,18435.137,0.5,0.25,False
2015-12-30,238.017,97.228,185.7,142808.0,5.1,25.25,440303.0,18435.137,0.5,0.25,False
2015-12-31,238.017,97.332,185.7,142808.0,5.1,25.25,440303.0,18435.137,0.5,0.25,False
2016-01-01,238.017,97.332,185.7,142808.0,5.1,25.25,440303.0,18435.137,0.5,0.25,False
2016-01-02,238.017,97.332,185.7,142808.0,5.1,25.25,440303.0,18435.137,0.5,0.25,False
2016-01-03,238.017,97.332,185.7,142808.0,5.1,25.25,440303.0,18435.137,0.5,0.25,False
2016-01-04,238.017,97.332,185.7,142808.0,5.1,25.25,440303.0,18435.137,0.5,0.25,False
2016-01-05,238.017,97.332,185.7,143077.0,5.0,25.25,440303.0,18435.137,0.5,0.25,False
2016-01-06,238.017,97.332,185.7,143077.0,5.0,25.25,440303.0,18435.137,0.5,0.25,False
2016-01-07,238.017,97.332,185.7,143077.0,5.0,25.25,440303.0,18435.137,0.5,0.25,False
2016-01-08,238.017,97.332,185.7,143077.0,5.0,25.25,440303.0,18435.137,0.5,0.25,False
2016-01-09,238.017,97.332,185.7,143077.0,5.0,25.25,440303.0,18435.137,0.5,0.25,False
2016-01-10,238.017,97.332,185.7,143077.0,5.0,25.25,440303.0,18435.137,0.5,0.25,False
2016-01-11,238.017,97.332,185.7,143077.0,5.0,25.25,440303.0,18435.137,0.5,0.25,False
2016-01-12,238.017,97.332,185.7,143077.0,5.0,25.25,440303.0,18435.137,0.5,0.25,False
2016-01-13,238.017,97.332,185.7,143077.0,5.0,25.25,440303.0,18435.137,0.5,0.25,False
2016-01-14,238.017,97.332,185.7,143077.0,5.0,25.25,440303.0,18435.137,0.5,0.25,False
2016-01-15,237.761,97.332,183.5,143077.0,5.0,25.25,442149.0,18435.137,0.5,0.25,False
2016-01-16,237.761,97.332,183.5,143077.0,5.0,25.25,442149.0,18435.137,0.5,0.25,False
2016-01-17,237.761,97.332,183.5,143077.0,5.0,25.25,442149.0,18435.137,0.5,0.25,False
2016-01-18,237.761,97.332,183.5,143077.0,5.0,25.25,442149.0,18435.137,0.5,0.25,False
2016-01-19,237.761,97.332,183.5,143077.0,5.0,25.25,442149.0,18435.137,0.5,0.25,False
2016-01-20,237.761,97.332,183.5,143077.0,5.0,25.25,442149.0,18435.137,0.5,0.25,False
2016-01-21,237.761,97.332,183.5,143077.0,5.0,25.25,442149.0,18435.137,0.5,0.25,False
2016-01-22,237.761,97.332,183.5,143077.0,5.0,25.25,442149.0,18435.137,0.5,0.25,False
2016-01-23,237.761,97.332,183.5,143077.0,5.0,25.25,442149.0,18435.137,0.5,0.25,False
2016-01-24,237.761,97.332,183.5,143077.0,5.0,25.25,442149.0,18435.137,0.5,0.25,False
2016-01-25,237.761,97.332,183.5,143077.0,5.0,25.25,442149.0,18435.137,0.5,0.25,False
2016-01-26,237.761,97.332,183.5,143077.0,5.0,25.25,442149.0,18435.137,0.5,0.25,False
2016-01-27,237.761,97.332,183.5,143077.0,5.0,25.25,442149.0,18435.137,0.5,0.25,False
2016-01-28,237.761,97.332,183.5,143077.0,5.0,25.25,442149.0,18435.137,0.5,0.25,False
2016-01-29,237.761,97.332,183.5,143077.0,5.0,25.25,442149.0,18435.137,0.5,0.25,False
2016-01-30,237.761,97.396,183.5,143077.0,5.0,25.25,442149.0,18435.137,0.5,0.25,False
2016-01-31,237.761,97.396,183.5,143077.0,5.0,25.25,442149.0,18525.933,0.5,0.25,False
2016-02-01,237.761,97.396,183.5,143077.0,5.0,25.25,442149.0,18525.933,0.5,0.25,False
2016-02-02,237.761,97.396,183.5,143077.0,5.0,25.25,442149.0,18525.933,0.5,0.25,False
2016-02-03,237.761,97.396,183.5,143077.0,5.0,25.25,442149.0,18525.933,0.5,0.25,False
2016-02-04,237.761,97.396,183.5,143077.0,5.0,25.25,442149.0,18525.933,0.5,0.25,False
2016-02-05,237.761,97.396,183.5,143210.0,4.8,25.37,442149.0,18525.933,0.5,0.25,False
2016-02-06,237.761,97.396,183.5,143210.0,4.8,25.37,442149.0,18525.933,0.5,0.25,False
2016-02-07,237.761,97.396,183.5,143210.0,4.8,25.37,442149.0,18525.933,0.5,0.25,False
2016-02-08,237.761,97.396,183.5,143210.0,4.8,25.37,442149.0,18525.933,0.5,0.25,False
2016-02-09,237.761,97.396,183.5,143210.0,4.8,25.37,442149.0,18525.933,0.5,0.25,False
2016-02-10,237.761,97.396,183.5,143210.0,4.8,25.37,442149.0,18525.933,0.5,0.25,False
2016-02-11,237.761,97.396,183.5,143210.0,4.8,25.37,442149.0,18525.933,0.5,0.25,False
2016-02-12,237.761,97.396,183.5,143210.0,4.8,25.37,442149.0,18525.933,0.5,0.25,False
2016-02-13,237.761,97.396,183.5,143210.0,4.8,25.37,442149.0,18525.933,0.5,0.25,False
2016-02-14,237.761,97.396,183.5,143210.0,4.8,25.37,442149.0,18525.933,0.5,0.25,False
2016-02-15,237.652,97.396,182.6,143210.0,4.8,25.37,439466.0,18525.933,0.5,0.25,False
2016-02-16,237.652,97.396,182.6,143210.0,4.8,25.37,439466.0,18525.933,0.5,0.25,False
2016-02-17,237.652,97.396,182.6,143210.0,4.8,25.37,439466.0,18525.933,0.5,0.25,False
2016-02-18,237.652,97.396,182.6,143210.0,4.8,25.37,439466.0,18525.933,0.5,0.25,False
2016-02-19,237.652,97.396,182.6,143210.0,4.8,25.37,439466.0,18525.933,0.5,0.25,False
2016-02-20,237.652,97.396,182.6,143210.0,4.8,25.37,439466.0,18525.933,0.5,0.25,False
2016-02-21,237.652,97.396,182.6,143210.0,4.8,25.37,439466.0,18525.933,0.5,0.25,False
2016-02-22,237.652,97.396,182.6,143210.0,4.8,25.37,439466.0,18525.933,0.5,0.25,False
2016-02-23,237.652,97.396,182.6,143210.0,4.8,25.37,439466.0,18525.933,0.5,0.25,False
2016-02-24,237.652,97.396,182.6,143210.0,4.8,25.37,439466.0,18525.933,0.5,0.25,False
2016-02-25,237.652,97.396,182.6,143210.0,4.8,25.37,439466.0,18525.933,0.5,0.25,False
2016-02-26,237.652,97.396,182.6,143210.0,4.8,25.37,439466.0,18525.933,0.5,0.25,False
2016-02-27,237.652,97.396,182.6,143210.0,4.8,25.37,439466.0,18525.933,0.5,0.25,False
2016-02-28,237.652,97.396,182.6,143210.0,4.8,25.37,439466.0,18525.933,0.5,0.25,False
2016-02-29,237.652,97.396,182.6,143210.0,4.8,25.37,439466.0,18525.933,0.5,0.25,False
2016-03-01,237.652,97.567,182.6,143210.0,4.8,25.37,439466.0,18525.933,0.5,0.25,False
2016-03-02,237.652,97.567,182.6,143210.0,4.8,25.37,439466.0,18525.933,0.5,0.25,False
2016-03-03,237.652,97.567,182.6,143210.0,4.8,25.37,439466.0,18525.933,0.5,0.25,False
2016-03-04,237.652,97.567,182.6,143210.0,4.8,25.37,439466.0,18525.933,0.5,0.25,False
2016-03-05,237.652,97.567,182.6,143210.0,4.8,25.37,439466.0,18525.933,0.5,0.25,False
2016-03-06,237.652,97.567,182.6,143210.0,4.8,25.37,439466.0,18525.933,0.5,0.25,False
2016-03-07,237.652,97.567,182.6,143406.0,4.9,25.38,439466.0,18525.933,0.5,0.25,False
2016-03-08,237.652,97.567,182.6,143406.0,4.9,25.38,439466.0,18525.933,0.5,0.25,False
2016-03-09,237.652,97.567,182.6,143406.0,4.9,25.38,439466.0,18525.933,0.5,0.25,False
2016-03-10,237.652,97.567,182.6,143406.0,4.9,25.38,439466.0,18525.933,0.5,0.25,False
2016-03-11,237.652,97.567,182.6,143406.0,4.9,25.38,439466.0,18525.933,0.5,0.25,False
2016-03-12,237.652,97.567,182.6,143406.0,4.9,25.38,439466.0,18525.933,0.5,0.25,False
2016-03-13,237.652,97.567,182.6,143406.0,4.9,25.38,439466.0,18525.933,0.5,0.25,False
2016-03-14,237.652,97.567,182.6,143406.0,4.9,25.38,439466.0,18525.933,0.5,0.25,False
2016-03-15,237.652,97.567,182.6,143406.0,4.9,25.38,439466.0,18525.933,0.5,0.25,False
2016-03-16,237.652,97.567,182.6,143406.0,4.9,25.38,439466.0,18525.933,0.5,0.25,False
2016-03-17,237.336,97.567,181.3,143406.0,4.9,25.38,443117.0,18525.933,0.5,0.25,False
2016-03-18,237.336,97.567,181.3,143406.0,4.9,25.38,443117.0,18525.933,0.5,0.25,False
2016-03-19,237.336,97.567,181.3,143406.0,4.9,25.38,443117.0,18525.933,0.5,0.25,False
2016-03-20,237.336,97.567,181.3,143406.0,4.9,25.38,443117.0,18525.933,0.5,0.25,False
2016-03-21,237.336,97.567,181.3,143406.0,4.9,25.38,443117.0,18525.933,0.5,0.25,False
2016-03-22,237.336,97.567,181.3,143406.0,4.9,25.38,443117.0,18525.933,0.5,0.25,False
2016-03-23,237.336,97.567,181.3,143406.0,4.9,25.38,443117.0,18525.933,0.5,0.25,False
2016-03-24,237.336,97.567,181.3,143406.0,4.9,25.38,443117.0,18525.933,0.5,0.25,False
2016-03-25,237.336,97.567,181.3,143406.0,4.9,25.38,443117.0,18525.933,0.5,0.25,False
2016-03-26,237.336,97.567,181.3,143406.0,4.9,25.38,443117.0,18525.933,0.5,0.25,False
2016-03-27,237.336,97.567,181.3,143406.0,4.9,25.38,443117.0,18525.933,0.5,0.25,False
2016-03-28,237.336,97.567,181.3,143406.0,4.9,25.38,443117.0,18525.933,0.5,0.25,False
2016-03-29,237.336,97.567,181.3,143406.0,4.9,25.38,443117.0,18525.933,0.5,0.25,False
2016-03-30,237.336,97.567,181.3,143406.0,4.9,25.38,443117.0,18525.933,0.5,0.25,False
2016-03-31,237.336,97.567,181.3,143406.0,4.9,25.38,443117.0,18525.933,0.5,0.25,False
2016-04-01,237.336,97.736,181.3,143406.0,4.9,25.38,443117.0,18525.933,0.5,0.25,False
2016-04-02,237.336,97.736,181.3,143406.0,4.9,25.38,443117.0,18525.933,0.5,0.25,False
2016-04-03,237.336,97.736,181.3,143406.0,4.9,25.38,443117.0,18525.933,0.5,0.25,False
2016-04-04,237.336,97.736,181.3,143406.0,4.9,25.38,443117.0,18525.933,0.5,0.25,False
2016-04-05,237.336,97.736,181.3,143662.0,5.0,25.45,443117.0,18525.933,0.5,0.25,False
2016-04-06,237.336,97.736,181.3,143662.0,5.0,25.45,443117.0,18525.933,0.5,0.25,False
2016-04-07,237.336,97.736,181.3,143662.0,5.0,25.45,443117.0,18525.933,0.5,0.25,False
2016-04-08,237.336,97.736,181.3,143662.0,5.0,25.45,443117.0,18525.933,0.5,0.25,False
2016-04-09,237.336,97.736,181.3,143662.0,5.0,25.45,443117.0,18525.933,0.5,0.25,False
2016-04-10,237.336,97.736,181.3,143662.0,5.0,25.45,443117.0,18525.933,0.5,0.25,False
2016-04-11,237.336,97.736,181.3,143662.0,5.0,25.45,443117.0,18525.933,0.5,0.25,False
2016-04-12,237.336,97.736,181.3,143662.0,5.0,25.45,443117.0,18525.933,0.5,0.25,False
2016-04-13,237.336,97.736,181.3,143662.0,5.0,25.45,443117.0,18525.933,0.5,0.25,False
2016-04-14,237.336,97.736,181.3,143662.0,5.0,25.45,443117.0,18525.933,0.5,0.25,False
2016-04-15,238.08,97.736,182.1,143662.0,5.0,25.45,441856.0,18525.933,0.5,0.25,False
2016-04-16,238.08,97.736,182.1,143662.0,5.0,25.45,441856.0,18525.933,0.5,0.25,False
2016-04-17,238.08,97.736,182.1,143662.0,5.0,25.45,441856.0,18525.933,0.5,0.25,False
2016-04-18,238.08,97.736,182.1,143662.0,5.0,25.45,441856.0,18525.933,0.5,0.25,False
2016-04-19,238.08,97.736,182.1,143662.0,5.0,25.45,441856.0,18525.933,0.5,0.25,False
2016-04-20,238.08,97.736,182.1,143662.0,5.0,25.45,441856.0,18525.933,0.5,0.25,False
2016-04-21,238.08,97.736,182.1,143662.0,5.0,25.45,441856.0,18525.933,0.5,0.25,False
2016-04-22,238.08,97.736,182.1,143662.0,5.0,25.45,441856.0,18525.933,0.5,0.25,False
2016-04-23,238.08,97.736,182.1,143662.0,5.0,25.45,441856.0,18525.933,0.5,0.25,False
2016-04-24,238.08,97.736,182.1,143662.0,5.0,25.45,441856.0,18525.933,0.5,0.25,False
2016-04-25,238.08,97.736,182.1,143662.0,5.0,25.45,441856.0,18525.933,0.5,0.25,False
2016-04-26,238.08,97.736,182.1,143662.0,5.0,25.45,441856.0,18525.933,0.5,0.25,False
2016-04-27,238.08,97.736,182.1,143662.0,5.0,25.45,441856.0,18525.933,0.5,0.25,False
2016-04-28,238.08,97.736,182.1,143662.0,5.0,25.45,441856.0,18525.933,0.5,0.25,False
2016-04-29,238.08,97.736,182.1,143662.0,5.0,25.45,441856.0,18525.933,0.5,0.25,False
2016-04-30,238.08,97.876,182.1,143662.0,5.0,25.45,441856.0,18525.933,0.5,0.25,False
2016-05-01,238.08,97.876,182.1,143662.0,5.0,25.45,441856.0,18711.702,0.5,0.25,False
2016-05-02,238.08,97.876,182.1,143662.0,5.0,25.45,441856.0,18711.702,0.5,0.25,False
2016-05-03,238.08,97.876,182.1,143662.0,5.0,25.45,441856.0,18711.702,0.5,0.25,False
2016-05-04,238.08,97.876,182.1,143662.0,5.0,25.45,441856.0,18711.702,0.5,0.25,False
2016-05-05,238.08,97.876,182.1,143662.0,5.0,25.45,441856.0,18711.702,0.5,0.25,False
2016-05-06,238.08,97.876,182.1,143854.0,5.1,25.53,441856.0,18711.702,0.5,0.25,False
2016-05-07,238.08,97.876,182.1,143854.0,5.1,25.53,441856.0,18711.702,0.5,0.25,False
2016-05-08,238.08,97.876,182.1,143854.0,5.1,25.53,441856.0,18711.702,0.5,0.25,False
2016-05-09,238.08,97.876,182.1,143854.0,5.1,25.53,441856.0,18711.702,0.5,0.25,False
2016-05-10,238.08,97.876,182.1,143854.0,5.1,25.53,441856.0,18711.702,0.5,0.25,False
2016-05-11,238.08,97.876,182.1,143854.0,5.1,25.53,441856.0,18711.702,0.5,0.25,False
2016-05-12,238.08,97.876,182.1,143854.0,5.1,25.53,441856.0,18711.702,0.5,0.25,False
2016-05-13,238.08,97.876,182.1,143854.0,5.1,25.53,441856.0,18711.702,0.5,0.25,False
2016-05-14,238.08,97.876,182.1,143854.0,5.1,25.53,441856.0,18711.702,0.5,0.25,False
2016-05-15,238.08,97.876,182.1,143854.0,5.1,25.53,441856.0,18711.702,0.5,0.25,False
2016-05-16,238.992,97.876,183.2,143854.0,5.1,25.53,444254.0,18711.702,0.5,0.25,False
2016-05-17,238.992,97.876,183.2,143854.0,5.1,25.53,444254.0,18711.702,0.5,0.25,False
2016-05-18,238.992,97.876,183.2,143854.0,5.1,25.53,444254.0,18711.702,0.5,0.25,False
2016-05-19,238.992,97.876,183.2,143854.0,5.1,25.53,444254.0,18711.702,0.5,0.25,False
2016-05-20,238.992,97.876,183.2,143854.0,5.1,25.53,444254.0,18711.702,0.5,0.25,False
2016-05-21,238.992,97.876,183.2,143854.0,5.1,25.53,444254.0,18711.702,0.5,0.25,False
2016-05-22,238.992,97.876,183.2,143854.0,5.1,25.53,444254.0,18711.702,0.5,0.25,False
2016-05-23,238.992,97.876,183.2,143854.0,5.1,25.53,444254.0,18711.702,0.5,0.25,False
2016-05-24,238.992,97.876,183.2,143854.0,5.1,25.53,444254.0,18711.702,0.5,0.25,False
2016-05-25,238.992,97.876,183.2,143854.0,5.1,25.53,444254.0,18711.702,0.5,0.25,False
2016-05-26,238.992,97.876,183.2,143854.0,5.1,25.53,444254.0,18711.702,0.5,0.25,False
2016-05-27,238.992,97.876,183.2,143854.0,5.1,25.53,444254.0,18711.702,0.5,0.25,False
2016-05-28,238.992,97.876,183.2,143854.0,5.1,25.53,444254.0,18711.702,0.5,0.25,False
2016-05-29,238.992,97.876,183.2,143854.0,5.1,25.53,444254.0,18711.702,0.5,0.25,False
2016-05-30,238.992,97.876,183.2,143854.0,5.1,25.53,444254.0,18711.702,0.5,0.25,False
2016-05-31,238.992,98.117,183.2,143854.0,5.1,25.53,444254.0,18711.702,0.5,0.25,False
2016-06-01,238.992,98.117,183.2,143854.0,5.1,25.53,444254.0,18711.702,0.5,0.25,False
2016-06-02,238.992,98.117,183.2,143854.0,5.1,25.53,444254.0,18711.702,0.5,0.25,False
2016-06-03,238.992,98.117,183.2,143854.0,5.1,25.53,444254.0,18711.702,0.5,0.25,False
2016-06-04,238.992,98.117,183.2,143854.0,5.1,25.53,444254.0,18711.702,0.5,0.25,False
2016-06-05,238.992,98.117,183.2,143900.0,4.8,25.58,444254.0,18711.702,0.5,0.25,False
2016-06-06,238.992,98.117,183.2,143900.0,4.8,25.58,444254.0,18711.702,0.5,0.25,False
2016-06-07,238.992,98.117,183.2,143900.0,4.8,25.58,444254.0,18711.702,0.5,0.25,False
2016-06-08,238.992,98.117,183.2,143900.0,4.8,25.58,444254.0,18711.702,0.5,0.25,False
2016-06-09,238.992,98.117,183.2,143900.0,4.8,25.58,444254.0,18711.702,0.5,0.25,False
2016-06-10,238.992,98.117,183.2,143900.0,4.8,25.58,444254.0,18711.702,0.5,0.25,False
2016-06-11,238.992,98.117,183.2,143900.0,4.8,25.58,444254.0,18711.702,0.5,0.25,False
2016-06-12,238.992,98.117,183.2,143900.0,4.8,25.58,444254.0,18711.702,0.5,0.25,False
2016-06-13,238.992,98.117,183.2,143900.0,4.8,25.58,444254.0,18711.702,0.5,0.25,False
2016-06-14,238.992,98.117,183.2,143900.0,4.8,25.58,444254.0,18711.702,0.5,0.25,False
2016-06-15,239.557,98.117,185.3,143900.0,4.8,25.58,445490.0,18711.702,0.5,0.25,False
2016-06-16,239.557,98.117,185.3,143900.0,4.8,25.58,445490.0,18711.702,0.5,0.25,False
2016-06-17,239.557,98.117,185.3,143900.0,4.8,25.58,445490.0,18711.702,0.5,0.25,False
2016-06-18,239.557,98.117,185.3,143900.0,4.8,25.58,445490.0,18711.702,0.5,0.25,False
2016-06-19,239.557,98.117,185.3,143900.0,4.8,25.58,445490.0,18711.702,0.5,0.25,False
2016-06-20,239.557,98.117,185.3,143900.0,4.8,25.58,445490.0,18711.702,0.5,0.25,False
2016-06-21,239.557,98.117,185.3,143900.0,4.8,25.58,445490.0,18711.702,0.5,0.25,False
2016-06-22,239.557,98.117,185.3,143900.0,4.8,25.58,445490.0,18711.702,0.5,0.25,False
2016-06-23,239.557,98.117,185.3,143900.0,4.8,25.58,445490.0,18711.702,0.5,0.25,False
2016-06-24,239.557,98.117,185.3,143900.0,4.8,25.58,445490.0,18711.702,0.5,0.25,False
2016-06-25,239.557,98.117,185.3,143900.0,4.8,25.58,445490.0,18711.702,0.5,0.25,False
2016-06-26,239.557,98.117,185.3,143900.0,4.8,25.58,445490.0,18711.702,0.5,0.25,False
2016-06-27,239.557,98.117,185.3,143900.0,4.8,25.58,445490.0,18711.702,0.5,0.25,False
2016-06-28,239.557,98.117,185.3,143900.0,4.8,25.58,445490.0,18711.702,0.5,0.25,False
2016-06-29,239.557,98.117,185.3,143900.0,4.8,25.58,445490.0,18711.702,0.5,0.25,False
2016-06-30,239.557,98.284,185.3,143900.0,4.8,25.58,445490.0,18711.702,0.5,0.25,False
2016-07-01,239.557,98.284,185.3,143900.0,4.8,25.58,445490.0,18711.702,0.5,0.25,False
2016-07-02,239.557,98.284,185.3,143900.0,4.8,25.58,445490.0,18711.702,0.5,0.25,False
2016-07-03,239.557,98.284,185.3,143900.0,4.8,25.58,445490.0,18711.702,0.5,0.25,False
2016-07-04,239.557,98.284,185.3,143900.0,4.8,25.58,445490.0,18711.702,0.5,0.25,False
2016-07-05,239.557,98.284,185.3,143900.0,4.8,25.58,445490.0,18711.702,0.5,0.25,False
2016-07-06,239.557,98.284,185.3,144147.0,4.9,25.62,445490.0,18711.702,0.5,0.25,False
2016-07-07,239.557,98.284,185.3,144147.0,4.9,25.62,445490.0,18711.702,0.5,0.25,False
2016-07-08,239.557,98.284,185.3,144147.0,4.9,25.62,445490.0,18711.702,0.5,0.25,False
2016-07-09,239.557,98.284,185.3,144147.0,4.9,25.62,445490.0,18711.702,0.5,0.25,False
2016-07-10,239.557,98.284,185.3,144147.0,4.9,25.62,445490.0,18711.702,0.5,0.25,False
2016-07-11,239.557,98.284,185.3,144147.0,4.9,25.62,445490.0,18711.702,0.5,0.25,False
2016-07-12,239.557,98.284,185.3,144147.0,4.9,25.62,445490.0,18711.702,0.5,0.25,False
2016-07-13,239.557,98.284,185.3,144147.0,4.9,25.62,445490.0,18711.702,0.5,0.25,False
2016-07-14,239.557,98.284,185.3,144147.0,4.9,25.62,445490.0,18711.702,0.5,0.25,False
2016-07-15,239.557,98.284,185.3,144147.0,4.9,25.62,445490.0,18711.702,0.5,0.25,False
2016-07-16,240.222,98.284,187.6,144147.0,4.9,25.62,450237.0,18711.702,0.5,0.25,False
2016-07-17,240.222,98.284,187.6,144147.0,4.9,25.62,450237.0,18711.702,0.5,0.25,False
2016-07-18,240.222,98.284,187.6,144147.0,4.9,25.62,450237.0,18711.702,0.5,0.25,False
2016-07-19,240.222,98.284,187.6,144147.0,4.9,25.62,450237.0,18711.702,0.5,0.25,False
2016-07-20,240.222,98.284,187.6,144147.0,4.9,25.62,450237.0,18711.702,0.5,0.25,False
2016-07-21,240.222,98.284,187.6,144147.0,4.9,25.62,450237.0,18711.702,0.5,0.25,False
2016-07-22,240.222,98.284,187.6,144147.0,4.9,25.62,450237.0,18711.702,0.5,0.25,False
2016-07-23,240.222,98.284,187.6,144147.0,4.9,25.62,450237.0,18711.702,0.5,0.25,False
2016-07-24,240.222,98.284,187.6,144147.0,4.9,25.62,450237.0,18711.702,0.5,0.25,False
2016-07-25,240.222,98.284,187.6,144147.0,4.9,25.62,450237.0,18711.702,0.5,0.25,False
2016-07-26,240.222,98.284,187.6,144147.0,4.9,25.62,450237.0,18711.702,0.5,0.25,False
2016-07-27,240.222,98.284,187.6,144147.0,4.9,25.62,450237.0,18711.702,0.5,0.25,False
2016-07-28,240.222,98.284,187.6,144147.0,4.9,25.62,450237.0,18711.702,0.5,0.25,False
2016-07-29,240.222,98.284,187.6,144147.0,4.9,25.62,450237.0,18711.702,0.5,0.25,False
2016-07-30,240.222,98.284,187.6,144147.0,4.9,25.62,450237.0,18711.702,0.5,0.25,False
2016-07-31,240.222,98.386,187.6,144147.0,4.9,25.62,450237.0,18892.639,0.5,0.25,False
2016-08-01,240.222,98.386,187.6,144147.0,4.9,25.62,450237.0,18892.639,0.5,0.25,False
2016-08-02,240.222,98.386,187.6,144147.0,4.9,25.62,450237.0,18892.639,0.5,0.25,False
2016-08-03,240.222,98.386,187.6,144147.0,4.9,25.62,450237.0,18892.639,0.5,0.25,False
2016-08-04,240.222,98.386,187.6,144147.0,4.9,25.62,450237.0,18892.639,0.5,0.25,False
2016-08-05,240.222,98.386,187.6,144520.0,4.8,25.69,450237.0,18892.639,0.5,0.25,False
2016-08-06,240.222,98.386,187.6,144520.0,4.8,25.69,450237.0,18892.639,0.5,0.25,False
2016-08-07,240.222,98.386,187.6,144520.0,4.8,25.69,450237.0,18892.639,0.5,0.25,False
2016-08-08,240.222,98.386,187.6,144520.0,4.8,25.69,450237.0,18892.639,0.5,0.25,False
2016-08-09,240.222,98.386,187.6,144520.0,4.8,25.69,450237.0,18892.639,0.5,0.25,False
2016-08-10,240.222,98.386,187.6,144520.0,4.8,25.69,450237.0,18892.639,0.5,0.25,False
2016-08-11,240.222,98.386,187.6,144520.0,4.8,25.69,450237.0,18892.639,0.5,0.25,False
2016-08-12,240.222,98.386,187.6,144520.0,4.8,25.69,450237.0,18892.639,0.5,0.25,False
2016-08-13,240.222,98.386,187.6,144520.0,4.8,25.69,450237.0,18892.639,0.5,0.25,False
2016-08-14,240.222,98.386,187.6,144520.0,4.8,25.69,450237.0,18892.639,0.5,0.25,False
2016-08-15,240.101,98.386,187.7,144520.0,4.8,25.69,449789.0,18892.639,0.5,0.25,False
2016-08-16,240.101,98.386,187.7,144520.0,4.8,25.69,449789.0,18892.639,0.5,0.25,False
2016-08-17,240.101,98.386,187.7,144520.0,4.8,25.69,449789.0,18892.639,0.5,0.25,False
2016-08-18,240.101,98.386,187.7,144520.0,4.8,25.69,449789.0,18892.639,0.5,0.25,False
2016-08-19,240.101,98.386,187.7,144520.0,4.8,25.69,449789.0,18892.639,0.5,0.25,False
2016-08-20,240.101,98.386,187.7,144520.0,4.8,25.69,449789.0,18892.639,0.5,0.25,False
2016-08-21,240.101,98.386,187.7,144520.0,4.8,25.69,449789.0,18892.639,0.5,0.25,False
2016-08-22,240.101,98.386,187.7,144520.0,4.8,25.69,449789.0,18892.639,0.5,0.25,False
2016-08-23,240.101,98.386,187.7,144520.0,4.8,25.69,449789.0,18892.639,0.5,0.25,False
2016-08-24,240.101,98.386,187.7,144520.0,4.8,25.69,449789.0,18892.639,0.5,0.25,False
2016-08-25,240.101,98.386,187.7,144520.0,4.8,25.69,449789.0,18892.639,0.5,0.25,False
2016-08-26,240.101,98.386,187.7,144520.0,4.8,25.69,449789.0,18892.639,0.5,0.25,False
2016-08-27,240.101,98.386,187.7,144520.0,4.8,25.69,449789.0,18892.639,0.5,0.25,False
2016-08-28,240.101,98.386,187.7,144520.0,4.8,25.69,449789.0,18892.639,0.5,0.25,False
2016-08-29,240.101,98.386,187.7,144520.0,4.8,25.69,449789.0,18892.639,0.5,0.25,False
2016-08-30,240.101,98.529,187.7,144520.0,4.8,25.69,449789.0,18892.639,0.5,0.25,False
2016-08-31,240.101,98.529,187.7,144520.0,4.8,25.69,449789.0,18892.639,0.5,0.25,False
2016-09-01,240.101,98.529,187.7,144520.0,4.8,25.69,449789.0,18892.639,0.5,0.25,False
2016-09-02,240.101,98.529,187.7,144520.0,4.8,25.69,449789.0,18892.639,0.5,0.25,False
2016-09-03,240.101,98.529,187.7,144520.0,4.8,25.69,449789.0,18892.639,0.5,0.25,False
2016-09-04,240.101,98.529,187.7,144520.0,4.8,25.69,449789.0,18892.639,0.5,0.25,False
2016-09-05,240.101,98.529,187.7,144661.0,4.9,25.71,449789.0,18892.639,0.5,0.25,False
2016-09-06,240.101,98.529,187.7,144661.0,4.9,25.71,449789.0,18892.639,0.5,0.25,False
2016-09-07,240.101,98.529,187.7,144661.0,4.9,25.71,449789.0,18892.639,0.5,0.25,False
2016-09-08,240.101,98.529,187.7,144661.0,4.9,25.71,449789.0,18892.639,0.5,0.25,False
2016-09-09,240.101,98.529,187.7,144661.0,4.9,25.71,449789.0,18892.639,0.5,0.25,False
2016-09-10,240.101,98.529,187.7,144661.0,4.9,25.71,449789.0,18892.639,0.5,0.25,False
2016-09-11,240.101,98.529,187.7,144661.0,4.9,25.71,449789.0,18892.639,0.5,0.25,False
2016-09-12,240.101,98.529,187.7,144661.0,4.9,25.71,449789.0,18892.639,0.5,0.25,False
2016-09-13,240.101,98.529,187.7,144661.0,4.9,25.71,449789.0,18892.639,0.5,0.25,False
2016-09-14,240.101,98.529,187.7,144661.0,4.9,25.71,449789.0,18892.639,0.5,0.25,False
2016-09-15,240.545,98.529,186.6,144661.0,4.9,25.71,449946.0,18892.639,0.5,0.25,False
2016-09-16,240.545,98.529,186.6,144661.0,4.9,25.71,449946.0,18892.639,0.5,0.25,False
2016-09-17,240.545,98.529,186.6,144661.0,4.9,25.71,449946.0,18892.639,0.5,0.25,False
2016-09-18,240.545,98.529,186.6,144661.0,4.9,25.71,449946.0,18892.639,0.5,0.25,False
2016-09-19,240.545,98.529,186.6,144661.0,4.9,25.71,449946.0,18892.639,0.5,0.25,False
2016-09-20,240.545,98.529,186.6,144661.0,4.9,25.71,449946.0,18892.639,0.5,0.25,False
2016-09-21,240.545,98.529,186.6,144661.0,4.9,25.71,449946.0,18892.639,0.5,0.25,False
2016-09-22,240.545,98.529,186.6,144661.0,4.9,25.71,449946.0,18892.639,0.5,0.25,False
2016-09-23,240.545,98.529,186.6,144661.0,4.9,25.71,449946.0,18892.639,0.5,0.25,False
2016-09-24,240.545,98.529,186.6,144661.0,4.9,25.71,449946.0,18892.639,0.5,0.25,False
2016-09-25,240.545,98.529,186.6,144661.0,4.9,25.71,449946.0,18892.639,0.5,0.25,False
2016-09-26,240.545,98.529,186.6,144661.0,4.9,25.71,449946.0,18892.639,0.5,0.25,False
2016-09-27,240.545,98.529,186.6,144661.0,4.9,25.71,449946.0,18892.639,0.5,0.25,False
2016-09-28,240.545,98.529,186.6,144661.0,4.9,25.71,449946.0,18892.639,0.5,0.25,False
2016-09-29,240.545,98.529,186.6,144661.0,4.9,25.71,449946.0,18892.639,0.5,0.25,False
2016-09-30,240.545,98.703,186.6,144661.0,4.9,25.71,449946.0,18892.639,0.5,0.25,False
2016-10-01,240.545,98.703,186.6,144661.0,4.9,25.71,449946.0,18892.639,0.5,0.25,False
2016-10-02,240.545,98.703,186.6,144661.0,4.9,25.71,449946.0,18892.639,0.5,0.25,False
2016-10-03,240.545,98.703,186.6,144661.0,4.9,25.71,449946.0,18892.639,0.5,0.25,False
2016-10-04,240.545,98.703,186.6,144661.0,4.9,25.71,449946.0,18892.639,0.5,0.25,False
2016-10-05,240.545,98.703,186.6,144661.0,4.9,25.71,449946.0,18892.639,0.5,0.25,False
2016-10-06,240.545,98.703,186.6,144967.0,5.0,25.77,449946.0,18892.639,0.5,0.25,False
2016-10-07,240.545,98.703,186.6,144967.0,5.0,25.77,449946.0,18892.639,0.5,0.25,False
2016-10-08,240.545,98.703,186.6,144967.0,5.0,25.77,449946.0,18892.639,0.5,0.25,False
2016-10-09,240.545,98.703,186.6,144967.0,5.0,25.77,449946.0,18892.639,0.5,0.25,False
2016-10-10,240.545,98.703,186.6,144967.0,5.0,25.77,449946.0,18892.639,0.5,0.25,False
2016-10-11,240.545,98.703,186.6,144967.0,5.0,25.77,449946.0,18892.639,0.5,0.25,False
2016-10-12,240.545,98.703,186.6,144967.0,5.0,25.77,449946.0,18892.639,0.5,0.25,False
2016-10-13,240.545,98.703,186.6,144967.0,5.0,25.77,449946.0,18892.639,0.5,0.25,False
2016-10-14,240.545,98.703,186.6,144967.0,5.0,25.77,449946.0,18892.639,0.5,0.25,False
2016-10-15,240.545,98.703,186.6,144967.0,5.0,25.77,449946.0,18892.639,0.5,0.25,False
2016-10-16,241.176,98.703,186.9,144967.0,5.0,25.77,453056.0,18892.639,0.5,0.25,False
2016-10-17,241.176,98.703,186.9,144967.0,5.0,25.77,453056.0,18892.639,0.5,0.25,False
2016-10-18,241.176,98.703,186.9,144967.0,5.0,25.77,453056.0,18892.639,0.5,0.25,False
2016-10-19,241.176,98.703,186.9,144967.0,5.0,25.77,453056.0,18892.639,0.5,0.25,False
2016-10-20,241.176,98.703,186.9,144967.0,5.0,25.77,453056.0,18892.639,0.5,0.25,False
2016-10-21,241.176,98.703,186.9,144967.0,5.0,25.77,453056.0,18892.639,0.5,0.25,False
2016-10-22,241.176,98.703,186.9,144967.0,5.0,25.77,453056.0,18892.639,0.5,0.25,False
2016-10-23,241.176,98.703,186.9,144967.0,5.0,25.77,453056.0,18892.639,0.5,0.25,False
2016-10-24,241.176,98.703,186.9,144967.0,5.0,25.77,453056.0,18892.639,0.5,0.25,False
2016-10-25,241.176,98.703,186.9,144967.0,5.0,25.77,453056.0,18892.639,0.5,0.25,False
2016-10-26,241.176,98.703,186.9,144967.0,5.0,25.77,453056.0,18892.639,0.5,0.25,False
2016-10-27,241.176,98.703,186.9,144967.0,5.0,25.77,453056.0,18892.639,0.5,0.25,False
2016-10-28,241.176,98.703,186.9,144967.0,5.0,25.77,453056.0,18892.639,0.5,0.25,False
2016-10-29,241.176,98.703,186.9,144967.0,5.0,25.77,453056.0,18892.639,0.5,0.25,False
2016-10-30,241.176,98.703,186.9,144967.0,5.0,25.77,453056.0,18892.639,0.5,0.25,False
2016-10-31,241.176,98.834,186.9,144967.0,5.0,25.77,453056.0,19089.379,0.5,0.25,False
2016-11-01,241.176,98.834,186.9,144967.0,5.0,25.77,453056.0,19089.379,0.5,0.25,False
2016-11-02,241.176,98.834,186.9,144967.0,5.0,25.77,453056.0,19089.379,0.5,0.25,False
2016-11-03,241.176,98.834,186.9,144967.0,5.0,25.77,453056.0,19089.379,0.5,0.25,False
2016-11-04,241.176,98.834,186.9,144967.0,5.0,25.77,453056.0,19089.379,0.5,0.25,False
2016-11-05,241.176,98.834,186.9,145065.0,4.9,25.9,453056.0,19089.379,0.5,0.25,False
2016-11-06,241.176,98.834,186.9,145065.0,4.9,25.9,453056.0,19089.379,0.5,0.25,False
2016-11-07,241.176,98.834,186.9,145065.0,4.9,25.9,453056.0,19089.379,0.5,0.25,False
2016-11-08,241.176,98.834,186.9,145065.0,4.9,25.9,453056.0,19089.379,0.5,0.25,False
2016-11-09,241.176,98.834,186.9,145065.0,4.9,25.9,453056.0,19089.379,0.5,0.25,False
2016-11-10,241.176,98.834,186.9,145065.0,4.9,25.9,453056.0,19089.379,0.5,0.25,False
2016-11-11,241.176,98.834,186.9,145065.0,4.9,25.9,453056.0,19089.379,0.5,0.25,False
2016-11-12,241.176,98.834,186.9,145065.0,4.9,25.9,453056.0,19089.379,0.5,0.25,False
2016-11-13,241.176,98.834,186.9,145065.0,4.9,25.9,453056.0,19089.379,0.5,0.25,False
2016-11-14,241.176,98.834,186.9,145065.0,4.9,25.9,453056.0,19089.379,0.5,0.25,False
2016-11-15,241.741,98.834,186.7,145065.0,4.9,25.9,453847.0,19089.379,0.5,0.25,False
2016-11-16,241.741,98.834,186.7,145065.0,4.9,25.9,453847.0,19089.379,0.5,0.25,False
2016-11-17,241.741,98.834,186.7,145065.0,4.9,25.9,453847.0,19089.379,0.5,0.25,False
2016-11-18,241.741,98.834,186.7,145065.0,4.9,25.9,453847.0,19089.379,0.5,0.25,False
2016-11-19,241.741,98.834,186.7,145065.0,4.9,25.9,453847.0,19089.379,0.5,0.25,False
2016-11-20,241.741,98.834,186.7,145065.0,4.9,25.9,453847.0,19089.379,0.5,0.25,False
2016-11-21,241.741,98.834,186.7,145065.0,4.9,25.9,453847.0,19089.379,0.5,0.25,False
2016-11-22,241.741,98.834,186.7,145065.0,4.9,25.9,453847.0,19089.379,0.5,0.25,False
2016-11-23,241.741,98.834,186.7,145065.0,4.9,25.9,453847.0,19089.379,0.5,0.25,False
2016-11-24,241.741,98.834,186.7,145065.0,4.9,25.9,453847.0,19089.379,0.5,0.25,False
2016-11-25,241.741,98.834,186.7,145065.0,4.9,25.9,453847.0,19089.379,0.5,0.25,False
2016-11-26,241.741,98.834,186.7,145065.0,4.9,25.9,453847.0,19089.379,0.5,0.25,False
2016-11-27,241.741,98.834,186.7,145065.0,4.9,25.9,453847.0,19089.379,0.5,0.25,False
2016-11-28,241.741,98.834,186.7,145065.0,4.9,25.9,453847.0,19089.379,0.5,0.25,False
2016-11-29,241.741,98.834,186.7,145065.0,4.9,25.9,453847.0,19089.379,0.5,0.25,False
2016-11-30,241.741,98.961,186.7,145065.0,4.9,25.9,453847.0,19089.379,0.5,0.25,False
2016-12-01,241.741,98.961,186.7,145065.0,4.9,25.9,453847.0,19089.379,0.5,0.25,False
2016-12-02,241.741,98.961,186.7,145065.0,4.9,25.9,453847.0,19089.379,0.5,0.25,False
2016-12-03,241.741,98.961,186.7,145065.0,4.9,25.9,453847.0,19089.379,0.5,0.25,False
2016-12-04,241.741,98.961,186.7,145065.0,4.9,25.9,453847.0,19089.379,0.5,0.25,False
2016-12-05,241.741,98.961,186.7,145065.0,4.9,25.9,453847.0,19089.379,0.5,0.25,False
2016-12-06,241.741,98.961,186.7,145183.0,4.7,25.9,453847.0,19089.379,0.5,0.25,False
2016-12-07,241.741,98.961,186.7,145183.0,4.7,25.9,453847.0,19089.379,0.5,0.25,False
2016-12-08,241.741,98.961,186.7,145183.0,4.7,25.9,453847.0,19089.379,0.5,0.25,False
2016-12-09,241.741,98.961,186.7,145183.0,4.7,25.9,453847.0,19089.379,0.5,0.25,False
2016-12-10,241.741,98.961,186.7,145183.0,4.7,25.9,453847.0,19089.379,0.5,0.25,False
2016-12-11,241.741,98.961,186.7,145183.0,4.7,25.9,453847.0,19089.379,0.5,0.25,False
2016-12-12,241.741,98.961,186.7,145183.0,4.7,25.9,453847.0,19089.379,0.5,0.25,False
2016-12-13,241.741,98.961,186.7,145183.0,4.7,25.9,453847.0,19089.379,0.5,0.25,False
2016-12-14,241.741,98.961,186.7,145183.0,4.7,25.9,453847.0,19089.379,0.75,0.5,True
2016-12-15,241.741,98.961,186.7,145183.0,4.7,25.9,453847.0,19089.379,0.75,0.5,False
2016-12-16,242.026,98.961,186.3,145183.0,4.7,25.9,453892.0,19089.379,0.75,0.5,False
2016-12-17,242.026,98.961,186.3,145183.0,4.7,25.9,453892.0,19089.379,0.75,0.5,False
2016-12-18,242.026,98.961,186.3,145183.0,4.7,25.9,453892.0,19089.379,0.75,0.5,False
2016-12-19,242.026,98.961,186.3,145183.0,4.7,25.9,453892.0,19089.379,0.75,0.5,False
2016-12-20,242.026,98.961,186.3,145183.0,4.7,25.9,453892.0,19089.379,0.75,0.5,False
2016-12-21,242.026,98.961,186.3,145183.0,4.7,25.9,453892.0,19089.379,0.75,0.5,False
2016-12-22,242.026,98.961,186.3,145183.0,4.7,25.9,453892.0,19089.379,0.75,0.5,False
2016-12-23,242.026,98.961,186.3,145183.0,4.7,25.9,453892.0,19089.379,0.75,0.5,False
2016-12-24,242.026,98.961,186.3,145183.0,4.7,25.9,453892.0,19089.379,0.75,0.5,False
2016-12-25,242.026,98.961,186.3,145183.0,4.7,25.9,453892.0,19089.379,0.75,0.5,False
2016-12-26,242.026,98.961,186.3,145183.0,4.7,25.9,453892.0,19089.379,0.75,0.5,False
2016-12-27,242.026,98.961,186.3,145183.0,4.7,25.9,453892.0,19089.379,0.75,0.5,False
2016-12-28,242.026,98.961,186.3,145183.0,4.7,25.9,453892.0,19089.379,0.75,0.5,False
2016-12-29,242.026,98.961,186.3,145183.0,4.7,25.9,453892.0,19089.379,0.75,0.5,False
2016-12-30,242.026,98.961,186.3,145183.0,4.7,25.9,453892.0,19089.379,0.75,0.5,False
2016-12-31,242.026,99.005,186.3,145183.0,4.7,25.9,453892.0,19089.379,0.75,0.5,False
2017-01-01,242.026,99.005,186.3,145183.0,4.7,25.9,453892.0,19089.379,0.75,0.5,False
2017-01-02,242.026,99.005,186.3,145183.0,4.7,25.9,453892.0,19089.379,0.75,0.5,False
2017-01-03,242.026,99.005,186.3,145183.0,4.7,25.9,453892.0,19089.379,0.75,0.5,False
2017-01-04,242.026,99.005,186.3,145183.0,4.7,25.9,453892.0,19089.379,0.75,0.5,False
2017-01-05,242.026,99.005,186.3,145408.0,4.7,25.93,453892.0,19089.379,0.75,0.5,False
2017-01-06,242.026,99.005,186.3,145408.0,4.7,25.93,453892.0,19089.379,0.75,0.5,False
2017-01-07,242.026,99.005,186.3,145408.0,4.7,25.93,453892.0,19089.379,0.75,0.5,False
2017-01-08,242.026,99.005,186.3,145408.0,4.7,25.93,453892.0,19089.379,0.75,0.5,False
2017-01-09,242.026,99.005,186.3,145408.0,4.7,25.93,453892.0,19089.379,0.75,0.5,False
2017-01-10,242.026,99.005,186.3,145408.0,4.7,25.93,453892.0,19089.379,0.75,0.5,False
2017-01-11,242.026,99.005,186.3,145408.0,4.7,25.93,453892.0,19089.379,0.75,0.5,False
2017-01-12,242.026,99.005,186.3,145408.0,4.7,25.93,453892.0,19089.379,0.75,0.5,False
2017-01-13,242.026,99.005,186.3,145408.0,4.7,25.93,453892.0,19089.379,0.75,0.5,False
2017-01-14,242.026,99.005,186.3,145408.0,4.7,25.93,453892.0,19089.379,0.75,0.5,False
2017-01-15,242.637,99.005,188.2,145408.0,4.7,25.93,459305.0,19089.379,0.75,0.5,False
2017-01-16,242.637,99.005,188.2,145408.0,4.7,25.93,459305.0,19089.379,0.75,0.5,False
2017-01-17,242.637,99.005,188.2,145408.0,4.7,25.93,459305.0,19089.379,0.75,0.5,False
2017-01-18,242.637,99.005,188.2,145408.0,4.7,25.93,459305.0,19089.379,0.75,0.5,False
2017-01-19,242.637,99.005,188.2,145408.0,4.7,25.93,459305.0,19089.379,0.75,0.5,False
2017-01-20,242.637,99.005,188.2,145408.0,4.7,25.93,459305.0,19089.379,0.75,0.5,False
2017-01-21,242.637,99.005,188.2,145408.0,4.7,25.93,459305.0,19089.379,0.75,0.5,False
2017-01-22,242.637,99.005,188.2,145408.0,4.7,25.93,459305.0,19089.379,0.75,0.5,False
2017-01-23,242.637,99.005,188.2,145408.0,4.7,25.93,459305.0,19089.379,0.75,0.5,False
2017-01-24,242.637,99.005,188.2,145408.0,4.7,25.93,459305.0,19089.379,0.75,0.5,False
2017-01-25,242.637,99.005,188.2,145408.0,4.7,25.93,459305.0,19089.379,0.75,0.5,False
2017-01-26,242.637,99.005,188.2,145408.0,4.7,25.93,459305.0,19089.379,0.75,0.5,False
2017-01-27,242.637,99.005,188.2,145408.0,4.7,25.93,459305.0,19089.379,0.75,0.5,False
2017-01-28,242.637,99.005,188.2,145408.0,4.7,25.93,459305.0,19089.379,0.75,0.5,False
2017-01-29,242.637,99.005,188.2,145408.0,4.7,25.93,459305.0,19089.379,0.75,0.5,False
2017-01-30,242.637,99.12,188.2,145408.0,4.7,25.93,459305.0,19089.379,0.75,0.5,False
2017-01-31,242.637,99.12,188.2,145408.0,4.7,25.93,459305.0,19280.084,0.75,0.5,False
2017-02-01,242.637,99.12,188.2,145408.0,4.7,25.93,459305.0,19280.084,0.75,0.5,False
2017-02-02,242.637,99.12,188.2,145408.0,4.7,25.93,459305.0,19280.084,0.75,0.5,False
2017-02-03,242.637,99.12,188.2,145408.0,4.7,25.93,459305.0,19280.084,0.75,0.5,False
2017-02-04,242.637,99.12,188.2,145408.0,4.7,25.93,459305.0,19280.084,0.75,0.5,False
2017-02-05,242.637,99.12,188.2,145628.0,4.7,26.0,459305.0,19280.084,0.75,0.5,False
2017-02-06,242.637,99.12,188.2,145628.0,4.7,26.0,459305.0,19280.084,0.75,0.5,False
2017-02-07,242.637,99.12,188.2,145628.0,4.7,26.0,459305.0,19280.084,0.75,0.5,False
2017-02-08,242.637,99.12,188.2,145628.0,4.7,26.0,459305.0,19280.084,0.75,0.5,False
2017-02-09,242.637,99.12,188.2,145628.0,4.7,26.0,459305.0,19280.084,0.75,0.5,False
2017-02-10,242.637,99.12,188.2,145628.0,4.7,26.0,459305.0,19280.084,0.75,0.5,False
2017-02-11,242.637,99.12,188.2,145628.0,4.7,26.0,459305.0,19280.084,0.75,0.5,False
2017-02-12,242.637,99.12,188.2,145628.0,4.7,26.0,459305.0,19280.084,0.75,0.5,False
2017-02-13,242.637,99.12,188.2,145628.0,4.7,26.0,459305.0,19280.084,0.75,0.5,False
2017-02-14,242.637,99.12,188.2,145628.0,4.7,26.0,459305.0,19280.084,0.75,0.5,False
2017-02-15,243.618,99.12,190.7,145628.0,4.7,26.0,464412.0,19280.084,0.75,0.5,False
2017-02-16,243.618,99.12,190.7,145628.0,4.7,26.0,464412.0,19280.084,0.75,0.5,False
2017-02-17,243.618,99.12,190.7,145628.0,4.7,26.0,464412.0,19280.084,0.75,0.5,False
2017-02-18,243.618,99.12,190.7,145628.0,4.7,26.0,464412.0,19280.084,0.75,0.5,False
2017-02-19,243.618,99.12,190.7,145628.0,4.7,26.0,464412.0,19280.084,0.75,0.5,False
2017-02-20,243.618,99.12,190.7,145628.0,4.7,26.0,464412.0,19280.084,0.75,0.5,False
2017-02-21,243.618,99.12,190.7,145628.0,4.7,26.0,464412.0,19280.084,0.75,0.5,False
2017-02-22,243.618,99.12,190.7,145628.0,4.7,26.0,464412.0,19280.084,0.75,0.5,False
2017-02-23,243.618,99.12,190.7,145628.0,4.7,26.0,464412.0,19280.084,0.75,0.5,False
2017-02-24,243.618,99.12,190.7,145628.0,4.7,26.0,464412.0,19280.084,0.75,0.5,False
2017-02-25,243.618,99.12,190.7,145628.0,4.7,26.0,464412.0,19280.084,0.75,0.5,False
2017-02-26,243.618,99.12,190.7,145628.0,4.7,26.0,464412.0,19280.084,0.75,0.5,False
2017-02-27,243.618,99.12,190.7,145628.0,4.7,26.0,464412.0,19280.084,0.75,0.5,False
2017-02-28,243.618,99.12,190.7,145628.0,4.7,26.0,464412.0,19280.084,0.75,0.5,False
2017-03-01,243.618,99.12,190.7,145628.0,4.7,26.0,464412.0,19280.084,0.75,0.5,False
2017-03-02,243.618,99.385,190.7,145628.0,4.7,26.0,464412.0,19280.084,0.75,0.5,False
2017-03-03,243.618,99.385,190.7,145628.0,4.7,26.0,464412.0,19280.084,0.75,0.5,False
2017-03-04,243.618,99.385,190.7,145628.0,4.7,26.0,464412.0,19280.084,0.75,0.5,False
2017-03-05,243.618,99.385,190.7,145628.0,4.7,26.0,464412.0,19280.084,0.75,0.5,False
2017-03-06,243.618,99.385,190.7,145628.0,4.7,26.0,464412.0,19280.084,0.75,0.5,False
2017-03-07,243.618,99.385,190.7,145628.0,4.7,26.0,464412.0,19280.084,0.75,0.5,False
2017-03-08,243.618,99.385,190.7,145846.0,4.6,26.07,464412.0,19280.084,0.75,0.5,False
2017-03-09,243.618,99.385,190.7,145846.0,4.6,26.07,464412.0,19280.084,0.75,0.5,False
2017-03-10,243.618,99.385,190.7,145846.0,4.6,26.07,464412.0,19280.084,0.75,0.5,False
2017-03-11,243.618,99.385,190.7,145846.0,4.6,26.07,464412.0,19280.084,0.75,0.5,False
2017-03-12,243.618,99.385,190.7,145846.0,4.6,26.07,464412.0,19280.084,0.75,0.5,False
2017-03-13,243.618,99.385,190.7,145846.0,4.6,26.07,464412.0,19280.084,0.75,0.5,False
2017-03-14,243.618,99.385,190.7,145846.0,4.6,26.07,464412.0,19280.084,0.75,0.5,False
2017-03-15,243.618,99.385,190.7,145846.0,4.6,26.07,464412.0,19280.084,0.75,0.5,False
2017-03-16,243.618,99.385,190.7,145846.0,4.6,26.07,464412.0,19280.084,1.0,0.75,True
2017-03-17,243.618,99.385,190.7,145846.0,4.6,26.07,464412.0,19280.084,1.0,0.75,False
2017-03-18,244.006,99.385,191.6,145846.0,4.6,26.07,464284.0,19280.084,1.0,0.75,False
2017-03-19,244.006,99.385,191.6,145846.0,4.6,26.07,464284.0,19280.084,1.0,0.75,False
2017-03-20,244.006,99.385,191.6,145846.0,4.6,26.07,464284.0,19280.084,1.0,0.75,False
2017-03-21,244.006,99.385,191.6,145846.0,4.6,26.07,464284.0,19280.084,1.0,0.75,False
2017-03-22,244.006,99.385,191.6,145846.0,4.6,26.07,464284.0,19280.084,1.0,0.75,False
2017-03-23,244.006,99.385,191.6,145846.0,4.6,26.07,464284.0,19280.084,1.0,0.75,False
2017-03-24,244.006,99.385,191.6,145846.0,4.6,26.07,464284.0,19280.084,1.0,0.75,False
2017-03-25,244.006,99.385,191.6,145846.0,4.6,26.07,464284.0,19280.084,1.0,0.75,False
2017-03-26,244.006,99.385,191.6,145846.0,4.6,26.07,464284.0,19280.084,1.0,0.75,False
2017-03-27,244.006,99.385,191.6,145846.0,4.6,26.07,464284.0,19280.084,1.0,0.75,False
2017-03-28,244.006,99.385,191.6,145846.0,4.6,26.07,464284.0,19280.084,1.0,0.75,False
2017-03-29,244.006,99.385,191.6,145846.0,4.6,26.07,464284.0,19280.084,1.0,0.75,False
2017-03-30,244.006,99.385,191.6,145846.0,4.6,26.07,464284.0,19280.084,1.0,0.75,False
2017-03-31,244.006,99.385,191.6,145846.0,4.6,26.07,464284.0,19280.084,1.0,0.75,False
2017-04-01,244.006,99.385,191.6,145846.0,4.6,26.07,464284.0,19280.084,1.0,0.75,False
2017-04-02,244.006,99.561,191.6,145846.0,4.6,26.07,464284.0,19280.084,1.0,0.75,False
2017-04-03,244.006,99.561,191.6,145846.0,4.6,26.07,464284.0,19280.084,1.0,0.75,False
2017-04-04,244.006,99.561,191.6,145846.0,4.6,26.07,464284.0,19280.084,1.0,0.75,False
2017-04-05,244.006,99.561,191.6,145970.0,4.4,26.11,464284.0,19280.084,1.0,0.75,False
2017-04-06,244.006,99.561,191.6,145970.0,4.4,26.11,464284.0,19280.084,1.0,0.75,False
2017-04-07,244.006,99.561,191.6,145970.0,4.4,26.11,464284.0,19280.084,1.0,0.75,False
2017-04-08,244.006,99.561,191.6,145970.0,4.4,26.11,464284.0,19280.084,1.0,0.75,False
2017-04-09,244.006,99.561,191.6,145970.0,4.4,26.11,464284.0,19280.084,1.0,0.75,False
2017-04-10,244.006,99.561,191.6,145970.0,4.4,26.11,464284.0,19280.084,1.0,0.75,False
2017-04-11,244.006,99.561,191.6,145970.0,4.4,26.11,464284.0,19280.084,1.0,0.75,False
2017-04-12,244.006,99.561,191.6,145970.0,4.4,26.11,464284.0,19280.084,1.0,0.75,False
2017-04-13,244.006,99.561,191.6,145970.0,4.4,26.11,464284.0,19280.084,1.0,0.75,False
2017-04-14,244.006,99.561,191.6,145970.0,4.4,26.11,464284.0,19280.084,1.0,0.75,False
2017-04-15,243.892,99.561,191.5,145970.0,4.4,26.11,463674.0,19280.084,1.0,0.75,False
2017-04-16,243.892,99.561,191.5,145970.0,4.4,26.11,463674.0,19280.084,1.0,0.75,False
2017-04-17,243.892,99.561,191.5,145970.0,4.4,26.11,463674.0,19280.084,1.0,0.75,False
2017-04-18,243.892,99.561,191.5,145970.0,4.4,26.11,463674.0,19280.084,1.0,0.75,False
2017-04-19,243.892,99.561,191.5,145970.0,4.4,26.11,463674.0,19280.084,1.0,0.75,False
2017-04-20,243.892,99.561,191.5,145970.0,4.4,26.11,463674.0,19280.084,1.0,0.75,False
2017-04-21,243.892,99.561,191.5,145970.0,4.4,26.11,463674.0,19280.084,1.0,0.75,False
2017-04-22,243.892,99.561,191.5,145970.0,4.4,26.11,463674.0,19280.084,1.0,0.75,False
2017-04-23,243.892,99.561,191.5,145970.0,4.4,26.11,463674.0,19280.084,1.0,0.75,False
2017-04-24,243.892,99.561,191.5,145970.0,4.4,26.11,463674.0,19280.084,1.0,0.75,False
2017-04-25,243.892,99.561,191.5,145970.0,4.4,26.11,463674.0,19280.084,1.0,0.75,False
2017-04-26,243.892,99.561,191.5,145970.0,4.4,26.11,463674.0,19280.084,1.0,0.75,False
2017-04-27,243.892,99.561,191.5,145970.0,4.4,26.11,463674.0,19280.084,1.0,0.75,False
2017-04-28,243.892,99.561,191.5,145970.0,4.4,26.11,463674.0,19280.084,1.0,0.75,False
2017-04-29,243.892,99.561,191.5,145970.0,4.4,26.11,463674.0,19280.084,1.0,0.75,False
2017-04-30,243.892,99.519,191.5,145970.0,4.4,26.11,463674.0,19280.084,1.0,0.75,False
2017-05-01,243.892,99.519,191.5,145970.0,4.4,26.11,463674.0,19438.643,1.0,0.75,False
2017-05-02,243.892,99.519,191.5,145970.0,4.4,26.11,463674.0,19438.643,1.0,0.75,False
2017-05-03,243.892,99.519,191.5,145970.0,4.4,26.11,463674.0,19438.643,1.0,0.75,False
2017-05-04,243.892,99.519,191.5,145970.0,4.4,26.11,463674.0,19438.643,1.0,0.75,False
2017-05-05,243.892,99.519,191.5,145970.0,4.4,26.11,463674.0,19438.643,1.0,0.75,False
2017-05-06,243.892,99.519,191.5,146175.0,4.4,26.18,463674.0,19438.643,1.0,0.75,False
2017-05-07,243.892,99.519,191.5,146175.0,4.4,26.18,463674.0,19438.643,1.0,0.75,False
2017-05-08,243.892,99.519,191.5,146175.0,4.4,26.18,463674.0,19438.643,1.0,0.75,False
2017-05-09,243.892,99.519,191.5,146175.0,4.4,26.18,463674.0,19438.643,1.0,0.75,False
2017-05-10,243.892,99.519,191.5,146175.0,4.4,26.18,463674.0,19438.643,1.0,0.75,False
2017-05-11,243.892,99.519,191.5,146175.0,4.4,26.18,463674.0,19438.643,1.0,0.75,False
2017-05-12,243.892,99.519,191.5,146175.0,4.4,26.18,463674.0,19438.643,1.0,0.75,False
2017-05-13,243.892,99.519,191.5,146175.0,4.4,26.18,463674.0,19438.643,1.0,0.75,False
2017-05-14,243.892,99.519,191.5,146175.0,4.4,26.18,463674.0,19438.643,1.0,0.75,False
2017-05-15,243.892,99.519,191.5,146175.0,4.4,26.18,463674.0,19438.643,1.0,0.75,False
2017-05-16,244.193,99.519,193.0,146175.0,4.4,26.18,465276.0,19438.643,1.0,0.75,False
2017-05-17,244.193,99.519,193.0,146175.0,4.4,26.18,465276.0,19438.643,1.0,0.75,False
2017-05-18,244.193,99.519,193.0,146175.0,4.4,26.18,465276.0,19438.643,1.0,0.75,False
2017-05-19,244.193,99.519,193.0,146175.0,4.4,26.18,465276.0,19438.643,1.0,0.75,False
2017-05-20,244.193,99.519,193.0,146175.0,4.4,26.18,465276.0,19438.643,1.0,0.75,False
2017-05-21,244.193,99.519,193.0,146175.0,4.4,26.18,465276.0,19438.643,1.0,0.75,False
2017-05-22,244.193,99.519,193.0,146175.0,4.4,26.18,465276.0,19438.643,1.0,0.75,False
2017-05-23,244.193,99.519,193.0,146175.0,4.4,26.18,465276.0,19438.643,1.0,0.75,False
2017-05-24,244.193,99.519,193.0,146175.0,4.4,26.18,465276.0,19438.643,1.0,0.75,False
2017-05-25,244.193,99.519,193.0,146175.0,4.4,26.18,465276.0,19438.643,1.0,0.75,False
2017-05-26,244.193,99.519,193.0,146175.0,4.4,26.18,465276.0,19438.643,1.0,0.75,False
2017-05-27,244.193,99.519,193.0,146175.0,4.4,26.18,465276.0,19438.643,1.0,0.75,False
2017-05-28,244.193,99.519,193.0,146175.0,4.4,26.18,465276.0,19438.643,1.0,0.75,False
2017-05-29,244.193,99.519,193.0,146175.0,4.4,26.18,465276.0,19438.643,1.0,0.75,False
2017-05-30,244.193,99.519,193.0,146175.0,4.4,26.18,465276.0,19438.643,1.0,0.75,False
2017-05-31,244.193,99.723,193.0,146175.0,4.4,26.18,465276.0,19438.643,1.0,0.75,False
2017-06-01,244.193,99.723,193.0,146175.0,4.4,26.18,465276.0,19438.643,1.0,0.75,False
2017-06-02,244.193,99.723,193.0,146175.0,4.4,26.18,465276.0,19438.643,1.0,0.75,False
2017-06-03,244.193,99.723,193.0,146175.0,4.4,26.18,465276.0,19438.643,1.0,0.75,False
2017-06-04,244.193,99.723,193.0,146175.0,4.4,26.18,465276.0,19438.643,1.0,0.75,False
2017-06-05,244.193,99.723,193.0,146380.0,4.4,26.21,465276.0,19438.643,1.0,0.75,False
2017-06-06,244.193,99.723,193.0,146380.0,4.4,26.21,465276.0,19438.643,1.0,0.75,False
2017-06-07,244.193,99.723,193.0,146380.0,4.4,26.21,465276.0,19438.643,1.0,0.75,False
2017-06-08,244.193,99.723,193.0,146380.0,4.4,26.21,465276.0,19438.643,1.0,0.75,False
2017-06-09,244.193,99.723,193.0,146380.0,4.4,26.21,465276.0,19438.643,1.0,0.75,False
2017-06-10,244.193,99.723,193.0,146380.0,4.4,26.21,465276.0,19438.643,1.0,0.75,False
2017-06-11,244.193,99.723,193.0,146380.0,4.4,26.21,465276.0,19438.643,1.0,0.75,False
2017-06-12,244.193,99.723,193.0,146380.0,4.4,26.21,465276.0,19438.643,1.0,0.75,False
2017-06-13,244.193,99.723,193.0,146380.0,4.4,26.21,465276.0,19438.643,1.0,0.75,False
2017-06-14,244.193,99.723,193.0,146380.0,4.4,26.21,465276.0,19438.643,1.0,0.75,False
2017-06-15,244.004,99.723,192.8,146380.0,4.4,26.21,462754.0,19438.643,1.25,1.0,True
2017-06-16,244.004,99.723,192.8,146380.0,4.4,26.21,462754.0,19438.643,1.25,1.0,False
2017-06-17,244.004,99.723,192.8,146380.0,4.4,26.21,462754.0,19438.643,1.25,1.0,False
2017-06-18,244.004,99.723,192.8,146380.0,4.4,26.21,462754.0,19438.643,1.25,1.0,False
2017-06-19,244.004,99.723,192.8,146380.0,4.4,26.21,462754.0,19438.643,1.25,1.0,False
2017-06-20,244.004,99.723,192.8,146380.0,4.4,26.21,462754.0,19438.643,1.25,1.0,False
2017-06-21,244.004,99.723,192.8,146380.0,4.4,26.21,462754.0,19438.643,1.25,1.0,False
2017-06-22,244.004,99.723,192.8,146380.0,4.4,26.21,462754.0,19438.643,1.25,1.0,False
2017-06-23,244.004,99.723,192.8,146380.0,4.4,26.21,462754.0,19438.643,1.25,1.0,False
2017-06-24,244.004,99.723,192.8,146380.0,4.4,26.21,462754.0,19438.643,1.25,1.0,False
2017-06-25,244.004,99.723,192.8,146380.0,4.4,26.21,462754.0,19438.643,1.25,1.0,False
2017-06-26,244.004,99.723,192.8,146380.0,4.4,26.21,462754.0,19438.643,1.25,1.0,False
2017-06-27,244.004,99.723,192.8,146380.0,4.4,26.21,462754.0,19438.643,1.25,1.0,False
2017-06-28,244.004,99.723,192.8,146380.0,4.4,26.21,462754.0,19438.643,1.25,1.0,False
2017-06-29,244.004,99.723,192.8,146380.0,4.4,26.21,462754.0,19438.643,1.25,1.0,False
2017-06-30,244.004,99.803,192.8,146380.0,4.4,26.21,462754.0,19438.643,1.25,1.0,False
2017-07-01,244.004,99.803,192.8,146380.0,4.4,26.21,462754.0,19438.643,1.25,1.0,False
2017-07-02,244.004,99.803,192.8,146380.0,4.4,26.21,462754.0,19438.643,1.25,1.0,False
2017-07-03,244.004,99.803,192.8,146380.0,4.4,26.21,462754.0,19438.643,1.25,1.0,False
2017-07-04,244.004,99.803,192.8,146380.0,4.4,26.21,462754.0,19438.643,1.25,1.0,False
2017-07-05,244.004,99.803,192.8,146380.0,4.4,26.21,462754.0,19438.643,1.25,1.0,False
2017-07-06,244.004,99.803,192.8,146583.0,4.3,26.26,462754.0,19438.643,1.25,1.0,False
2017-07-07,244.004,99.803,192.8,146583.0,4.3,26.26,462754.0,19438.643,1.25,1.0,False
2017-07-08,244.004,99.803,192.8,146583.0,4.3,26.26,462754.0,19438.643,1.25,1.0,False
2017-07-09,244.004,99.803,192.8,146583.0,4.3,26.26,462754.0,19438.643,1.25,1.0,False
2017-07-10,244.004,99.803,192.8,146583.0,4.3,26.26,462754.0,19438.643,1.25,1.0,False
2017-07-11,244.004,99.803,192.8,146583.0,4.3,26.26,462754.0,19438.643,1.25,1.0,False
2017-07-12,244.004,99.803,192.8,146583.0,4.3,26.26,462754.0,19438.643,1.25,1.0,False
2017-07-13,244.004,99.803,192.8,146583.0,4.3,26.26,462754.0,19438.643,1.25,1.0,False
2017-07-14,244.004,99.803,192.8,146583.0,4.3,26.26,462754.0,19438.643,1.25,1.0,False
2017-07-15,244.004,99.803,192.8,146583.0,4.3,26.26,462754.0,19438.643,1.25,1.0,False
2017-07-16,244.163,99.803,193.6,146583.0,4.3,26.26,465130.0,19438.643,1.25,1.0,False
2017-07-17,244.163,99.803,193.6,146583.0,4.3,26.26,465130.0,19438.643,1.25,1.0,False
2017-07-18,244.163,99.803,193.6,146583.0,4.3,26.26,465130.0,19438.643,1.25,1.0,False
2017-07-19,244.163,99.803,193.6,146583.0,4.3,26.26,465130.0,19438.643,1.25,1.0,False
2017-07-20,244.163,99.803,193.6,146583.0,4.3,26.26,465130.0,19438.643,1.25,1.0,False
2017-07-21,244.163,99.803,193.6,146583.0,4.3,26.26,465130.0,19438.643,1.25,1.0,False
2017-07-22,244.163,99.803,193.6,146583.0,4.3,26.26,465130.0,19438.643,1.25,1.0,False
2017-07-23,244.163,99.803,193.6,146583.0,4.3,26.26,465130.0,19438.643,1.25,1.0,False
2017-07-24,244.163,99.803,193.6,146583.0,4.3,26.26,465130.0,19438.643,1.25,1.0,False
2017-07-25,244.163,99.803,193.6,146583.0,4.3,26.26,465130.0,19438.643,1.25,1.0,False
2017-07-26,244.163,99.803,193.6,146583.0,4.3,26.26,465130.0,19438.643,1.25,1.0,False
2017-07-27,244.163,99.803,193.6,146583.0,4.3,26.26,465130.0,19438.643,1.25,1.0,False
2017-07-28,244.163,99.803,193.6,146583.0,4.3,26.26,465130.0,19438.643,1.25,1.0,False
2017-07-29,244.163,99.803,193.6,146583.0,4.3,26.26,465130.0,19438.643,1.25,1.0,False
2017-07-30,244.163,99.803,193.6,146583.0,4.3,26.26,465130.0,19438.643,1.25,1.0,False
2017-07-31,244.163,99.937,193.6,146583.0,4.3,26.26,465130.0,19692.595,1.25,1.0,False
2017-08-01,244.163,99.937,193.6,146583.0,4.3,26.26,465130.0,19692.595,1.25,1.0,False
2017-08-02,244.163,99.937,193.6,146583.0,4.3,26.26,465130.0,19692.595,1.25,1.0,False
2017-08-03,244.163,99.937,193.6,146583.0,4.3,26.26,465130.0,19692.595,1.25,1.0,False
2017-08-04,244.163,99.937,193.6,146583.0,4.3,26.26,465130.0,19692.595,1.25,1.0,False
2017-08-05,244.163,99.937,193.6,146772.0,4.3,26.35,465130.0,19692.595,1.25,1.0,False
2017-08-06,244.163,99.937,193.6,146772.0,4.3,26.35,465130.0,19692.595,1.25,1.0,False
2017-08-07,244.163,99.937,193.6,146772.0,4.3,26.35,465130.0,19692.595,1.25,1.0,False
2017-08-08,244.163,99.937,193.6,146772.0,4.3,26.35,465130.0,19692.595,1.25,1.0,False
2017-08-09,244.163,99.937,193.6,146772.0,4.3,26.35,465130.0,19692.595,1.25,1.0,False
2017-08-10,244.163,99.937,193.6,146772.0,4.3,26.35,465130.0,19692.595,1.25,1.0,False
2017-08-11,244.163,99.937,193.6,146772.0,4.3,26.35,465130.0,19692.595,1.25,1.0,False
2017-08-12,244.163,99.937,193.6,146772.0,4.3,26.35,465130.0,19692.595,1.25,1.0,False
2017-08-13,244.163,99.937,193.6,146772.0,4.3,26.35,465130.0,19692.595,1.25,1.0,False
2017-08-14,244.163,99.937,193.6,146772.0,4.3,26.35,465130.0,19692.595,1.25,1.0,False
2017-08-15,244.243,99.937,193.5,146772.0,4.3,26.35,465089.0,19692.595,1.25,1.0,False
2017-08-16,244.243,99.937,193.5,146772.0,4.3,26.35,465089.0,19692.595,1.25,1.0,False
2017-08-17,244.243,99.937,193.5,146772.0,4.3,26.35,465089.0,19692.595,1.25,1.0,False
2017-08-18,244.243,99.937,193.5,146772.0,4.3,26.35,465089.0,19692.595,1.25,1.0,False
2017-08-19,244.243,99.937,193.5,146772.0,4.3,26.35,465089.0,19692.595,1.25,1.0,False
2017-08-20,244.243,99.937,193.5,146772.0,4.3,26.35,465089.0,19692.595,1.25,1.0,False
2017-08-21,244.243,99.937,193.5,146772.0,4.3,26.35,465089.0,19692.595,1.25,1.0,False
2017-08-22,244.243,99.937,193.5,146772.0,4.3,26.35,465089.0,19692.595,1.25,1.0,False
2017-08-23,244.243,99.937,193.5,146772.0,4.3,26.35,465089.0,19692.595,1.25,1.0,False
2017-08-24,244.243,99.937,193.5,146772.0,4.3,26.35,465089.0,19692.595,1.25,1.0,False
2017-08-25,244.243,99.937,193.5,146772.0,4.3,26.35,465089.0,19692.595,1.25,1.0,False
2017-08-26,244.243,99.937,193.5,146772.0,4.3,26.35,465089.0,19692.595,1.25,1.0,False
2017-08-27,244.243,99.937,193.5,146772.0,4.3,26.35,465089.0,19692.595,1.25,1.0,False
2017-08-28,244.243,99.937,193.5,146772.0,4.3,26.35,465089.0,19692.595,1.25,1.0,False
2017-08-29,244.243,99.937,193.5,146772.0,4.3,26.35,465089.0,19692.595,1.25,1.0,False
2017-08-30,244.243,100.01,193.5,146772.0,4.3,26.35,465089.0,19692.595,1.25,1.0,False
2017-08-31,244.243,100.01,193.5,146772.0,4.3,26.35,465089.0,19692.595,1.25,1.0,False
2017-09-01,244.243,100.01,193.5,146772.0,4.3,26.35,465089.0,19692.595,1.25,1.0,False
2017-09-02,244.243,100.01,193.5,146772.0,4.3,26.35,465089.0,19692.595,1.25,1.0,False
2017-09-03,244.243,100.01,193.5,146772.0,4.3,26.35,465089.0,19692.595,1.25,1.0,False
2017-09-04,244.243,100.01,193.5,146772.0,4.3,26.35,465089.0,19692.595,1.25,1.0,False
2017-09-05,244.243,100.01,193.5,146919.0,4.4,26.37,465089.0,19692.595,1.25,1.0,False
2017-09-06,244.243,100.01,193.5,146919.0,4.4,26.37,465089.0,19692.595,1.25,1.0,False
2017-09-07,244.243,100.01,193.5,146919.0,4.4,26.37,465089.0,19692.595,1.25,1.0,False
2017-09-08,244.243,100.01,193.5,146919.0,4.4,26.37,465089.0,19692.595,1.25,1.0,False
2017-09-09,244.243,100.01,193.5,146919.0,4.4,26.37,465089.0,19692.595,1.25,1.0,False
2017-09-10,244.243,100.01,193.5,146919.0,4.4,26.37,465089.0,19692.595,1.25,1.0,False
2017-09-11,244.243,100.01,193.5,146919.0,4.4,26.37,465089.0,19692.595,1.25,1.0,False
2017-09-12,244.243,100.01,193.5,146919.0,4.4,26.37,465089.0,19692.595,1.25,1.0,False
2017-09-13,244.243,100.01,193.5,146919.0,4.4,26.37,465089.0,19692.595,1.25,1.0,False
2017-09-14,244.243,100.01,193.5,146919.0,4.4,26.37,465089.0,19692.595,1.25,1.0,False
2017-09-15,245.183,100.01,193.8,146919.0,4.4,26.37,466020.0,19692.595,1.25,1.0,False
2017-09-16,245.183,100.01,193.8,146919.0,4.4,26.37,466020.0,19692.595,1.25,1.0,False
2017-09-17,245.183,100.01,193.8,146919.0,4.4,26.37,466020.0,19692.595,1.25,1.0,False
2017-09-18,245.183,100.01,193.8,146919.0,4.4,26.37,466020.0,19692.595,1.25,1.0,False
2017-09-19,245.183,100.01,193.8,146919.0,4.4,26.37,466020.0,19692.595,1.25,1.0,False
2017-09-20,245.183,100.01,193.8,146919.0,4.4,26.37,466020.0,19692.595,1.25,1.0,False
2017-09-21,245.183,100.01,193.8,146919.0,4.4,26.37,466020.0,19692.595,1.25,1.0,False
2017-09-22,245.183,100.01,193.8,146919.0,4.4,26.37,466020.0,19692.595,1.25,1.0,False
2017-09-23,245.183,100.01,193.8,146919.0,4.4,26.37,466020.0,19692.595,1.25,1.0,False
2017-09-24,245.183,100.01,193.8,146919.0,4.4,26.37,466020.0,19692.595,1.25,1.0,False
2017-09-25,245.183,100.01,193.8,146919.0,4.4,26.37,466020.0,19692.595,1.25,1.0,False
2017-09-26,245.183,100.01,193.8,146919.0,4.4,26.37,466020.0,19692.595,1.25,1.0,False
2017-09-27,245.183,100.01,193.8,146919.0,4.4,26.37,466020.0,19692.595,1.25,1.0,False
2017-09-28,245.183,100.01,193.8,146919.0,4.4,26.37,466020.0,19692.595,1.25,1.0,False
2017-09-29,245.183,100.01,193.8,146919.0,4.4,26.37,466020.0,19692.595,1.25,1.0,False
2017-09-30,245.183,100.118,193.8,146919.0,4.4,26.37,466020.0,19692.595,1.25,1.0,False
2017-10-01,245.183,100.118,193.8,146919.0,4.4,26.37,466020.0,19692.595,1.25,1.0,False
2017-10-02,245.183,100.118,193.8,146919.0,4.4,26.37,466020.0,19692.595,1.25,1.0,False
2017-10-03,245.183,100.118,193.8,146919.0,4.4,26.37,466020.0,19692.595,1.25,1.0,False
2017-10-04,245.183,100.118,193.8,146919.0,4.4,26.37,466020.0,19692.595,1.25,1.0,False
2017-10-05,245.183,100.118,193.8,146919.0,4.4,26.37,466020.0,19692.595,1.25,1.0,False
2017-10-06,245.183,100.118,193.8,147008.0,4.3,26.49,466020.0,19692.595,1.25,1.0,False
2017-10-07,245.183,100.118,193.8,147008.0,4.3,26.49,466020.0,19692.595,1.25,1.0,False
2017-10-08,245.183,100.118,193.8,147008.0,4.3,26.49,466020.0,19692.595,1.25,1.0,False
2017-10-09,245.183,100.118,193.8,147008.0,4.3,26.49,466020.0,19692.595,1.25,1.0,False
2017-10-10,245.183,100.118,193.8,147008.0,4.3,26.49,466020.0,19692.595,1.25,1.0,False
2017-10-11,245.183,100.118,193.8,147008.0,4.3,26.49,466020.0,19692.595,1.25,1.0,False
2017-10-12,245.183,100.118,193.8,147008.0,4.3,26.49,466020.0,19692.595,1.25,1.0,False
2017-10-13,245.183,100.118,193.8,147008.0,4.3,26.49,466020.0,19692.595,1.25,1.0,False
2017-10-14,245.183,100.118,193.8,147008.0,4.3,26.49,466020.0,19692.595,1.25,1.0,False
2017-10-15,245.183,100.118,193.8,147008.0,4.3,26.49,466020.0,19692.595,1.25,1.0,False
2017-10-16,246.435,100.118,194.8,147008.0,4.3,26.49,475724.0,19692.595,1.25,1.0,False
2017-10-17,246.435,100.118,194.8,147008.0,4.3,26.49,475724.0,19692.595,1.25,1.0,False
2017-10-18,246.435,100.118,194.8,147008.0,4.3,26.49,475724.0,19692.595,1.25,1.0,False
2017-10-19,246.435,100.118,194.8,147008.0,4.3,26.49,475724.0,19692.595,1.25,1.0,False
2017-10-20,246.435,100.118,194.8,147008.0,4.3,26.49,475724.0,19692.595,1.25,1.0,False
2017-10-21,246.435,100.118,194.8,147008.0,4.3,26.49,475724.0,19692.595,1.25,1.0,False
2017-10-22,246.435,100.118,194.8,147008.0,4.3,26.49,475724.0,19692.595,1.25,1.0,False
2017-10-23,246.435,100.118,194.8,147008.0,4.3,26.49,475724.0,19692.595,1.25,1.0,False
2017-10-24,246.435,100.118,194.8,147008.0,4.3,26.49,475724.0,19692.595,1.25,1.0,False
2017-10-25,246.435,100.118,194.8,147008.0,4.3,26.49,475724.0,19692.595,1.25,1.0,False
2017-10-26,246.435,100.118,194.8,147008.0,4.3,26.49,475724.0,19692.595,1.25,1.0,False
2017-10-27,246.435,100.118,194.8,147008.0,4.3,26.49,475724.0,19692.595,1.25,1.0,False
2017-10-28,246.435,100.118,194.8,147008.0,4.3,26.49,475724.0,19692.595,1.25,1.0,False
2017-10-29,246.435,100.118,194.8,147008.0,4.3,26.49,475724.0,19692.595,1.25,1.0,False
2017-10-30,246.435,100.118,194.8,147008.0,4.3,26.49,475724.0,19692.595,1.25,1.0,False
2017-10-31,246.435,100.24,194.8,147008.0,4.3,26.49,475724.0,20037.088,1.25,1.0,False
2017-11-01,246.435,100.24,194.8,147008.0,4.3,26.49,475724.0,20037.088,1.25,1.0,False
2017-11-02,246.435,100.24,194.8,147008.0,4.3,26.49,475724.0,20037.088,1.25,1.0,False
2017-11-03,246.435,100.24,194.8,147008.0,4.3,26.49,475724.0,20037.088,1.25,1.0,False
2017-11-04,246.435,100.24,194.8,147008.0,4.3,26.49,475724.0,20037.088,1.25,1.0,False
2017-11-05,246.435,100.24,194.8,147149.0,4.2,26.5,475724.0,20037.088,1.25,1.0,False
2017-11-06,246.435,100.24,194.8,147149.0,4.2,26.5,475724.0,20037.088,1.25,1.0,False
2017-11-07,246.435,100.24,194.8,147149.0,4.2,26.5,475724.0,20037.088,1.25,1.0,False
2017-11-08,246.435,100.24,194.8,147149.0,4.2,26.5,475724.0,20037.088,1.25,1.0,False
2017-11-09,246.435,100.24,194.8,147149.0,4.2,26.5,475724.0,20037.088,1.25,1.0,False
2017-11-10,246.435,100.24,194.8,147149.0,4.2,26.5,475724.0,20037.088,1.25,1.0,False
2017-11-11,246.435,100.24,194.8,147149.0,4.2,26.5,475724.0,20037.088,1.25,1.0,False
2017-11-12,246.435,100.24,194.8,147149.0,4.2,26.5,475724.0,20037.088,1.25,1.0,False
2017-11-13,246.435,100.24,194.8,147149.0,4.2,26.5,475724.0,20037.088,1.25,1.0,False
2017-11-14,246.435,100.24,194.8,147149.0,4.2,26.5,475724.0,20037.088,1.25,1.0,False
2017-11-15,246.626,100.24,194.9,147149.0,4.2,26.5,476107.0,20037.088,1.25,1.0,False
2017-11-16,246.626,100.24,194.9,147149.0,4.2,26.5,476107.0,20037.088,1.25,1.0,False
2017-11-17,246.626,100.24,194.9,147149.0,4.2,26.5,476107.0,20037.088,1.25,1.0,False
2017-11-18,246.626,100.24,194.9,147149.0,4.2,26.5,476107.0,20037.088,1.25,1.0,False
2017-11-19,246.626,100.24,194.9,147149.0,4.2,26.5,476107.0,20037.088,1.25,1.0,False
2017-11-20,246.626,100.24,194.9,147149.0,4.2,26.5,476107.0,20037.088,1.25,1.0,False
2017-11-21,246.626,100.24,194.9,147149.0,4.2,26.5,476107.0,20037.088,1.25,1.0,False
2017-11-22,246.626,100.24,194.9,147149.0,4.2,26.5,476107.0,20037.088,1.25,1.0,False
2017-11-23,246.626,100.24,194.9,147149.0,4.2,26.5,476107.0,20037.088,1.25,1.0,False
2017-11-24,246.626,100.24,194.9,147149.0,4.2,26.5,476107.0,20037.088,1.25,1.0,False
2017-11-25,246.626,100.24,194.9,147149.0,4.2,26.5,476107.0,20037.088,1.25,1.0,False
2017-11-26,246.626,100.24,194.9,147149.0,4.2,26.5,476107.0,20037.088,1.25,1.0,False
2017-11-27,246.626,100.24,194.9,147149.0,4.2,26.5,476107.0,20037.088,1.25,1.0,False
2017-11-28,246.626,100.24,194.9,147149.0,4.2,26.5,476107.0,20037.088,1.25,1.0,False
2017-11-29,246.626,100.24,194.9,147149.0,4.2,26.5,476107.0,20037.088,1.25,1.0,False
2017-11-30,246.626,100.486,194.9,147149.0,4.2,26.5,476107.0,20037.088,1.25,1.0,False
2017-12-01,246.626,100.486,194.9,147149.0,4.2,26.5,476107.0,20037.088,1.25,1.0,False
2017-12-02,246.626,100.486,194.9,147149.0,4.2,26.5,476107.0,20037.088,1.25,1.0,False
2017-12-03,246.626,100.486,194.9,147149.0,4.2,26.5,476107.0,20037.088,1.25,1.0,False
2017-12-04,246.626,100.486,194.9,147149.0,4.2,26.5,476107.0,20037.088,1.25,1.0,False
2017-12-05,246.626,100.486,194.9,147149.0,4.2,26.5,476107.0,20037.088,1.25,1.0,False
2017-12-06,246.626,100.486,194.9,147372.0,4.2,26.54,476107.0,20037.088,1.25,1.0,False
2017-12-07,246.626,100.486,194.9,147372.0,4.2,26.54,476107.0,20037.088,1.25,1.0,False
2017-12-08,246.626,100.486,194.9,147372.0,4.2,26.54,476107.0,20037.088,1.25,1.0,False
2017-12-09,246.626,100.486,194.9,147372.0,4.2,26.54,476107.0,20037.088,1.25,1.0,False
2017-12-10,246.626,100.486,194.9,147372.0,4.2,26.54,476107.0,20037.088,1.25,1.0,False
2017-12-11,246.626,100.486,194.9,147372.0,4.2,26.54,476107.0,20037.088,1.25,1.0,False
2017-12-12,246.626,100.486,194.9,147372.0,4.2,26.54,476107.0,20037.088,1.25,1.0,False
2017-12-13,246.626,100.486,194.9,147372.0,4.2,26.54,476107.0,20037.088,1.25,1.0,False
2017-12-14,246.626,100.486,194.9,147372.0,4.2,26.54,476107.0,20037.088,1.5,1.25,True
2017-12-15,246.626,100.486,194.9,147372.0,4.2,26.54,476107.0,20037.088,1.5,1.25,False
2017-12-16,247.284,100.486,195.9,147372.0,4.2,26.54,480949.0,20037.088,1.5,1.25,False
2017-12-17,247.284,100.486,195.9,147372.0,4.2,26.54,480949.0,20037.088,1.5,1.25,False
2017-12-18,247.284,100.486,195.9,147372.0,4.2,26.54,480949.0,20037.088,1.5,1.25,False
2017-12-19,247.284,100.486,195.9,147372.0,4.2,26.54,480949.0,20037.088,1.5,1.25,False
2017-12-20,247.284,100.486,195.9,147372.0,4.2,26.54,480949.0,20037.088,1.5,1.25,False
2017-12-21,247.284,100.486,195.9,147372.0,4.2,26.54,480949.0,20037.088,1.5,1.25,False
2017-12-22,247.284,100.486,195.9,147372.0,4.2,26.54,480949.0,20037.088,1.5,1.25,False
2017-12-23,247.284,100.486,195.9,147372.0,4.2,26.54,480949.0,20037.088,1.5,1.25,False
2017-12-24,247.284,100.486,195.9,147372.0,4.2,26.54,480949.0,20037.088,1.5,1.25,False
2017-12-25,247.284,100.486,195.9,147372.0,4.2,26.54,480949.0,20037.088,1.5,1.25,False
2017-12-26,247.284,100.486,195.9,147372.0,4.2,26.54,480949.0,20037.088,1.5,1.25,False
2017-12-27,247.284,100.486,195.9,147372.0,4.2,26.54,480949.0,20037.088,1.5,1.25,False
2017-12-28,247.284,100.486,195.9,147372.0,4.2,26.54,480949.0,20037.088,1.5,1.25,False
2017-12-29,247.284,100.486,195.9,147372.0,4.2,26.54,480949.0,20037.088,1.5,1.25,False
2017-12-30,247.284,100.486,195.9,147372.0,4.2,26.54,480949.0,20037.088,1.5,1.25,False
2017-12-31,247.284,100.535,195.9,147372.0,4.2,26.54,480949.0,20037.088,1.5,1.25,False
2018-01-01,247.284,100.535,195.9,147372.0,4.2,26.54,480949.0,20037.088,1.5,1.25,False
2018-01-02,247.284,100.535,195.9,147372.0,4.2,26.54,480949.0,20037.088,1.5,1.25,False
2018-01-03,247.284,100.535,195.9,147372.0,4.2,26.54,480949.0,20037.088,1.5,1.25,False
2018-01-04,247.284,100.535,195.9,147372.0,4.2,26.54,480949.0,20037.088,1.5,1.25,False
2018-01-05,247.284,100.535,195.9,147523.0,4.1,26.63,480949.0,20037.088,1.5,1.25,False
2018-01-06,247.284,100.535,195.9,147523.0,4.1,26.63,480949.0,20037.088,1.5,1.25,False
2018-01-07,247.284,100.535,195.9,147523.0,4.1,26.63,480949.0,20037.088,1.5,1.25,False
2018-01-08,247.284,100.535,195.9,147523.0,4.1,26.63,480949.0,20037.088,1.5,1.25,False
2018-01-09,247.284,100.535,195.9,147523.0,4.1,26.63,480949.0,20037.088,1.5,1.25,False
2018-01-10,247.284,100.535,195.9,147523.0,4.1,26.63,480949.0,20037.088,1.5,1.25,False
2018-01-11,247.284,100.535,195.9,147523.0,4.1,26.63,480949.0,20037.088,1.5,1.25,False
2018-01-12,247.284,100.535,195.9,147523.0,4.1,26.63,480949.0,20037.088,1.5,1.25,False
2018-01-13,247.284,100.535,195.9,147523.0,4.1,26.63,480949.0,20037.088,1.5,1.25,False
2018-01-14,247.284,100.535,195.9,147523.0,4.1,26.63,480949.0,20037.088,1.5,1.25,False
2018-01-15,247.805,100.535,196.3,147523.0,4.1,26.63,483586.0,20037.088,1.5,1.25,False
2018-01-16,247.805,100.535,196.3,147523.0,4.1,26.63,483586.0,20037.088,1.5,1.25,False
2018-01-17,247.805,100.535,196.3,147523.0,4.1,26.63,483586.0,20037.088,1.5,1.25,False
2018-01-18,247.805,100.535,196.3,147523.0,4.1,26.63,483586.0,20037.088,1.5,1.25,False
2018-01-19,247.805,100.535,196.3,147523.0,4.1,26.63,483586.0,20037.088,1.5,1.25,False
2018-01-20,247.805,100.535,196.3,147523.0,4.1,26.63,483586.0,20037.088,1.5,1.25,False
2018-01-21,247.805,100.535,196.3,147523.0,4.1,26.63,483586.0,20037.088,1.5,1.25,False
2018-01-22,247.805,100.535,196.3,147523.0,4.1,26.63,483586.0,20037.088,1.5,1.25,False
2018-01-23,247.805,100.535,196.3,147523.0,4.1,26.63,483586.0,20037.088,1.5,1.25,False
2018-01-24,247.805,100.535,196.3,147523.0,4.1,26.63,483586.0,20037.088,1.5,1.25,False
2018-01-25,247.805,100.535,196.3,147523.0,4.1,26.63,483586.0,20037.088,1.5,1.25,False
2018-01-26,247.805,100.535,196.3,147523.0,4.1,26.63,483586.0,20037.088,1.5,1.25,False
2018-01-27,247.805,100.535,196.3,147523.0,4.1,26.63,483586.0,20037.088,1.5,1.25,False
2018-01-28,247.805,100.535,196.3,147523.0,4.1,26.63,483586.0,20037.088,1.5,1.25,False
2018-01-29,247.805,100.535,196.3,147523.0,4.1,26.63,483586.0,20037.088,1.5,1.25,False
2018-01-30,247.805,100.683,196.3,147523.0,4.1,26.63,483586.0,20037.088,1.5,1.25,False
2018-01-31,247.805,100.683,196.3,147523.0,4.1,26.63,483586.0,20328.553,1.5,1.25,False
2018-02-01,247.805,100.683,196.3,147523.0,4.1,26.63,483586.0,20328.553,1.5,1.25,False
2018-02-02,247.805,100.683,196.3,147523.0,4.1,26.63,483586.0,20328.553,1.5,1.25,False
2018-02-03,247.805,100.683,196.3,147523.0,4.1,26.63,483586.0,20328.553,1.5,1.25,False
2018-02-04,247.805,100.683,196.3,147523.0,4.1,26.63,483586.0,20328.553,1.5,1.25,False
2018-02-05,247.805,100.683,196.3,147660.0,4.0,26.72,483586.0,20328.553,1.5,1.25,False
2018-02-06,247.805,100.683,196.3,147660.0,4.0,26.72,483586.0,20328.553,1.5,1.25,False
2018-02-07,247.805,100.683,196.3,147660.0,4.0,26.72,483586.0,20328.553,1.5,1.25,False
2018-02-08,247.805,100.683,196.3,147660.0,4.0,26.72,483586.0,20328.553,1.5,1.25,False
2018-02-09,247.805,100.683,196.3,147660.0,4.0,26.72,483586.0,20328.553,1.5,1.25,False
2018-02-10,247.805,100.683,196.3,147660.0,4.0,26.72,483586.0,20328.553,1.5,1.25,False
2018-02-11,247.805,100.683,196.3,147660.0,4.0,26.72,483586.0,20328.553,1.5,1.25,False
2018-02-12,247.805,100.683,196.3,147660.0,4.0,26.72,483586.0,20328.553,1.5,1.25,False
2018-02-13,247.805,100.683,196.3,147660.0,4.0,26.72,483586.0,20328.553,1.5,1.25,False
2018-02-14,247.805,100.683,196.3,147660.0,4.0,26.72,483586.0,20328.553,1.5,1.25,False
2018-02-15,248.859,100.683,197.9,147660.0,4.0,26.72,481414.0,20328.553,1.5,1.25,False
2018-02-16,248.859,100.683,197.9,147660.0,4.0,26.72,481414.0,20328.553,1.5,1.25,False
2018-02-17,248.859,100.683,197.9,147660.0,4.0,26.72,481414.0,20328.553,1.5,1.25,False
2018-02-18,248.859,100.683,197.9,147660.0,4.0,26.72,481414.0,20328.553,1.5,1.25,False
2018-02-19,248.859,100.683,197.9,147660.0,4.0,26.72,481414.0,20328.553,1.5,1.25,False
2018-02-20,248.859,100.683,197.9,147660.0,4.0,26.72,481414.0,20328.553,1.5,1.25,False
2018-02-21,248.859,100.683,197.9,147660.0,4.0,26.72,481414.0,20328.553,1.5,1.25,False
2018-02-22,248.859,100.683,197.9,147660.0,4.0,26.72,481414.0,20328.553,1.5,1.25,False
2018-02-23,248.859,100.683,197.9,147660.0,4.0,26.72,481414.0,20328.553,1.5,1.25,False
2018-02-24,248.859,100.683,197.9,147660.0,4.0,26.72,481414.0,20328.553,1.5,1.25,False
2018-02-25,248.859,100.683,197.9,147660.0,4.0,26.72,481414.0,20328.553,1.5,1.25,False
2018-02-26,248.859,100.683,197.9,147660.0,4.0,26.72,481414.0,20328.553,1.5,1.25,False
2018-02-27,248.859,100.683,197.9,147660.0,4.0,26.72,481414.0,20328.553,1.5,1.25,False
2018-02-28,248.859,100.683,197.9,147660.0,4.0,26.72,481414.0,20328.553,1.5,1.25,False
2018-03-01,248.859,100.683,197.9,147660.0,4.0,26.72,481414.0,20328.553,1.5,1.25,False
2018-03-02,248.859,101.007,197.9,147660.0,4.0,26.72,481414.0,20328.553,1.5,1.25,False
2018-03-03,248.859,101.007,197.9,147660.0,4.0,26.72,481414.0,20328.553,1.5,1.25,False
2018-03-04,248.859,101.007,197.9,147660.0,4.0,26.72,481414.0,20328.553,1.5,1.25,False
2018-03-05,248.859,101.007,197.9,147660.0,4.0,26.72,481414.0,20328.553,1.5,1.25,False
2018-03-06,248.859,101.007,197.9,147660.0,4.0,26.72,481414.0,20328.553,1.5,1.25,False
2018-03-07,248.859,101.007,197.9,147660.0,4.0,26.72,481414.0,20328.553,1.5,1.25,False
2018-03-08,248.859,101.007,197.9,148054.0,4.1,26.74,481414.0,20328.553,1.5,1.25,False
2018-03-09,248.859,101.007,197.9,148054.0,4.1,26.74,481414.0,20328.553,1.5,1.25,False
2018-03-10,248.859,101.007,197.9,148054.0,4.1,26.74,481414.0,20328.553,1.5,1.25,False
2018-03-11,248.859,101.007,197.9,148054.0,4.1,26.74,481414.0,20328.553,1.5,1.25,False
2018-03-12,248.859,101.007,197.9,148054.0,4.1,26.74,481414.0,20328.553,1.5,1.25,False
2018-03-13,248.859,101.007,197.9,148054.0,4.1,26.74,481414.0,20328.553,1.5,1.25,False
2018-03-14,248.859,101.007,197.9,148054.0,4.1,26.74,481414.0,20328.553,1.5,1.25,False
2018-03-15,248.859,101.007,197.9,148054.0,4.1,26.74,481414.0,20328.553,1.5,1.25,False
2018-03-16,248.859,101.007,197.9,148054.0,4.1,26.74,481414.0,20328.553,1.5,1.25,False
2018-03-17,248.859,101.007,197.9,148054.0,4.1,26.74,481414.0,20328.553,1.5,1.25,False
2018-03-18,249.529,101.007,199.3,148054.0,4.1,26.74,484031.0,20328.553,1.5,1.25,False
2018-03-19,249.529,101.007,199.3,148054.0,4.1,26.74,484031.0,20328.553,1.5,1.25,False
2018-03-20,249.529,101.007,199.3,148054.0,4.1,26.74,484031.0,20328.553,1.5,1.25,False
2018-03-21,249.529,101.007,199.3,148054.0,4.1,26.74,484031.0,20328.553,1.5,1.25,False
2018-03-22,249.529,101.007,199.3,148054.0,4.1,26.74,484031.0,20328.553,1.75,1.5,True
2018-03-23,249.529,101.007,199.3,148054.0,4.1,26.74,484031.0,20328.553,1.75,1.5,False
2018-03-24,249.529,101.007,199.3,148054.0,4.1,26.74,484031.0,20328.553,1.75,1.5,False
2018-03-25,249.529,101.007,199.3,148054.0,4.1,26.74,484031.0,20328.553,1.75,1.5,False
2018-03-26,249.529,101.007,199.3,148054.0,4.1,26.74,484031.0,20328.553,1.75,1.5,False
2018-03-27,249.529,101.007,199.3,148054.0,4.1,26.74,484031.0,20328.553,1.75,1.5,False
2018-03-28,249.529,101.007,199.3,148054.0,4.1,26.74,484031.0,20328.553,1.75,1.5,False
2018-03-29,249.529,101.007,199.3,148054.0,4.1,26.74,484031.0,20328.553,1.75,1.5,False
2018-03-30,249.529,101.007,199.3,148054.0,4.1,26.74,484031.0,20328.553,1.75,1.5,False
2018-03-31,249.529,101.007,199.3,148054.0,4.1,26.74,484031.0,20328.553,1.75,1.5,False
2018-04-01,249.529,101.007,199.3,148054.0,4.1,26.74,484031.0,20328.553,1.75,1.5,False
2018-04-02,249.529,101.198,199.3,148054.0,4.1,26.74,484031.0,20328.553,1.75,1.5,False
2018-04-03,249.529,101.198,199.3,148054.0,4.1,26.74,484031.0,20328.553,1.75,1.5,False
2018-04-04,249.529,101.198,199.3,148054.0,4.1,26.74,484031.0,20328.553,1.75,1.5,False
2018-04-05,249.529,101.198,199.3,148280.0,4.0,26.85,484031.0,20328.553,1.75,1.5,False
2018-04-06,249.529,101.198,199.3,148280.0,4.0,26.85,484031.0,20328.553,1.75,1.5,False
2018-04-07,249.529,101.198,199.3,148280.0,4.0,26.85,484031.0,20328.553,1.75,1.5,False
2018-04-08,249.529,101.198,199.3,148280.0,4.0,26.85,484031.0,20328.553,1.75,1.5,False
2018-04-09,249.529,101.198,199.3,148280.0,4.0,26.85,484031.0,20328.553,1.75,1.5,False
2018-04-10,249.529,101.198,199.3,148280.0,4.0,26.85,484031.0,20328.553,1.75,1.5,False
2018-04-11,249.529,101.198,199.3,148280.0,4.0,26.85,484031.0,20328.553,1.75,1.5,False
2018-04-12,249.529,101.198,199.3,148280.0,4.0,26.85,484031.0,20328.553,1.75,1.5,False
2018-04-13,249.529,101.198,199.3,148280.0,4.0,26.85,484031.0,20328.553,1.75,1.5,False
2018-04-14,249.529,101.198,199.3,148280.0,4.0,26.85,484031.0,20328.553,1.75,1.5,False
2018-04-15,249.577,101.198,199.3,148280.0,4.0,26.85,484110.0,20328.553,1.75,1.5,False
2018-04-16,249.577,101.198,199.3,148280.0,4.0,26.85,484110.0,20328.553,1.75,1.5,False
2018-04-17,249.577,101.198,199.3,148280.0,4.0,26.85,484110.0,20328.553,1.75,1.5,False
2018-04-18,249.577,101.198,199.3,148280.0,4.0,26.85,484110.0,20328.553,1.75,1.5,False
2018-04-19,249.577,101.198,199.3,148280.0,4.0,26.85,484110.0,20328.553,1.75,1.5,False
2018-04-20,249.577,101.198,199.3,148280.0,4.0,26.85,484110.0,20328.553,1.75,1.5,False
2018-04-21,249.577,101.198,199.3,148280.0,4.0,26.85,484110.0,20328.553,1.75,1.5,False
2018-04-22,249.577,101.198,199.3,148280.0,4.0,26.85,484110.0,20328.553,1.75,1.5,False
2018-04-23,249.577,101.198,199.3,148280.0,4.0,26.85,484110.0,20328.553,1.75,1.5,False
2018-04-24,249.577,101.198,199.3,148280.0,4.0,26.85,484110.0,20328.553,1.75,1.5,False
2018-04-25,249.577,101.198,199.3,148280.0,4.0,26.85,484110.0,20328.553,1.75,1.5,False
2018-04-26,249.577,101.198,199.3,148280.0,4.0,26.85,484110.0,20328.553,1.75,1.5,False
2018-04-27,249.577,101.198,199.3,148280.0,4.0,26.85,484110.0,20328.553,1.75,1.5,False
2018-04-28,249.577,101.198,199.3,148280.0,4.0,26.85,484110.0,20328.553,1.75,1.5,False
2018-04-29,249.577,101.198,199.3,148280.0,4.0,26.85,484110.0,20328.553,1.75,1.5,False
2018-04-30,249.577,101.419,199.3,148280.0,4.0,26.85,484110.0,20328.553,1.75,1.5,False
2018-05-01,249.577,101.419,199.3,148280.0,4.0,26.85,484110.0,20580.912,1.75,1.5,False
2018-05-02,249.577,101.419,199.3,148280.0,4.0,26.85,484110.0,20580.912,1.75,1.5,False
2018-05-03,249.577,101.419,199.3,148280.0,4.0,26.85,484110.0,20580.912,1.75,1.5,False
2018-05-04,249.577,101.419,199.3,148280.0,4.0,26.85,484110.0,20580.912,1.75,1.5,False
2018-05-05,249.577,101.419,199.3,148280.0,4.0,26.85,484110.0,20580.912,1.75,1.5,False
2018-05-06,249.577,101.419,199.3,148420.0,4.0,26.91,484110.0,20580.912,1.75,1.5,False
2018-05-07,249.577,101.419,199.3,148420.0,4.0,26.91,484110.0,20580.912,1.75,1.5,False
2018-05-08,249.577,101.419,199.3,148420.0,4.0,26.91,484110.0,20580.912,1.75,1.5,False
2018-05-09,249.577,101.419,199.3,148420.0,4.0,26.91,484110.0,20580.912,1.75,1.5,False
2018-05-10,249.577,101.419,199.3,148420.0,4.0,26.91,484110.0,20580.912,1.75,1.5,False
2018-05-11,249.577,101.419,199.3,148420.0,4.0,26.91,484110.0,20580.912,1.75,1.5,False
2018-05-12,249.577,101.419,199.3,148420.0,4.0,26.91,484110.0,20580.912,1.75,1.5,False
2018-05-13,249.577,101.419,199.3,148420.0,4.0,26.91,484110.0,20580.912,1.75,1.5,False
2018-05-14,249.577,101.419,199.3,148420.0,4.0,26.91,484110.0,20580.912,1.75,1.5,False
2018-05-15,249.577,101.419,199.3,148420.0,4.0,26.91,484110.0,20580.912,1.75,1.5,False
2018-05-16,250.227,101.419,200.3,148420.0,4.0,26.91,484154.0,20580.912,1.75,1.5,False
2018-05-17,250.227,101.419,200.3,148420.0,4.0,26.91,484154.0,20580.912,1.75,1.5,False
2018-05-18,250.227,101.419,200.3,148420.0,4.0,26.91,484154.0,20580.912,1.75,1.5,False
2018-05-19,250.227,101.419,200.3,148420.0,4.0,26.91,484154.0,20580.912,1.75,1.5,False
2018-05-20,250.227,101.419,200.3,148420.0,4.0,26.91,484154.0,20580.912,1.75,1.5,False
2018-05-21,250.227,101.419,200.3,148420.0,4.0,26.91,484154.0,20580.912,1.75,1.5,False
2018-05-22,250.227,101.419,200.3,148420.0,4.0,26.91,484154.0,20580.912,1.75,1.5,False
2018-05-23,250.227,101.419,200.3,148420.0,4.0,26.91,484154.0,20580.912,1.75,1.5,False
2018-05-24,250.227,101.419,200.3,148420.0,4.0,26.91,484154.0,20580.912,1.75,1.5,False
2018-05-25,250.227,101.419,200.3,148420.0,4.0,26.91,484154.0,20580.912,1.75,1.5,False
2018-05-26,250.227,101.419,200.3,148420.0,4.0,26.91,484154.0,20580.912,1.75,1.5,False
2018-05-27,250.227,101.419,200.3,148420.0,4.0,26.91,484154.0,20580.912,1.75,1.5,False
2018-05-28,250.227,101.419,200.3,148420.0,4.0,26.91,484154.0,20580.912,1.75,1.5,False
2018-05-29,250.227,101.419,200.3,148420.0,4.0,26.91,484154.0,20580.912,1.75,1.5,False
2018-05-30,250.227,101.419,200.3,148420.0,4.0,26.91,484154.0,20580.912,1.75,1.5,False
2018-05-31,250.227,101.602,200.3,148420.0,4.0,26.91,484154.0,20580.912,1.75,1.5,False
2018-06-01,250.227,101.602,200.3,148420.0,4.0,26.91,484154.0,20580.912,1.75,1.5,False
2018-06-02,250.227,101.602,200.3,148420.0,4.0,26.91,484154.0,20580.912,1.75,1.5,False
2018-06-03,250.227,101.602,200.3,148420.0,4.0,26.91,484154.0,20580.912,1.75,1.5,False
2018-06-04,250.227,101.602,200.3,148420.0,4.0,26.91,484154.0,20580.912,1.75,1.5,False
2018-06-05,250.227,101.602,200.3,148742.0,3.8,26.98,484154.0,20580.912,1.75,1.5,False
2018-06-06,250.227,101.602,200.3,148742.0,3.8,26.98,484154.0,20580.912,1.75,1.5,False
2018-06-07,250.227,101.602,200.3,148742.0,3.8,26.98,484154.0,20580.912,1.75,1.5,False
2018-06-08,250.227,101.602,200.3,148742.0,3.8,26.98,484154.0,20580.912,1.75,1.5,False
2018-06-09,250.227,101.602,200.3,148742.0,3.8,26.98,484154.0,20580.912,1.75,1.5,False
2018-06-10,250.227,101.602,200.3,148742.0,3.8,26.98,484154.0,20580.912,1.75,1.5,False
2018-06-11,250.227,101.602,200.3,148742.0,3.8,26.98,484154.0,20580.912,1.75,1.5,False
2018-06-12,250.227,101.602,200.3,148742.0,3.8,26.98,484154.0,20580.912,1.75,1.5,False
2018-06-13,250.227,101.602,200.3,148742.0,3.8,26.98,484154.0,20580.912,1.75,1.5,False
2018-06-14,250.227,101.602,200.3,148742.0,3.8,26.98,484154.0,20580.912,2.0,1.75,True
2018-06-15,250.792,101.602,203.2,148742.0,3.8,26.98,491960.0,20580.912,2.0,1.75,False
2018-06-16,250.792,101.602,203.2,148742.0,3.8,26.98,491960.0,20580.912,2.0,1.75,False
2018-06-17,250.792,101.602,203.2,148742.0,3.8,26.98,491960.0,20580.912,2.0,1.75,False
2018-06-18,250.792,101.602,203.2,148742.0,3.8,26.98,491960.0,20580.912,2.0,1.75,False
2018-06-19,250.792,101.602,203.2,148742.0,3.8,26.98,491960.0,20580.912,2.0,1.75,False
2018-06-20,250.792,101.602,203.2,148742.0,3.8,26.98,491960.0,20580.912,2.0,1.75,False
2018-06-21,250.792,101.602,203.2,148742.0,3.8,26.98,491960.0,20580.912,2.0,1.75,False
2018-06-22,250.792,101.602,203.2,148742.0,3.8,26.98,491960.0,20580.912,2.0,1.75,False
2018-06-23,250.792,101.602,203.2,148742.0,3.8,26.98,491960.0,20580.912,2.0,1.75,False
2018-06-24,250.792,101.602,203.2,148742.0,3.8,26.98,491960.0,20580.912,2.0,1.75,False
2018-06-25,250.792,101.602,203.2,148742.0,3.8,26.98,491960.0,20580.912,2.0,1.75,False
2018-06-26,250.792,101.602,203.2,148742.0,3.8,26.98,491960.0,20580.912,2.0,1.75,False
2018-06-27,250.792,101.602,203.2,148742.0,3.8,26.98,491960.0,20580.912,2.0,1.75,False
2018-06-28,250.792,101.602,203.2,148742.0,3.8,26.98,491960.0,20580.912,2.0,1.75,False
2018-06-29,250.792,101.602,203.2,148742.0,3.8,26.98,491960.0,20580.912,2.0,1.75,False
2018-06-30,250.792,101.78,203.2,148742.0,3.8,26.98,491960.0,20580.912,2.0,1.75,False
2018-07-01,250.792,101.78,203.2,148742.0,3.8,26.98,491960.0,20580.912,2.0,1.75,False
2018-07-02,250.792,101.78,203.2,148742.0,3.8,26.98,491960.0,20580.912,2.0,1.75,False
2018-07-03,250.792,101.78,203.2,148742.0,3.8,26.98,491960.0,20580.912,2.0,1.75,False
2018-07-04,250.792,101.78,203.2,148742.0,3.8,26.98,491960.0,20580.912,2.0,1.75,False
2018-07-05,250.792,101.78,203.2,148742.0,3.8,26.98,491960.0,20580.912,2.0,1.75,False
2018-07-06,250.792,101.78,203.2,148960.0,4.0,27.03,491960.0,20580.912,2.0,1.75,False
2018-07-07,250.792,101.78,203.2,148960.0,4.0,27.03,491960.0,20580.912,2.0,1.75,False
2018-07-08,250.792,101.78,203.2,148960.0,4.0,27.03,491960.0,20580.912,2.0,1.75,False
2018-07-09,250.792,101.78,203.2,148960.0,4.0,27.03,491960.0,20580.912,2.0,1.75,False
2018-07-10,250.792,101.78,203.2,148960.0,4.0,27.03,491960.0,20580.912,2.0,1.75,False
2018-07-11,250.792,101.78,203.2,148960.0,4.0,27.03,491960.0,20580.912,2.0,1.75,False
2018-07-12,250.792,101.78,203.2,148960.0,4.0,27.03,491960.0,20580.912,2.0,1.75,False
2018-07-13,250.792,101.78,203.2,148960.0,4.0,27.03,491960.0,20580.912,2.0,1.75,False
2018-07-14,250.792,101.78,203.2,148960.0,4.0,27.03,491960.0,20580.912,2.0,1.75,False
2018-07-15,250.792,101.78,203.2,148960.0,4.0,27.03,491960.0,20580.912,2.0,1.75,False
2018-07-16,251.018,101.78,204.2,148960.0,4.0,27.03,490228.0,20580.912,2.0,1.75,False
2018-07-17,251.018,101.78,204.2,148960.0,4.0,27.03,490228.0,20580.912,2.0,1.75,False
2018-07-18,251.018,101.78,204.2,148960.0,4.0,27.03,490228.0,20580.912,2.0,1.75,False
2018-07-19,251.018,101.78,204.2,148960.0,4.0,27.03,490228.0,20580.912,2.0,1.75,False
2018-07-20,251.018,101.78,204.2,148960.0,4.0,27.03,490228.0,20580.912,2.0,1.75,False
2018-07-21,251.018,101.78,204.2,148960.0,4.0,27.03,490228.0,20580.912,2.0,1.75,False
2018-07-22,251.018,101.78,204.2,148960.0,4.0,27.03,490228.0,20580.912,2.0,1.75,False
2018-07-23,251.018,101.78,204.2,148960.0,4.0,27.03,490228.0,20580.912,2.0,1.75,False
2018-07-24,251.018,101.78,204.2,148960.0,4.0,27.03,490228.0,20580.912,2.0,1.75,False
2018-07-25,251.018,101.78,204.2,148960.0,4.0,27.03,490228.0,20580.912,2.0,1.75,False
2018-07-26,251.018,101.78,204.2,148960.0,4.0,27.03,490228.0,20580.912,2.0,1.75,False
2018-07-27,251.018,101.78,204.2,148960.0,4.0,27.03,490228.0,20580.912,2.0,1.75,False
2018-07-28,251.018,101.78,204.2,148960.0,4.0,27.03,490228.0,20580.912,2.0,1.75,False
2018-07-29,251.018,101.78,204.2,148960.0,4.0,27.03,490228.0,20580.912,2.0,1.75,False
2018-07-30,251.018,101.78,204.2,148960.0,4.0,27.03,490228.0,20580.912,2.0,1.75,False
2018-07-31,251.018,101.872,204.2,148960.0,4.0,27.03,490228.0,20798.73,2.0,1.75,False
2018-08-01,251.018,101.872,204.2,148960.0,4.0,27.03,490228.0,20798.73,2.0,1.75,False
2018-08-02,251.018,101.872,204.2,148960.0,4.0,27.03,490228.0,20798.73,2.0,1.75,False
2018-08-03,251.018,101.872,204.2,148960.0,4.0,27.03,490228.0,20798.73,2.0,1.75,False
2018-08-04,251.018,101.872,204.2,148960.0,4.0,27.03,490228.0,20798.73,2.0,1.75,False
2018-08-05,251.018,101.872,204.2,149020.0,3.8,27.1,490228.0,20798.73,2.0,1.75,False
2018-08-06,251.018,101.872,204.2,149020.0,3.8,27.1,490228.0,20798.73,2.0,1.75,False
2018-08-07,251.018,101.872,204.2,149020.0,3.8,27.1,490228.0,20798.73,2.0,1.75,False
2018-08-08,251.018,101.872,204.2,149020.0,3.8,27.1,490228.0,20798.73,2.0,1.75,False
2018-08-09,251.018,101.872,204.2,149020.0,3.8,27.1,490228.0,20798.73,2.0,1.75,False
2018-08-10,251.018,101.872,204.2,149020.0,3.8,27.1,490228.0,20798.73,2.0,1.75,False
2018-08-11,251.018,101.872,204.2,149020.0,3.8,27.1,490228.0,20798.73,2.0,1.75,False
2018-08-12,251.018,101.872,204.2,149020.0,3.8,27.1,490228.0,20798.73,2.0,1.75,False
2018-08-13,251.018,101.872,204.2,149020.0,3.8,27.1,490228.0,20798.73,2.0,1.75,False
2018-08-14,251.018,101.872,204.2,149020.0,3.8,27.1,490228.0,20798.73,2.0,1.75,False
2018-08-15,251.214,101.872,204.3,149020.0,3.8,27.1,493142.0,20798.73,2.0,1.75,False
2018-08-16,251.214,101.872,204.3,149020.0,3.8,27.1,493142.0,20798.73,2.0,1.75,False
2018-08-17,251.214,101.872,204.3,149020.0,3.8,27.1,493142.0,20798.73,2.0,1.75,False
2018-08-18,251.214,101.872,204.3,149020.0,3.8,27.1,493142.0,20798.73,2.0,1.75,False
2018-08-19,251.214,101.872,204.3,149020.0,3.8,27.1,493142.0,20798.73,2.0,1.75,False
2018-08-20,251.214,101.872,204.3,149020.0,3.8,27.1,493142.0,20798.73,2.0,1.75,False
2018-08-21,251.214,101.872,204.3,149020.0,3.8,27.1,493142.0,20798.73,2.0,1.75,False
2018-08-22,251.214,101.872,204.3,149020.0,3.8,27.1,493142.0,20798.73,2.0,1.75,False
2018-08-23,251.214,101.872,204.3,149020.0,3.8,27.1,493142.0,20798.73,2.0,1.75,False
2018-08-24,251.214,101.872,204.3,149020.0,3.8,27.1,493142.0,20798.73,2.0,1.75,False
2018-08-25,251.214,101.872,204.3,149020.0,3.8,27.1,493142.0,20798.73,2.0,1.75,False
2018-08-26,251.214,101.872,204.3,149020.0,3.8,27.1,493142.0,20798.73,2.0,1.75,False
2018-08-27,251.214,101.872,204.3,149020.0,3.8,27.1,493142.0,20798.73,2.0,1.75,False
2018-08-28,251.214,101.872,204.3,149020.0,3.8,27.1,493142.0,20798.73,2.0,1.75,False
2018-08-29,251.214,101.872,204.3,149020.0,3.8,27.1,493142.0,20798.73,2.0,1.75,False
2018-08-30,251.214,102.006,204.3,149020.0,3.8,27.1,493142.0,20798.73,2.0,1.75,False
2018-08-31,251.214,102.006,204.3,149020.0,3.8,27.1,493142.0,20798.73,2.0,1.75,False
2018-09-01,251.214,102.006,204.3,149020.0,3.8,27.1,493142.0,20798.73,2.0,1.75,False
2018-09-02,251.214,102.006,204.3,149020.0,3.8,27.1,493142.0,20798.73,2.0,1.75,False
2018-09-03,251.214,102.006,204.3,149020.0,3.8,27.1,493142.0,20798.73,2.0,1.75,False
2018-09-04,251.214,102.006,204.3,149020.0,3.8,27.1,493142.0,20798.73,2.0,1.75,False
2018-09-05,251.214,102.006,204.3,149277.0,3.8,27.21,493142.0,20798.73,2.0,1.75,False
2018-09-06,251.214,102.006,204.3,149277.0,3.8,27.21,493142.0,20798.73,2.0,1.75,False
2018-09-07,251.214,102.006,204.3,149277.0,3.8,27.21,493142.0,20798.73,2.0,1.75,False
2018-09-08,251.214,102.006,204.3,149277.0,3.8,27.21,493142.0,20798.73,2.0,1.75,False
2018-09-09,251.214,102.006,204.3,149277.0,3.8,27.21,493142.0,20798.73,2.0,1.75,False
2018-09-10,251.214,102.006,204.3,149277.0,3.8,27.21,493142.0,20798.73,2.0,1.75,False
2018-09-11,251.214,102.006,204.3,149277.0,3.8,27.21,493142.0,20798.73,2.0,1.75,False
2018-09-12,251.214,102.006,204.3,149277.0,3.8,27.21,493142.0,20798.73,2.0,1.75,False
2018-09-13,251.214,102.006,204.3,149277.0,3.8,27.21,493142.0,20798.73,2.0,1.75,False
2018-09-14,251.214,102.006,204.3,149277.0,3.8,27.21,493142.0,20798.73,2.0,1.75,False
2018-09-15,251.663,102.006,203.4,149277.0,3.8,27.21,493445.0,20798.73,2.0,1.75,False
2018-09-16,251.663,102.006,203.4,149277.0,3.8,27.21,493445.0,20798.73,2.0,1.75,False
2018-09-17,251.663,102.006,203.4,149277.0,3.8,27.21,493445.0,20798.73,2.0,1.75,False
2018-09-18,251.663,102.006,203.4,149277.0,3.8,27.21,493445.0,20798.73,2.0,1.75,False
2018-09-19,251.663,102.006,203.4,149277.0,3.8,27.21,493445.0,20798.73,2.0,1.75,False
2018-09-20,251.663,102.006,203.4,149277.0,3.8,27.21,493445.0,20798.73,2.0,1.75,False
2018-09-21,251.663,102.006,203.4,149277.0,3.8,27.21,493445.0,20798.73,2.0,1.75,False
2018-09-22,251.663,102.006,203.4,149277.0,3.8,27.21,493445.0,20798.73,2.0,1.75,False
2018-09-23,251.663,102.006,203.4,149277.0,3.8,27.21,493445.0,20798.73,2.0,1.75,False
2018-09-24,251.663,102.006,203.4,149277.0,3.8,27.21,493445.0,20798.73,2.0,1.75,False
2018-09-25,251.663,102.006,203.4,149277.0,3.8,27.21,493445.0,20798.73,2.0,1.75,False
2018-09-26,251.663,102.006,203.4,149277.0,3.8,27.21,493445.0,20798.73,2.0,1.75,False
2018-09-27,251.663,102.006,203.4,149277.0,3.8,27.21,493445.0,20798.73,2.25,2.0,True
2018-09-28,251.663,102.006,203.4,149277.0,3.8,27.21,493445.0,20798.73,2.25,2.0,False
2018-09-29,251.663,102.006,203.4,149277.0,3.8,27.21,493445.0,20798.73,2.25,2.0,False
2018-09-30,251.663,102.016,203.4,149277.0,3.8,27.21,493445.0,20798.73,2.25,2.0,False
2018-10-01,251.663,102.016,203.4,149277.0,3.8,27.21,493445.0,20798.73,2.25,2.0,False
2018-10-02,251.663,102.016,203.4,149277.0,3.8,27.21,493445.0,20798.73,2.25,2.0,False
2018-10-03,251.663,102.016,203.4,149277.0,3.8,27.21,493445.0,20798.73,2.25,2.0,False
2018-10-04,251.663,102.016,203.4,149277.0,3.8,27.21,493445.0,20798.73,2.25,2.0,False
2018-10-05,251.663,102.016,203.4,149277.0,3.8,27.21,493445.0,20798.73,2.25,2.0,False
2018-10-06,251.663,102.016,203.4,149358.0,3.7,27.32,493445.0,20798.73,2.25,2.0,False
2018-10-07,251.663,102.016,203.4,149358.0,3.7,27.32,493445.0,20798.73,2.25,2.0,False
2018-10-08,251.663,102.016,203.4,149358.0,3.7,27.32,493445.0,20798.73,2.25,2.0,False
2018-10-09,251.663,102.016,203.4,149358.0,3.7,27.32,493445.0,20798.73,2.25,2.0,False
2018-10-10,251.663,102.016,203.4,149358.0,3.7,27.32,493445.0,20798.73,2.25,2.0,False
2018-10-11,251.663,102.016,203.4,149358.0,3.7,27.32,493445.0,20798.73,2.25,2.0,False
2018-10-12,251.663,102.016,203.4,149358.0,3.7,27.32,493445.0,20798.73,2.25,2.0,False
2018-10-13,251.663,102.016,203.4,149358.0,3.7,27.32,493445.0,20798.73,2.25,2.0,False
2018-10-14,251.663,102.016,203.4,149358.0,3.7,27.32,493445.0,20798.73,2.25,2.0,False
2018-10-15,251.663,102.016,203.4,149358.0,3.7,27.32,493445.0,20798.73,2.25,2.0,False
2018-10-16,252.182,102.016,203.6,149358.0,3.7,27.32,491507.0,20798.73,2.25,2.0,False
2018-10-17,252.182,102.016,203.6,149358.0,3.7,27.32,491507.0,20798.73,2.25,2.0,False
2018-10-18,252.182,102.016,203.6,149358.0,3.7,27.32,491507.0,20798.73,2.25,2.0,False
2018-10-19,252.182,102.016,203.6,149358.0,3.7,27.32,491507.0,20798.73,2.25,2.0,False
2018-10-20,252.182,102.016,203.6,149358.0,3.7,27.32,491507.0,20798.73,2.25,2.0,False
2018-10-21,252.182,102.016,203.6,149358.0,3.7,27.32,491507.0,20798.73,2.25,2.0,False
2018-10-22,252.182,102.016,203.6,149358.0,3.7,27.32,491507.0,20798.73,2.25,2.0,False
2018-10-23,252.182,102.016,203.6,149358.0,3.7,27.32,491507.0,20798.73,2.25,2.0,False
2018-10-24,252.182,102.016,203.6,149358.0,3.7,27.32,491507.0,20798.73,2.25,2.0,False
2018-10-25,252.182,102.016,203.6,149358.0,3.7,27.32,491507.0,20798.73,2.25,2.0,False
2018-10-26,252.182,102.016,203.6,149358.0,3.7,27.32,491507.0,20798.73,2.25,2.0,False
2018-10-27,252.182,102.016,203.6,149358.0,3.7,27.32,491507.0,20798.73,2.25,2.0,False
2018-10-28,252.182,102.016,203.6,149358.0,3.7,27.32,491507.0,20798.73,2.25,2.0,False
2018-10-29,252.182,102.016,203.6,149358.0,3.7,27.32,491507.0,20798.73,2.25,2.0,False
2018-10-30,252.182,102.016,203.6,149358.0,3.7,27.32,491507.0,20798.73,2.25,2.0,False
2018-10-31,252.182,102.205,203.6,149358.0,3.7,27.32,491507.0,20917.867,2.25,2.0,False
2018-11-01,252.182,102.205,203.6,149358.0,3.7,27.32,491507.0,20917.867,2.25,2.0,False
2018-11-02,252.182,102.205,203.6,149358.0,3.7,27.32,491507.0,20917.867,2.25,2.0,False
2018-11-03,252.182,102.205,203.6,149358.0,3.7,27.32,491507.0,20917.867,2.25,2.0,False
2018-11-04,252.182,102.205,203.6,149358.0,3.7,27.32,491507.0,20917.867,2.25,2.0,False
2018-11-05,252.182,102.205,203.6,149527.0,3.8,27.37,491507.0,20917.867,2.25,2.0,False
2018-11-06,252.182,102.205,203.6,149527.0,3.8,27.37,491507.0,20917.867,2.25,2.0,False
2018-11-07,252.182,102.205,203.6,149527.0,3.8,27.37,491507.0,20917.867,2.25,2.0,False
2018-11-08,252.182,102.205,203.6,149527.0,3.8,27.37,491507.0,20917.867,2.25,2.0,False
2018-11-09,252.182,102.205,203.6,149527.0,3.8,27.37,491507.0,20917.867,2.25,2.0,False
2018-11-10,252.182,102.205,203.6,149527.0,3.8,27.37,491507.0,20917.867,2.25,2.0,False
2018-11-11,252.182,102.205,203.6,149527.0,3.8,27.37,491507.0,20917.867,2.25,2.0,False
2018-11-12,252.182,102.205,203.6,149527.0,3.8,27.37,491507.0,20917.867,2.25,2.0,False
2018-11-13,252.182,102.205,203.6,149527.0,3.8,27.37,491507.0,20917.867,2.25,2.0,False
2018-11-14,252.182,102.205,203.6,149527.0,3.8,27.37,491507.0,20917.867,2.25,2.0,False
2018-11-15,252.772,102.205,204.6,149527.0,3.8,27.37,496416.0,20917.867,2.25,2.0,False
2018-11-16,252.772,102.205,204.6,149527.0,3.8,27.37,496416.0,20917.867,2.25,2.0,False
2018-11-17,252.772,102.205,204.6,149527.0,3.8,27.37,496416.0,20917.867,2.25,2.0,False
2018-11-18,252.772,102.205,204.6,149527.0,3.8,27.37,496416.0,20917.867,2.25,2.0,False
2018-11-19,252.772,102.205,204.6,149527.0,3.8,27.37,496416.0,20917.867,2.25,2.0,False
2018-11-20,252.772,102.205,204.6,149527.0,3.8,27.37,496416.0,20917.867,2.25,2.0,False
2018-11-21,252.772,102.205,204.6,149527.0,3.8,27.37,496416.0,20917.867,2.25,2.0,False
2018-11-22,252.772,102.205,204.6,149527.0,3.8,27.37,496416.0,20917.867,2.25,2.0,False
2018-11-23,252.772,102.205,204.6,149527.0,3.8,27.37,496416.0,20917.867,2.25,2.0,False
2018-11-24,252.772,102.205,204.6,149527.0,3.8,27.37,496416.0,20917.867,2.25,2.0,False
2018-11-25,252.772,102.205,204.6,149527.0,3.8,27.37,496416.0,20917.867,2.25,2.0,False
2018-11-26,252.772,102.205,204.6,149527.0,3.8,27.37,496416.0,20917.867,2.25,2.0,False
2018-11-27,252.772,102.205,204.6,149527.0,3.8,27.37,496416.0,20917.867,2.25,2.0,False
2018-11-28,252.772,102.205,204.6,149527.0,3.8,27.37,496416.0,20917.867,2.25,2.0,False
2018-11-29,252.772,102.205,204.6,149527.0,3.8,27.37,496416.0,20917.867,2.25,2.0,False
2018-11-30,252.772,102.366,204.6,149527.0,3.8,27.37,496416.0,20917.867,2.25,2.0,False
2018-12-01,252.772,102.366,204.6,149527.0,3.8,27.37,496416.0,20917.867,2.25,2.0,False
2018-12-02,252.772,102.366,204.6,149527.0,3.8,27.37,496416.0,20917.867,2.25,2.0,False
2018-12-03,252.772,102.366,204.6,149527.0,3.8,27.37,496416.0,20917.867,2.25,2.0,False
2018-12-04,252.772,102.366,204.6,149527.0,3.8,27.37,496416.0,20917.867,2.25,2.0,False
2018-12-05,252.772,102.366,204.6,149527.0,3.8,27.37,496416.0,20917.867,2.25,2.0,False
2018-12-06,252.772,102.366,204.6,149617.0,3.8,27.44,496416.0,20917.867,2.25,2.0,False
2018-12-07,252.772,102.366,204.6,149617.0,3.8,27.44,496416.0,20917.867,2.25,2.0,False
2018-12-08,252.772,102.366,204.6,149617.0,3.8,27.44,496416.0,20917.867,2.25,2.0,False
2018-12-09,252.772,102.366,204.6,149617.0,3.8,27.44,496416.0,20917.867,2.25,2.0,False
2018-12-10,252.772,102.366,204.6,149617.0,3.8,27.44,496416.0,20917.867,2.25,2.0,False
2018-12-11,252.772,102.366,204.6,149617.0,3.8,27.44,496416.0,20917.867,2.25,2.0,False
2018-12-12,252.772,102.366,204.6,149617.0,3.8,27.44,496416.0,20917.867,2.25,2.0,False
2018-12-13,252.772,102.366,204.6,149617.0,3.8,27.44,496416.0,20917.867,2.25,2.0,False
2018-12-14,252.772,102.366,204.6,149617.0,3.8,27.44,496416.0,20917.867,2.25,2.0,False
2018-12-15,252.772,102.366,204.6,149617.0,3.8,27.44,496416.0,20917.867,2.25,2.0,False
2018-12-16,252.594,102.366,202.3,149617.0,3.8,27.44,498854.0,20917.867,2.25,2.0,False
2018-12-17,252.594,102.366,202.3,149617.0,3.8,27.44,498854.0,20917.867,2.25,2.0,False
2018-12-18,252.594,102.366,202.3,149617.0,3.8,27.44,498854.0,20917.867,2.25,2.0,False
2018-12-19,252.594,102.366,202.3,149617.0,3.8,27.44,498854.0,20917.867,2.25,2.0,False
2018-12-20,252.594,102.366,202.3,149617.0,3.8,27.44,498854.0,20917.867,2.5,2.25,True
2018-12-21,252.594,102.366,202.3,149617.0,3.8,27.44,498854.0,20917.867,2.5,2.25,False
2018-12-22,252.594,102.366,202.3,149617.0,3.8,27.44,498854.0,20917.867,2.5,2.25,False
2018-12-23,252.594,102.366,202.3,149617.0,3.8,27.44,498854.0,20917.867,2.5,2.25,False
2018-12-24,252.594,102.366,202.3,149617.0,3.8,27.44,498854.0,20917.867,2.5,2.25,False
2018-12-25,252.594,102.366,202.3,149617.0,3.8,27.44,498854.0,20917.867,2.5,2.25,False
2018-12-26,252.594,102.366,202.3,149617.0,3.8,27.44,498854.0,20917.867,2.5,2.25,False
2018-12-27,252.594,102.366,202.3,149617.0,3.8,27.44,498854.0,20917.867,2.5,2.25,False
2018-12-28,252.594,102.366,202.3,149617.0,3.8,27.44,498854.0,20917.867,2.5,2.25,False
2018-12-29,252.594,102.366,202.3,149617.0,3.8,27.44,498854.0,20917.867,2.5,2.25,False
2018-12-30,252.594,102.366,202.3,149617.0,3.8,27.44,498854.0,20917.867,2.5,2.25,False
2018-12-31,252.594,102.556,202.3,149617.0,3.8,27.44,498854.0,20917.867,2.5,2.25,False
2019-01-01,252.594,102.556,202.3,149617.0,3.8,27.44,498854.0,20917.867,2.5,2.25,False
2019-01-02,252.594,102.556,202.3,149617.0,3.8,27.44,498854.0,20917.867,2.5,2.25,False
2019-01-03,252.594,102.556,202.3,149617.0,3.8,27.44,498854.0,20917.867,2.5,2.25,False
2019-01-04,252.594,102.556,202.3,149617.0,3.8,27.44,498854.0,20917.867,2.5,2.25,False
2019-01-05,252.594,102.556,202.3,149809.0,3.9,27.56,498854.0,20917.867,2.5,2.25,False
2019-01-06,252.594,102.556,202.3,149809.0,3.9,27.56,498854.0,20917.867,2.5,2.25,False
2019-01-07,252.594,102.556,202.3,149809.0,3.9,27.56,498854.0,20917.867,2.5,2.25,False
2019-01-08,252.594,102.556,202.3,149809.0,3.9,27.56,498854.0,20917.867,2.5,2.25,False
2019-01-09,252.594,102.556,202.3,149809.0,3.9,27.56,498854.0,20917.867,2.5,2.25,False
2019-01-10,252.594,102.556,202.3,149809.0,3.9,27.56,498854.0,20917.867,2.5,2.25,False
2019-01-11,252.594,102.556,202.3,149809.0,3.9,27.56,498854.0,20917.867,2.5,2.25,False
2019-01-12,252.594,102.556,202.3,149809.0,3.9,27.56,498854.0,20917.867,2.5,2.25,False
2019-01-13,252.594,102.556,202.3,149809.0,3.9,27.56,498854.0,20917.867,2.5,2.25,False
2019-01-14,252.594,102.556,202.3,149809.0,3.9,27.56,498854.0,20917.867,2.5,2.25,False
2019-01-15,252.767,102.556,201.0,149809.0,3.9,27.56,489113.0,20917.867,2.5,2.25,False
2019-01-16,252.767,102.556,201.0,149809.0,3.9,27.56,489113.0,20917.867,2.5,2.25,False
2019-01-17,252.767,102.556,201.0,149809.0,3.9,27.56,489113.0,20917.867,2.5,2.25,False
2019-01-18,252.767,102.556,201.0,149809.0,3.9,27.56,489113.0,20917.867,2.5,2.25,False
2019-01-19,252.767,102.556,201.0,149809.0,3.9,27.56,489113.0,20917.867,2.5,2.25,False
2019-01-20,252.767,102.556,201.0,149809.0,3.9,27.56,489113.0,20917.867,2.5,2.25,False
2019-01-21,252.767,102.556,201.0,149809.0,3.9,27.56,489113.0,20917.867,2.5,2.25,False
2019-01-22,252.767,102.556,201.0,149809.0,3.9,27.56,489113.0,20917.867,2.5,2.25,False
2019-01-23,252.767,102.556,201.0,149809.0,3.9,27.56,489113.0,20917.867,2.5,2.25,False
2019-01-24,252.767,102.556,201.0,149809.0,3.9,27.56,489113.0,20917.867,2.5,2.25,False
2019-01-25,252.767,102.556,201.0,149809.0,3.9,27.56,489113.0,20917.867,2.5,2.25,False
2019-01-26,252.767,102.556,201.0,149809.0,3.9,27.56,489113.0,20917.867,2.5,2.25,False
2019-01-27,252.767,102.556,201.0,149809.0,3.9,27.56,489113.0,20917.867,2.5,2.25,False
2019-01-28,252.767,102.556,201.0,149809.0,3.9,27.56,489113.0,20917.867,2.5,2.25,False
2019-01-29,252.767,102.556,201.0,149809.0,3.9,27.56,489113.0,20917.867,2.5,2.25,False
2019-01-30,252.767,102.735,201.0,149809.0,3.9,27.56,489113.0,20917.867,2.5,2.25,False
2019-01-31,252.767,102.735,201.0,149809.0,3.9,27.56,489113.0,21111.6,2.5,2.25,False
2019-02-01,252.767,102.735,201.0,149809.0,3.9,27.56,489113.0,21111.6,2.5,2.25,False
2019-02-02,252.767,102.735,201.0,149809.0,3.9,27.56,489113.0,21111.6,2.5,2.25,False
2019-02-03,252.767,102.735,201.0,149809.0,3.9,27.56,489113.0,21111.6,2.5,2.25,False
2019-02-04,252.767,102.735,201.0,149809.0,3.9,27.56,489113.0,21111.6,2.5,2.25,False
2019-02-05,252.767,102.735,201.0,150060.0,4.0,27.59,489113.0,21111.6,2.5,2.25,False
2019-02-06,252.767,102.735,201.0,150060.0,4.0,27.59,489113.0,21111.6,2.5,2.25,False
2019-02-07,252.767,102.735,201.0,150060.0,4.0,27.59,489113.0,21111.6,2.5,2.25,False
2019-02-08,252.767,102.735,201.0,150060.0,4.0,27.59,489113.0,21111.6,2.5,2.25,False
2019-02-09,252.767,102.735,201.0,150060.0,4.0,27.59,489113.0,21111.6,2.5,2.25,False
2019-02-10,252.767,102.735,201.0,150060.0,4.0,27.59,489113.0,21111.6,2.5,2.25,False
2019-02-11,252.767,102.735,201.0,150060.0,4.0,27.59,489113.0,21111.6,2.5,2.25,False
2019-02-12,252.767,102.735,201.0,150060.0,4.0,27.59,489113.0,21111.6,2.5,2.25,False
2019-02-13,252.767,102.735,201.0,150060.0,4.0,27.59,489113.0,21111.6,2.5,2.25,False
2019-02-14,252.767,102.735,201.0,150060.0,4.0,27.59,489113.0,21111.6,2.5,2.25,False
2019-02-15,252.561,102.735,199.1,150060.0,4.0,27.59,490440.0,21111.6,2.5,2.25,False
2019-02-16,252.561,102.735,199.1,150060.0,4.0,27.59,490440.0,21111.6,2.5,2.25,False
2019-02-17,252.561,102.735,199.1,150060.0,4.0,27.59,490440.0,21111.6,2.5,2.25,False
2019-02-18,252.561,102.735,199.1,150060.0,4.0,27.59,490440.0,21111.6,2.5,2.25,False
2019-02-19,252.561,102.735,199.1,150060.0,4.0,27.59,490440.0,21111.6,2.5,2.25,False
2019-02-20,252.561,102.735,199.1,150060.0,4.0,27.59,490440.0,21111.6,2.5,2.25,False
2019-02-21,252.561,102.735,199.1,150060.0,4.0,27.59,490440.0,21111.6,2.5,2.25,False
2019-02-22,252.561,102.735,199.1,150060.0,4.0,27.59,490440.0,21111.6,2.5,2.25,False
2019-02-23,252.561,102.735,199.1,150060.0,4.0,27.59,490440.0,21111.6,2.5,2.25,False
2019-02-24,252.561,102.735,199.1,150060.0,4.0,27.59,490440.0,21111.6,2.5,2.25,False
2019-02-25,252.561,102.735,199.1,150060.0,4.0,27.59,490440.0,21111.6,2.5,2.25,False
2019-02-26,252.561,102.735,199.1,150060.0,4.0,27.59,490440.0,21111.6,2.5,2.25,False
2019-02-27,252.561,102.735,199.1,150060.0,4.0,27.59,490440.0,21111.6,2.5,2.25,False
2019-02-28,252.561,102.735,199.1,150060.0,4.0,27.59,490440.0,21111.6,2.5,2.25,False
2019-03-01,252.561,102.735,199.1,150060.0,4.0,27.59,490440.0,21111.6,2.5,2.25,False
2019-03-02,252.561,102.87,199.1,150060.0,4.0,27.59,490440.0,21111.6,2.5,2.25,False
2019-03-03,252.561,102.87,199.1,150060.0,4.0,27.59,490440.0,21111.6,2.5,2.25,False
2019-03-04,252.561,102.87,199.1,150060.0,4.0,27.59,490440.0,21111.6,2.5,2.25,False
2019-03-05,252.561,102.87,199.1,150060.0,4.0,27.59,490440.0,21111.6,2.5,2.25,False
2019-03-06,252.561,102.87,199.1,150060.0,4.0,27.59,490440.0,21111.6,2.5,2.25,False
2019-03-07,252.561,102.87,199.1,150060.0,4.0,27.59,490440.0,21111.6,2.5,2.25,False
2019-03-08,252.561,102.87,199.1,150067.0,3.8,27.69,490440.0,21111.6,2.5,2.25,False
2019-03-09,252.561,102.87,199.1,150067.0,3.8,27.69,490440.0,21111.6,2.5,2.25,False
2019-03-10,252.561,102.87,199.1,150067.0,3.8,27.69,490440.0,21111.6,2.5,2.25,False
2019-03-11,252.561,102.87,199.1,150067.0,3.8,27.69,490440.0,21111.6,2.5,2.25,False
2019-03-12,252.561,102.87,199.1,150067.0,3.8,27.69,490440.0,21111.6,2.5,2.25,False
2019-03-13,252.561,102.87,199.1,150067.0,3.8,27.69,490440.0,21111.6,2.5,2.25,False
2019-03-14,252.561,102.87,199.1,150067.0,3.8,27.69,490440.0,21111.6,2.5,2.25,False
2019-03-15,252.561,102.87,199.1,150067.0,3.8,27.69,490440.0,21111.6,2.5,2.25,False
2019-03-16,252.561,102.87,199.1,150067.0,3.8,27.69,490440.0,21111.6,2.5,2.25,False
2019-03-17,252.561,102.87,199.1,150067.0,3.8,27.69,490440.0,21111.6,2.5,2.25,False
2019-03-18,253.319,102.87,199.2,150067.0,3.8,27.69,491751.0,21111.6,2.5,2.25,False
2019-03-19,253.319,102.87,199.2,150067.0,3.8,27.69,491751.0,21111.6,2.5,2.25,False
2019-03-20,253.319,102.87,199.2,150067.0,3.8,27.69,491751.0,21111.6,2.5,2.25,False
2019-03-21,253.319,102.87,199.2,150067.0,3.8,27.69,491751.0,21111.6,2.5,2.25,False
2019-03-22,253.319,102.87,199.2,150067.0,3.8,27.69,491751.0,21111.6,2.5,2.25,False
2019-03-23,253.319,102.87,199.2,150067.0,3.8,27.69,491751.0,21111.6,2.5,2.25,False
2019-03-24,253.319,102.87,199.2,150067.0,3.8,27.69,491751.0,21111.6,2.5,2.25,False
2019-03-25,253.319,102.87,199.2,150067.0,3.8,27.69,491751.0,21111.6,2.5,2.25,False
2019-03-26,253.319,102.87,199.2,150067.0,3.8,27.69,491751.0,21111.6,2.5,2.25,False
2019-03-27,253.319,102.87,199.2,150067.0,3.8,27.69,491751.0,21111.6,2.5,2.25,False
2019-03-28,253.319,102.87,199.2,150067.0,3.8,27.69,491751.0,21111.6,2.5,2.25,False
2019-03-29,253.319,102.87,199.2,150067.0,3.8,27.69,491751.0,21111.6,2.5,2.25,False
2019-03-30,253.319,102.87,199.2,150067.0,3.8,27.69,491751.0,21111.6,2.5,2.25,False
2019-03-31,253.319,102.87,199.2,150067.0,3.8,27.69,491751.0,21111.6,2.5,2.25,False
2019-04-01,253.319,102.87,199.2,150067.0,3.8,27.69,491751.0,21111.6,2.5,2.25,False
2019-04-02,253.319,102.963,199.2,150067.0,3.8,27.69,491751.0,21111.6,2.5,2.25,False
2019-04-03,253.319,102.963,199.2,150067.0,3.8,27.69,491751.0,21111.6,2.5,2.25,False
2019-04-04,253.319,102.963,199.2,150067.0,3.8,27.69,491751.0,21111.6,2.5,2.25,False
2019-04-05,253.319,102.963,199.2,150295.0,3.8,27.77,491751.0,21111.6,2.5,2.25,False
2019-04-06,253.319,102.963,199.2,150295.0,3.8,27.77,491751.0,21111.6,2.5,2.25,False
2019-04-07,253.319,102.963,199.2,150295.0,3.8,27.77,491751.0,21111.6,2.5,2.25,False
2019-04-08,253.319,102.963,199.2,150295.0,3.8,27.77,491751.0,21111.6,2.5,2.25,False
2019-04-09,253.319,102.963,199.2,150295.0,3.8,27.77,491751.0,21111.6,2.5,2.25,False
2019-04-10,253.319,102.963,199.2,150295.0,3.8,27.77,491751.0,21111.6,2.5,2.25,False
2019-04-11,253.319,102.963,199.2,150295.0,3.8,27.77,491751.0,21111.6,2.5,2.25,False
2019-04-12,253.319,102.963,199.2,150295.0,3.8,27.77,491751.0,21111.6,2.5,2.25,False
2019-04-13,253.319,102.963,199.2,150295.0,3.8,27.77,491751.0,21111.6,2.5,2.25,False
2019-04-14,253.319,102.963,199.2,150295.0,3.8,27.77,491751.0,21111.6,2.5,2.25,False
2019-04-15,254.277,102.963,200.8,150295.0,3.8,27.77,499292.0,21111.6,2.5,2.25,False
2019-04-16,254.277,102.963,200.8,150295.0,3.8,27.77,499292.0,21111.6,2.5,2.25,False
2019-04-17,254.277,102.963,200.8,150295.0,3.8,27.77,499292.0,21111.6,2.5,2.25,False
2019-04-18,254.277,102.963,200.8,150295.0,3.8,27.77,499292.0,21111.6,2.5,2.25,False
2019-04-19,254.277,102.963,200.8,150295.0,3.8,27.77,499292.0,21111.6,2.5,2.25,False
2019-04-20,254.277,102.963,200.8,150295.0,3.8,27.77,499292.0,21111.6,2.5,2.25,False
2019-04-21,254.277,102.963,200.8,150295.0,3.8,27.77,499292.0,21111.6,2.5,2.25,False
2019-04-22,254.277,102.963,200.8,150295.0,3.8,27.77,499292.0,21111.6,2.5,2.25,False
2019-04-23,254.277,102.963,200.8,150295.0,3.8,27.77,499292.0,21111.6,2.5,2.25,False
2019-04-24,254.277,102.963,200.8,150295.0,3.8,27.77,499292.0,21111.6,2.5,2.25,False
2019-04-25,254.277,102.963,200.8,150295.0,3.8,27.77,499292.0,21111.6,2.5,2.25,False
2019-04-26,254.277,102.963,200.8,150295.0,3.8,27.77,499292.0,21111.6,2.5,2.25,False
2019-04-27,254.277,102.963,200.8,150295.0,3.8,27.77,499292.0,21111.6,2.5,2.25,False
2019-04-28,254.277,102.963,200.8,150295.0,3.8,27.77,499292.0,21111.6,2.5,2.25,False
2019-04-29,254.277,102.963,200.8,150295.0,3.8,27.77,499292.0,21111.6,2.5,2.25,False
2019-04-30,254.277,103.058,200.8,150295.0,3.8,27.77,499292.0,21111.6,2.5,2.25,False
2019-05-01,254.277,103.058,200.8,150295.0,3.8,27.77,499292.0,21397.938,2.5,2.25,False
2019-05-02,254.277,103.058,200.8,150295.0,3.8,27.77,499292.0,21397.938,2.5,2.25,False
2019-05-03,254.277,103.058,200.8,150295.0,3.8,27.77,499292.0,21397.938,2.5,2.25,False
2019-05-04,254.277,103.058,200.8,150295.0,3.8,27.77,499292.0,21397.938,2.5,2.25,False
2019-05-05,254.277,103.058,200.8,150295.0,3.8,27.77,499292.0,21397.938,2.5,2.25,False
2019-05-06,254.277,103.058,200.8,150591.0,3.7,27.79,499292.0,21397.938,2.5,2.25,False
2019-05-07,254.277,103.058,200.8,150591.0,3.7,27.79,499292.0,21397.938,2.5,2.25,False
2019-05-08,254.277,103.058,200.8,150591.0,3.7,27.79,499292.0,21397.938,2.5,2.25,False
2019-05-09,254.277,103.058,200.8,150591.0,3.7,27.79,499292.0,21397.938,2.5,2.25,False
2019-05-10,254.277,103.058,200.8,150591.0,3.7,27.79,499292.0,21397.938,2.5,2.25,False
2019-05-11,254.277,103.058,200.8,150591.0,3.7,27.79,499292.0,21397.938,2.5,2.25,False
2019-05-12,254.277,103.058,200.8,150591.0,3.7,27.79,499292.0,21397.938,2.5,2.25,False
2019-05-13,254.277,103.058,200.8,150591.0,3.7,27.79,499292.0,21397.938,2.5,2.25,False
2019-05-14,254.277,103.058,200.8,150591.0,3.7,27.79,499292.0,21397.938,2.5,2.25,False
2019-05-15,254.277,103.058,200.8,150591.0,3.7,27.79,499292.0,21397.938,2.5,2.25,False
2019-05-16,255.233,103.058,202.1,150591.0,3.7,27.79,499343.0,21397.938,2.5,2.25,False
2019-05-17,255.233,103.058,202.1,150591.0,3.7,27.79,499343.0,21397.938,2.5,2.25,False
2019-05-18,255.233,103.058,202.1,150591.0,3.7,27.79,499343.0,21397.938,2.5,2.25,False
2019-05-19,255.233,103.058,202.1,150591.0,3.7,27.79,499343.0,21397.938,2.5,2.25,False
2019-05-20,255.233,103.058,202.1,150591.0,3.7,27.79,499343.0,21397.938,2.5,2.25,False
2019-05-21,255.233,103.058,202.1,150591.0,3.7,27.79,499343.0,21397.938,2.5,2.25,False
2019-05-22,255.233,103.058,202.1,150591.0,3.7,27.79,499343.0,21397.938,2.5,2.25,False
2019-05-23,255.233,103.058,202.1,150591.0,3.7,27.79,499343.0,21397.938,2.5,2.25,False
2019-05-24,255.233,103.058,202.1,150591.0,3.7,27.79,499343.0,21397.938,2.5,2.25,False
2019-05-25,255.233,103.058,202.1,150591.0,3.7,27.79,499343.0,21397.938,2.5,2.25,False
2019-05-26,255.233,103.058,202.1,150591.0,3.7,27.79,499343.0,21397.938,2.5,2.25,False
2019-05-27,255.233,103.058,202.1,150591.0,3.7,27.79,499343.0,21397.938,2.5,2.25,False
2019-05-28,255.233,103.058,202.1,150591.0,3.7,27.79,499343.0,21397.938,2.5,2.25,False
2019-05-29,255.233,103.058,202.1,150591.0,3.7,27.79,499343.0,21397.938,2.5,2.25,False
2019-05-30,255.233,103.058,202.1,150591.0,3.7,27.79,499343.0,21397.938,2.5,2.25,False
2019-05-31,255.233,103.265,202.1,150591.0,3.7,27.79,499343.0,21397.938,2.5,2.25,False
2019-06-01,255.233,103.265,202.1,150591.0,3.7,27.79,499343.0,21397.938,2.5,2.25,False
2019-06-02,255.233,103.265,202.1,150591.0,3.7,27.79,499343.0,21397.938,2.5,2.25,False
2019-06-03,255.233,103.265,202.1,150591.0,3.7,27.79,499343.0,21397.938,2.5,2.25,False
2019-06-04,255.233,103.265,202.1,150591.0,3.7,27.79,499343.0,21397.938,2.5,2.25,False
2019-06-05,255.233,103.265,202.1,150618.0,3.6,27.88,499343.0,21397.938,2.5,2.25,False
2019-06-06,255.233,103.265,202.1,150618.0,3.6,27.88,499343.0,21397.938,2.5,2.25,False
2019-06-07,255.233,103.265,202.1,150618.0,3.6,27.88,499343.0,21397.938,2.5,2.25,False
2019-06-08,255.233,103.265,202.1,150618.0,3.6,27.88,499343.0,21397.938,2.5,2.25,False
2019-06-09,255.233,103.265,202.1,150618.0,3.6,27.88,499343.0,21397.938,2.5,2.25,False
2019-06-10,255.233,103.265,202.1,150618.0,3.6,27.88,499343.0,21397.938,2.5,2.25,False
2019-06-11,255.233,103.265,202.1,150618.0,3.6,27.88,499343.0,21397.938,2.5,2.25,False
2019-06-12,255.233,103.265,202.1,150618.0,3.6,27.88,499343.0,21397.938,2.5,2.25,False
2019-06-13,255.233,103.265,202.1,150618.0,3.6,27.88,499343.0,21397.938,2.5,2.25,False
2019-06-14,255.233,103.265,202.1,150618.0,3.6,27.88,499343.0,21397.938,2.5,2.25,False
2019-06-15,255.296,103.265,201.7,150618.0,3.6,27.88,504741.0,21397.938,2.5,2.25,False
2019-06-16,255.296,103.265,201.7,150618.0,3.6,27.88,504741.0,21397.938,2.5,2.25,False
2019-06-17,255.296,103.265,201.7,150618.0,3.6,27.88,504741.0,21397.938,2.5,2.25,False
2019-06-18,255.296,103.265,201.7,150618.0,3.6,27.88,504741.0,21397.938,2.5,2.25,False
2019-06-19,255.296,103.265,201.7,150618.0,3.6,27.88,504741.0,21397.938,2.5,2.25,False
2019-06-20,255.296,103.265,201.7,150618.0,3.6,27.88,504741.0,21397.938,2.5,2.25,False
2019-06-21,255.296,103.265,201.7,150618.0,3.6,27.88,504741.0,21397.938,2.5,2.25,False
2019-06-22,255.296,103.265,201.7,150618.0,3.6,27.88,504741.0,21397.938,2.5,2.25,False
2019-06-23,255.296,103.265,201.7,150618.0,3.6,27.88,504741.0,21397.938,2.5,2.25,False
2019-06-24,255.296,103.265,201.7,150618.0,3.6,27.88,504741.0,21397.938,2.5,2.25,False
2019-06-25,255.296,103.265,201.7,150618.0,3.6,27.88,504741.0,21397.938,2.5,2.25,False
2019-06-26,255.296,103.265,201.7,150618.0,3.6,27.88,504741.0,21397.938,2.5,2.25,False
2019-06-27,255.296,103.265,201.7,150618.0,3.6,27.88,504741.0,21397.938,2.5,2.25,False
2019-06-28,255.296,103.265,201.7,150618.0,3.6,27.88,504741.0,21397.938,2.5,2.25,False
2019-06-29,255.296,103.265,201.7,150618.0,3.6,27.88,504741.0,21397.938,2.5,2.25,False
2019-06-30,255.296,103.371,201.7,150618.0,3.6,27.88,504741.0,21397.938,2.5,2.25,False
2019-07-01,255.296,103.371,201.7,150618.0,3.6,27.88,504741.0,21397.938,2.5,2.25,False
2019-07-02,255.296,103.371,201.7,150618.0,3.6,27.88,504741.0,21397.938,2.5,2.25,False
2019-07-03,255.296,103.371,201.7,150618.0,3.6,27.88,504741.0,21397.938,2.5,2.25,False
2019-07-04,255.296,103.371,201.7,150618.0,3.6,27.88,504741.0,21397.938,2.5,2.25,False
2019-07-05,255.296,103.371,201.7,150618.0,3.6,27.88,504741.0,21397.938,2.5,2.25,False
2019-07-06,255.296,103.371,201.7,150838.0,3.6,27.97,504741.0,21397.938,2.5,2.25,False
2019-07-07,255.296,103.371,201.7,150838.0,3.6,27.97,504741.0,21397.938,2.5,2.25,False
2019-07-08,255.296,103.371,201.7,150838.0,3.6,27.97,504741.0,21397.938,2.5,2.25,False
2019-07-09,255.296,103.371,201.7,150838.0,3.6,27.97,504741.0,21397.938,2.5,2.25,False
2019-07-10,255.296,103.371,201.7,150838.0,3.6,27.97,504741.0,21397.938,2.5,2.25,False
2019-07-11,255.296,103.371,201.7,150838.0,3.6,27.97,504741.0,21397.938,2.5,2.25,False
2019-07-12,255.296,103.371,201.7,150838.0,3.6,27.97,504741.0,21397.938,2.5,2.25,False
2019-07-13,255.296,103.371,201.7,150838.0,3.6,27.97,504741.0,21397.938,2.5,2.25,False
2019-07-14,255.296,103.371,201.7,150838.0,3.6,27.97,504741.0,21397.938,2.5,2.25,False
2019-07-15,255.296,103.371,201.7,150838.0,3.6,27.97,504741.0,21397.938,2.5,2.25,False
2019-07-16,255.213,103.371,200.3,150838.0,3.6,27.97,505251.0,21397.938,2.5,2.25,False
2019-07-17,255.213,103.371,200.3,150838.0,3.6,27.97,505251.0,21397.938,2.5,2.25,False
2019-07-18,255.213,103.371,200.3,150838.0,3.6,27.97,505251.0,21397.938,2.5,2.25,False
2019-07-19,255.213,103.371,200.3,150838.0,3.6,27.97,505251.0,21397.938,2.5,2.25,False
2019-07-20,255.213,103.371,200.3,150838.0,3.6,27.97,505251.0,21397.938,2.5,2.25,False
2019-07-21,255.213,103.371,200.3,150838.0,3.6,27.97,505251.0,21397.938,2.5,2.25,False
2019-07-22,255.213,103.371,200.3,150838.0,3.6,27.97,505251.0,21397.938,2.5,2.25,False
2019-07-23,255.213,103.371,200.3,150838.0,3.6,27.97,505251.0,21397.938,2.5,2.25,False
2019-07-24,255.213,103.371,200.3,150838.0,3.6,27.97,505251.0,21397.938,2.5,2.25,False
2019-07-25,255.213,103.371,200.3,150838.0,3.6,27.97,505251.0,21397.938,2.5,2.25,False
2019-07-26,255.213,103.371,200.3,150838.0,3.6,27.97,505251.0,21397.938,2.5,2.25,False
2019-07-27,255.213,103.371,200.3,150838.0,3.6,27.97,505251.0,21397.938,2.5,2.25,False
2019-07-28,255.213,103.371,200.3,150838.0,3.6,27.97,505251.0,21397.938,2.5,2.25,False
2019-07-29,255.213,103.371,200.3,150838.0,3.6,27.97,505251.0,21397.938,2.5,2.25,False
2019-07-30,255.213,103.371,200.3,150838.0,3.6,27.97,505251.0,21397.938,2.5,2.25,False
2019-07-31,255.213,103.56,200.3,150838.0,3.6,27.97,505251.0,21717.171,2.5,2.25,False
2019-08-01,255.213,103.56,200.3,150838.0,3.6,27.97,505251.0,21717.171,2.25,2.0,True
2019-08-02,255.213,103.56,200.3,150838.0,3.6,27.97,505251.0,21717.171,2.25,2.0,False
2019-08-03,255.213,103.56,200.3,150838.0,3.6,27.97,505251.0,21717.171,2.25,2.0,False
2019-08-04,255.213,103.56,200.3,150838.0,3.6,27.97,505251.0,21717.171,2.25,2.0,False
2019-08-05,255.213,103.56,200.3,150937.0,3.7,28.03,505251.0,21717.171,2.25,2.0,False
2019-08-06,255.213,103.56,200.3,150937.0,3.7,28.03,505251.0,21717.171,2.25,2.0,False
2019-08-07,255.213,103.56,200.3,150937.0,3.7,28.03,505251.0,21717.171,2.25,2.0,False
2019-08-08,255.213,103.56,200.3,150937.0,3.7,28.03,505251.0,21717.171,2.25,2.0,False
2019-08-09,255.213,103.56,200.3,150937.0,3.7,28.03,505251.0,21717.171,2.25,2.0,False
2019-08-10,255.213,103.56,200.3,150937.0,3.7,28.03,505251.0,21717.171,2.25,2.0,False
2019-08-11,255.213,103.56,200.3,150937.0,3.7,28.03,505251.0,21717.171,2.25,2.0,False
2019-08-12,255.213,103.56,200.3,150937.0,3.7,28.03,505251.0,21717.171,2.25,2.0,False
2019-08-13,255.213,103.56,200.3,150937.0,3.7,28.03,505251.0,21717.171,2.25,2.0,False
2019-08-14,255.213,103.56,200.3,150937.0,3.7,28.03,505251.0,21717.171,2.25,2.0,False
2019-08-15,255.802,103.56,200.7,150937.0,3.7,28.03,509091.0,21717.171,2.25,2.0,False
2019-08-16,255.802,103.56,200.7,150937.0,3.7,28.03,509091.0,21717.171,2.25,2.0,False
2019-08-17,255.802,103.56,200.7,150937.0,3.7,28.03,509091.0,21717.171,2.25,2.0,False
2019-08-18,255.802,103.56,200.7,150937.0,3.7,28.03,509091.0,21717.171,2.25,2.0,False
2019-08-19,255.802,103.56,200.7,150937.0,3.7,28.03,509091.0,21717.171,2.25,2.0,False
2019-08-20,255.802,103.56,200.7,150937.0,3.7,28.03,509091.0,21717.171,2.25,2.0,False
2019-08-21,255.802,103.56,200.7,150937.0,3.7,28.03,509091.0,21717.171,2.25,2.0,False
2019-08-22,255.802,103.56,200.7,150937.0,3.7,28.03,509091.0,21717.171,2.25,2.0,False
2019-08-23,255.802,103.56,200.7,150937.0,3.7,28.03,509091.0,21717.171,2.25,2.0,False
2019-08-24,255.802,103.56,200.7,150937.0,3.7,28.03,509091.0,21717.171,2.25,2.0,False
2019-08-25,255.802,103.56,200.7,150937.0,3.7,28.03,509091.0,21717.171,2.25,2.0,False
2019-08-26,255.802,103.56,200.7,150937.0,3.7,28.03,509091.0,21717.171,2.25,2.0,False
2019-08-27,255.802,103.56,200.7,150937.0,3.7,28.03,509091.0,21717.171,2.25,2.0,False
2019-08-28,255.802,103.56,200.7,150937.0,3.7,28.03,509091.0,21717.171,2.25,2.0,False
2019-08-29,255.802,103.56,200.7,150937.0,3.7,28.03,509091.0,21717.171,2.25,2.0,False
2019-08-30,255.802,103.678,200.7,150937.0,3.7,28.03,509091.0,21717.171,2.25,2.0,False
2019-08-31,255.802,103.678,200.7,150937.0,3.7,28.03,509091.0,21717.171,2.25,2.0,False
2019-09-01,255.802,103.678,200.7,150937.0,3.7,28.03,509091.0,21717.171,2.25,2.0,False
2019-09-02,255.802,103.678,200.7,150937.0,3.7,28.03,509091.0,21717.171,2.25,2.0,False
2019-09-03,255.802,103.678,200.7,150937.0,3.7,28.03,509091.0,21717.171,2.25,2.0,False
2019-09-04,255.802,103.678,200.7,150937.0,3.7,28.03,509091.0,21717.171,2.25,2.0,False
2019-09-05,255.802,103.678,200.7,151169.0,3.6,28.14,509091.0,21717.171,2.25,2.0,False
2019-09-06,255.802,103.678,200.7,151169.0,3.6,28.14,509091.0,21717.171,2.25,2.0,False
2019-09-07,255.802,103.678,200.7,151169.0,3.6,28.14,509091.0,21717.171,2.25,2.0,False
2019-09-08,255.802,103.678,200.7,151169.0,3.6,28.14,509091.0,21717.171,2.25,2.0,False
2019-09-09,255.802,103.678,200.7,151169.0,3.6,28.14,509091.0,21717.171,2.25,2.0,False
2019-09-10,255.802,103.678,200.7,151169.0,3.6,28.14,509091.0,21717.171,2.25,2.0,False
2019-09-11,255.802,103.678,200.7,151169.0,3.6,28.14,509091.0,21717.171,2.25,2.0,False
2019-09-12,255.802,103.678,200.7,151169.0,3.6,28.14,509091.0,21717.171,2.25,2.0,False
2019-09-13,255.802,103.678,200.7,151169.0,3.6,28.14,509091.0,21717.171,2.25,2.0,False
2019-09-14,255.802,103.678,200.7,151169.0,3.6,28.14,509091.0,21717.171,2.25,2.0,False
2019-09-15,256.036,103.678,199.2,151169.0,3.6,28.14,512561.0,21717.171,2.25,2.0,False
2019-09-16,256.036,103.678,199.2,151169.0,3.6,28.14,512561.0,21717.171,2.25,2.0,False
2019-09-17,256.036,103.678,199.2,151169.0,3.6,28.14,512561.0,21717.171,2.25,2.0,False
2019-09-18,256.036,103.678,199.2,151169.0,3.6,28.14,512561.0,21717.171,2.25,2.0,False
2019-09-19,256.036,103.678,199.2,151169.0,3.6,28.14,512561.0,21717.171,2.0,1.75,True
2019-09-20,256.036,103.678,199.2,151169.0,3.6,28.14,512561.0,21717.171,2.0,1.75,False
2019-09-21,256.036,103.678,199.2,151169.0,3.6,28.14,512561.0,21717.171,2.0,1.75,False
2019-09-22,256.036,103.678,199.2,151169.0,3.6,28.14,512561.0,21717.171,2.0,1.75,False
2019-09-23,256.036,103.678,199.2,151169.0,3.6,28.14,512561.0,21717.171,2.0,1.75,False
2019-09-24,256.036,103.678,199.2,151169.0,3.6,28.14,512561.0,21717.171,2.0,1.75,False
2019-09-25,256.036,103.678,199.2,151169.0,3.6,28.14,512561.0,21717.171,2.0,1.75,False
2019-09-26,256.036,103.678,199.2,151169.0,3.6,28.14,512561.0,21717.171,2.0,1.75,False
2019-09-27,256.036,103.678,199.2,151169.0,3.6,28.14,512561.0,21717.171,2.0,1.75,False
2019-09-28,256.036,103.678,199.2,151169.0,3.6,28.14,512561.0,21717.171,2.0,1.75,False
2019-09-29,256.036,103.678,199.2,151169.0,3.6,28.14,512561.0,21717.171,2.0,1.75,False
2019-09-30,256.036,103.797,199.2,151169.0,3.6,28.14,512561.0,21717.171,2.0,1.75,False
2019-10-01,256.036,103.797,199.2,151169.0,3.6,28.14,512561.0,21717.171,2.0,1.75,False
2019-10-02,256.036,103.797,199.2,151169.0,3.6,28.14,512561.0,21717.171,2.0,1.75,False
2019-10-03,256.036,103.797,199.2,151169.0,3.6,28.14,512561.0,21717.171,2.0,1.75,False
2019-10-04,256.036,103.797,199.2,151169.0,3.6,28.14,512561.0,21717.171,2.0,1.75,False
2019-10-05,256.036,103.797,199.2,151169.0,3.6,28.14,512561.0,21717.171,2.0,1.75,False
2019-10-06,256.036,103.797,199.2,151365.0,3.5,28.16,512561.0,21717.171,2.0,1.75,False
2019-10-07,256.036,103.797,199.2,151365.0,3.5,28.16,512561.0,21717.171,2.0,1.75,False
2019-10-08,256.036,103.797,199.2,151365.0,3.5,28.16,512561.0,21717.171,2.0,1.75,False
2019-10-09,256.036,103.797,199.2,151365.0,3.5,28.16,512561.0,21717.171,2.0,1.75,False
2019-10-10,256.036,103.797,199.2,151365.0,3.5,28.16,512561.0,21717.171,2.0,1.75,False
2019-10-11,256.036,103.797,199.2,151365.0,3.5,28.16,512561.0,21717.171,2.0,1.75,False
2019-10-12,256.036,103.797,199.2,151365.0,3.5,28.16,512561.0,21717.171,2.0,1.75,False
2019-10-13,256.036,103.797,199.2,151365.0,3.5,28.16,512561.0,21717.171,2.0,1.75,False
2019-10-14,256.036,103.797,199.2,151365.0,3.5,28.16,512561.0,21717.171,2.0,1.75,False
2019-10-15,256.036,103.797,199.2,151365.0,3.5,28.16,512561.0,21717.171,2.0,1.75,False
2019-10-16,256.43,103.797,198.4,151365.0,3.5,28.16,509282.0,21717.171,2.0,1.75,False
2019-10-17,256.43,103.797,198.4,151365.0,3.5,28.16,509282.0,21717.171,2.0,1.75,False
2019-10-18,256.43,103.797,198.4,151365.0,3.5,28.16,509282.0,21717.171,2.0,1.75,False
2019-10-19,256.43,103.797,198.4,151365.0,3.5,28.16,509282.0,21717.171,2.0,1.75,False
2019-10-20,256.43,103.797,198.4,151365.0,3.5,28.16,509282.0,21717.171,2.0,1.75,False
2019-10-21,256.43,103.797,198.4,151365.0,3.5,28.16,509282.0,21717.171,2.0,1.75,False
2019-10-22,256.43,103.797,198.4,151365.0,3.5,28.16,509282.0,21717.171,2.0,1.75,False
2019-10-23,256.43,103.797,198.4,151365.0,3.5,28.16,509282.0,21717.171,2.0,1.75,False
2019-10-24,256.43,103.797,198.4,151365.0,3.5,28.16,509282.0,21717.171,2.0,1.75,False
2019-10-25,256.43,103.797,198.4,151365.0,3.5,28.16,509282.0,21717.171,2.0,1.75,False
2019-10-26,256.43,103.797,198.4,151365.0,3.5,28.16,509282.0,21717.171,2.0,1.75,False
2019-10-27,256.43,103.797,198.4,151365.0,3.5,28.16,509282.0,21717.171,2.0,1.75,False
2019-10-28,256.43,103.797,198.4,151365.0,3.5,28.16,509282.0,21717.171,2.0,1.75,False
2019-10-29,256.43,103.797,198.4,151365.0,3.5,28.16,509282.0,21717.171,2.0,1.75,False
2019-10-30,256.43,103.797,198.4,151365.0,3.5,28.16,509282.0,21717.171,2.0,1.75,False
2019-10-31,256.43,103.873,198.4,151365.0,3.5,28.16,509282.0,21933.217,1.75,1.5,True
2019-11-01,256.43,103.873,198.4,151365.0,3.5,28.16,509282.0,21933.217,1.75,1.5,False
2019-11-02,256.43,103.873,198.4,151365.0,3.5,28.16,509282.0,21933.217,1.75,1.5,False
2019-11-03,256.43,103.873,198.4,151365.0,3.5,28.16,509282.0,21933.217,1.75,1.5,False
2019-11-04,256.43,103.873,198.4,151365.0,3.5,28.16,509282.0,21933.217,1.75,1.5,False
2019-11-05,256.43,103.873,198.4,151460.0,3.6,28.24,509282.0,21933.217,1.75,1.5,False
2019-11-06,256.43,103.873,198.4,151460.0,3.6,28.24,509282.0,21933.217,1.75,1.5,False
2019-11-07,256.43,103.873,198.4,151460.0,3.6,28.24,509282.0,21933.217,1.75,1.5,False
2019-11-08,256.43,103.873,198.4,151460.0,3.6,28.24,509282.0,21933.217,1.75,1.5,False
2019-11-09,256.43,103.873,198.4,151460.0,3.6,28.24,509282.0,21933.217,1.75,1.5,False
2019-11-10,256.43,103.873,198.4,151460.0,3.6,28.24,509282.0,21933.217,1.75,1.5,False
2019-11-11,256.43,103.873,198.4,151460.0,3.6,28.24,509282.0,21933.217,1.75,1.5,False
2019-11-12,256.43,103.873,198.4,151460.0,3.6,28.24,509282.0,21933.217,1.75,1.5,False
2019-11-13,256.43,103.873,198.4,151460.0,3.6,28.24,509282.0,21933.217,1.75,1.5,False
2019-11-14,256.43,103.873,198.4,151460.0,3.6,28.24,509282.0,21933.217,1.75,1.5,False
2019-11-15,257.155,103.873,198.6,151460.0,3.6,28.24,510648.0,21933.217,1.75,1.5,False
2019-11-16,257.155,103.873,198.6,151460.0,3.6,28.24,510648.0,21933.217,1.75,1.5,False
2019-11-17,257.155,103.873,198.6,151460.0,3.6,28.24,510648.0,21933.217,1.75,1.5,False
2019-11-18,257.155,103.873,198.6,151460.0,3.6,28.24,510648.0,21933.217,1.75,1.5,False
2019-11-19,257.155,103.873,198.6,151460.0,3.6,28.24,510648.0,21933.217,1.75,1.5,False
2019-11-20,257.155,103.873,198.6,151460.0,3.6,28.24,510648.0,21933.217,1.75,1.5,False
2019-11-21,257.155,103.873,198.6,151460.0,3.6,28.24,510648.0,21933.217,1.75,1.5,False
2019-11-22,257.155,103.873,198.6,151460.0,3.6,28.24,510648.0,21933.217,1.75,1.5,False
2019-11-23,257.155,103.873,198.6,151460.0,3.6,28.24,510648.0,21933.217,1.75,1.5,False
2019-11-24,257.155,103.873,198.6,151460.0,3.6,28.24,510648.0,21933.217,1.75,1.5,False
2019-11-25,257.155,103.873,198.6,151460.0,3.6,28.24,510648.0,21933.217,1.75,1.5,False
2019-11-26,257.155,103.873,198.6,151460.0,3.6,28.24,510648.0,21933.217,1.75,1.5,False
2019-11-27,257.155,103.873,198.6,151460.0,3.6,28.24,510648.0,21933.217,1.75,1.5,False
2019-11-28,257.155,103.873,198.6,151460.0,3.6,28.24,510648.0,21933.217,1.75,1.5,False
2019-11-29,257.155,103.873,198.6,151460.0,3.6,28.24,510648.0,21933.217,1.75,1.5,False
2019-11-30,257.155,104.028,198.6,151460.0,3.6,28.24,510648.0,21933.217,1.75,1.5,False
2019-12-01,257.155,104.028,198.6,151460.0,3.6,28.24,510648.0,21933.217,1.75,1.5,False
2019-12-02,257.155,104.028,198.6,151460.0,3.6,28.24,510648.0,21933.217,1.75,1.5,False
2019-12-03,257.155,104.028,198.6,151460.0,3.6,28.24,510648.0,21933.217,1.75,1.5,False
2019-12-04,257.155,104.028,198.6,151460.0,3.6,28.24,510648.0,21933.217,1.75,1.5,False
2019-12-05,257.155,104.028,198.6,151460.0,3.6,28.24,510648.0,21933.217,1.75,1.5,False
2019-12-06,257.155,104.028,198.6,151667.0,3.6,28.34,510648.0,21933.217,1.75,1.5,False
2019-12-07,257.155,104.028,198.6,151667.0,3.6,28.34,510648.0,21933.217,1.75,1.5,False
2019-12-08,257.155,104.028,198.6,151667.0,3.6,28.34,510648.0,21933.217,1.75,1.5,False
2019-12-09,257.155,104.028,198.6,151667.0,3.6,28.34,510648.0,21933.217,1.75,1.5,False
2019-12-10,257.155,104.028,198.6,151667.0,3.6,28.34,510648.0,21933.217,1.75,1.5,False
2019-12-11,257.155,104.028,198.6,151667.0,3.6,28.34,510648.0,21933.217,1.75,1.5,False
2019-12-12,257.155,104.028,198.6,151667.0,3.6,28.34,510648.0,21933.217,1.75,1.5,False
2019-12-13,257.155,104.028,198.6,151667.0,3.6,28.34,510648.0,21933.217,1.75,1.5,False
2019-12-14,257.155,104.028,198.6,151667.0,3.6,28.34,510648.0,21933.217,1.75,1.5,False
2019-12-15,257.155,104.028,198.6,151667.0,3.6,28.34,510648.0,21933.217,1.75,1.5,False
2019-12-16,257.879,104.028,199.0,151667.0,3.6,28.34,514215.0,21933.217,1.75,1.5,False
2019-12-17,257.879,104.028,199.0,151667.0,3.6,28.34,514215.0,21933.217,1.75,1.5,False
2019-12-18,257.879,104.028,199.0,151667.0,3.6,28.34,514215.0,21933.217,1.75,1.5,False
2019-12-19,257.879,104.028,199.0,151667.0,3.6,28.34,514215.0,21933.217,1.75,1.5,False
2019-12-20,257.879,104.028,199.0,151667.0,3.6,28.34,514215.0,21933.217,1.75,1.5,False
2019-12-21,257.879,104.028,199.0,151667.0,3.6,28.34,514215.0,21933.217,1.75,1.5,False
2019-12-22,257.879,104.028,199.0,151667.0,3.6,28.34,514215.0,21933.217,1.75,1.5,False
2019-12-23,257.879,104.028,199.0,151667.0,3.6,28.34,514215.0,21933.217,1.75,1.5,False
2019-12-24,257.879,104.028,199.0,151667.0,3.6,28.34,514215.0,21933.217,1.75,1.5,False
2019-12-25,257.879,104.028,199.0,151667.0,3.6,28.34,514215.0,21933.217,1.75,1.5,False
2019-12-26,257.879,104.028,199.0,151667.0,3.6,28.34,514215.0,21933.217,1.75,1.5,False
2019-12-27,257.879,104.028,199.0,151667.0,3.6,28.34,514215.0,21933.217,1.75,1.5,False
2019-12-28,257.879,104.028,199.0,151667.0,3.6,28.34,514215.0,21933.217,1.75,1.5,False
2019-12-29,257.879,104.028,199.0,151667.0,3.6,28.34,514215.0,21933.217,1.75,1.5,False
2019-12-30,257.879,104.028,199.0,151667.0,3.6,28.34,514215.0,21933.217,1.75,1.5,False
2019-12-31,257.879,104.092,199.0,151667.0,3.6,28.34,514215.0,21933.217,1.75,1.5,False
2020-01-01,257.879,104.092,199.0,151667.0,3.6,28.34,514215.0,21933.217,1.75,1.5,False
2020-01-02,257.879,104.092,199.0,151667.0,3.6,28.34,514215.0,21933.217,1.75,1.5,False
2020-01-03,257.879,104.092,199.0,151667.0,3.6,28.34,514215.0,21933.217,1.75,1.5,False
2020-01-04,257.879,104.092,199.0,151667.0,3.6,28.34,514215.0,21933.217,1.75,1.5,False
2020-01-05,257.879,104.092,199.0,151794.0,3.6,28.38,514215.0,21933.217,1.75,1.5,False
2020-01-06,257.879,104.092,199.0,151794.0,3.6,28.38,514215.0,21933.217,1.75,1.5,False
2020-01-07,257.879,104.092,199.0,151794.0,3.6,28.38,514215.0,21933.217,1.75,1.5,False
2020-01-08,257.879,104.092,199.0,151794.0,3.6,28.38,514215.0,21933.217,1.75,1.5,False
2020-01-09,257.879,104.092,199.0,151794.0,3.6,28.38,514215.0,21933.217,1.75,1.5,False
2020-01-10,257.879,104.092,199.0,151794.0,3.6,28.38,514215.0,21933.217,1.75,1.5,False
2020-01-11,257.879,104.092,199.0,151794.0,3.6,28.38,514215.0,21933.217,1.75,1.5,False
2020-01-12,257.879,104.092,199.0,151794.0,3.6,28.38,514215.0,21933.217,1.75,1.5,False
2020-01-13,257.879,104.092,199.0,151794.0,3.6,28.38,514215.0,21933.217,1.75,1.5,False
2020-01-14,257.879,104.092,199.0,151794.0,3.6,28.38,514215.0,21933.217,1.75,1.5,False
2020-01-15,258.63,104.092,199.0,151794.0,3.6,28.38,515866.0,21933.217,1.75,1.5,False
2020-01-16,258.63,104.092,199.0,151794.0,3.6,28.38,515866.0,21933.217,1.75,1.5,False
2020-01-17,258.63,104.092,199.0,151794.0,3.6,28.38,515866.0,21933.217,1.75,1.5,False
2020-01-18,258.63,104.092,199.0,151794.0,3.6,28.38,515866.0,21933.217,1.75,1.5,False
2020-01-19,258.63,104.092,199.0,151794.0,3.6,28.38,515866.0,21933.217,1.75,1.5,False
2020-01-20,258.63,104.092,199.0,151794.0,3.6,28.38,515866.0,21933.217,1.75,1.5,False
2020-01-21,258.63,104.092,199.0,151794.0,3.6,28.38,515866.0,21933.217,1.75,1.5,False
2020-01-22,258.63,104.092,199.0,151794.0,3.6,28.38,515866.0,21933.217,1.75,1.5,False
2020-01-23,258.63,104.092,199.0,151794.0,3.6,28.38,515866.0,21933.217,1.75,1.5,False
2020-01-24,258.63,104.092,199.0,151794.0,3.6,28.38,515866.0,21933.217,1.75,1.5,False
2020-01-25,258.63,104.092,199.0,151794.0,3.6,28.38,515866.0,21933.217,1.75,1.5,False
2020-01-26,258.63,104.092,199.0,151794.0,3.6,28.38,515866.0,21933.217,1.75,1.5,False
2020-01-27,258.63,104.092,199.0,151794.0,3.6,28.38,515866.0,21933.217,1.75,1.5,False
2020-01-28,258.63,104.092,199.0,151794.0,3.6,28.38,515866.0,21933.217,1.75,1.5,False
2020-01-29,258.63,104.092,199.0,151794.0,3.6,28.38,515866.0,21933.217,1.75,1.5,False
2020-01-30,258.63,104.322,199.0,151794.0,3.6,28.38,515866.0,21933.217,1.75,1.5,False
2020-01-31,258.63,104.322,199.0,151794.0,3.6,28.38,515866.0,21751.238,1.75,1.5,False
2020-02-01,258.63,104.322,199.0,151794.0,3.6,28.38,515866.0,21751.238,1.75,1.5,False
2020-02-02,258.63,104.322,199.0,151794.0,3.6,28.38,515866.0,21751.238,1.75,1.5,False
2020-02-03,258.63,104.322,199.0,151794.0,3.6,28.38,515866.0,21751.238,1.75,1.5,False
2020-02-04,258.63,104.322,199.0,151794.0,3.6,28.38,515866.0,21751.238,1.75,1.5,False
2020-02-05,258.63,104.322,199.0,152031.0,3.6,28.43,515866.0,21751.238,1.75,1.5,False
2020-02-06,258.63,104.322,199.0,152031.0,3.6,28.43,515866.0,21751.238,1.75,1.5,False
2020-02-07,258.63,104.322,199.0,152031.0,3.6,28.43,515866.0,21751.238,1.75,1.5,False
2020-02-08,258.63,104.322,199.0,152031.0,3.6,28.43,515866.0,21751.238,1.75,1.5,False
2020-02-09,258.63,104.322,199.0,152031.0,3.6,28.43,515866.0,21751.238,1.75,1.5,False
2020-02-10,258.63,104.322,199.0,152031.0,3.6,28.43,515866.0,21751.238,1.75,1.5,False
2020-02-11,258.63,104.322,199.0,152031.0,3.6,28.43,515866.0,21751.238,1.75,1.5,False
2020-02-12,258.63,104.322,199.0,152031.0,3.6,28.43,515866.0,21751.238,1.75,1.5,False
2020-02-13,258.63,104.322,199.0,152031.0,3.6,28.43,515866.0,21751.238,1.75,1.5,False
2020-02-14,258.63,104.322,199.0,152031.0,3.6,28.43,515866.0,21751.238,1.75,1.5,False
2020-02-15,259.127,104.322,199.3,152031.0,3.6,28.43,515119.0,21751.238,1.75,1.5,False
2020-02-16,259.127,104.322,199.3,152031.0,3.6,28.43,515119.0,21751.238,1.75,1.5,False
2020-02-17,259.127,104.322,199.3,152031.0,3.6,28.43,515119.0,21751.238,1.75,1.5,False
2020-02-18,259.127,104.322,199.3,152031.0,3.6,28.43,515119.0,21751.238,1.75,1.5,False
2020-02-19,259.127,104.322,199.3,152031.0,3.6,28.43,515119.0,21751.238,1.75,1.5,False
2020-02-20,259.127,104.322,199.3,152031.0,3.6,28.43,515119.0,21751.238,1.75,1.5,False
2020-02-21,259.127,104.322,199.3,152031.0,3.6,28.43,515119.0,21751.238,1.75,1.5,False
2020-02-22,259.127,104.322,199.3,152031.0,3.6,28.43,515119.0,21751.238,1.75,1.5,False
2020-02-23,259.127,104.322,199.3,152031.0,3.6,28.43,515119.0,21751.238,1.75,1.5,False
2020-02-24,259.127,104.322,199.3,152031.0,3.6,28.43,515119.0,21751.238,1.75,1.5,False
2020-02-25,259.127,104.322,199.3,152031.0,3.6,28.43,515119.0,21751.238,1.75,1.5,False
2020-02-26,259.127,104.322,199.3,152031.0,3.6,28.43,515119.0,21751.238,1.75,1.5,False
2020-02-27,259.127,104.322,199.3,152031.0,3.6,28.43,515119.0,21751.238,1.75,1.5,False
2020-02-28,259.127,104.322,199.3,152031.0,3.6,28.43,515119.0,21751.238,1.75,1.5,False
2020-02-29,259.127,104.322,199.3,152031.0,3.6,28.43,515119.0,21751.238,1.75,1.5,False
2020-03-01,259.127,104.507,199.3,152031.0,3.6,28.43,515119.0,21751.238,1.75,1.5,False
2020-03-02,259.127,104.507,199.3,152031.0,3.6,28.43,515119.0,21751.238,1.75,1.5,False
2020-03-03,259.127,104.507,199.3,152031.0,3.6,28.43,515119.0,21751.238,1.75,1.5,False
2020-03-04,259.127,104.507,199.3,152031.0,3.6,28.43,515119.0,21751.238,1.25,1.0,True
2020-03-05,259.127,104.507,199.3,152031.0,3.6,28.43,515119.0,21751.238,1.25,1.0,False
2020-03-06,259.127,104.507,199.3,152031.0,3.6,28.43,515119.0,21751.238,1.25,1.0,False
2020-03-07,259.127,104.507,199.3,152293.0,3.5,28.54,515119.0,21751.238,1.25,1.0,False
2020-03-08,259.127,104.507,199.3,152293.0,3.5,28.54,515119.0,21751.238,1.25,1.0,False
2020-03-09,259.127,104.507,199.3,152293.0,3.5,28.54,515119.0,21751.238,1.25,1.0,False
2020-03-10,259.127,104.507,199.3,152293.0,3.5,28.54,515119.0,21751.238,1.25,1.0,False
2020-03-11,259.127,104.507,199.3,152293.0,3.5,28.54,515119.0,21751.238,1.25,1.0,False
2020-03-12,259.127,104.507,199.3,152293.0,3.5,28.54,515119.0,21751.238,1.25,1.0,False
2020-03-13,259.127,104.507,199.3,152293.0,3.5,28.54,515119.0,21751.238,1.25,1.0,False
2020-03-14,259.127,104.507,199.3,152293.0,3.5,28.54,515119.0,21751.238,1.25,1.0,False
2020-03-15,259.127,104.507,199.3,152293.0,3.5,28.54,515119.0,21751.238,1.25,1.0,False
2020-03-16,259.127,104.507,199.3,152293.0,3.5,28.54,515119.0,21751.238,0.25,0.0,True
2020-03-17,259.25,104.507,196.7,152293.0,3.5,28.54,515330.0,21751.238,0.25,0.0,False
2020-03-18,259.25,104.507,196.7,152293.0,3.5,28.54,515330.0,21751.238,0.25,0.0,False
2020-03-19,259.25,104.507,196.7,152293.0,3.5,28.54,515330.0,21751.238,0.25,0.0,False
2020-03-20,259.25,104.507,196.7,152293.0,3.5,28.54,515330.0,21751.238,0.25,0.0,False
2020-03-21,259.25,104.507,196.7,152293.0,3.5,28.54,515330.0,21751.238,0.25,0.0,False
2020-03-22,259.25,104.507,196.7,152293.0,3.5,28.54,515330.0,21751.238,0.25,0.0,False
2020-03-23,259.25,104.507,196.7,152293.0,3.5,28.54,515330.0,21751.238,0.25,0.0,False
2020-03-24,259.25,104.507,196.7,152293.0,3.5,28.54,515330.0,21751.238,0.25,0.0,False
2020-03-25,259.25,104.507,196.7,152293.0,3.5,28.54,515330.0,21751.238,0.25,0.0,False
2020-03-26,259.25,104.507,196.7,152293.0,3.5,28.54,515330.0,21751.238,0.25,0.0,False
2020-03-27,259.25,104.507,196.7,152293.0,3.5,28.54,515330.0,21751.238,0.25,0.0,False
2020-03-28,259.25,104.507,196.7,152293.0,3.5,28.54,515330.0,21751.238,0.25,0.0,False
2020-03-29,259.25,104.507,196.7,152293.0,3.5,28.54,515330.0,21751.238,0.25,0.0,False
2020-03-30,259.25,104.507,196.7,152293.0,3.5,28.54,515330.0,21751.238,0.25,0.0,False
2020-03-31,259.25,104.507,196.7,152293.0,3.5,28.54,515330.0,21751.238,0.25,0.0,False
2020-04-01,259.25,104.711,196.7,152293.0,3.5,28.54,515330.0,21751.238,0.25,0.0,False
2020-04-02,259.25,104.711,196.7,152293.0,3.5,28.54,515330.0,21751.238,0.25,0.0,False
2020-04-03,259.25,104.711,196.7,152293.0,3.5,28.54,515330.0,21751.238,0.25,0.0,False
2020-04-04,259.25,104.711,196.7,152293.0,3.5,28.54,515330.0,21751.238,0.25,0.0,False
2020-04-05,259.25,104.711,196.7,150895.0,4.4,28.73,515330.0,21751.238,0.25,0.0,False
2020-04-06,259.25,104.711,196.7,150895.0,4.4,28.73,515330.0,21751.238,0.25,0.0,False
2020-04-07,259.25,104.711,196.7,150895.0,4.4,28.73,515330.0,21751.238,0.25,0.0,False
2020-04-08,259.25,104.711,196.7,150895.0,4.4,28.73,515330.0,21751.238,0.25,0.0,False
2020-04-09,259.25,104.711,196.7,150895.0,4.4,28.73,515330.0,21751.238,0.25,0.0,False
2020-04-10,259.25,104.711,196.7,150895.0,4.4,28.73,515330.0,21751.238,0.25,0.0,False
2020-04-11,259.25,104.711,196.7,150895.0,4.4,28.73,515330.0,21751.238,0.25,0.0,False
2020-04-12,259.25,104.711,196.7,150895.0,4.4,28.73,515330.0,21751.238,0.25,0.0,False
2020-04-13,259.25,104.711,196.7,150895.0,4.4,28.73,515330.0,21751.238,0.25,0.0,False
2020-04-14,259.25,104.711,196.7,150895.0,4.4,28.73,515330.0,21751.238,0.25,0.0,False
2020-04-15,258.076,104.711,193.1,150895.0,4.4,28.73,468324.0,21751.238,0.25,0.0,False
2020-04-16,258.076,104.711,193.1,150895.0,4.4,28.73,468324.0,21751.238,0.25,0.0,False
2020-04-17,258.076,104.711,193.1,150895.0,4.4,28.73,468324.0,21751.238,0.25,0.0,False
2020-04-18,258.076,104.711,193.1,150895.0,4.4,28.73,468324.0,21751.238,0.25,0.0,False
2020-04-19,258.076,104.711,193.1,150895.0,4.4,28.73,468324.0,21751.238,0.25,0.0,False
2020-04-20,258.076,104.711,193.1,150895.0,4.4,28.73,468324.0,21751.238,0.25,0.0,False
2020-04-21,258.076,104.711,193.1,150895.0,4.4,28.73,468324.0,21751.238,0.25,0.0,False
2020-04-22,258.076,104.711,193.1,150895.0,4.4,28.73,468324.0,21751.238,0.25,0.0,False
2020-04-23,258.076,104.711,193.1,150895.0,4.4,28.73,468324.0,21751.238,0.25,0.0,False
2020-04-24,258.076,104.711,193.1,150895.0,4.4,28.73,468324.0,21751.238,0.25,0.0,False
2020-04-25,258.076,104.711,193.1,150895.0,4.4,28.73,468324.0,21751.238,0.25,0.0,False
2020-04-26,258.076,104.711,193.1,150895.0,4.4,28.73,468324.0,21751.238,0.25,0.0,False
2020-04-27,258.076,104.711,193.1,150895.0,4.4,28.73,468324.0,21751.238,0.25,0.0,False
2020-04-28,258.076,104.711,193.1,150895.0,4.4,28.73,468324.0,21751.238,0.25,0.0,False
2020-04-29,258.076,104.711,193.1,150895.0,4.4,28.73,468324.0,21751.238,0.25,0.0,False
2020-04-30,258.076,104.632,193.1,150895.0,4.4,28.73,468324.0,21751.238,0.25,0.0,False
2020-05-01,258.076,104.632,193.1,150895.0,4.4,28.73,468324.0,19958.291,0.25,0.0,False
2020-05-02,258.076,104.632,193.1,150895.0,4.4,28.73,468324.0,19958.291,0.25,0.0,False
2020-05-03,258.076,104.632,193.1,150895.0,4.4,28.73,468324.0,19958.291,0.25,0.0,False
2020-05-04,258.076,104.632,193.1,150895.0,4.4,28.73,468324.0,19958.291,0.25,0.0,False
2020-05-05,258.076,104.632,193.1,150895.0,4.4,28.73,468324.0,19958.291,0.25,0.0,False
2020-05-06,258.076,104.632,193.1,130426.0,14.8,30.04,468324.0,19958.291,0.25,0.0,False
2020-05-07,258.076,104.632,193.1,130426.0,14.8,30.04,468324.0,19958.291,0.25,0.0,False
2020-05-08,258.076,104.632,193.1,130426.0,14.8,30.04,468324.0,19958.291,0.25,0.0,False
2020-05-09,258.076,104.632,193.1,130426.0,14.8,30.04,468324.0,19958.291,0.25,0.0,False
2020-05-10,258.076,104.632,193.1,130426.0,14.8,30.04,468324.0,19958.291,0.25,0.0,False
2020-05-11,258.076,104.632,193.1,130426.0,14.8,30.04,468324.0,19958.291,0.25,0.0,False
2020-05-12,258.076,104.632,193.1,130426.0,14.8,30.04,468324.0,19958.291,0.25,0.0,False
2020-05-13,258.076,104.632,193.1,130426.0,14.8,30.04,468324.0,19958.291,0.25,0.0,False
2020-05-14,258.076,104.632,193.1,130426.0,14.8,30.04,468324.0,19958.291,0.25,0.0,False
2020-05-15,258.076,104.632,193.1,130426.0,14.8,30.04,468324.0,19958.291,0.25,0.0,False
2020-05-16,256.032,104.632,185.5,130426.0,14.8,30.04,401028.0,19958.291,0.25,0.0,False
2020-05-17,256.032,104.632,185.5,130426.0,14.8,30.04,401028.0,19958.291,0.25,0.0,False
2020-05-18,256.032,104.632,185.5,130426.0,14.8,30.04,401028.0,19958.291,0.25,0.0,False
2020-05-19,256.032,104.632,185.5,130426.0,14.8,30.04,401028.0,19958.291,0.25,0.0,False
2020-05-20,256.032,104.632,185.5,130426.0,14.8,30.04,401028.0,19958.291,0.25,0.0,False
2020-05-21,256.032,104.632,185.5,130426.0,14.8,30.04,401028.0,19958.291,0.25,0.0,False
2020-05-22,256.032,104.632,185.5,130426.0,14.8,30.04,401028.0,19958.291,0.25,0.0,False
2020-05-23,256.032,104.632,185.5,130426.0,14.8,30.04,401028.0,19958.291,0.25,0.0,False
2020-05-24,256.032,104.632,185.5,130426.0,14.8,30.04,401028.0,19958.291,0.25,0.0,False
2020-05-25,256.032,104.632,185.5,130426.0,14.8,30.04,401028.0,19958.291,0.25,0.0,False
2020-05-26,256.032,104.632,185.5,130426.0,14.8,30.04,401028.0,19958.291,0.25,0.0,False
2020-05-27,256.032,104.632,185.5,130426.0,14.8,30.04,401028.0,19958.291,0.25,0.0,False
2020-05-28,256.032,104.632,185.5,130426.0,14.8,30.04,401028.0,19958.291,0.25,0.0,False
2020-05-29,256.032,104.632,185.5,130426.0,14.8,30.04,401028.0,19958.291,0.25,0.0,False
2020-05-30,256.032,104.632,185.5,130426.0,14.8,30.04,401028.0,19958.291,0.25,0.0,False
2020-05-31,256.032,104.293,185.5,130426.0,14.8,30.04,401028.0,19958.291,0.25,0.0,False
2020-06-01,256.032,104.293,185.5,130426.0,14.8,30.04,401028.0,19958.291,0.25,0.0,False
2020-06-02,256.032,104.293,185.5,130426.0,14.8,30.04,401028.0,19958.291,0.25,0.0,False
2020-06-03,256.032,104.293,185.5,130426.0,14.8,30.04,401028.0,19958.291,0.25,0.0,False
2020-06-04,256.032,104.293,185.5,130426.0,14.8,30.04,401028.0,19958.291,0.25,0.0,False
2020-06-05,256.032,104.293,185.5,133040.0,13.2,29.72,401028.0,19958.291,0.25,0.0,False
2020-06-06,256.032,104.293,185.5,133040.0,13.2,29.72,401028.0,19958.291,0.25,0.0,False
2020-06-07,256.032,104.293,185.5,133040.0,13.2,29.72,401028.0,19958.291,0.25,0.0,False
2020-06-08,256.032,104.293,185.5,133040.0,13.2,29.72,401028.0,19958.291,0.25,0.0,False
2020-06-09,256.032,104.293,185.5,133040.0,13.2,29.72,401028.0,19958.291,0.25,0.0,False
2020-06-10,256.032,104.293,185.5,133040.0,13.2,29.72,401028.0,19958.291,0.25,0.0,False
2020-06-11,256.032,104.293,185.5,133040.0,13.2,29.72,401028.0,19958.291,0.25,0.0,False
2020-06-12,256.032,104.293,185.5,133040.0,13.2,29.72,401028.0,19958.291,0.25,0.0,False
2020-06-13,256.032,104.293,185.5,133040.0,13.2,29.72,401028.0,19958.291,0.25,0.0,False
2020-06-14,256.032,104.293,185.5,133040.0,13.2,29.72,401028.0,19958.291,0.25,0.0,False
2020-06-15,255.802,104.293,188.6,133040.0,13.2,29.72,478449.0,19958.291,0.25,0.0,False
2020-06-16,255.802,104.293,188.6,133040.0,13.2,29.72,478449.0,19958.291,0.25,0.0,False
2020-06-17,255.802,104.293,188.6,133040.0,13.2,29.72,478449.0,19958.291,0.25,0.0,False
2020-06-18,255.802,104.293,188.6,133040.0,13.2,29.72,478449.0,19958.291,0.25,0.0,False
2020-06-19,255.802,104.293,188.6,133040.0,13.2,29.72,478449.0,19958.291,0.25,0.0,False
2020-06-20,255.802,104.293,188.6,133040.0,13.2,29.72,478449.0,19958.291,0.25,0.0,False
2020-06-21,255.802,104.293,188.6,133040.0,13.2,29.72,478449.0,19958.291,0.25,0.0,False
2020-06-22,255.802,104.293,188.6,133040.0,13.2,29.72,478449.0,19958.291,0.25,0.0,False
2020-06-23,255.802,104.293,188.6,133040.0,13.2,29.72,478449.0,19958.291,0.25,0.0,False
2020-06-24,255.802,104.293,188.6,133040.0,13.2,29.72,478449.0,19958.291,0.25,0.0,False
2020-06-25,255.802,104.293,188.6,133040.0,13.2,29.72,478449.0,19958.291,0.25,0.0,False
2020-06-26,255.802,104.293,188.6,133040.0,13.2,29.72,478449.0,19958.291,0.25,0.0,False
2020-06-27,255.802,104.293,188.6,133040.0,13.2,29.72,478449.0,19958.291,0.25,0.0,False
2020-06-28,255.802,104.293,188.6,133040.0,13.2,29.72,478449.0,19958.291,0.25,0.0,False
2020-06-29,255.802,104.293,188.6,133040.0,13.2,29.72,478449.0,19958.291,0.25,0.0,False
2020-06-30,255.802,104.402,188.6,133040.0,13.2,29.72,478449.0,19958.291,0.25,0.0,False
2020-07-01,255.802,104.402,188.6,133040.0,13.2,29.72,478449.0,19958.291,0.25,0.0,False
2020-07-02,255.802,104.402,188.6,133040.0,13.2,29.72,478449.0,19958.291,0.25,0.0,False
2020-07-03,255.802,104.402,188.6,133040.0,13.2,29.72,478449.0,19958.291,0.25,0.0,False
2020-07-04,255.802,104.402,188.6,133040.0,13.2,29.72,478449.0,19958.291,0.25,0.0,False
2020-07-05,255.802,104.402,188.6,133040.0,13.2,29.72,478449.0,19958.291,0.25,0.0,False
2020-07-06,255.802,104.402,188.6,137671.0,11.0,29.38,478449.0,19958.291,0.25,0.0,False
2020-07-07,255.802,104.402,188.6,137671.0,11.0,29.38,478449.0,19958.291,0.25,0.0,False
2020-07-08,255.802,104.402,188.6,137671.0,11.0,29.38,478449.0,19958.291,0.25,0.0,False
2020-07-09,255.802,104.402,188.6,137671.0,11.0,29.38,478449.0,19958.291,0.25,0.0,False
2020-07-10,255.802,104.402,188.6,137671.0,11.0,29.38,478449.0,19958.291,0.25,0.0,False
2020-07-11,255.802,104.402,188.6,137671.0,11.0,29.38,478449.0,19958.291,0.25,0.0,False
2020-07-12,255.802,104.402,188.6,137671.0,11.0,29.38,478449.0,19958.291,0.25,0.0,False
2020-07-13,255.802,104.402,188.6,137671.0,11.0,29.38,478449.0,19958.291,0.25,0.0,False
2020-07-14,255.802,104.402,188.6,137671.0,11.0,29.38,478449.0,19958.291,0.25,0.0,False
2020-07-15,255.802,104.402,188.6,137671.0,11.0,29.38,478449.0,19958.291,0.25,0.0,False
2020-07-16,257.042,104.402,191.2,137671.0,11.0,29.38,518038.0,19958.291,0.25,0.0,False
2020-07-17,257.042,104.402,191.2,137671.0,11.0,29.38,518038.0,19958.291,0.25,0.0,False
2020-07-18,257.042,104.402,191.2,137671.0,11.0,29.38,518038.0,19958.291,0.25,0.0,False
2020-07-19,257.042,104.402,191.2,137671.0,11.0,29.38,518038.0,19958.291,0.25,0.0,False
2020-07-20,257.042,104.402,191.2,137671.0,11.0,29.38,518038.0,19958.291,0.25,0.0,False
2020-07-21,257.042,104.402,191.2,137671.0,11.0,29.38,518038.0,19958.291,0.25,0.0,False
2020-07-22,257.042,104.402,191.2,137671.0,11.0,29.38,518038.0,19958.291,0.25,0.0,False
2020-07-23,257.042,104.402,191.2,137671.0,11.0,29.38,518038.0,19958.291,0.25,0.0,False
2020-07-24,257.042,104.402,191.2,137671.0,11.0,29.38,518038.0,19958.291,0.25,0.0,False
2020-07-25,257.042,104.402,191.2,137671.0,11.0,29.38,518038.0,19958.291,0.25,0.0,False
2020-07-26,257.042,104.402,191.2,137671.0,11.0,29.38,518038.0,19958.291,0.25,0.0,False
2020-07-27,257.042,104.402,191.2,137671.0,11.0,29.38,518038.0,19958.291,0.25,0.0,False
2020-07-28,257.042,104.402,191.2,137671.0,11.0,29.38,518038.0,19958.291,0.25,0.0,False
2020-07-29,257.042,104.402,191.2,137671.0,11.0,29.38,518038.0,19958.291,0.25,0.0,False
2020-07-30,257.042,104.402,191.2,137671.0,11.0,29.38,518038.0,19958.291,0.25,0.0,False
2020-07-31,257.042,104.565,191.2,137671.0,11.0,29.38,518038.0,21704.437,0.25,0.0,False
2020-08-01,257.042,104.565,191.2,137671.0,11.0,29.38,518038.0,21704.437,0.25,0.0,False
2020-08-02,257.042,104.565,191.2,137671.0,11.0,29.38,518038.0,21704.437,0.25,0.0,False
2020-08-03,257.042,104.565,191.2,137671.0,11.0,29.38,518038.0,21704.437,0.25,0.0,False
2020-08-04,257.042,104.565,191.2,137671.0,11.0,29.38,518038.0,21704.437,0.25,0.0,False
2020-08-05,257.042,104.565,191.2,139255.0,10.2,29.39,518038.0,21704.437,0.25,0.0,False
2020-08-06,257.042,104.565,191.2,139255.0,10.2,29.39,518038.0,21704.437,0.25,0.0,False
2020-08-07,257.042,104.565,191.2,139255.0,10.2,29.39,518038.0,21704.437,0.25,0.0,False
2020-08-08,257.042,104.565,191.2,139255.0,10.2,29.39,518038.0,21704.437,0.25,0.0,False
2020-08-09,257.042,104.565,191.2,139255.0,10.2,29.39,518038.0,21704.437,0.25,0.0,False
2020-08-10,257.042,104.565,191.2,139255.0,10.2,29.39,518038.0,21704.437,0.25,0.0,False
2020-08-11,257.042,104.565,191.2,139255.0,10.2,29.39,518038.0,21704.437,0.25,0.0,False
2020-08-12,257.042,104.565,191.2,139255.0,10.2,29.39,518038.0,21704.437,0.25,0.0,False
2020-08-13,257.042,104.565,191.2,139255.0,10.2,29.39,518038.0,21704.437,0.25,0.0,False
2020-08-14,257.042,104.565,191.2,139255.0,10.2,29.39,518038.0,21704.437,0.25,0.0,False
2020-08-15,258.352,104.565,193.0,139255.0,10.2,29.39,526304.0,21704.437,0.25,0.0,False
2020-08-16,258.352,104.565,193.0,139255.0,10.2,29.39,526304.0,21704.437,0.25,0.0,False
2020-08-17,258.352,104.565,193.0,139255.0,10.2,29.39,526304.0,21704.437,0.25,0.0,False
2020-08-18,258.352,104.565,193.0,139255.0,10.2,29.39,526304.0,21704.437,0.25,0.0,False
2020-08-19,258.352,104.565,193.0,139255.0,10.2,29.39,526304.0,21704.437,0.25,0.0,False
2020-08-20,258.352,104.565,193.0,139255.0,10.2,29.39,526304.0,21704.437,0.25,0.0,False
2020-08-21,258.352,104.565,193.0,139255.0,10.2,29.39,526304.0,21704.437,0.25,0.0,False
2020-08-22,258.352,104.565,193.0,139255.0,10.2,29.39,526304.0,21704.437,0.25,0.0,False
2020-08-23,258.352,104.565,193.0,139255.0,10.2,29.39,526304.0,21704.437,0.25,0.0,False
2020-08-24,258.352,104.565,193.0,139255.0,10.2,29.39,526304.0,21704.437,0.25,0.0,False
2020-08-25,258.352,104.565,193.0,139255.0,10.2,29.39,526304.0,21704.437,0.25,0.0,False
2020-08-26,258.352,104.565,193.0,139255.0,10.2,29.39,526304.0,21704.437,0.25,0.0,False
2020-08-27,258.352,104.565,193.0,139255.0,10.2,29.39,526304.0,21704.437,0.25,0.0,False
2020-08-28,258.352,104.565,193.0,139255.0,10.2,29.39,526304.0,21704.437,0.25,0.0,False
2020-08-29,258.352,104.565,193.0,139255.0,10.2,29.39,526304.0,21704.437,0.25,0.0,False
2020-08-30,258.352,104.937,193.0,139255.0,10.2,29.39,526304.0,21704.437,0.25,0.0,False
2020-08-31,258.352,104.937,193.0,139255.0,10.2,29.39,526304.0,21704.437,0.25,0.0,False
2020-09-01,258.352,104.937,193.0,139255.0,10.2,29.39,526304.0,21704.437,0.25,0.0,False
2020-09-02,258.352,104.937,193.0,139255.0,10.2,29.39,526304.0,21704.437,0.25,0.0,False
2020-09-03,258.352,104.937,193.0,139255.0,10.2,29.39,526304.0,21704.437,0.25,0.0,False
2020-09-04,258.352,104.937,193.0,139255.0,10.2,29.39,526304.0,21704.437,0.25,0.0,False
2020-09-05,258.352,104.937,193.0,140821.0,8.4,29.49,526304.0,21704.437,0.25,0.0,False
2020-09-06,258.352,104.937,193.0,140821.0,8.4,29.49,526304.0,21704.437,0.25,0.0,False
2020-09-07,258.352,104.937,193.0,140821.0,8.4,29.49,526304.0,21704.437,0.25,0.0,False
2020-09-08,258.352,104.937,193.0,140821.0,8.4,29.49,526304.0,21704.437,0.25,0.0,False
2020-09-09,258.352,104.937,193.0,140821.0,8.4,29.49,526304.0,21704.437,0.25,0.0,False
2020-09-10,258.352,104.937,193.0,140821.0,8.4,29.49,526304.0,21704.437,0.25,0.0,False
2020-09-11,258.352,104.937,193.0,140821.0,8.4,29.49,526304.0,21704.437,0.25,0.0,False
2020-09-12,258.352,104.937,193.0,140821.0,8.4,29.49,526304.0,21704.437,0.25,0.0,False
2020-09-13,258.352,104.937,193.0,140821.0,8.4,29.49,526304.0,21704.437,0.25,0.0,False
2020-09-14,258.352,104.937,193.0,140821.0,8.4,29.49,526304.0,21704.437,0.25,0.0,False
2020-09-15,259.316,104.937,194.3,140821.0,8.4,29.49,530735.0,21704.437,0.25,0.0,False
2020-09-16,259.316,104.937,194.3,140821.0,8.4,29.49,530735.0,21704.437,0.25,0.0,False
2020-09-17,259.316,104.937,194.3,140821.0,8.4,29.49,530735.0,21704.437,0.25,0.0,False
2020-09-18,259.316,104.937,194.3,140821.0,8.4,29.49,530735.0,21704.437,0.25,0.0,False
2020-09-19,259.316,104.937,194.3,140821.0,8.4,29.49,530735.0,21704.437,0.25,0.0,False
2020-09-20,259.316,104.937,194.3,140821.0,8.4,29.49,530735.0,21704.437,0.25,0.0,False
2020-09-21,259.316,104.937,194.3,140821.0,8.4,29.49,530735.0,21704.437,0.25,0.0,False
2020-09-22,259.316,104.937,194.3,140821.0,8.4,29.49,530735.0,21704.437,0.25,0.0,False
2020-09-23,259.316,104.937,194.3,140821.0,8.4,29.49,530735.0,21704.437,0.25,0.0,False
2020-09-24,259.316,104.937,194.3,140821.0,8.4,29.49,530735.0,21704.437,0.25,0.0,False
2020-09-25,259.316,104.937,194.3,140821.0,8.4,29.49,530735.0,21704.437,0.25,0.0,False
2020-09-26,259.316,104.937,194.3,140821.0,8.4,29.49,530735.0,21704.437,0.25,0.0,False
2020-09-27,259.316,104.937,194.3,140821.0,8.4,29.49,530735.0,21704.437,0.25,0.0,False
2020-09-28,259.316,104.937,194.3,140821.0,8.4,29.49,530735.0,21704.437,0.25,0.0,False
2020-09-29,259.316,104.937,194.3,140821.0,8.4,29.49,530735.0,21704.437,0.25,0.0,False
2020-09-30,259.316,105.243,194.3,140821.0,8.4,29.49,530735.0,21704.437,0.25,0.0,False
2020-10-01,259.316,105.243,194.3,140821.0,8.4,29.49,530735.0,21704.437,0.25,0.0,False
2020-10-02,259.316,105.243,194.3,140821.0,8.4,29.49,530735.0,21704.437,0.25,0.0,False
2020-10-03,259.316,105.243,194.3,140821.0,8.4,29.49,530735.0,21704.437,0.25,0.0,False
2020-10-04,259.316,105.243,194.3,140821.0,8.4,29.49,530735.0,21704.437,0.25,0.0,False
2020-10-05,259.316,105.243,194.3,140821.0,8.4,29.49,530735.0,21704.437,0.25,0.0,False
2020-10-06,259.316,105.243,194.3,141770.0,7.8,29.51,530735.0,21704.437,0.25,0.0,False
2020-10-07,259.316,105.243,194.3,141770.0,7.8,29.51,530735.0,21704.437,0.25,0.0,False
2020-10-08,259.316,105.243,194.3,141770.0,7.8,29.51,530735.0,21704.437,0.25,0.0,False
2020-10-09,259.316,105.243,194.3,141770.0,7.8,29.51,530735.0,21704.437,0.25,0.0,False
2020-10-10,259.316,105.243,194.3,141770.0,7.8,29.51,530735.0,21704.437,0.25,0.0,False
2020-10-11,259.316,105.243,194.3,141770.0,7.8,29.51,530735.0,21704.437,0.25,0.0,False
2020-10-12,259.316,105.243,194.3,141770.0,7.8,29.51,530735.0,21704.437,0.25,0.0,False
2020-10-13,259.316,105.243,194.3,141770.0,7.8,29.51,530735.0,21704.437,0.25,0.0,False
2020-10-14,259.316,105.243,194.3,141770.0,7.8,29.51,530735.0,21704.437,0.25,0.0,False
2020-10-15,259.316,105.243,194.3,141770.0,7.8,29.51,530735.0,21704.437,0.25,0.0,False
2020-10-16,259.997,105.243,195.5,141770.0,7.8,29.51,541302.0,21704.437,0.25,0.0,False
2020-10-17,259.997,105.243,195.5,141770.0,7.8,29.51,541302.0,21704.437,0.25,0.0,False
2020-10-18,259.997,105.243,195.5,141770.0,7.8,29.51,541302.0,21704.437,0.25,0.0,False
2020-10-19,259.997,105.243,195.5,141770.0,7.8,29.51,541302.0,21704.437,0.25,0.0,False
2020-10-20,259.997,105.243,195.5,141770.0,7.8,29.51,541302.0,21704.437,0.25,0.0,False
2020-10-21,259.997,105.243,195.5,141770.0,7.8,29.51,541302.0,21704.437,0.25,0.0,False
2020-10-22,259.997,105.243,195.5,141770.0,7.8,29.51,541302.0,21704.437,0.25,0.0,False
2020-10-23,259.997,105.243,195.5,141770.0,7.8,29.51,541302.0,21704.437,0.25,0.0,False
2020-10-24,259.997,105.243,195.5,141770.0,7.8,29.51,541302.0,21704.437,0.25,0.0,False
2020-10-25,259.997,105.243,195.5,141770.0,7.8,29.51,541302.0,21704.437,0.25,0.0,False
2020-10-26,259.997,105.243,195.5,141770.0,7.8,29.51,541302.0,21704.437,0.25,0.0,False
2020-10-27,259.997,105.243,195.5,141770.0,7.8,29.51,541302.0,21704.437,0.25,0.0,False
2020-10-28,259.997,105.243,195.5,141770.0,7.8,29.51,541302.0,21704.437,0.25,0.0,False
2020-10-29,259.997,105.243,195.5,141770.0,7.8,29.51,541302.0,21704.437,0.25,0.0,False
2020-10-30,259.997,105.243,195.5,141770.0,7.8,29.51,541302.0,21704.437,0.25,0.0,False
2020-10-31,259.997,105.41,195.5,141770.0,7.8,29.51,541302.0,22087.16,0.25,0.0,False
2020-11-01,259.997,105.41,195.5,141770.0,7.8,29.51,541302.0,22087.16,0.25,0.0,False
2020-11-02,259.997,105.41,195.5,141770.0,7.8,29.51,541302.0,22087.16,0.25,0.0,False
2020-11-03,259.997,105.41,195.5,141770.0,7.8,29.51,541302.0,22087.16,0.25,0.0,False
2020-11-04,259.997,105.41,195.5,141770.0,7.8,29.51,541302.0,22087.16,0.25,0.0,False
2020-11-05,259.997,105.41,195.5,142460.0,6.9,29.54,541302.0,22087.16,0.25,0.0,False
2020-11-06,259.997,105.41,195.5,142460.0,6.9,29.54,541302.0,22087.16,0.25,0.0,False
2020-11-07,259.997,105.41,195.5,142460.0,6.9,29.54,541302.0,22087.16,0.25,0.0,False
2020-11-08,259.997,105.41,195.5,142460.0,6.9,29.54,541302.0,22087.16,0.25,0.0,False
2020-11-09,259.997,105.41,195.5,142460.0,6.9,29.54,541302.0,22087.16,0.25,0.0,False
2020-11-10,259.997,105.41,195.5,142460.0,6.9,29.54,541302.0,22087.16,0.25,0.0,False
2020-11-11,259.997,105.41,195.5,142460.0,6.9,29.54,541302.0,22087.16,0.25,0.0,False
2020-11-12,259.997,105.41,195.5,142460.0,6.9,29.54,541302.0,22087.16,0.25,0.0,False
2020-11-13,259.997,105.41,195.5,142460.0,6.9,29.54,541302.0,22087.16,0.25,0.0,False
2020-11-14,259.997,105.41,195.5,142460.0,6.9,29.54,541302.0,22087.16,0.25,0.0,False
2020-11-15,260.319,105.41,196.5,142460.0,6.9,29.54,539114.0,22087.16,0.25,0.0,False
2020-11-16,260.319,105.41,196.5,142460.0,6.9,29.54,539114.0,22087.16,0.25,0.0,False
2020-11-17,260.319,105.41,196.5,142460.0,6.9,29.54,539114.0,22087.16,0.25,0.0,False
2020-11-18,260.319,105.41,196.5,142460.0,6.9,29.54,539114.0,22087.16,0.25,0.0,False
2020-11-19,260.319,105.41,196.5,142460.0,6.9,29.54,539114.0,22087.16,0.25,0.0,False
2020-11-20,260.319,105.41,196.5,142460.0,6.9,29.54,539114.0,22087.16,0.25,0.0,False
2020-11-21,260.319,105.41,196.5,142460.0,6.9,29.54,539114.0,22087.16,0.25,0.0,False
2020-11-22,260.319,105.41,196.5,142460.0,6.9,29.54,539114.0,22087.16,0.25,0.0,False
2020-11-23,260.319,105.41,196.5,142460.0,6.9,29.54,539114.0,22087.16,0.25,0.0,False
2020-11-24,260.319,105.41,196.5,142460.0,6.9,29.54,539114.0,22087.16,0.25,0.0,False
2020-11-25,260.319,105.41,196.5,142460.0,6.9,29.54,539114.0,22087.16,0.25,0.0,False
2020-11-26,260.319,105.41,196.5,142460.0,6.9,29.54,539114.0,22087.16,0.25,0.0,False
2020-11-27,260.319,105.41,196.5,142460.0,6.9,29.54,539114.0,22087.16,0.25,0.0,False
2020-11-28,260.319,105.41,196.5,142460.0,6.9,29.54,539114.0,22087.16,0.25,0.0,False
2020-11-29,260.319,105.41,196.5,142460.0,6.9,29.54,539114.0,22087.16,0.25,0.0,False
2020-11-30,260.319,105.507,196.5,142460.0,6.9,29.54,539114.0,22087.16,0.25,0.0,False
2020-12-01,260.319,105.507,196.5,142460.0,6.9,29.54,539114.0,22087.16,0.25,0.0,False
2020-12-02,260.319,105.507,196.5,142460.0,6.9,29.54,539114.0,22087.16,0.25,0.0,False
2020-12-03,260.319,105.507,196.5,142460.0,6.9,29.54,539114.0,22087.16,0.25,0.0,False
2020-12-04,260.319,105.507,196.5,142460.0,6.9,29.54,539114.0,22087.16,0.25,0.0,False
2020-12-05,260.319,105.507,196.5,142460.0,6.9,29.54,539114.0,22087.16,0.25,0.0,False
2020-12-06,260.319,105.507,196.5,142733.0,6.7,29.64,539114.0,22087.16,0.25,0.0,False
2020-12-07,260.319,105.507,196.5,142733.0,6.7,29.64,539114.0,22087.16,0.25,0.0,False
2020-12-08,260.319,105.507,196.5,142733.0,6.7,29.64,539114.0,22087.16,0.25,0.0,False
2020-12-09,260.319,105.507,196.5,142733.0,6.7,29.64,539114.0,22087.16,0.25,0.0,False
2020-12-10,260.319,105.507,196.5,142733.0,6.7,29.64,539114.0,22087.16,0.25,0.0,False
2020-12-11,260.319,105.507,196.5,142733.0,6.7,29.64,539114.0,22087.16,0.25,0.0,False
2020-12-12,260.319,105.507,196.5,142733.0,6.7,29.64,539114.0,22087.16,0.25,0.0,False
2020-12-13,260.319,105.507,196.5,142733.0,6.7,29.64,539114.0,22087.16,0.25,0.0,False
2020-12-14,260.319,105.507,196.5,142733.0,6.7,29.64,539114.0,22087.16,0.25,0.0,False
2020-12-15,260.319,105.507,196.5,142733.0,6.7,29.64,539114.0,22087.16,0.25,0.0,False
2020-12-16,260.911,105.507,198.3,142733.0,6.7,29.64,533941.0,22087.16,0.25,0.0,False
2020-12-17,260.911,105.507,198.3,142733.0,6.7,29.64,533941.0,22087.16,0.25,0.0,False
2020-12-18,260.911,105.507,198.3,142733.0,6.7,29.64,533941.0,22087.16,0.25,0.0,False
2020-12-19,260.911,105.507,198.3,142733.0,6.7,29.64,533941.0,22087.16,0.25,0.0,False
2020-12-20,260.911,105.507,198.3,142733.0,6.7,29.64,533941.0,22087.16,0.25,0.0,False
2020-12-21,260.911,105.507,198.3,142733.0,6.7,29.64,533941.0,22087.16,0.25,0.0,False
2020-12-22,260.911,105.507,198.3,142733.0,6.7,29.64,533941.0,22087.16,0.25,0.0,False
2020-12-23,260.911,105.507,198.3,142733.0,6.7,29.64,533941.0,22087.16,0.25,0.0,False
2020-12-24,260.911,105.507,198.3,142733.0,6.7,29.64,533941.0,22087.16,0.25,0.0,False
2020-12-25,260.911,105.507,198.3,142733.0,6.7,29.64,533941.0,22087.16,0.25,0.0,False
2020-12-26,260.911,105.507,198.3,142733.0,6.7,29.64,533941.0,22087.16,0.25,0.0,False
2020-12-27,260.911,105.507,198.3,142733.0,6.7,29.64,533941.0,22087.16,0.25,0.0,False
2020-12-28,260.911,105.507,198.3,142733.0,6.7,29.64,533941.0,22087.16,0.25,0.0,False
2020-12-29,260.911,105.507,198.3,142733.0,6.7,29.64,533941.0,22087.16,0.25,0.0,False
2020-12-30,260.911,105.507,198.3,142733.0,6.7,29.64,533941.0,22087.16,0.25,0.0,False
2020-12-31,260.911,105.605,198.3,142733.0,6.7,29.64,533941.0,22087.16,0.25,0.0,False
2021-01-01,260.911,105.605,198.3,142733.0,6.7,29.64,533941.0,22087.16,0.25,0.0,False
2021-01-02,260.911,105.605,198.3,142733.0,6.7,29.64,533941.0,22087.16,0.25,0.0,False
2021-01-03,260.911,105.605,198.3,142733.0,6.7,29.64,533941.0,22087.16,0.25,0.0,False
2021-01-04,260.911,105.605,198.3,142733.0,6.7,29.64,533941.0,22087.16,0.25,0.0,False
2021-01-05,260.911,105.605,198.3,142548.0,6.7,29.91,533941.0,22087.16,0.25,0.0,False
2021-01-06,260.911,105.605,198.3,142548.0,6.7,29.91,533941.0,22087.16,0.25,0.0,False
2021-01-07,260.911,105.605,198.3,142548.0,6.7,29.91,533941.0,22087.16,0.25,0.0,False
2021-01-08,260.911,105.605,198.3,142548.0,6.7,29.91,533941.0,22087.16,0.25,0.0,False
2021-01-09,260.911,105.605,198.3,142548.0,6.7,29.91,533941.0,22087.16,0.25,0.0,False
2021-01-10,260.911,105.605,198.3,142548.0,6.7,29.91,533941.0,22087.16,0.25,0.0,False
2021-01-11,260.911,105.605,198.3,142548.0,6.7,29.91,533941.0,22087.16,0.25,0.0,False
2021-01-12,260.911,105.605,198.3,142548.0,6.7,29.91,533941.0,22087.16,0.25,0.0,False
2021-01-13,260.911,105.605,198.3,142548.0,6.7,29.91,533941.0,22087.16,0.25,0.0,False
2021-01-14,260.911,105.605,198.3,142548.0,6.7,29.91,533941.0,22087.16,0.25,0.0,False
2021-01-15,262.045,105.605,200.5,142548.0,6.7,29.91,538548.0,22087.16,0.25,0.0,False
2021-01-16,262.045,105.605,200.5,142548.0,6.7,29.91,538548.0,22087.16,0.25,0.0,False
2021-01-17,262.045,105.605,200.5,142548.0,6.7,29.91,538548.0,22087.16,0.25,0.0,False
2021-01-18,262.045,105.605,200.5,142548.0,6.7,29.91,538548.0,22087.16,0.25,0.0,False
2021-01-19,262.045,105.605,200.5,142548.0,6.7,29.91,538548.0,22087.16,0.25,0.0,False
2021-01-20,262.045,105.605,200.5,142548.0,6.7,29.91,538548.0,22087.16,0.25,0.0,False
2021-01-21,262.045,105.605,200.5,142548.0,6.7,29.91,538548.0,22087.16,0.25,0.0,False
2021-01-22,262.045,105.605,200.5,142548.0,6.7,29.91,538548.0,22087.16,0.25,0.0,False
2021-01-23,262.045,105.605,200.5,142548.0,6.7,29.91,538548.0,22087.16,0.25,0.0,False
2021-01-24,262.045,105.605,200.5,142548.0,6.7,29.91,538548.0,22087.16,0.25,0.0,False
2021-01-25,262.045,105.605,200.5,142548.0,6.7,29.91,538548.0,22087.16,0.25,0.0,False
2021-01-26,262.045,105.605,200.5,142548.0,6.7,29.91,538548.0,22087.16,0.25,0.0,False
2021-01-27,262.045,105.605,200.5,142548.0,6.7,29.91,538548.0,22087.16,0.25,0.0,False
2021-01-28,262.045,105.605,200.5,142548.0,6.7,29.91,538548.0,22087.16,0.25,0.0,False
2021-01-29,262.045,105.605,200.5,142548.0,6.7,29.91,538548.0,22087.16,0.25,0.0,False
2021-01-30,262.045,105.896,200.5,142548.0,6.7,29.91,538548.0,22087.16,0.25,0.0,False
2021-01-31,262.045,105.896,200.5,142548.0,6.7,29.91,538548.0,22680.693,0.25,0.0,False
2021-02-01,262.045,105.896,200.5,142548.0,6.7,29.91,538548.0,22680.693,0.25,0.0,False
2021-02-02,262.045,105.896,200.5,142548.0,6.7,29.91,538548.0,22680.693,0.25,0.0,False
2021-02-03,262.045,105.896,200.5,142548.0,6.7,29.91,538548.0,22680.693,0.25,0.0,False
2021-02-04,262.045,105.896,200.5,142548.0,6.7,29.91,538548.0,22680.693,0.25,0.0,False
2021-02-05,262.045,105.896,200.5,142863.0,6.4,29.93,538548.0,22680.693,0.25,0.0,False
2021-02-06,262.045,105.896,200.5,142863.0,6.4,29.93,538548.0,22680.693,0.25,0.0,False
2021-02-07,262.045,105.896,200.5,142863.0,6.4,29.93,538548.0,22680.693,0.25,0.0,False
2021-02-08,262.045,105.896,200.5,142863.0,6.4,29.93,538548.0,22680.693,0.25,0.0,False
2021-02-09,262.045,105.896,200.5,142863.0,6.4,29.93,538548.0,22680.693,0.25,0.0,False
2021-02-10,262.045,105.896,200.5,142863.0,6.4,29.93,538548.0,22680.693,0.25,0.0,False
2021-02-11,262.045,105.896,200.5,142863.0,6.4,29.93,538548.0,22680.693,0.25,0.0,False
2021-02-12,262.045,105.896,200.5,142863.0,6.4,29.93,538548.0,22680.693,0.25,0.0,False
2021-02-13,262.045,105.896,200.5,142863.0,6.4,29.93,538548.0,22680.693,0.25,0.0,False
2021-02-14,262.045,105.896,200.5,142863.0,6.4,29.93,538548.0,22680.693,0.25,0.0,False
2021-02-15,262.687,105.896,204.8,142863.0,6.4,29.93,559230.0,22680.693,0.25,0.0,False
2021-02-16,262.687,105.896,204.8,142863.0,6.4,29.93,559230.0,22680.693,0.25,0.0,False
2021-02-17,262.687,105.896,204.8,142863.0,6.4,29.93,559230.0,22680.693,0.25,0.0,False
2021-02-18,262.687,105.896,204.8,142863.0,6.4,29.93,559230.0,22680.693,0.25,0.0,False
2021-02-19,262.687,105.896,204.8,142863.0,6.4,29.93,559230.0,22680.693,0.25,0.0,False
2021-02-20,262.687,105.896,204.8,142863.0,6.4,29.93,559230.0,22680.693,0.25,0.0,False
2021-02-21,262.687,105.896,204.8,142863.0,6.4,29.93,559230.0,22680.693,0.25,0.0,False
2021-02-22,262.687,105.896,204.8,142863.0,6.4,29.93,559230.0,22680.693,0.25,0.0,False
2021-02-23,262.687,105.896,204.8,142863.0,6.4,29.93,559230.0,22680.693,0.25,0.0,False
2021-02-24,262.687,105.896,204.8,142863.0,6.4,29.93,559230.0,22680.693,0.25,0.0,False
2021-02-25,262.687,105.896,204.8,142863.0,6.4,29.93,559230.0,22680.693,0.25,0.0,False
2021-02-26,262.687,105.896,204.8,142863.0,6.4,29.93,559230.0,22680.693,0.25,0.0,False
2021-02-27,262.687,105.896,204.8,142863.0,6.4,29.93,559230.0,22680.693,0.25,0.0,False
2021-02-28,262.687,105.896,204.8,142863.0,6.4,29.93,559230.0,22680.693,0.25,0.0,False
2021-03-01,262.687,105.896,204.8,142863.0,6.4,29.93,559230.0,22680.693,0.25,0.0,False
2021-03-02,262.687,106.281,204.8,142863.0,6.4,29.93,559230.0,22680.693,0.25,0.0,False
2021-03-03,262.687,106.281,204.8,142863.0,6.4,29.93,559230.0,22680.693,0.25,0.0,False
2021-03-04,262.687,106.281,204.8,142863.0,6.4,29.93,559230.0,22680.693,0.25,0.0,False
2021-03-05,262.687,106.281,204.8,142863.0,6.4,29.93,559230.0,22680.693,0.25,0.0,False
2021-03-06,262.687,106.281,204.8,142863.0,6.4,29.93,559230.0,22680.693,0.25,0.0,False
2021-03-07,262.687,106.281,204.8,142863.0,6.4,29.93,559230.0,22680.693,0.25,0.0,False
2021-03-08,262.687,106.281,204.8,143380.0,6.2,30.05,559230.0,22680.693,0.25,0.0,False
2021-03-09,262.687,106.281,204.8,143380.0,6.2,30.05,559230.0,22680.693,0.25,0.0,False
2021-03-10,262.687,106.281,204.8,143380.0,6.2,30.05,559230.0,22680.693,0.25,0.0,False
2021-03-11,262.687,106.281,204.8,143380.0,6.2,30.05,559230.0,22680.693,0.25,0.0,False
2021-03-12,262.687,106.281,204.8,143380.0,6.2,30.05,559230.0,22680.693,0.25,0.0,False
2021-03-13,262.687,106.281,204.8,143380.0,6.2,30.05,559230.0,22680.693,0.25,0.0,False
2021-03-14,262.687,106.281,204.8,143380.0,6.2,30.05,559230.0,22680.693,0.25,0.0,False
2021-03-15,262.687,106.281,204.8,143380.0,6.2,30.05,559230.0,22680.693,0.25,0.0,False
2021-03-16,262.687,106.281,204.8,143380.0,6.2,30.05,559230.0,22680.693,0.25,0.0,False
2021-03-17,262.687,106.281,204.8,143380.0,6.2,30.05,559230.0,22680.693,0.25,0.0,False
2021-03-18,263.579,106.281,210.6,143380.0,6.2,30.05,544891.0,22680.693,0.25,0.0,False
2021-03-19,263.579,106.281,210.6,143380.0,6.2,30.05,544891.0,22680.693,0.25,0.0,False
2021-03-20,263.579,106.281,210.6,143380.0,6.2,30.05,544891.0,22680.693,0.25,0.0,False
2021-03-21,263.579,106.281,210.6,143380.0,6.2,30.05,544891.0,22680.693,0.25,0.0,False
2021-03-22,263.579,106.281,210.6,143380.0,6.2,30.05,544891.0,22680.693,0.25,0.0,False
2021-03-23,263.579,106.281,210.6,143380.0,6.2,30.05,544891.0,22680.693,0.25,0.0,False
2021-03-24,263.579,106.281,210.6,143380.0,6.2,30.05,544891.0,22680.693,0.25,0.0,False
2021-03-25,263.579,106.281,210.6,143380.0,6.2,30.05,544891.0,22680.693,0.25,0.0,False
2021-03-26,263.579,106.281,210.6,143380.0,6.2,30.05,544891.0,22680.693,0.25,0.0,False
2021-03-27,263.579,106.281,210.6,143380.0,6.2,30.05,544891.0,22680.693,0.25,0.0,False
2021-03-28,263.579,106.281,210.6,143380.0,6.2,30.05,544891.0,22680.693,0.25,0.0,False
2021-03-29,263.579,106.281,210.6,143380.0,6.2,30.05,544891.0,22680.693,0.25,0.0,False
2021-03-30,263.579,106.281,210.6,143380.0,6.2,30.05,544891.0,22680.693,0.25,0.0,False
2021-03-31,263.579,106.281,210.6,143380.0,6.2,30.05,544891.0,22680.693,0.25,0.0,False
2021-04-01,263.579,106.281,210.6,143380.0,6.2,30.05,544891.0,22680.693,0.25,0.0,False
2021-04-02,263.579,106.501,210.6,143380.0,6.2,30.05,544891.0,22680.693,0.25,0.0,False
2021-04-03,263.579,106.501,210.6,143380.0,6.2,30.05,544891.0,22680.693,0.25,0.0,False
2021-04-04,263.579,106.501,210.6,143380.0,6.2,30.05,544891.0,22680.693,0.25,0.0,False
2021-04-05,263.579,106.501,210.6,144232.0,6.1,30.03,544891.0,22680.693,0.25,0.0,False
2021-04-06,263.579,106.501,210.6,144232.0,6.1,30.03,544891.0,22680.693,0.25,0.0,False
2021-04-07,263.579,106.501,210.6,144232.0,6.1,30.03,544891.0,22680.693,0.25,0.0,False
2021-04-08,263.579,106.501,210.6,144232.0,6.1,30.03,544891.0,22680.693,0.25,0.0,False
2021-04-09,263.579,106.501,210.6,144232.0,6.1,30.03,544891.0,22680.693,0.25,0.0,False
2021-04-10,263.579,106.501,210.6,144232.0,6.1,30.03,544891.0,22680.693,0.25,0.0,False
2021-04-11,263.579,106.501,210.6,144232.0,6.1,30.03,544891.0,22680.693,0.25,0.0,False
2021-04-12,263.579,106.501,210.6,144232.0,6.1,30.03,544891.0,22680.693,0.25,0.0,False
2021-04-13,263.579,106.501,210.6,144232.0,6.1,30.03,544891.0,22680.693,0.25,0.0,False
2021-04-14,263.579,106.501,210.6,144232.0,6.1,30.03,544891.0,22680.693,0.25,0.0,False
2021-04-15,264.961,106.501,215.0,144232.0,6.1,30.03,603581.0,22680.693,0.25,0.0,False
2021-04-16,264.961,106.501,215.0,144232.0,6.1,30.03,603581.0,22680.693,0.25,0.0,False
2021-04-17,264.961,106.501,215.0,144232.0,6.1,30.03,603581.0,22680.693,0.25,0.0,False
2021-04-18,264.961,106.501,215.0,144232.0,6.1,30.03,603581.0,22680.693,0.25,0.0,False
2021-04-19,264.961,106.501,215.0,144232.0,6.1,30.03,603581.0,22680.693,0.25,0.0,False
2021-04-20,264.961,106.501,215.0,144232.0,6.1,30.03,603581.0,22680.693,0.25,0.0,False
2021-04-21,264.961,106.501,215.0,144232.0,6.1,30.03,603581.0,22680.693,0.25,0.0,False
2021-04-22,264.961,106.501,215.0,144232.0,6.1,30.03,603581.0,22680.693,0.25,0.0,False
2021-04-23,264.961,106.501,215.0,144232.0,6.1,30.03,603581.0,22680.693,0.25,0.0,False
2021-04-24,264.961,106.501,215.0,144232.0,6.1,30.03,603581.0,22680.693,0.25,0.0,False
2021-04-25,264.961,106.501,215.0,144232.0,6.1,30.03,603581.0,22680.693,0.25,0.0,False
2021-04-26,264.961,106.501,215.0,144232.0,6.1,30.03,603581.0,22680.693,0.25,0.0,False
2021-04-27,264.961,106.501,215.0,144232.0,6.1,30.03,603581.0,22680.693,0.25,0.0,False
2021-04-28,264.961,106.501,215.0,144232.0,6.1,30.03,603581.0,22680.693,0.25,0.0,False
2021-04-29,264.961,106.501,215.0,144232.0,6.1,30.03,603581.0,22680.693,0.25,0.0,False
2021-04-30,264.961,106.933,215.0,144232.0,6.1,30.03,603581.0,22680.693,0.25,0.0,False
2021-05-01,264.961,106.933,215.0,144232.0,6.1,30.03,603581.0,23425.91,0.25,0.0,False
2021-05-02,264.961,106.933,215.0,144232.0,6.1,30.03,603581.0,23425.91,0.25,0.0,False
2021-05-03,264.961,106.933,215.0,144232.0,6.1,30.03,603581.0,23425.91,0.25,0.0,False
2021-05-04,264.961,106.933,215.0,144232.0,6.1,30.03,603581.0,23425.91,0.25,0.0,False
2021-05-05,264.961,106.933,215.0,144232.0,6.1,30.03,603581.0,23425.91,0.25,0.0,False
2021-05-06,264.961,106.933,215.0,144587.0,6.1,30.22,603581.0,23425.91,0.25,0.0,False
2021-05-07,264.961,106.933,215.0,144587.0,6.1,30.22,603581.0,23425.91,0.25,0.0,False
2021-05-08,264.961,106.933,215.0,144587.0,6.1,30.22,603581.0,23425.91,0.25,0.0,False
2021-05-09,264.961,106.933,215.0,144587.0,6.1,30.22,603581.0,23425.91,0.25,0.0,False
2021-05-10,264.961,106.933,215.0,144587.0,6.1,30.22,603581.0,23425.91,0.25,0.0,False
2021-05-11,264.961,106.933,215.0,144587.0,6.1,30.22,603581.0,23425.91,0.25,0.0,False
2021-05-12,264.961,106.933,215.0,144587.0,6.1,30.22,603581.0,23425.91,0.25,0.0,False
2021-05-13,264.961,106.933,215.0,144587.0,6.1,30.22,603581.0,23425.91,0.25,0.0,False
2021-05-14,264.961,106.933,215.0,144587.0,6.1,30.22,603581.0,23425.91,0.25,0.0,False
2021-05-15,264.961,106.933,215.0,144587.0,6.1,30.22,603581.0,23425.91,0.25,0.0,False
2021-05-16,266.614,106.933,217.9,144587.0,6.1,30.22,608961.0,23425.91,0.25,0.0,False
2021-05-17,266.614,106.933,217.9,144587.0,6.1,30.22,608961.0,23425.91,0.25,0.0,False
2021-05-18,266.614,106.933,217.9,144587.0,6.1,30.22,608961.0,23425.91,0.25,0.0,False
2021-05-19,266.614,106.933,217.9,144587.0,6.1,30.22,608961.0,23425.91,0.25,0.0,False
2021-05-20,266.614,106.933,217.9,144587.0,6.1,30.22,608961.0,23425.91,0.25,0.0,False
2021-05-21,266.614,106.933,217.9,144587.0,6.1,30.22,608961.0,23425.91,0.25,0.0,False
2021-05-22,266.614,106.933,217.9,144587.0,6.1,30.22,608961.0,23425.91,0.25,0.0,False
2021-05-23,266.614,106.933,217.9,144587.0,6.1,30.22,608961.0,23425.91,0.25,0.0,False
2021-05-24,266.614,106.933,217.9,144587.0,6.1,30.22,608961.0,23425.91,0.25,0.0,False
2021-05-25,266.614,106.933,217.9,144587.0,6.1,30.22,608961.0,23425.91,0.25,0.0,False
2021-05-26,266.614,106.933,217.9,144587.0,6.1,30.22,608961.0,23425.91,0.25,0.0,False
2021-05-27,266.614,106.933,217.9,144587.0,6.1,30.22,608961.0,23425.91,0.25,0.0,False
2021-05-28,266.614,106.933,217.9,144587.0,6.1,30.22,608961.0,23425.91,0.25,0.0,False
2021-05-29,266.614,106.933,217.9,144587.0,6.1,30.22,608961.0,23425.91,0.25,0.0,False
2021-05-30,266.614,106.933,217.9,144587.0,6.1,30.22,608961.0,23425.91,0.25,0.0,False
2021-05-31,266.614,107.558,217.9,144587.0,6.1,30.22,608961.0,23425.91,0.25,0.0,False
2021-06-01,266.614,107.558,217.9,144587.0,6.1,30.22,608961.0,23425.91,0.25,0.0,False
2021-06-02,266.614,107.558,217.9,144587.0,6.1,30.22,608961.0,23425.91,0.25,0.0,False
2021-06-03,266.614,107.558,217.9,144587.0,6.1,30.22,608961.0,23425.91,0.25,0.0,False
2021-06-04,266.614,107.558,217.9,144587.0,6.1,30.22,608961.0,23425.91,0.25,0.0,False
2021-06-05,266.614,107.558,217.9,145065.0,5.8,30.41,608961.0,23425.91,0.25,0.0,False
2021-06-06,266.614,107.558,217.9,145065.0,5.8,30.41,608961.0,23425.91,0.25,0.0,False
2021-06-07,266.614,107.558,217.9,145065.0,5.8,30.41,608961.0,23425.91,0.25,0.0,False
2021-06-08,266.614,107.558,217.9,145065.0,5.8,30.41,608961.0,23425.91,0.25,0.0,False
2021-06-09,266.614,107.558,217.9,145065.0,5.8,30.41,608961.0,23425.91,0.25,0.0,False
2021-06-10,266.614,107.558,217.9,145065.0,5.8,30.41,608961.0,23425.91,0.25,0.0,False
2021-06-11,266.614,107.558,217.9,145065.0,5.8,30.41,608961.0,23425.91,0.25,0.0,False
2021-06-12,266.614,107.558,217.9,145065.0,5.8,30.41,608961.0,23425.91,0.25,0.0,False
2021-06-13,266.614,107.558,217.9,145065.0,5.8,30.41,608961.0,23425.91,0.25,0.0,False
2021-06-14,266.614,107.558,217.9,145065.0,5.8,30.41,608961.0,23425.91,0.25,0.0,False
2021-06-15,268.383,107.558,224.9,145065.0,5.8,30.41,605282.0,23425.91,0.25,0.0,False
2021-06-16,268.383,107.558,224.9,145065.0,5.8,30.41,605282.0,23425.91,0.25,0.0,False
2021-06-17,268.383,107.558,224.9,145065.0,5.8,30.41,605282.0,23425.91,0.25,0.0,False
2021-06-18,268.383,107.558,224.9,145065.0,5.8,30.41,605282.0,23425.91,0.25,0.0,False
2021-06-19,268.383,107.558,224.9,145065.0,5.8,30.41,605282.0,23425.91,0.25,0.0,False
2021-06-20,268.383,107.558,224.9,145065.0,5.8,30.41,605282.0,23425.91,0.25,0.0,False
2021-06-21,268.383,107.558,224.9,145065.0,5.8,30.41,605282.0,23425.91,0.25,0.0,False
2021-06-22,268.383,107.558,224.9,145065.0,5.8,30.41,605282.0,23425.91,0.25,0.0,False
2021-06-23,268.383,107.558,224.9,145065.0,5.8,30.41,605282.0,23425.91,0.25,0.0,False
2021-06-24,268.383,107.558,224.9,145065.0,5.8,30.41,605282.0,23425.91,0.25,0.0,False
2021-06-25,268.383,107.558,224.9,145065.0,5.8,30.41,605282.0,23425.91,0.25,0.0,False
2021-06-26,268.383,107.558,224.9,145065.0,5.8,30.41,605282.0,23425.91,0.25,0.0,False
2021-06-27,268.383,107.558,224.9,145065.0,5.8,30.41,605282.0,23425.91,0.25,0.0,False
2021-06-28,268.383,107.558,224.9,145065.0,5.8,30.41,605282.0,23425.91,0.25,0.0,False
2021-06-29,268.383,107.558,224.9,145065.0,5.8,30.41,605282.0,23425.91,0.25,0.0,False
2021-06-30,268.383,108.099,224.9,145065.0,5.8,30.41,605282.0,23425.91,0.25,0.0,False
2021-07-01,268.383,108.099,224.9,145065.0,5.8,30.41,605282.0,23425.91,0.25,0.0,False
2021-07-02,268.383,108.099,224.9,145065.0,5.8,30.41,605282.0,23425.91,0.25,0.0,False
2021-07-03,268.383,108.099,224.9,145065.0,5.8,30.41,605282.0,23425.91,0.25,0.0,False
2021-07-04,268.383,108.099,224.9,145065.0,5.8,30.41,605282.0,23425.91,0.25,0.0,False
2021-07-05,268.383,108.099,224.9,145065.0,5.8,30.41,605282.0,23425.91,0.25,0.0,False
2021-07-06,268.383,108.099,224.9,145820.0,5.9,30.54,605282.0,23425.91,0.25,0.0,False
2021-07-07,268.383,108.099,224.9,145820.0,5.9,30.54,605282.0,23425.91,0.25,0.0,False
2021-07-08,268.383,108.099,224.9,145820.0,5.9,30.54,605282.0,23425.91,0.25,0.0,False
2021-07-09,268.383,108.099,224.9,145820.0,5.9,30.54,605282.0,23425.91,0.25,0.0,False
2021-07-10,268.383,108.099,224.9,145820.0,5.9,30.54,605282.0,23425.91,0.25,0.0,False
2021-07-11,268.383,108.099,224.9,145820.0,5.9,30.54,605282.0,23425.91,0.25,0.0,False
2021-07-12,268.383,108.099,224.9,145820.0,5.9,30.54,605282.0,23425.91,0.25,0.0,False
2021-07-13,268.383,108.099,224.9,145820.0,5.9,30.54,605282.0,23425.91,0.25,0.0,False
2021-07-14,268.383,108.099,224.9,145820.0,5.9,30.54,605282.0,23425.91,0.25,0.0,False
2021-07-15,268.383,108.099,224.9,145820.0,5.9,30.54,605282.0,23425.91,0.25,0.0,False
2021-07-16,270.654,108.099,228.9,145820.0,5.9,30.54,611950.0,23425.91,0.25,0.0,False
2021-07-17,270.654,108.099,228.9,145820.0,5.9,30.54,611950.0,23425.91,0.25,0.0,False
2021-07-18,270.654,108.099,228.9,145820.0,5.9,30.54,611950.0,23425.91,0.25,0.0,False
2021-07-19,270.654,108.099,228.9,145820.0,5.9,30.54,611950.0,23425.91,0.25,0.0,False
2021-07-20,270.654,108.099,228.9,145820.0,5.9,30.54,611950.0,23425.91,0.25,0.0,False
2021-07-21,270.654,108.099,228.9,145820.0,5.9,30.54,611950.0,23425.91,0.25,0.0,False
2021-07-22,270.654,108.099,228.9,145820.0,5.9,30.54,611950.0,23425.91,0.25,0.0,False
2021-07-23,270.654,108.099,228.9,145820.0,5.9,30.54,611950.0,23425.91,0.25,0.0,False
2021-07-24,270.654,108.099,228.9,145820.0,5.9,30.54,611950.0,23425.91,0.25,0.0,False
2021-07-25,270.654,108.099,228.9,145820.0,5.9,30.54,611950.0,23425.91,0.25,0.0,False
2021-07-26,270.654,108.099,228.9,145820.0,5.9,30.54,611950.0,23425.91,0.25,0.0,False
2021-07-27,270.654,108.099,228.9,145820.0,5.9,30.54,611950.0,23425.91,0.25,0.0,False
2021-07-28,270.654,108.099,228.9,145820.0,5.9,30.54,611950.0,23425.91,0.25,0.0,False
2021-07-29,270.654,108.099,228.9,145820.0,5.9,30.54,611950.0,23425.91,0.25,0.0,False
2021-07-30,270.654,108.099,228.9,145820.0,5.9,30.54,611950.0,23425.91,0.25,0.0,False
2021-07-31,270.654,108.603,228.9,145820.0,5.9,30.54,611950.0,23982.379,0.25,0.0,False
2021-08-01,270.654,108.603,228.9,145820.0,5.9,30.54,611950.0,23982.379,0.25,0.0,False
2021-08-02,270.654,108.603,228.9,145820.0,5.9,30.54,611950.0,23982.379,0.25,0.0,False
2021-08-03,270.654,108.603,228.9,145820.0,5.9,30.54,611950.0,23982.379,0.25,0.0,False
2021-08-04,270.654,108.603,228.9,145820.0,5.9,30.54,611950.0,23982.379,0.25,0.0,False
2021-08-05,270.654,108.603,228.9,146762.0,5.4,30.66,611950.0,23982.379,0.25,0.0,False
2021-08-06,270.654,108.603,228.9,146762.0,5.4,30.66,611950.0,23982.379,0.25,0.0,False
2021-08-07,270.654,108.603,228.9,146762.0,5.4,30.66,611950.0,23982.379,0.25,0.0,False
2021-08-08,270.654,108.603,228.9,146762.0,5.4,30.66,611950.0,23982.379,0.25,0.0,False
2021-08-09,270.654,108.603,228.9,146762.0,5.4,30.66,611950.0,23982.379,0.25,0.0,False
2021-08-10,270.654,108.603,228.9,146762.0,5.4,30.66,611950.0,23982.379,0.25,0.0,False
2021-08-11,270.654,108.603,228.9,146762.0,5.4,30.66,611950.0,23982.379,0.25,0.0,False
2021-08-12,270.654,108.603,228.9,146762.0,5.4,30.66,611950.0,23982.379,0.25,0.0,False
2021-08-13,270.654,108.603,228.9,146762.0,5.4,30.66,611950.0,23982.379,0.25,0.0,False
2021-08-14,270.654,108.603,228.9,146762.0,5.4,30.66,611950.0,23982.379,0.25,0.0,False
2021-08-15,271.903,108.603,231.85,146762.0,5.4,30.66,601817.0,23982.379,0.25,0.0,False
2021-08-16,271.903,108.603,231.85,146762.0,5.4,30.66,601817.0,23982.379,0.25,0.0,False
2021-08-17,271.903,108.603,231.85,146762.0,5.4,30.66,601817.0,23982.379,0.25,0.0,False
2021-08-18,271.903,108.603,231.85,146762.0,5.4,30.66,601817.0,23982.379,0.25,0.0,False
2021-08-19,271.903,108.603,231.85,146762.0,5.4,30.66,601817.0,23982.379,0.25,0.0,False
2021-08-20,271.903,108.603,231.85,146762.0,5.4,30.66,601817.0,23982.379,0.25,0.0,False
2021-08-21,271.903,108.603,231.85,146762.0,5.4,30.66,601817.0,23982.379,0.25,0.0,False
2021-08-22,271.903,108.603,231.85,146762.0,5.4,30.66,601817.0,23982.379,0.25,0.0,False
2021-08-23,271.903,108.603,231.85,146762.0,5.4,30.66,601817.0,23982.379,0.25,0.0,False
2021-08-24,271.903,108.603,231.85,146762.0,5.4,30.66,601817.0,23982.379,0.25,0.0,False
2021-08-25,271.903,108.603,231.85,146762.0,5.4,30.66,601817.0,23982.379,0.25,0.0,False
2021-08-26,271.903,108.603,231.85,146762.0,5.4,30.66,601817.0,23982.379,0.25,0.0,False
2021-08-27,271.903,108.603,231.85,146762.0,5.4,30.66,601817.0,23982.379,0.25,0.0,False
2021-08-28,271.903,108.603,231.85,146762.0,5.4,30.66,601817.0,23982.379,0.25,0.0,False
2021-08-29,271.903,108.603,231.85,146762.0,5.4,30.66,601817.0,23982.379,0.25,0.0,False
2021-08-30,271.903,109.058,231.85,146762.0,5.4,30.66,601817.0,23982.379,0.25,0.0,False
2021-08-31,271.903,109.058,231.85,146762.0,5.4,30.66,601817.0,23982.379,0.25,0.0,False
2021-09-01,271.903,109.058,231.85,146762.0,5.4,30.66,601817.0,23982.379,0.25,0.0,False
2021-09-02,271.903,109.058,231.85,146762.0,5.4,30.66,601817.0,23982.379,0.25,0.0,False
2021-09-03,271.903,109.058,231.85,146762.0,5.4,30.66,601817.0,23982.379,0.25,0.0,False
2021-09-04,271.903,109.058,231.85,146762.0,5.4,30.66,601817.0,23982.379,0.25,0.0,False
2021-09-05,271.903,109.058,231.85,147314.0,5.1,30.78,601817.0,23982.379,0.25,0.0,False
2021-09-06,271.903,109.058,231.85,147314.0,5.1,30.78,601817.0,23982.379,0.25,0.0,False
2021-09-07,271.903,109.058,231.85,147314.0,5.1,30.78,601817.0,23982.379,0.25,0.0,False
2021-09-08,271.903,109.058,231.85,147314.0,5.1,30.78,601817.0,23982.379,0.25,0.0,False
2021-09-09,271.903,109.058,231.85,147314.0,5.1,30.78,601817.0,23982.379,0.25,0.0,False
2021-09-10,271.903,109.058,231.85,147314.0,5.1,30.78,601817.0,23982.379,0.25,0.0,False
2021-09-11,271.903,109.058,231.85,147314.0,5.1,30.78,601817.0,23982.379,0.25,0.0,False
2021-09-12,271.903,109.058,231.85,147314.0,5.1,30.78,601817.0,23982.379,0.25,0.0,False
2021-09-13,271.903,109.058,231.85,147314.0,5.1,30.78,601817.0,23982.379,0.25,0.0,False
2021-09-14,271.903,109.058,231.85,147314.0,5.1,30.78,601817.0,23982.379,0.25,0.0,False
2021-09-15,272.676,109.058,233.415,147314.0,5.1,30.78,605533.0,23982.379,0.25,0.0,False
2021-09-16,272.676,109.058,233.415,147314.0,5.1,30.78,605533.0,23982.379,0.25,0.0,False
2021-09-17,272.676,109.058,233.415,147314.0,5.1,30.78,605533.0,23982.379,0.25,0.0,False
2021-09-18,272.676,109.058,233.415,147314.0,5.1,30.78,605533.0,23982.379,0.25,0.0,False
2021-09-19,272.676,109.058,233.415,147314.0,5.1,30.78,605533.0,23982.379,0.25,0.0,False
2021-09-20,272.676,109.058,233.415,147314.0,5.1,30.78,605533.0,23982.379,0.25,0.0,False
2021-09-21,272.676,109.058,233.415,147314.0,5.1,30.78,605533.0,23982.379,0.25,0.0,False
2021-09-22,272.676,109.058,233.415,147314.0,5.1,30.78,605533.0,23982.379,0.25,0.0,False
2021-09-23,272.676,109.058,233.415,147314.0,5.1,30.78,605533.0,23982.379,0.25,0.0,False
2021-09-24,272.676,109.058,233.415,147314.0,5.1,30.78,605533.0,23982.379,0.25,0.0,False
2021-09-25,272.676,109.058,233.415,147314.0,5.1,30.78,605533.0,23982.379,0.25,0.0,False
2021-09-26,272.676,109.058,233.415,147314.0,5.1,30.78,605533.0,23982.379,0.25,0.0,False
2021-09-27,272.676,109.058,233.415,147314.0,5.1,30.78,605533.0,23982.379,0.25,0.0,False
2021-09-28,272.676,109.058,233.415,147314.0,5.1,30.78,605533.0,23982.379,0.25,0.0,False
2021-09-29,272.676,109.058,233.415,147314.0,5.1,30.78,605533.0,23982.379,0.25,0.0,False
2021-09-30,272.676,109.409,233.415,147314.0,5.1,30.78,605533.0,23982.379,0.25,0.0,False
2021-10-01,272.676,109.409,233.415,147314.0,5.1,30.78,605533.0,23982.379,0.25,0.0,False
2021-10-02,272.676,109.409,233.415,147314.0,5.1,30.78,605533.0,23982.379,0.25,0.0,False
2021-10-03,272.676,109.409,233.415,147314.0,5.1,30.78,605533.0,23982.379,0.25,0.0,False
2021-10-04,272.676,109.409,233.415,147314.0,5.1,30.78,605533.0,23982.379,0.25,0.0,False
2021-10-05,272.676,109.409,233.415,147314.0,5.1,30.78,605533.0,23982.379,0.25,0.0,False
2021-10-06,272.676,109.409,233.415,147771.0,4.7,30.98,605533.0,23982.379,0.25,0.0,False
2021-10-07,272.676,109.409,233.415,147771.0,4.7,30.98,605533.0,23982.379,0.25,0.0,False
2021-10-08,272.676,109.409,233.415,147771.0,4.7,30.98,605533.0,23982.379,0.25,0.0,False
2021-10-09,272.676,109.409,233.415,147771.0,4.7,30.98,605533.0,23982.379,0.25,0.0,False
2021-10-10,272.676,109.409,233.415,147771.0,4.7,30.98,605533.0,23982.379,0.25,0.0,False
2021-10-11,272.676,109.409,233.415,147771.0,4.7,30.98,605533.0,23982.379,0.25,0.0,False
2021-10-12,272.676,109.409,233.415,147771.0,4.7,30.98,605533.0,23982.379,0.25,0.0,False
2021-10-13,272.676,109.409,233.415,147771.0,4.7,30.98,605533.0,23982.379,0.25,0.0,False
2021-10-14,272.676,109.409,233.415,147771.0,4.7,30.98,605533.0,23982.379,0.25,0.0,False
2021-10-15,272.676,109.409,233.415,147771.0,4.7,30.98,605533.0,23982.379,0.25,0.0,False
2021-10-16,273.91,109.409,235.678,147771.0,4.7,30.98,609671.0,23982.379,0.25,0.0,False
2021-10-17,273.91,109.409,235.678,147771.0,4.7,30.98,609671.0,23982.379,0.25,0.0,False
2021-10-18,273.91,109.409,235.678,147771.0,4.7,30.98,609671.0,23982.379,0.25,0.0,False
2021-10-19,273.91,109.409,235.678,147771.0,4.7,30.98,609671.0,23982.379,0.25,0.0,False
2021-10-20,273.91,109.409,235.678,147771.0,4.7,30.98,609671.0,23982.379,0.25,0.0,False
2021-10-21,273.91,109.409,235.678,147771.0,4.7,30.98,609671.0,23982.379,0.25,0.0,False
2021-10-22,273.91,109.409,235.678,147771.0,4.7,30.98,609671.0,23982.379,0.25,0.0,False
2021-10-23,273.91,109.409,235.678,147771.0,4.7,30.98,609671.0,23982.379,0.25,0.0,False
2021-10-24,273.91,109.409,235.678,147771.0,4.7,30.98,609671.0,23982.379,0.25,0.0,False
2021-10-25,273.91,109.409,235.678,147771.0,4.7,30.98,609671.0,23982.379,0.25,0.0,False
2021-10-26,273.91,109.409,235.678,147771.0,4.7,30.98,609671.0,23982.379,0.25,0.0,False
2021-10-27,273.91,109.409,235.678,147771.0,4.7,30.98,609671.0,23982.379,0.25,0.0,False
2021-10-28,273.91,109.409,235.678,147771.0,4.7,30.98,609671.0,23982.379,0.25,0.0,False
2021-10-29,273.91,109.409,235.678,147771.0,4.7,30.98,609671.0,23982.379,0.25,0.0,False
2021-10-30,273.91,109.409,235.678,147771.0,4.7,30.98,609671.0,23982.379,0.25,0.0,False
2021-10-31,273.91,109.641,235.678,147771.0,4.7,30.98,609671.0,24813.6,0.25,0.0,False
2021-11-01,273.91,109.641,235.678,147771.0,4.7,30.98,609671.0,24813.6,0.25,0.0,False
2021-11-02,273.91,109.641,235.678,147771.0,4.7,30.98,609671.0,24813.6,0.25,0.0,False
2021-11-03,273.91,109.641,235.678,147771.0,4.7,30.98,609671.0,24813.6,0.25,0.0,False
2021-11-04,273.91,109.641,235.678,147771.0,4.7,30.98,609671.0,24813.6,0.25,0.0,False
2021-11-05,273.91,109.641,235.678,148572.0,4.5,31.14,609671.0,24813.6,0.25,0.0,False
2021-11-06,273.91,109.641,235.678,148572.0,4.5,31.14,609671.0,24813.6,0.25,0.0,False
2021-11-07,273.91,109.641,235.678,148572.0,4.5,31.14,609671.0,24813.6,0.25,0.0,False
2021-11-08,273.91,109.641,235.678,148572.0,4.5,31.14,609671.0,24813.6,0.25,0.0,False
2021-11-09,273.91,109.641,235.678,148572.0,4.5,31.14,609671.0,24813.6,0.25,0.0,False
2021-11-10,273.91,109.641,235.678,148572.0,4.5,31.14,609671.0,24813.6,0.25,0.0,False
2021-11-11,273.91,109.641,235.678,148572.0,4.5,31.14,609671.0,24813.6,0.25,0.0,False
2021-11-12,273.91,109.641,235.678,148572.0,4.5,31.14,609671.0,24813.6,0.25,0.0,False
2021-11-13,273.91,109.641,235.678,148572.0,4.5,31.14,609671.0,24813.6,0.25,0.0,False
2021-11-14,273.91,109.641,235.678,148572.0,4.5,31.14,609671.0,24813.6,0.25,0.0,False
2021-11-15,276.55,109.641,240.465,148572.0,4.5,31.14,618573.0,24813.6,0.25,0.0,False
2021-11-16,276.55,109.641,240.465,148572.0,4.5,31.14,618573.0,24813.6,0.25,0.0,False
2021-11-17,276.55,109.641,240.465,148572.0,4.5,31.14,618573.0,24813.6,0.25,0.0,False
2021-11-18,276.55,109.641,240.465,148572.0,4.5,31.14,618573.0,24813.6,0.25,0.0,False
2021-11-19,276.55,109.641,240.465,148572.0,4.5,31.14,618573.0,24813.6,0.25,0.0,False
2021-11-20,276.55,109.641,240.465,148572.0,4.5,31.14,618573.0,24813.6,0.25,0.0,False
2021-11-21,276.55,109.641,240.465,148572.0,4.5,31.14,618573.0,24813.6,0.25,0.0,False
2021-11-22,276.55,109.641,240.465,148572.0,4.5,31.14,618573.0,24813.6,0.25,0.0,False
2021-11-23,276.55,109.641,240.465,148572.0,4.5,31.14,618573.0,24813.6,0.25,0.0,False
2021-11-24,276.55,109.641,240.465,148572.0,4.5,31.14,618573.0,24813.6,0.25,0.0,False
2021-11-25,276.55,109.641,240.465,148572.0,4.5,31.14,618573.0,24813.6,0.25,0.0,False
2021-11-26,276.55,109.641,240.465,148572.0,4.5,31.14,618573.0,24813.6,0.25,0.0,False
2021-11-27,276.55,109.641,240.465,148572.0,4.5,31.14,618573.0,24813.6,0.25,0.0,False
2021-11-28,276.55,109.641,240.465,148572.0,4.5,31.14,618573.0,24813.6,0.25,0.0,False
2021-11-29,276.55,109.641,240.465,148572.0,4.5,31.14,618573.0,24813.6,0.25,0.0,False
2021-11-30,276.55,110.188,240.465,148572.0,4.5,31.14,618573.0,24813.6,0.25,0.0,False
2021-12-01,276.55,110.188,240.465,148572.0,4.5,31.14,618573.0,24813.6,0.25,0.0,False
2021-12-02,276.55,110.188,240.465,148572.0,4.5,31.14,618573.0,24813.6,0.25,0.0,False
2021-12-03,276.55,110.188,240.465,148572.0,4.5,31.14,618573.0,24813.6,0.25,0.0,False
2021-12-04,276.55,110.188,240.465,148572.0,4.5,31.14,618573.0,24813.6,0.25,0.0,False
2021-12-05,276.55,110.188,240.465,148572.0,4.5,31.14,618573.0,24813.6,0.25,0.0,False
2021-12-06,276.55,110.188,240.465,149230.0,4.1,31.23,618573.0,24813.6,0.25,0.0,False
2021-12-07,276.55,110.188,240.465,149230.0,4.1,31.23,618573.0,24813.6,0.25,0.0,False
2021-12-08,276.55,110.188,240.465,149230.0,4.1,31.23,618573.0,24813.6,0.25,0.0,False
2021-12-09,276.55,110.188,240.465,149230.0,4.1,31.23,618573.0,24813.6,0.25,0.0,False
2021-12-10,276.55,110.188,240.465,149230.0,4.1,31.23,618573.0,24813.6,0.25,0.0,False
2021-12-11,276.55,110.188,240.465,149230.0,4.1,31.23,618573.0,24813.6,0.25,0.0,False
2021-12-12,276.55,110.188,240.465,149230.0,4.1,31.23,618573.0,24813.6,0.25,0.0,False
2021-12-13,276.55,110.188,240.465,149230.0,4.1,31.23,618573.0,24813.6,0.25,0.0,False
2021-12-14,276.55,110.188,240.465,149230.0,4.1,31.23,618573.0,24813.6,0.25,0.0,False
2021-12-15,276.55,110.188,240.465,149230.0,4.1,31.23,618573.0,24813.6,0.25,0.0,False
2021-12-16,278.919,110.188,243.287,149230.0,4.1,31.23,624874.0,24813.6,0.25,0.0,False
2021-12-17,278.919,110.188,243.287,149230.0,4.1,31.23,624874.0,24813.6,0.25,0.0,False
2021-12-18,278.919,110.188,243.287,149230.0,4.1,31.23,624874.0,24813.6,0.25,0.0,False
2021-12-19,278.919,110.188,243.287,149230.0,4.1,31.23,624874.0,24813.6,0.25,0.0,False
2021-12-20,278.919,110.188,243.287,149230.0,4.1,31.23,624874.0,24813.6,0.25,0.0,False
2021-12-21,278.919,110.188,243.287,149230.0,4.1,31.23,624874.0,24813.6,0.25,0.0,False
2021-12-22,278.919,110.188,243.287,149230.0,4.1,31.23,624874.0,24813.6,0.25,0.0,False
2021-12-23,278.919,110.188,243.287,149230.0,4.1,31.23,624874.0,24813.6,0.25,0.0,False
2021-12-24,278.919,110.188,243.287,149230.0,4.1,31.23,624874.0,24813.6,0.25,0.0,False
2021-12-25,278.919,110.188,243.287,149230.0,4.1,31.23,624874.0,24813.6,0.25,0.0,False
2021-12-26,278.919,110.188,243.287,149230.0,4.1,31.23,624874.0,24813.6,0.25,0.0,False
2021-12-27,278.919,110.188,243.287,149230.0,4.1,31.23,624874.0,24813.6,0.25,0.0,False
2021-12-28,278.919,110.188,243.287,149230.0,4.1,31.23,624874.0,24813.6,0.25,0.0,False
2021-12-29,278.919,110.188,243.287,149230.0,4.1,31.23,624874.0,24813.6,0.25,0.0,False
2021-12-30,278.919,110.188,243.287,149230.0,4.1,31.23,624874.0,24813.6,0.25,0.0,False
2021-12-31,278.919,110.77,243.287,149230.0,4.1,31.23,624874.0,24813.6,0.25,0.0,False
2022-01-01,278.919,110.77,243.287,149230.0,4.1,31.23,624874.0,24813.6,0.25,0.0,False
2022-01-02,278.919,110.77,243.287,149230.0,4.1,31.23,624874.0,24813.6,0.25,0.0,False
2022-01-03,278.919,110.77,243.287,149230.0,4.1,31.23,624874.0,24813.6,0.25,0.0,False
2022-01-04,278.919,110.77,243.287,149230.0,4.1,31.23,624874.0,24813.6,0.25,0.0,False
2022-01-05,278.919,110.77,243.287,149816.0,3.9,31.39,624874.0,24813.6,0.25,0.0,False
2022-01-06,278.919,110.77,243.287,149816.0,3.9,31.39,624874.0,24813.6,0.25,0.0,False
2022-01-07,278.919,110.77,243.287,149816.0,3.9,31.39,624874.0,24813.6,0.25,0.0,False
2022-01-08,278.919,110.77,243.287,149816.0,3.9,31.39,624874.0,24813.6,0.25,0.0,False
2022-01-09,278.919,110.77,243.287,149816.0,3.9,31.39,624874.0,24813.6,0.25,0.0,False
2022-01-10,278.919,110.77,243.287,149816.0,3.9,31.39,624874.0,24813.6,0.25,0.0,False
2022-01-11,278.919,110.77,243.287,149816.0,3.9,31.39,624874.0,24813.6,0.25,0.0,False
2022-01-12,278.919,110.77,243.287,149816.0,3.9,31.39,624874.0,24813.6,0.25,0.0,False
2022-01-13,278.919,110.77,243.287,149816.0,3.9,31.39,624874.0,24813.6,0.25,0.0,False
2022-01-14,278.919,110.77,243.287,149816.0,3.9,31.39,624874.0,24813.6,0.25,0.0,False
2022-01-15,280.845,110.77,241.338,149816.0,3.9,31.39,619938.0,24813.6,0.25,0.0,False
2022-01-16,280.845,110.77,241.338,149816.0,3.9,31.39,619938.0,24813.6,0.25,0.0,False
2022-01-17,280.845,110.77,241.338,149816.0,3.9,31.39,619938.0,24813.6,0.25,0.0,False
2022-01-18,280.845,110.77,241.338,149816.0,3.9,31.39,619938.0,24813.6,0.25,0.0,False
2022-01-19,280.845,110.77,241.338,149816.0,3.9,31.39,619938.0,24813.6,0.25,0.0,False
2022-01-20,280.845,110.77,241.338,149816.0,3.9,31.39,619938.0,24813.6,0.25,0.0,False
2022-01-21,280.845,110.77,241.338,149816.0,3.9,31.39,619938.0,24813.6,0.25,0.0,False
2022-01-22,280.845,110.77,241.338,149816.0,3.9,31.39,619938.0,24813.6,0.25,0.0,False
2022-01-23,280.845,110.77,241.338,149816.0,3.9,31.39,619938.0,24813.6,0.25,0.0,False
2022-01-24,280.845,110.77,241.338,149816.0,3.9,31.39,619938.0,24813.6,0.25,0.0,False
2022-01-25,280.845,110.77,241.338,149816.0,3.9,31.39,619938.0,24813.6,0.25,0.0,False
2022-01-26,280.845,110.77,241.338,149816.0,3.9,31.39,619938.0,24813.6,0.25,0.0,False
2022-01-27,280.845,110.77,241.338,149816.0,3.9,31.39,619938.0,24813.6,0.25,0.0,False
2022-01-28,280.845,110.77,241.338,149816.0,3.9,31.39,619938.0,24813.6,0.25,0.0,False
2022-01-29,280.845,110.77,241.338,149816.0,3.9,31.39,619938.0,24813.6,0.25,0.0,False
2022-01-30,280.845,111.418,241.338,149816.0,3.9,31.39,619938.0,24813.6,0.25,0.0,False
2022-01-31,280.845,111.418,241.338,149816.0,3.9,31.39,619938.0,25250.347,0.25,0.0,False
2022-02-01,280.845,111.418,241.338,149816.0,3.9,31.39,619938.0,25250.347,0.25,0.0,False
2022-02-02,280.845,111.418,241.338,149816.0,3.9,31.39,619938.0,25250.347,0.25,0.0,False
2022-02-03,280.845,111.418,241.338,149816.0,3.9,31.39,619938.0,25250.347,0.25,0.0,False
2022-02-04,280.845,111.418,241.338,149816.0,3.9,31.39,619938.0,25250.347,0.25,0.0,False
2022-02-05,280.845,111.418,241.338,150006.0,4.0,31.6,619938.0,25250.347,0.25,0.0,False
2022-02-06,280.845,111.418,241.338,150006.0,4.0,31.6,619938.0,25250.347,0.25,0.0,False
2022-02-07,280.845,111.418,241.338,150006.0,4.0,31.6,619938.0,25250.347,0.25,0.0,False
2022-02-08,280.845,111.418,241.338,150006.0,4.0,31.6,619938.0,25250.347,0.25,0.0,False
2022-02-09,280.845,111.418,241.338,150006.0,4.0,31.6,619938.0,25250.347,0.25,0.0,False
2022-02-10,280.845,111.418,241.338,150006.0,4.0,31.6,619938.0,25250.347,0.25,0.0,False
2022-02-11,280.845,111.418,241.338,150006.0,4.0,31.6,619938.0,25250.347,0.25,0.0,False
2022-02-12,280.845,111.418,241.338,150006.0,4.0,31.6,619938.0,25250.347,0.25,0.0,False
2022-02-13,280.845,111.418,241.338,150006.0,4.0,31.6,619938.0,25250.347,0.25,0.0,False
2022-02-14,280.845,111.418,241.338,150006.0,4.0,31.6,619938.0,25250.347,0.25,0.0,False
2022-02-15,282.543,111.418,246.453,150006.0,4.0,31.6,631509.0,25250.347,0.25,0.0,False
2022-02-16,282.543,111.418,246.453,150006.0,4.0,31.6,631509.0,25250.347,0.25,0.0,False
2022-02-17,282.543,111.418,246.453,150006.0,4.0,31.6,631509.0,25250.347,0.25,0.0,False
2022-02-18,282.543,111.418,246.453,150006.0,4.0,31.6,631509.0,25250.347,0.25,0.0,False
2022-02-19,282.543,111.418,246.453,150006.0,4.0,31.6,631509.0,25250.347,0.25,0.0,False
2022-02-20,282.543,111.418,246.453,150006.0,4.0,31.6,631509.0,25250.347,0.25,0.0,False
2022-02-21,282.543,111.418,246.453,150006.0,4.0,31.6,631509.0,25250.347,0.25,0.0,False
2022-02-22,282.543,111.418,246.453,150006.0,4.0,31.6,631509.0,25250.347,0.25,0.0,False
2022-02-23,282.543,111.418,246.453,150006.0,4.0,31.6,631509.0,25250.347,0.25,0.0,False
2022-02-24,282.543,111.418,246.453,150006.0,4.0,31.6,631509.0,25250.347,0.25,0.0,False
2022-02-25,282.543,111.418,246.453,150006.0,4.0,31.6,631509.0,25250.347,0.25,0.0,False
2022-02-26,282.543,111.418,246.453,150006.0,4.0,31.6,631509.0,25250.347,0.25,0.0,False
2022-02-27,282.543,111.418,246.453,150006.0,4.0,31.6,631509.0,25250.347,0.25,0.0,False
2022-02-28,282.543,111.418,246.453,150006.0,4.0,31.6,631509.0,25250.347,0.25,0.0,False
2022-03-01,282.543,111.418,246.453,150006.0,4.0,31.6,631509.0,25250.347,0.25,0.0,False
2022-03-02,282.543,111.976,246.453,150006.0,4.0,31.6,631509.0,25250.347,0.25,0.0,False
2022-03-03,282.543,111.976,246.453,150006.0,4.0,31.6,631509.0,25250.347,0.25,0.0,False
2022-03-04,282.543,111.976,246.453,150006.0,4.0,31.6,631509.0,25250.347,0.25,0.0,False
2022-03-05,282.543,111.976,246.453,150006.0,4.0,31.6,631509.0,25250.347,0.25,0.0,False
2022-03-06,282.543,111.976,246.453,150006.0,4.0,31.6,631509.0,25250.347,0.25,0.0,False
2022-03-07,282.543,111.976,246.453,150006.0,4.0,31.6,631509.0,25250.347,0.25,0.0,False
2022-03-08,282.543,111.976,246.453,150825.0,3.9,31.64,631509.0,25250.347,0.25,0.0,False
2022-03-09,282.543,111.976,246.453,150825.0,3.9,31.64,631509.0,25250.347,0.25,0.0,False
2022-03-10,282.543,111.976,246.453,150825.0,3.9,31.64,631509.0,25250.347,0.25,0.0,False
2022-03-11,282.543,111.976,246.453,150825.0,3.9,31.64,631509.0,25250.347,0.25,0.0,False
2022-03-12,282.543,111.976,246.453,150825.0,3.9,31.64,631509.0,25250.347,0.25,0.0,False
2022-03-13,282.543,111.976,246.453,150825.0,3.9,31.64,631509.0,25250.347,0.25,0.0,False
2022-03-14,282.543,111.976,246.453,150825.0,3.9,31.64,631509.0,25250.347,0.25,0.0,False
2022-03-15,282.543,111.976,246.453,150825.0,3.9,31.64,631509.0,25250.347,0.25,0.0,False
2022-03-16,282.543,111.976,246.453,150825.0,3.9,31.64,631509.0,25250.347,0.25,0.0,False
2022-03-17,282.543,111.976,246.453,150825.0,3.9,31.64,631509.0,25250.347,0.5,0.25,True
2022-03-18,284.5,111.976,252.66,150825.0,3.9,31.64,638101.0,25250.347,0.5,0.25,False
2022-03-19,284.5,111.976,252.66,150825.0,3.9,31.64,638101.0,25250.347,0.5,0.25,False
2022-03-20,284.5,111.976,252.66,150825.0,3.9,31.64,638101.0,25250.347,0.5,0.25,False
2022-03-21,284.5,111.976,252.66,150825.0,3.9,31.64,638101.0,25250.347,0.5,0.25,False
2022-03-22,284.5,111.976,252.66,150825.0,3.9,31.64,638101.0,25250.347,0.5,0.25,False
2022-03-23,284.5,111.976,252.66,150825.0,3.9,31.64,638101.0,25250.347,0.5,0.25,False
2022-03-24,284.5,111.976,252.66,150825.0,3.9,31.64,638101.0,25250.347,0.5,0.25,False
2022-03-25,284.5,111.976,252.66,150825.0,3.9,31.64,638101.0,25250.347,0.5,0.25,False
2022-03-26,284.5,111.976,252.66,150825.0,3.9,31.64,638101.0,25250.347,0.5,0.25,False
2022-03-27,284.5,111.976,252.66,150825.0,3.9,31.64,638101.0,25250.347,0.5,0.25,False
2022-03-28,284.5,111.976,252.66,150825.0,3.9,31.64,638101.0,25250.347,0.5,0.25,False
2022-03-29,284.5,111.976,252.66,150825.0,3.9,31.64,638101.0,25250.347,0.5,0.25,False
2022-03-30,284.5,111.976,252.66,150825.0,3.9,31.64,638101.0,25250.347,0.5,0.25,False
2022-03-31,284.5,111.976,252.66,150825.0,3.9,31.64,638101.0,25250.347,0.5,0.25,False
2022-04-01,284.5,111.976,252.66,150825.0,3.9,31.64,638101.0,25250.347,0.5,0.25,False
2022-04-02,284.5,112.468,252.66,150825.0,3.9,31.64,638101.0,25250.347,0.5,0.25,False
2022-04-03,284.5,112.468,252.66,150825.0,3.9,31.64,638101.0,25250.347,0.5,0.25,False
2022-04-04,284.5,112.468,252.66,150825.0,3.9,31.64,638101.0,25250.347,0.5,0.25,False
2022-04-05,284.5,112.468,252.66,151315.0,3.7,31.8,638101.0,25250.347,0.5,0.25,False
2022-04-06,284.5,112.468,252.66,151315.0,3.7,31.8,638101.0,25250.347,0.5,0.25,False
2022-04-07,284.5,112.468,252.66,151315.0,3.7,31.8,638101.0,25250.347,0.5,0.25,False
2022-04-08,284.5,112.468,252.66,151315.0,3.7,31.8,638101.0,25250.347,0.5,0.25,False
2022-04-09,284.5,112.468,252.66,151315.0,3.7,31.8,638101.0,25250.347,0.5,0.25,False
2022-04-10,284.5,112.468,252.66,151315.0,3.7,31.8,638101.0,25250.347,0.5,0.25,False
2022-04-11,284.5,112.468,252.66,151315.0,3.7,31.8,638101.0,25250.347,0.5,0.25,False
2022-04-12,284.5,112.468,252.66,151315.0,3.7,31.8,638101.0,25250.347,0.5,0.25,False
2022-04-13,284.5,112.468,252.66,151315.0,3.7,31.8,638101.0,25250.347,0.5,0.25,False
2022-04-14,284.5,112.468,252.66,151315.0,3.7,31.8,638101.0,25250.347,0.5,0.25,False
2022-04-15,287.674,112.468,260.014,151315.0,3.7,31.8,651027.0,25250.347,0.5,0.25,False
2022-04-16,287.674,112.468,260.014,151315.0,3.7,31.8,651027.0,25250.347,0.5,0.25,False
2022-04-17,287.674,112.468,260.014,151315.0,3.7,31.8,651027.0,25250.347,0.5,0.25,False
2022-04-18,287.674,112.468,260.014,151315.0,3.7,31.8,651027.0,25250.347,0.5,0.25,False
2022-04-19,287.674,112.468,260.014,151315.0,3.7,31.8,651027.0,25250.347,0.5,0.25,False
2022-04-20,287.674,112.468,260.014,151315.0,3.7,31.8,651027.0,25250.347,0.5,0.25,False
2022-04-21,287.674,112.468,260.014,151315.0,3.7,31.8,651027.0,25250.347,0.5,0.25,False
2022-04-22,287.674,112.468,260.014,151315.0,3.7,31.8,651027.0,25250.347,0.5,0.25,False
2022-04-23,287.674,112.468,260.014,151315.0,3.7,31.8,651027.0,25250.347,0.5,0.25,False
2022-04-24,287.674,112.468,260.014,151315.0,3.7,31.8,651027.0,25250.347,0.5,0.25,False
2022-04-25,287.674,112.468,260.014,151315.0,3.7,31.8,651027.0,25250.347,0.5,0.25,False
2022-04-26,287.674,112.468,260.014,151315.0,3.7,31.8,651027.0,25250.347,0.5,0.25,False
2022-04-27,287.674,112.468,260.014,151315.0,3.7,31.8,651027.0,25250.347,0.5,0.25,False
2022-04-28,287.674,112.468,260.014,151315.0,3.7,31.8,651027.0,25250.347,0.5,0.25,False
2022-04-29,287.674,112.468,260.014,151315.0,3.7,31.8,651027.0,25250.347,0.5,0.25,False
2022-04-30,287.674,112.914,260.014,151315.0,3.7,31.8,651027.0,25250.347,0.5,0.25,False
2022-05-01,287.674,112.914,260.014,151315.0,3.7,31.8,651027.0,25861.292,0.5,0.25,False
2022-05-02,287.674,112.914,260.014,151315.0,3.7,31.8,651027.0,25861.292,0.5,0.25,False
2022-05-03,287.674,112.914,260.014,151315.0,3.7,31.8,651027.0,25861.292,0.5,0.25,False
2022-05-04,287.674,112.914,260.014,151315.0,3.7,31.8,651027.0,25861.292,0.5,0.25,False
2022-05-05,287.674,112.914,260.014,151315.0,3.7,31.8,651027.0,25861.292,1.0,0.75,True
2022-05-06,287.674,112.914,260.014,151623.0,3.7,31.96,651027.0,25861.292,1.0,0.75,False
2022-05-07,287.674,112.914,260.014,151623.0,3.7,31.96,651027.0,25861.292,1.0,0.75,False
2022-05-08,287.674,112.914,260.014,151623.0,3.7,31.96,651027.0,25861.292,1.0,0.75,False
2022-05-09,287.674,112.914,260.014,151623.0,3.7,31.96,651027.0,25861.292,1.0,0.75,False
2022-05-10,287.674,112.914,260.014,151623.0,3.7,31.96,651027.0,25861.292,1.0,0.75,False
2022-05-11,287.674,112.914,260.014,151623.0,3.7,31.96,651027.0,25861.292,1.0,0.75,False
2022-05-12,287.674,112.914,260.014,151623.0,3.7,31.96,651027.0,25861.292,1.0,0.75,False
2022-05-13,287.674,112.914,260.014,151623.0,3.7,31.96,651027.0,25861.292,1.0,0.75,False
2022-05-14,287.674,112.914,260.014,151623.0,3.7,31.96,651027.0,25861.292,1.0,0.75,False
2022-05-15,287.674,112.914,260.014,151623.0,3.7,31.96,651027.0,25861.292,1.0,0.75,False
2022-05-16,288.561,112.914,265.31,151623.0,3.7,31.96,660194.0,25861.292,1.0,0.75,False
2022-05-17,288.561,112.914,265.31,151623.0,3.7,31.96,660194.0,25861.292,1.0,0.75,False
2022-05-18,288.561,112.914,265.31,151623.0,3.7,31.96,660194.0,25861.292,1.0,0.75,False
2022-05-19,288.561,112.914,265.31,151623.0,3.7,31.96,660194.0,25861.292,1.0,0.75,False
2022-05-20,288.561,112.914,265.31,151623.0,3.7,31.96,660194.0,25861.292,1.0,0.75,False
2022-05-21,288.561,112.914,265.31,151623.0,3.7,31.96,660194.0,25861.292,1.0,0.75,False
2022-05-22,288.561,112.914,265.31,151623.0,3.7,31.96,660194.0,25861.292,1.0,0.75,False
2022-05-23,288.561,112.914,265.31,151623.0,3.7,31.96,660194.0,25861.292,1.0,0.75,False
2022-05-24,288.561,112.914,265.31,151623.0,3.7,31.96,660194.0,25861.292,1.0,0.75,False
2022-05-25,288.561,112.914,265.31,151623.0,3.7,31.96,660194.0,25861.292,1.0,0.75,False
2022-05-26,288.561,112.914,265.31,151623.0,3.7,31.96,660194.0,25861.292,1.0,0.75,False
2022-05-27,288.561,112.914,265.31,151623.0,3.7,31.96,660194.0,25861.292,1.0,0.75,False
2022-05-28,288.561,112.914,265.31,151623.0,3.7,31.96,660194.0,25861.292,1.0,0.75,False
2022-05-29,288.561,112.914,265.31,151623.0,3.7,31.96,660194.0,25861.292,1.0,0.75,False
2022-05-30,288.561,112.914,265.31,151623.0,3.7,31.96,660194.0,25861.292,1.0,0.75,False
2022-05-31,288.561,113.307,265.31,151623.0,3.7,31.96,660194.0,25861.292,1.0,0.75,False
2022-06-01,288.561,113.307,265.31,151623.0,3.7,31.96,660194.0,25861.292,1.0,0.75,False
2022-06-02,288.561,113.307,265.31,151623.0,3.7,31.96,660194.0,25861.292,1.0,0.75,False
2022-06-03,288.561,113.307,265.31,151623.0,3.7,31.96,660194.0,25861.292,1.0,0.75,False
2022-06-04,288.561,113.307,265.31,151623.0,3.7,31.96,660194.0,25861.292,1.0,0.75,False
2022-06-05,288.561,113.307,265.31,151924.0,3.6,32.1,660194.0,25861.292,1.0,0.75,False
2022-06-06,288.561,113.307,265.31,151924.0,3.6,32.1,660194.0,25861.292,1.0,0.75,False
2022-06-07,288.561,113.307,265.31,151924.0,3.6,32.1,660194.0,25861.292,1.0,0.75,False
2022-06-08,288.561,113.307,265.31,151924.0,3.6,32.1,660194.0,25861.292,1.0,0.75,False
2022-06-09,288.561,113.307,265.31,151924.0,3.6,32.1,660194.0,25861.292,1.0,0.75,False
2022-06-10,288.561,113.307,265.31,151924.0,3.6,32.1,660194.0,25861.292,1.0,0.75,False
2022-06-11,288.561,113.307,265.31,151924.0,3.6,32.1,660194.0,25861.292,1.0,0.75,False
2022-06-12,288.561,113.307,265.31,151924.0,3.6,32.1,660194.0,25861.292,1.0,0.75,False
2022-06-13,288.561,113.307,265.31,151924.0,3.6,32.1,660194.0,25861.292,1.0,0.75,False
2022-06-14,288.561,113.307,265.31,151924.0,3.6,32.1,660194.0,25861.292,1.0,0.75,False
2022-06-15,291.298,113.307,273.251,151924.0,3.6,32.1,659847.0,25861.292,1.0,0.75,False
2022-06-16,291.298,113.307,273.251,151924.0,3.6,32.1,659847.0,25861.292,1.75,1.5,True
2022-06-17,291.298,113.307,273.251,151924.0,3.6,32.1,659847.0,25861.292,1.75,1.5,False
2022-06-18,291.298,113.307,273.251,151924.0,3.6,32.1,659847.0,25861.292,1.75,1.5,False
2022-06-19,291.298,113.307,273.251,151924.0,3.6,32.1,659847.0,25861.292,1.75,1.5,False
2022-06-20,291.298,113.307,273.251,151924.0,3.6,32.1,659847.0,25861.292,1.75,1.5,False
2022-06-21,291.298,113.307,273.251,151924.0,3.6,32.1,659847.0,25861.292,1.75,1.5,False
2022-06-22,291.298,113.307,273.251,151924.0,3.6,32.1,659847.0,25861.292,1.75,1.5,False
2022-06-23,291.298,113.307,273.251,151924.0,3.6,32.1,659847.0,25861.292,1.75,1.5,False
2022-06-24,291.298,113.307,273.251,151924.0,3.6,32.1,659847.0,25861.292,1.75,1.5,False
2022-06-25,291.298,113.307,273.251,151924.0,3.6,32.1,659847.0,25861.292,1.75,1.5,False
2022-06-26,291.298,113.307,273.251,151924.0,3.6,32.1,659847.0,25861.292,1.75,1.5,False
2022-06-27,291.298,113.307,273.251,151924.0,3.6,32.1,659847.0,25861.292,1.75,1.5,False
2022-06-28,291.298,113.307,273.251,151924.0,3.6,32.1,659847.0,25861.292,1.75,1.5,False
2022-06-29,291.298,113.307,273.251,151924.0,3.6,32.1,659847.0,25861.292,1.75,1.5,False
2022-06-30,291.298,113.703,273.251,151924.0,3.6,32.1,659847.0,25861.292,1.75,1.5,False
2022-07-01,291.298,113.703,273.251,151924.0,3.6,32.1,659847.0,25861.292,1.75,1.5,False
2022-07-02,291.298,113.703,273.251,151924.0,3.6,32.1,659847.0,25861.292,1.75,1.5,False
2022-07-03,291.298,113.703,273.251,151924.0,3.6,32.1,659847.0,25861.292,1.75,1.5,False
2022-07-04,291.298,113.703,273.251,151924.0,3.6,32.1,659847.0,25861.292,1.75,1.5,False
2022-07-05,291.298,113.703,273.251,151924.0,3.6,32.1,659847.0,25861.292,1.75,1.5,False
2022-07-06,291.298,113.703,273.251,152358.0,3.6,32.19,659847.0,25861.292,1.75,1.5,False
2022-07-07,291.298,113.703,273.251,152358.0,3.6,32.19,659847.0,25861.292,1.75,1.5,False
2022-07-08,291.298,113.703,273.251,152358.0,3.6,32.19,659847.0,25861.292,1.75,1.5,False
2022-07-09,291.298,113.703,273.251,152358.0,3.6,32.19,659847.0,25861.292,1.75,1.5,False
2022-07-10,291.298,113.703,273.251,152358.0,3.6,32.19,659847.0,25861.292,1.75,1.5,False
2022-07-11,291.298,113.703,273.251,152358.0,3.6,32.19,659847.0,25861.292,1.75,1.5,False
2022-07-12,291.298,113.703,273.251,152358.0,3.6,32.19,659847.0,25861.292,1.75,1.5,False
2022-07-13,291.298,113.703,273.251,152358.0,3.6,32.19,659847.0,25861.292,1.75,1.5,False
2022-07-14,291.298,113.703,273.251,152358.0,3.6,32.19,659847.0,25861.292,1.75,1.5,False
2022-07-15,291.298,113.703,273.251,152358.0,3.6,32.19,659847.0,25861.292,1.75,1.5,False
2022-07-16,294.957,113.703,280.251,152358.0,3.6,32.19,666113.0,25861.292,1.75,1.5,False
2022-07-17,294.957,113.703,280.251,152358.0,3.6,32.19,666113.0,25861.292,1.75,1.5,False
2022-07-18,294.957,113.703,280.251,152358.0,3.6,32.19,666113.0,25861.292,1.75,1.5,False
2022-07-19,294.957,113.703,280.251,152358.0,3.6,32.19,666113.0,25861.292,1.75,1.5,False
2022-07-20,294.957,113.703,280.251,152358.0,3.6,32.19,666113.0,25861.292,1.75,1.5,False
2022-07-21,294.957,113.703,280.251,152358.0,3.6,32.19,666113.0,25861.292,1.75,1.5,False
2022-07-22,294.957,113.703,280.251,152358.0,3.6,32.19,666113.0,25861.292,1.75,1.5,False
2022-07-23,294.957,113.703,280.251,152358.0,3.6,32.19,666113.0,25861.292,1.75,1.5,False
2022-07-24,294.957,113.703,280.251,152358.0,3.6,32.19,666113.0,25861.292,1.75,1.5,False
2022-07-25,294.957,113.703,280.251,152358.0,3.6,32.19,666113.0,25861.292,1.75,1.5,False
2022-07-26,294.957,113.703,280.251,152358.0,3.6,32.19,666113.0,25861.292,1.75,1.5,False
2022-07-27,294.957,113.703,280.251,152358.0,3.6,32.19,666113.0,25861.292,1.75,1.5,False
2022-07-28,294.957,113.703,280.251,152358.0,3.6,32.19,666113.0,25861.292,2.5,2.25,True
2022-07-29,294.957,113.703,280.251,152358.0,3.6,32.19,666113.0,25861.292,2.5,2.25,False
2022-07-30,294.957,113.703,280.251,152358.0,3.6,32.19,666113.0,25861.292,2.5,2.25,False
2022-07-31,294.957,114.376,280.251,152358.0,3.6,32.19,666113.0,26336.304,2.5,2.25,False
2022-08-01,294.957,114.376,280.251,152358.0,3.6,32.19,666113.0,26336.304,2.5,2.25,False
2022-08-02,294.957,114.376,280.251,152358.0,3.6,32.19,666113.0,26336.304,2.5,2.25,False
2022-08-03,294.957,114.376,280.251,152358.0,3.6,32.19,666113.0,26336.304,2.5,2.25,False
2022-08-04,294.957,114.376,280.251,152358.0,3.6,32.19,666113.0,26336.304,2.5,2.25,False
2022-08-05,294.957,114.376,280.251,153072.0,3.5,32.34,666113.0,26336.304,2.5,2.25,False
2022-08-06,294.957,114.376,280.251,153072.0,3.5,32.34,666113.0,26336.304,2.5,2.25,False
2022-08-07,294.957,114.376,280.251,153072.0,3.5,32.34,666113.0,26336.304,2.5,2.25,False
2022-08-08,294.957,114.376,280.251,153072.0,3.5,32.34,666113.0,26336.304,2.5,2.25,False
2022-08-09,294.957,114.376,280.251,153072.0,3.5,32.34,666113.0,26336.304,2.5,2.25,False
2022-08-10,294.957,114.376,280.251,153072.0,3.5,32.34,666113.0,26336.304,2.5,2.25,False
2022-08-11,294.957,114.376,280.251,153072.0,3.5,32.34,666113.0,26336.304,2.5,2.25,False
2022-08-12,294.957,114.376,280.251,153072.0,3.5,32.34,666113.0,26336.304,2.5,2.25,False
2022-08-13,294.957,114.376,280.251,153072.0,3.5,32.34,666113.0,26336.304,2.5,2.25,False
2022-08-14,294.957,114.376,280.251,153072.0,3.5,32.34,666113.0,26336.304,2.5,2.25,False
2022-08-15,294.913,114.376,272.274,153072.0,3.5,32.34,659550.0,26336.304,2.5,2.25,False
2022-08-16,294.913,114.376,272.274,153072.0,3.5,32.34,659550.0,26336.304,2.5,2.25,False
2022-08-17,294.913,114.376,272.274,153072.0,3.5,32.34,659550.0,26336.304,2.5,2.25,False
2022-08-18,294.913,114.376,272.274,153072.0,3.5,32.34,659550.0,26336.304,2.5,2.25,False
2022-08-19,294.913,114.376,272.274,153072.0,3.5,32.34,659550.0,26336.304,2.5,2.25,False
2022-08-20,294.913,114.376,272.274,153072.0,3.5,32.34,659550.0,26336.304,2.5,2.25,False
2022-08-21,294.913,114.376,272.274,153072.0,3.5,32.34,659550.0,26336.304,2.5,2.25,False
2022-08-22,294.913,114.376,272.274,153072.0,3.5,32.34,659550.0,26336.304,2.5,2.25,False
2022-08-23,294.913,114.376,272.274,153072.0,3.5,32.34,659550.0,26336.304,2.5,2.25,False
2022-08-24,294.913,114.376,272.274,153072.0,3.5,32.34,659550.0,26336.304,2.5,2.25,False
2022-08-25,294.913,114.376,272.274,153072.0,3.5,32.34,659550.0,26336.304,2.5,2.25,False
2022-08-26,294.913,114.376,272.274,153072.0,3.5,32.34,659550.0,26336.304,2.5,2.25,False
2022-08-27,294.913,114.376,272.274,153072.0,3.5,32.34,659550.0,26336.304,2.5,2.25,False
2022-08-28,294.913,114.376,272.274,153072.0,3.5,32.34,659550.0,26336.304,2.5,2.25,False
2022-08-29,294.913,114.376,272.274,153072.0,3.5,32.34,659550.0,26336.304,2.5,2.25,False
2022-08-30,294.913,114.628,272.274,153072.0,3.5,32.34,659550.0,26336.304,2.5,2.25,False
2022-08-31,294.913,114.628,272.274,153072.0,3.5,32.34,659550.0,26336.304,2.5,2.25,False
2022-09-01,294.913,114.628,272.274,153072.0,3.5,32.34,659550.0,26336.304,2.5,2.25,False
2022-09-02,294.913,114.628,272.274,153072.0,3.5,32.34,659550.0,26336.304,2.5,2.25,False
2022-09-03,294.913,114.628,272.274,153072.0,3.5,32.34,659550.0,26336.304,2.5,2.25,False
2022-09-04,294.913,114.628,272.274,153072.0,3.5,32.34,659550.0,26336.304,2.5,2.25,False
2022-09-05,294.913,114.628,272.274,153362.0,3.6,32.44,659550.0,26336.304,2.5,2.25,False
2022-09-06,294.913,114.628,272.274,153362.0,3.6,32.44,659550.0,26336.304,2.5,2.25,False
2022-09-07,294.913,114.628,272.274,153362.0,3.6,32.44,659550.0,26336.304,2.5,2.25,False
2022-09-08,294.913,114.628,272.274,153362.0,3.6,32.44,659550.0,26336.304,2.5,2.25,False
2022-09-09,294.913,114.628,272.274,153362.0,3.6,32.44,659550.0,26336.304,2.5,2.25,False
2022-09-10,294.913,114.628,272.274,153362.0,3.6,32.44,659550.0,26336.304,2.5,2.25,False
2022-09-11,294.913,114.628,272.274,153362.0,3.6,32.44,659550.0,26336.304,2.5,2.25,False
2022-09-12,294.913,114.628,272.274,153362.0,3.6,32.44,659550.0,26336.304,2.5,2.25,False
2022-09-13,294.913,114.628,272.274,153362.0,3.6,32.44,659550.0,26336.304,2.5,2.25,False
2022-09-14,294.913,114.628,272.274,153362.0,3.6,32.44,659550.0,26336.304,2.5,2.25,False
2022-09-15,295.097,114.628,269.546,153362.0,3.6,32.44,663566.0,26336.304,2.5,2.25,False
2022-09-16,295.097,114.628,269.546,153362.0,3.6,32.44,663566.0,26336.304,2.5,2.25,False
2022-09-17,295.097,114.628,269.546,153362.0,3.6,32.44,663566.0,26336.304,2.5,2.25,False
2022-09-18,295.097,114.628,269.546,153362.0,3.6,32.44,663566.0,26336.304,2.5,2.25,False
2022-09-19,295.097,114.628,269.546,153362.0,3.6,32.44,663566.0,26336.304,2.5,2.25,False
2022-09-20,295.097,114.628,269.546,153362.0,3.6,32.44,663566.0,26336.304,2.5,2.25,False
2022-09-21,295.097,114.628,269.546,153362.0,3.6,32.44,663566.0,26336.304,2.5,2.25,False
2022-09-22,295.097,114.628,269.546,153362.0,3.6,32.44,663566.0,26336.304,3.25,3.0,True
2022-09-23,295.097,114.628,269.546,153362.0,3.6,32.44,663566.0,26336.304,3.25,3.0,False
2022-09-24,295.097,114.628,269.546,153362.0,3.6,32.44,663566.0,26336.304,3.25,3.0,False
2022-09-25,295.097,114.628,269.546,153362.0,3.6,32.44,663566.0,26336.304,3.25,3.0,False
2022-09-26,295.097,114.628,269.546,153362.0,3.6,32.44,663566.0,26336.304,3.25,3.0,False
2022-09-27,295.097,114.628,269.546,153362.0,3.6,32.44,663566.0,26336.304,3.25,3.0,False
2022-09-28,295.097,114.628,269.546,153362.0,3.6,32.44,663566.0,26336.304,3.25,3.0,False
2022-09-29,295.097,114.628,269.546,153362.0,3.6,32.44,663566.0,26336.304,3.25,3.0,False
2022-09-30,295.097,115.276,269.546,153362.0,3.6,32.44,663566.0,26336.304,3.25,3.0,False
2022-10-01,295.097,115.276,269.546,153362.0,3.6,32.44,663566.0,26336.304,3.25,3.0,False
2022-10-02,295.097,115.276,269.546,153362.0,3.6,32.44,663566.0,26336.304,3.25,3.0,False
2022-10-03,295.097,115.276,269.546,153362.0,3.6,32.44,663566.0,26336.304,3.25,3.0,False
2022-10-04,295.097,115.276,269.546,153362.0,3.6,32.44,663566.0,26336.304,3.25,3.0,False
2022-10-05,295.097,115.276,269.546,153362.0,3.6,32.44,663566.0,26336.304,3.25,3.0,False
2022-10-06,295.097,115.276,269.546,153582.0,3.5,32.57,663566.0,26336.304,3.25,3.0,False
2022-10-07,295.097,115.276,269.546,153582.0,3.5,32.57,663566.0,26336.304,3.25,3.0,False
2022-10-08,295.097,115.276,269.546,153582.0,3.5,32.57,663566.0,26336.304,3.25,3.0,False
2022-10-09,295.097,115.276,269.546,153582.0,3.5,32.57,663566.0,26336.304,3.25,3.0,False
2022-10-10,295.097,115.276,269.546,153582.0,3.5,32.57,663566.0,26336.304,3.25,3.0,False
2022-10-11,295.097,115.276,269.546,153582.0,3.5,32.57,663566.0,26336.304,3.25,3.0,False
2022-10-12,295.097,115.276,269.546,153582.0,3.5,32.57,663566.0,26336.304,3.25,3.0,False
2022-10-13,295.097,115.276,269.546,153582.0,3.5,32.57,663566.0,26336.304,3.25,3.0,False
2022-10-14,295.097,115.276,269.546,153582.0,3.5,32.57,663566.0,26336.304,3.25,3.0,False
2022-10-15,295.097,115.276,269.546,153582.0,3.5,32.57,663566.0,26336.304,3.25,3.0,False
2022-10-16,296.349,115.276,267.898,153582.0,3.5,32.57,661854.0,26336.304,3.25,3.0,False
2022-10-17,296.349,115.276,267.898,153582.0,3.5,32.57,661854.0,26336.304,3.25,3.0,False
2022-10-18,296.349,115.276,267.898,153582.0,3.5,32.57,661854.0,26336.304,3.25,3.0,False
2022-10-19,296.349,115.276,267.898,153582.0,3.5,32.57,661854.0,26336.304,3.25,3.0,False
2022-10-20,296.349,115.276,267.898,153582.0,3.5,32.57,661854.0,26336.304,3.25,3.0,False
2022-10-21,296.349,115.276,267.898,153582.0,3.5,32.57,661854.0,26336.304,3.25,3.0,False
2022-10-22,296.349,115.276,267.898,153582.0,3.5,32.57,661854.0,26336.304,3.25,3.0,False
2022-10-23,296.349,115.276,267.898,153582.0,3.5,32.57,661854.0,26336.304,3.25,3.0,False
2022-10-24,296.349,115.276,267.898,153582.0,3.5,32.57,661854.0,26336.304,3.25,3.0,False
2022-10-25,296.349,115.276,267.898,153582.0,3.5,32.57,661854.0,26336.304,3.25,3.0,False
2022-10-26,296.349,115.276,267.898,153582.0,3.5,32.57,661854.0,26336.304,3.25,3.0,False
2022-10-27,296.349,115.276,267.898,153582.0,3.5,32.57,661854.0,26336.304,3.25,3.0,False
2022-10-28,296.349,115.276,267.898,153582.0,3.5,32.57,661854.0,26336.304,3.25,3.0,False
2022-10-29,296.349,115.276,267.898,153582.0,3.5,32.57,661854.0,26336.304,3.25,3.0,False
2022-10-30,296.349,115.276,267.898,153582.0,3.5,32.57,661854.0,26336.304,3.25,3.0,False
2022-10-31,296.349,115.788,267.898,153582.0,3.5,32.57,661854.0,26770.514,3.25,3.0,False
2022-11-01,296.349,115.788,267.898,153582.0,3.5,32.57,661854.0,26770.514,3.25,3.0,False
2022-11-02,296.349,115.788,267.898,153582.0,3.5,32.57,661854.0,26770.514,3.25,3.0,False
2022-11-03,296.349,115.788,267.898,153582.0,3.5,32.57,661854.0,26770.514,4.0,3.75,True
2022-11-04,296.349,115.788,267.898,153582.0,3.5,32.57,661854.0,26770.514,4.0,3.75,False
2022-11-05,296.349,115.788,267.898,153939.0,3.6,32.7,661854.0,26770.514,4.0,3.75,False
2022-11-06,296.349,115.788,267.898,153939.0,3.6,32.7,661854.0,26770.514,4.0,3.75,False
2022-11-07,296.349,115.788,267.898,153939.0,3.6,32.7,661854.0,26770.514,4.0,3.75,False
2022-11-08,296.349,115.788,267.898,153939.0,3.6,32.7,661854.0,26770.514,4.0,3.75,False
2022-11-09,296.349,115.788,267.898,153939.0,3.6,32.7,661854.0,26770.514,4.0,3.75,False
2022-11-10,296.349,115.788,267.898,153939.0,3.6,32.7,661854.0,26770.514,4.0,3.75,False
2022-11-11,296.349,115.788,267.898,153939.0,3.6,32.7,661854.0,26770.514,4.0,3.75,False
2022-11-12,296.349,115.788,267.898,153939.0,3.6,32.7,661854.0,26770.514,4.0,3.75,False
2022-11-13,296.349,115.788,267.898,153939.0,3.6,32.7,661854.0,26770.514,4.0,3.75,False
2022-11-14,296.349,115.788,267.898,153939.0,3.6,32.7,661854.0,26770.514,4.0,3.75,False
2022-11-15,298.007,115.788,265.061,153939.0,3.6,32.7,668671.0,26770.514,4.0,3.75,False
2022-11-16,298.007,115.788,265.061,153939.0,3.6,32.7,668671.0,26770.514,4.0,3.75,False
2022-11-17,298.007,115.788,265.061,153939.0,3.6,32.7,668671.0,26770.514,4.0,3.75,False
2022-11-18,298.007,115.788,265.061,153939.0,3.6,32.7,668671.0,26770.514,4.0,3.75,False
2022-11-19,298.007,115.788,265.061,153939.0,3.6,32.7,668671.0,26770.514,4.0,3.75,False
2022-11-20,298.007,115.788,265.061,153939.0,3.6,32.7,668671.0,26770.514,4.0,3.75,False
2022-11-21,298.007,115.788,265.061,153939.0,3.6,32.7,668671.0,26770.514,4.0,3.75,False
2022-11-22,298.007,115.788,265.061,153939.0,3.6,32.7,668671.0,26770.514,4.0,3.75,False
2022-11-23,298.007,115.788,265.061,153939.0,3.6,32.7,668671.0,26770.514,4.0,3.75,False
2022-11-24,298.007,115.788,265.061,153939.0,3.6,32.7,668671.0,26770.514,4.0,3.75,False
2022-11-25,298.007,115.788,265.061,153939.0,3.6,32.7,668671.0,26770.514,4.0,3.75,False
2022-11-26,298.007,115.788,265.061,153939.0,3.6,32.7,668671.0,26770.514,4.0,3.75,False
2022-11-27,298.007,115.788,265.061,153939.0,3.6,32.7,668671.0,26770.514,4.0,3.75,False
2022-11-28,298.007,115.788,265.061,153939.0,3.6,32.7,668671.0,26770.514,4.0,3.75,False
2022-11-29,298.007,115.788,265.061,153939.0,3.6,32.7,668671.0,26770.514,4.0,3.75,False
2022-11-30,298.007,116.204,265.061,153939.0,3.6,32.7,668671.0,26770.514,4.0,3.75,False
2022-12-01,298.007,116.204,265.061,153939.0,3.6,32.7,668671.0,26770.514,4.0,3.75,False
2022-12-02,298.007,116.204,265.061,153939.0,3.6,32.7,668671.0,26770.514,4.0,3.75,False
2022-12-03,298.007,116.204,265.061,153939.0,3.6,32.7,668671.0,26770.514,4.0,3.75,False
2022-12-04,298.007,116.204,265.061,153939.0,3.6,32.7,668671.0,26770.514,4.0,3.75,False
2022-12-05,298.007,116.204,265.061,153939.0,3.6,32.7,668671.0,26770.514,4.0,3.75,False
2022-12-06,298.007,116.204,265.061,154242.0,3.6,32.82,668671.0,26770.514,4.0,3.75,False
2022-12-07,298.007,116.204,265.061,154242.0,3.6,32.82,668671.0,26770.514,4.0,3.75,False
2022-12-08,298.007,116.204,265.061,154242.0,3.6,32.82,668671.0,26770.514,4.0,3.75,False
2022-12-09,298.007,116.204,265.061,154242.0,3.6,32.82,668671.0,26770.514,4.0,3.75,False
2022-12-10,298.007,116.204,265.061,154242.0,3.6,32.82,668671.0,26770.514,4.0,3.75,False
2022-12-11,298.007,116.204,265.061,154242.0,3.6,32.82,668671.0,26770.514,4.0,3.75,False
2022-12-12,298.007,116.204,265.061,154242.0,3.6,32.82,668671.0,26770.514,4.0,3.75,False
2022-12-13,298.007,116.204,265.061,154242.0,3.6,32.82,668671.0,26770.514,4.0,3.75,False
2022-12-14,298.007,116.204,265.061,154242.0,3.6,32.82,668671.0,26770.514,4.0,3.75,False
2022-12-15,298.007,116.204,265.061,154242.0,3.6,32.82,668671.0,26770.514,4.5,4.25,True
2022-12-16,298.786,116.204,263.157,154242.0,3.6,32.82,659458.0,26770.514,4.5,4.25,False
2022-12-17,298.786,116.204,263.157,154242.0,3.6,32.82,659458.0,26770.514,4.5,4.25,False
2022-12-18,298.786,116.204,263.157,154242.0,3.6,32.82,659458.0,26770.514,4.5,4.25,False
2022-12-19,298.786,116.204,263.157,154242.0,3.6,32.82,659458.0,26770.514,4.5,4.25,False
2022-12-20,298.786,116.204,263.157,154242.0,3.6,32.82,659458.0,26770.514,4.5,4.25,False
2022-12-21,298.786,116.204,263.157,154242.0,3.6,32.82,659458.0,26770.514,4.5,4.25,False
2022-12-22,298.786,116.204,263.157,154242.0,3.6,32.82,659458.0,26770.514,4.5,4.25,False
2022-12-23,298.786,116.204,263.157,154242.0,3.6,32.82,659458.0,26770.514,4.5,4.25,False
2022-12-24,298.786,116.204,263.157,154242.0,3.6,32.82,659458.0,26770.514,4.5,4.25,False
2022-12-25,298.786,116.204,263.157,154242.0,3.6,32.82,659458.0,26770.514,4.5,4.25,False
2022-12-26,298.786,116.204,263.157,154242.0,3.6,32.82,659458.0,26770.514,4.5,4.25,False
2022-12-27,298.786,116.204,263.157,154242.0,3.6,32.82,659458.0,26770.514,4.5,4.25,False
2022-12-28,298.786,116.204,263.157,154242.0,3.6,32.82,659458.0,26770.514,4.5,4.25,False
2022-12-29,298.786,116.204,263.157,154242.0,3.6,32.82,659458.0,26770.514,4.5,4.25,False
2022-12-30,298.786,116.204,263.157,154242.0,3.6,32.82,659458.0,26770.514,4.5,4.25,False
2022-12-31,298.786,116.539,263.157,154242.0,3.6,32.82,659458.0,26770.514,4.5,4.25,False
2023-01-01,298.786,116.539,263.157,154242.0,3.6,32.82,659458.0,26770.514,4.5,4.25,False
2023-01-02,298.786,116.539,263.157,154242.0,3.6,32.82,659458.0,26770.514,4.5,4.25,False
2023-01-03,298.786,116.539,263.157,154242.0,3.6,32.82,659458.0,26770.514,4.5,4.25,False
2023-01-04,298.786,116.539,263.157,154242.0,3.6,32.82,659458.0,26770.514,4.5,4.25,False
2023-01-05,298.786,116.539,263.157,154342.0,3.5,32.94,659458.0,26770.514,4.5,4.25,False
2023-01-06,298.786,116.539,263.157,154342.0,3.5,32.94,659458.0,26770.514,4.5,4.25,False
2023-01-07,298.786,116.539,263.157,154342.0,3.5,32.94,659458.0,26770.514,4.5,4.25,False
2023-01-08,298.786,116.539,263.157,154342.0,3.5,32.94,659458.0,26770.514,4.5,4.25,False
2023-01-09,298.786,116.539,263.157,154342.0,3.5,32.94,659458.0,26770.514,4.5,4.25,False
2023-01-10,298.786,116.539,263.157,154342.0,3.5,32.94,659458.0,26770.514,4.5,4.25,False
2023-01-11,298.786,116.539,263.157,154342.0,3.5,32.94,659458.0,26770.514,4.5,4.25,False
2023-01-12,298.786,116.539,263.157,154342.0,3.5,32.94,659458.0,26770.514,4.5,4.25,False
2023-01-13,298.786,116.539,263.157,154342.0,3.5,32.94,659458.0,26770.514,4.5,4.25,False
2023-01-14,298.786,116.539,263.157,154342.0,3.5,32.94,659458.0,26770.514,4.5,4.25,False
2023-01-15,298.832,116.539,257.897,154342.0,3.5,32.94,651763.0,26770.514,4.5,4.25,False
2023-01-16,298.832,116.539,257.897,154342.0,3.5,32.94,651763.0,26770.514,4.5,4.25,False
2023-01-17,298.832,116.539,257.897,154342.0,3.5,32.94,651763.0,26770.514,4.5,4.25,False
2023-01-18,298.832,116.539,257.897,154342.0,3.5,32.94,651763.0,26770.514,4.5,4.25,False
2023-01-19,298.832,116.539,257.897,154342.0,3.5,32.94,651763.0,26770.514,4.5,4.25,False
2023-01-20,298.832,116.539,257.897,154342.0,3.5,32.94,651763.0,26770.514,4.5,4.25,False
2023-01-21,298.832,116.539,257.897,154342.0,3.5,32.94,651763.0,26770.514,4.5,4.25,False
2023-01-22,298.832,116.539,257.897,154342.0,3.5,32.94,651763.0,26770.514,4.5,4.25,False
2023-01-23,298.832,116.539,257.897,154342.0,3.5,32.94,651763.0,26770.514,4.5,4.25,False
2023-01-24,298.832,116.539,257.897,154342.0,3.5,32.94,651763.0,26770.514,4.5,4.25,False
2023-01-25,298.832,116.539,257.897,154342.0,3.5,32.94,651763.0,26770.514,4.5,4.25,False
2023-01-26,298.832,116.539,257.897,154342.0,3.5,32.94,651763.0,26770.514,4.5,4.25,False
2023-01-27,298.832,116.539,257.897,154342.0,3.5,32.94,651763.0,26770.514,4.5,4.25,False
2023-01-28,298.832,116.539,257.897,154342.0,3.5,32.94,651763.0,26770.514,4.5,4.25,False
2023-01-29,298.832,116.539,257.897,154342.0,3.5,32.94,651763.0,26770.514,4.5,4.25,False
2023-01-30,298.832,116.952,257.897,154342.0,3.5,32.94,651763.0,26770.514,4.5,4.25,False
2023-01-31,298.832,116.952,257.897,154342.0,3.5,32.94,651763.0,27216.445,4.5,4.25,False
2023-02-01,298.832,116.952,257.897,154342.0,3.5,32.94,651763.0,27216.445,4.5,4.25,False
2023-02-02,298.832,116.952,257.897,154342.0,3.5,32.94,651763.0,27216.445,4.75,4.5,True
2023-02-03,298.832,116.952,257.897,154342.0,3.5,32.94,651763.0,27216.445,4.75,4.5,False
2023-02-04,298.832,116.952,257.897,154342.0,3.5,32.94,651763.0,27216.445,4.75,4.5,False
2023-02-05,298.832,116.952,257.897,154776.0,3.5,33.02,651763.0,27216.445,4.75,4.5,False
2023-02-06,298.832,116.952,257.897,154776.0,3.5,33.02,651763.0,27216.445,4.75,4.5,False
2023-02-07,298.832,116.952,257.897,154776.0,3.5,33.02,651763.0,27216.445,4.75,4.5,False
2023-02-08,298.832,116.952,257.897,154776.0,3.5,33.02,651763.0,27216.445,4.75,4.5,False
2023-02-09,298.832,116.952,257.897,154776.0,3.5,33.02,651763.0,27216.445,4.75,4.5,False
2023-02-10,298.832,116.952,257.897,154776.0,3.5,33.02,651763.0,27216.445,4.75,4.5,False
2023-02-11,298.832,116.952,257.897,154776.0,3.5,33.02,651763.0,27216.445,4.75,4.5,False
2023-02-12,298.832,116.952,257.897,154776.0,3.5,33.02,651763.0,27216.445,4.75,4.5,False
2023-02-13,298.832,116.952,257.897,154776.0,3.5,33.02,651763.0,27216.445,4.75,4.5,False
2023-02-14,298.832,116.952,257.897,154776.0,3.5,33.02,651763.0,27216.445,4.75,4.5,False
2023-02-15,300.42,116.952,260.227,154776.0,3.5,33.02,680253.0,27216.445,4.75,4.5,False
2023-02-16,300.42,116.952,260.227,154776.0,3.5,33.02,680253.0,27216.445,4.75,4.5,False
2023-02-17,300.42,116.952,260.227,154776.0,3.5,33.02,680253.0,27216.445,4.75,4.5,False
2023-02-18,300.42,116.952,260.227,154776.0,3.5,33.02,680253.0,27216.445,4.75,4.5,False
2023-02-19,300.42,116.952,260.227,154776.0,3.5,33.02,680253.0,27216.445,4.75,4.5,False
2023-02-20,300.42,116.952,260.227,154776.0,3.5,33.02,680253.0,27216.445,4.75,4.5,False
2023-02-21,300.42,116.952,260.227,154776.0,3.5,33.02,680253.0,27216.445,4.75,4.5,False
2023-02-22,300.42,116.952,260.227,154776.0,3.5,33.02,680253.0,27216.445,4.75,4.5,False
2023-02-23,300.42,116.952,260.227,154776.0,3.5,33.02,680253.0,27216.445,4.75,4.5,False
2023-02-24,300.42,116.952,260.227,154776.0,3.5,33.02,680253.0,27216.445,4.75,4.5,False
2023-02-25,300.42,116.952,260.227,154776.0,3.5,33.02,680253.0,27216.445,4.75,4.5,False
2023-02-26,300.42,116.952,260.227,154776.0,3.5,33.02,680253.0,27216.445,4.75,4.5,False
2023-02-27,300.42,116.952,260.227,154776.0,3.5,33.02,680253.0,27216.445,4.75,4.5,False
2023-02-28,300.42,116.952,260.227,154776.0,3.5,33.02,680253.0,27216.445,4.75,4.5,False
2023-03-01,300.42,116.952,260.227,154776.0,3.5,33.02,680253.0,27216.445,4.75,4.5,False
2023-03-02,300.42,117.505,260.227,154776.0,3.5,33.02,680253.0,27216.445,4.75,4.5,False
2023-03-03,300.42,117.505,260.227,154776.0,3.5,33.02,680253.0,27216.445,4.75,4.5,False
2023-03-04,300.42,117.505,260.227,154776.0,3.5,33.02,680253.0,27216.445,4.75,4.5,False
2023-03-05,300.42,117.505,260.227,154776.0,3.5,33.02,680253.0,27216.445,4.75,4.5,False
2023-03-06,300.42,117.505,260.227,154776.0,3.5,33.02,680253.0,27216.445,4.75,4.5,False
2023-03-07,300.42,117.505,260.227,154776.0,3.5,33.02,680253.0,27216.445,4.75,4.5,False
2023-03-08,300.42,117.505,260.227,155066.0,3.6,33.15,680253.0,27216.445,4.75,4.5,False
2023-03-09,300.42,117.505,260.227,155066.0,3.6,33.15,680253.0,27216.445,4.75,4.5,False
2023-03-10,300.42,117.505,260.227,155066.0,3.6,33.15,680253.0,27216.445,4.75,4.5,False
2023-03-11,300.42,117.505,260.227,155066.0,3.6,33.15,680253.0,27216.445,4.75,4.5,False
2023-03-12,300.42,117.505,260.227,155066.0,3.6,33.15,680253.0,27216.445,4.75,4.5,False
2023-03-13,300.42,117.505,260.227,155066.0,3.6,33.15,680253.0,27216.445,4.75,4.5,False
2023-03-14,300.42,117.505,260.227,155066.0,3.6,33.15,680253.0,27216.445,4.75,4.5,False
2023-03-15,300.42,117.505,260.227,155066.0,3.6,33.15,680253.0,27216.445,4.75,4.5,False
2023-03-16,300.42,117.505,260.227,155066.0,3.6,33.15,680253.0,27216.445,4.75,4.5,False
2023-03-17,300.42,117.505,260.227,155066.0,3.6,33.15,680253.0,27216.445,4.75,4.5,False
2023-03-18,301.45,117.505,258.669,155066.0,3.6,33.15,672152.0,27216.445,4.75,4.5,False
2023-03-19,301.45,117.505,258.669,155066.0,3.6,33.15,672152.0,27216.445,4.75,4.5,False
2023-03-20,301.45,117.505,258.669,155066.0,3.6,33.15,672152.0,27216.445,4.75,4.5,False
2023-03-21,301.45,117.505,258.669,155066.0,3.6,33.15,672152.0,27216.445,4.75,4.5,False
2023-03-22,301.45,117.505,258.669,155066.0,3.6,33.15,672152.0,27216.445,4.75,4.5,False
2023-03-23,301.45,117.505,258.669,155066.0,3.6,33.15,672152.0,27216.445,5.0,4.75,True
2023-03-24,301.45,117.505,258.669,155066.0,3.6,33.15,672152.0,27216.445,5.0,4.75,False
2023-03-25,301.45,117.505,258.669,155066.0,3.6,33.15,672152.0,27216.445,5.0,4.75,False
2023-03-26,301.45,117.505,258.669,155066.0,3.6,33.15,672152.0,27216.445,5.0,4.75,False
2023-03-27,301.45,117.505,258.669,155066.0,3.6,33.15,672152.0,27216.445,5.0,4.75,False
2023-03-28,301.45,117.505,258.669,155066.0,3.6,33.15,672152.0,27216.445,5.0,4.75,False
2023-03-29,301.45,117.505,258.669,155066.0,3.6,33.15,672152.0,27216.445,5.0,4.75,False
2023-03-30,301.45,117.505,258.669,155066.0,3.6,33.15,672152.0,27216.445,5.0,4.75,False
2023-03-31,301.45,117.505,258.669,155066.0,3.6,33.15,672152.0,27216.445,5.0,4.75,False
2023-04-01,301.45,117.505,258.669,155066.0,3.6,33.15,672152.0,27216.445,5.0,4.75,False
2023-04-02,301.45,117.929,258.669,155066.0,3.6,33.15,672152.0,27216.445,5.0,4.75,False
2023-04-03,301.45,117.929,258.669,155066.0,3.6,33.15,672152.0,27216.445,5.0,4.75,False
2023-04-04,301.45,117.929,258.669,155066.0,3.6,33.15,672152.0,27216.445,5.0,4.75,False
2023-04-05,301.45,117.929,258.669,155134.0,3.5,33.27,672152.0,27216.445,5.0,4.75,False
2023-04-06,301.45,117.929,258.669,155134.0,3.5,33.27,672152.0,27216.445,5.0,4.75,False
2023-04-07,301.45,117.929,258.669,155134.0,3.5,33.27,672152.0,27216.445,5.0,4.75,False
2023-04-08,301.45,117.929,258.669,155134.0,3.5,33.27,672152.0,27216.445,5.0,4.75,False
2023-04-09,301.45,117.929,258.669,155134.0,3.5,33.27,672152.0,27216.445,5.0,4.75,False
2023-04-10,301.45,117.929,258.669,155134.0,3.5,33.27,672152.0,27216.445,5.0,4.75,False
2023-04-11,301.45,117.929,258.669,155134.0,3.5,33.27,672152.0,27216.445,5.0,4.75,False
2023-04-12,301.45,117.929,258.669,155134.0,3.5,33.27,672152.0,27216.445,5.0,4.75,False
2023-04-13,301.45,117.929,258.669,155134.0,3.5,33.27,672152.0,27216.445,5.0,4.75,False
2023-04-14,301.45,117.929,258.669,155134.0,3.5,33.27,672152.0,27216.445,5.0,4.75,False
2023-04-15,301.821,117.929,257.062,155134.0,3.5,33.27,665071.0,27216.445,5.0,4.75,False
2023-04-16,301.821,117.929,257.062,155134.0,3.5,33.27,665071.0,27216.445,5.0,4.75,False
2023-04-17,301.821,117.929,257.062,155134.0,3.5,33.27,665071.0,27216.445,5.0,4.75,False
2023-04-18,301.821,117.929,257.062,155134.0,3.5,33.27,665071.0,27216.445,5.0,4.75,False
2023-04-19,301.821,117.929,257.062,155134.0,3.5,33.27,665071.0,27216.445,5.0,4.75,False
2023-04-20,301.821,117.929,257.062,155134.0,3.5,33.27,665071.0,27216.445,5.0,4.75,False
2023-04-21,301.821,117.929,257.062,155134.0,3.5,33.27,665071.0,27216.445,5.0,4.75,False
2023-04-22,301.821,117.929,257.062,155134.0,3.5,33.27,665071.0,27216.445,5.0,4.75,False
2023-04-23,301.821,117.929,257.062,155134.0,3.5,33.27,665071.0,27216.445,5.0,4.75,False
2023-04-24,301.821,117.929,257.062,155134.0,3.5,33.27,665071.0,27216.445,5.0,4.75,False
2023-04-25,301.821,117.929,257.062,155134.0,3.5,33.27,665071.0,27216.445,5.0,4.75,False
2023-04-26,301.821,117.929,257.062,155134.0,3.5,33.27,665071.0,27216.445,5.0,4.75,False
2023-04-27,301.821,117.929,257.062,155134.0,3.5,33.27,665071.0,27216.445,5.0,4.75,False
2023-04-28,301.821,117.929,257.062,155134.0,3.5,33.27,665071.0,27216.445,5.0,4.75,False
2023-04-29,301.821,117.929,257.062,155134.0,3.5,33.27,665071.0,27216.445,5.0,4.75,False
2023-04-30,301.821,118.315,257.062,155134.0,3.5,33.27,665071.0,27216.445,5.0,4.75,False
2023-05-01,301.821,118.315,257.062,155134.0,3.5,33.27,665071.0,27530.055,5.0,4.75,False
2023-05-02,301.821,118.315,257.062,155134.0,3.5,33.27,665071.0,27530.055,5.0,4.75,False
2023-05-03,301.821,118.315,257.062,155134.0,3.5,33.27,665071.0,27530.055,5.0,4.75,False
2023-05-04,301.821,118.315,257.062,155134.0,3.5,33.27,665071.0,27530.055,5.25,5.0,True
2023-05-05,301.821,118.315,257.062,155134.0,3.5,33.27,665071.0,27530.055,5.25,5.0,False
2023-05-06,301.821,118.315,257.062,155375.0,3.4,33.43,665071.0,27530.055,5.25,5.0,False
2023-05-07,301.821,118.315,257.062,155375.0,3.4,33.43,665071.0,27530.055,5.25,5.0,False
2023-05-08,301.821,118.315,257.062,155375.0,3.4,33.43,665071.0,27530.055,5.25,5.0,False
2023-05-09,301.821,118.315,257.062,155375.0,3.4,33.43,665071.0,27530.055,5.25,5.0,False
2023-05-10,301.821,118.315,257.062,155375.0,3.4,33.43,665071.0,27530.055,5.25,5.0,False
2023-05-11,301.821,118.315,257.062,155375.0,3.4,33.43,665071.0,27530.055,5.25,5.0,False
2023-05-12,301.821,118.315,257.062,155375.0,3.4,33.43,665071.0,27530.055,5.25,5.0,False
2023-05-13,301.821,118.315,257.062,155375.0,3.4,33.43,665071.0,27530.055,5.25,5.0,False
2023-05-14,301.821,118.315,257.062,155375.0,3.4,33.43,665071.0,27530.055,5.25,5.0,False
2023-05-15,301.821,118.315,257.062,155375.0,3.4,33.43,665071.0,27530.055,5.25,5.0,False
2023-05-16,302.845,118.315,256.908,155375.0,3.4,33.43,670494.0,27530.055,5.25,5.0,False
2023-05-17,302.845,118.315,256.908,155375.0,3.4,33.43,670494.0,27530.055,5.25,5.0,False
2023-05-18,302.845,118.315,256.908,155375.0,3.4,33.43,670494.0,27530.055,5.25,5.0,False
2023-05-19,302.845,118.315,256.908,155375.0,3.4,33.43,670494.0,27530.055,5.25,5.0,False
2023-05-20,302.845,118.315,256.908,155375.0,3.4,33.43,670494.0,27530.055,5.25,5.0,False
2023-05-21,302.845,118.315,256.908,155375.0,3.4,33.43,670494.0,27530.055,5.25,5.0,False
2023-05-22,302.845,118.315,256.908,155375.0,3.4,33.43,670494.0,27530.055,5.25,5.0,False
2023-05-23,302.845,118.315,256.908,155375.0,3.4,33.43,670494.0,27530.055,5.25,5.0,False
2023-05-24,302.845,118.315,256.908,155375.0,3.4,33.43,670494.0,27530.055,5.25,5.0,False
2023-05-25,302.845,118.315,256.908,155375.0,3.4,33.43,670494.0,27530.055,5.25,5.0,False
2023-05-26,302.845,118.315,256.908,155375.0,3.4,33.43,670494.0,27530.055,5.25,5.0,False
2023-05-27,302.845,118.315,256.908,155375.0,3.4,33.43,670494.0,27530.055,5.25,5.0,False
2023-05-28,302.845,118.315,256.908,155375.0,3.4,33.43,670494.0,27530.055,5.25,5.0,False
2023-05-29,302.845,118.315,256.908,155375.0,3.4,33.43,670494.0,27530.055,5.25,5.0,False
2023-05-30,302.845,118.315,256.908,155375.0,3.4,33.43,670494.0,27530.055,5.25,5.0,False
2023-05-31,302.845,118.734,256.908,155375.0,3.4,33.43,670494.0,27530.055,5.25,5.0,False
2023-06-01,302.845,118.734,256.908,155375.0,3.4,33.43,670494.0,27530.055,5.25,5.0,False
2023-06-02,302.845,118.734,256.908,155375.0,3.4,33.43,670494.0,27530.055,5.25,5.0,False
2023-06-03,302.845,118.734,256.908,155375.0,3.4,33.43,670494.0,27530.055,5.25,5.0,False
2023-06-04,302.845,118.734,256.908,155375.0,3.4,33.43,670494.0,27530.055,5.25,5.0,False
2023-06-05,302.845,118.734,256.908,155655.0,3.6,33.5,670494.0,27530.055,5.25,5.0,False
2023-06-06,302.845,118.734,256.908,155655.0,3.6,33.5,670494.0,27530.055,5.25,5.0,False
2023-06-07,302.845,118.734,256.908,155655.0,3.6,33.5,670494.0,27530.055,5.25,5.0,False
2023-06-08,302.845,118.734,256.908,155655.0,3.6,33.5,670494.0,27530.055,5.25,5.0,False
2023-06-09,302.845,118.734,256.908,155655.0,3.6,33.5,670494.0,27530.055,5.25,5.0,False
2023-06-10,302.845,118.734,256.908,155655.0,3.6,33.5,670494.0,27530.055,5.25,5.0,False
2023-06-11,302.845,118.734,256.908,155655.0,3.6,33.5,670494.0,27530.055,5.25,5.0,False
2023-06-12,302.845,118.734,256.908,155655.0,3.6,33.5,670494.0,27530.055,5.25,5.0,False
2023-06-13,302.845,118.734,256.908,155655.0,3.6,33.5,670494.0,27530.055,5.25,5.0,False
2023-06-14,302.845,118.734,256.908,155655.0,3.6,33.5,670494.0,27530.055,5.25,5.0,False
2023-06-15,303.334,118.734,253.67,155655.0,3.6,33.5,673902.0,27530.055,5.25,5.0,False
2023-06-16,303.334,118.734,253.67,155655.0,3.6,33.5,673902.0,27530.055,5.25,5.0,False
2023-06-17,303.334,118.734,253.67,155655.0,3.6,33.5,673902.0,27530.055,5.25,5.0,False
2023-06-18,303.334,118.734,253.67,155655.0,3.6,33.5,673902.0,27530.055,5.25,5.0,False
2023-06-19,303.334,118.734,253.67,155655.0,3.6,33.5,673902.0,27530.055,5.25,5.0,False
2023-06-20,303.334,118.734,253.67,155655.0,3.6,33.5,673902.0,27530.055,5.25,5.0,False
2023-06-21,303.334,118.734,253.67,155655.0,3.6,33.5,673902.0,27530.055,5.25,5.0,False
2023-06-22,303.334,118.734,253.67,155655.0,3.6,33.5,673902.0,27530.055,5.25,5.0,False
2023-06-23,303.334,118.734,253.67,155655.0,3.6,33.5,673902.0,27530.055,5.25,5.0,False
2023-06-24,303.334,118.734,253.67,155655.0,3.6,33.5,673902.0,27530.055,5.25,5.0,False
2023-06-25,303.334,118.734,253.67,155655.0,3.6,33.5,673902.0,27530.055,5.25,5.0,False
2023-06-26,303.334,118.734,253.67,155655.0,3.6,33.5,673902.0,27530.055,5.25,5.0,False
2023-06-27,303.334,118.734,253.67,155655.0,3.6,33.5,673902.0,27530.055,5.25,5.0,False
2023-06-28,303.334,118.734,253.67,155655.0,3.6,33.5,673902.0,27530.055,5.25,5.0,False
2023-06-29,303.334,118.734,253.67,155655.0,3.6,33.5,673902.0,27530.055,5.25,5.0,False
2023-06-30,303.334,119.083,253.67,155655.0,3.6,33.5,673902.0,27530.055,5.25,5.0,False
2023-07-01,303.334,119.083,253.67,155655.0,3.6,33.5,673902.0,27530.055,5.25,5.0,False
2023-07-02,303.334,119.083,253.67,155655.0,3.6,33.5,673902.0,27530.055,5.25,5.0,False
2023-07-03,303.334,119.083,253.67,155655.0,3.6,33.5,673902.0,27530.055,5.25,5.0,False
2023-07-04,303.334,119.083,253.67,155655.0,3.6,33.5,673902.0,27530.055,5.25,5.0,False
2023-07-05,303.334,119.083,253.67,155655.0,3.6,33.5,673902.0,27530.055,5.25,5.0,False
2023-07-06,303.334,119.083,253.67,155880.0,3.6,33.69,673902.0,27530.055,5.25,5.0,False
2023-07-07,303.334,119.083,253.67,155880.0,3.6,33.69,673902.0,27530.055,5.25,5.0,False
2023-07-08,303.334,119.083,253.67,155880.0,3.6,33.69,673902.0,27530.055,5.25,5.0,False
2023-07-09,303.334,119.083,253.67,155880.0,3.6,33.69,673902.0,27530.055,5.25,5.0,False
2023-07-10,303.334,119.083,253.67,155880.0,3.6,33.69,673902.0,27530.055,5.25,5.0,False
2023-07-11,303.334,119.083,253.67,155880.0,3.6,33.69,673902.0,27530.055,5.25,5.0,False
2023-07-12,303.334,119.083,253.67,155880.0,3.6,33.69,673902.0,27530.055,5.25,5.0,False
2023-07-13,303.334,119.083,253.67,155880.0,3.6,33.69,673902.0,27530.055,5.25,5.0,False
2023-07-14,303.334,119.083,253.67,155880.0,3.6,33.69,673902.0,27530.055,5.25,5.0,False
2023-07-15,303.334,119.083,253.67,155880.0,3.6,33.69,673902.0,27530.055,5.25,5.0,False
2023-07-16,304.014,119.083,253.86,155880.0,3.6,33.69,677117.0,27530.055,5.25,5.0,False
2023-07-17,304.014,119.083,253.86,155880.0,3.6,33.69,677117.0,27530.055,5.25,5.0,False
2023-07-18,304.014,119.083,253.86,155880.0,3.6,33.69,677117.0,27530.055,5.25,5.0,False
2023-07-19,304.014,119.083,253.86,155880.0,3.6,33.69,677117.0,27530.055,5.25,5.0,False
2023-07-20,304.014,119.083,253.86,155880.0,3.6,33.69,677117.0,27530.055,5.25,5.0,False
2023-07-21,304.014,119.083,253.86,155880.0,3.6,33.69,677117.0,27530.055,5.25,5.0,False
2023-07-22,304.014,119.083,253.86,155880.0,3.6,33.69,677117.0,27530.055,5.25,5.0,False
2023-07-23,304.014,119.083,253.86,155880.0,3.6,33.69,677117.0,27530.055,5.25,5.0,False
2023-07-24,304.014,119.083,253.86,155880.0,3.6,33.69,677117.0,27530.055,5.25,5.0,False
2023-07-25,304.014,119.083,253.86,155880.0,3.6,33.69,677117.0,27530.055,5.25,5.0,False
2023-07-26,304.014,119.083,253.86,155880.0,3.6,33.69,677117.0,27530.055,5.25,5.0,False
2023-07-27,304.014,119.083,253.86,155880.0,3.6,33.69,677117.0,27530.055,5.5,5.25,True
2023-07-28,304.014,119.083,253.86,155880.0,3.6,33.69,677117.0,27530.055,5.5,5.25,False
2023-07-29,304.014,119.083,253.86,155880.0,3.6,33.69,677117.0,27530.055,5.5,5.25,False
2023-07-30,304.014,119.083,253.86,155880.0,3.6,33.69,677117.0,27530.055,5.5,5.25,False
2023-07-31,304.014,119.39,253.86,155880.0,3.6,33.69,677117.0,28074.846,5.5,5.25,False
2023-08-01,304.014,119.39,253.86,155880.0,3.6,33.69,677117.0,28074.846,5.5,5.25,False
2023-08-02,304.014,119.39,253.86,155880.0,3.6,33.69,677117.0,28074.846,5.5,5.25,False
2023-08-03,304.014,119.39,253.86,155880.0,3.6,33.69,677117.0,28074.846,5.5,5.25,False
2023-08-04,304.014,119.39,253.86,155880.0,3.6,33.69,677117.0,28074.846,5.5,5.25,False
2023-08-05,304.014,119.39,253.86,156043.0,3.5,33.85,677117.0,28074.846,5.5,5.25,False
2023-08-06,304.014,119.39,253.86,156043.0,3.5,33.85,677117.0,28074.846,5.5,5.25,False
2023-08-07,304.014,119.39,253.86,156043.0,3.5,33.85,677117.0,28074.846,5.5,5.25,False
2023-08-08,304.014,119.39,253.86,156043.0,3.5,33.85,677117.0,28074.846,5.5,5.25,False
2023-08-09,304.014,119.39,253.86,156043.0,3.5,33.85,677117.0,28074.846,5.5,5.25,False
2023-08-10,304.014,119.39,253.86,156043.0,3.5,33.85,677117.0,28074.846,5.5,5.25,False
2023-08-11,304.014,119.39,253.86,156043.0,3.5,33.85,677117.0,28074.846,5.5,5.25,False
2023-08-12,304.014,119.39,253.86,156043.0,3.5,33.85,677117.0,28074.846,5.5,5.25,False
2023-08-13,304.014,119.39,253.86,156043.0,3.5,33.85,677117.0,28074.846,5.5,5.25,False
2023-08-14,304.014,119.39,253.86,156043.0,3.5,33.85,677117.0,28074.846,5.5,5.25,False
2023-08-15,304.609,119.39,253.835,156043.0,3.5,33.85,678424.0,28074.846,5.5,5.25,False
2023-08-16,304.609,119.39,253.835,156043.0,3.5,33.85,678424.0,28074.846,5.5,5.25,False
2023-08-17,304.609,119.39,253.835,156043.0,3.5,33.85,678424.0,28074.846,5.5,5.25,False
2023-08-18,304.609,119.39,253.835,156043.0,3.5,33.85,678424.0,28074.846,5.5,5.25,False
2023-08-19,304.609,119.39,253.835,156043.0,3.5,33.85,678424.0,28074.846,5.5,5.25,False
2023-08-20,304.609,119.39,253.835,156043.0,3.5,33.85,678424.0,28074.846,5.5,5.25,False
2023-08-21,304.609,119.39,253.835,156043.0,3.5,33.85,678424.0,28074.846,5.5,5.25,False
2023-08-22,304.609,119.39,253.835,156043.0,3.5,33.85,678424.0,28074.846,5.5,5.25,False
2023-08-23,304.609,119.39,253.835,156043.0,3.5,33.85,678424.0,28074.846,5.5,5.25,False
2023-08-24,304.609,119.39,253.835,156043.0,3.5,33.85,678424.0,28074.846,5.5,5.25,False
2023-08-25,304.609,119.39,253.835,156043.0,3.5,33.85,678424.0,28074.846,5.5,5.25,False
2023-08-26,304.609,119.39,253.835,156043.0,3.5,33.85,678424.0,28074.846,5.5,5.25,False
2023-08-27,304.609,119.39,253.835,156043.0,3.5,33.85,678424.0,28074.846,5.5,5.25,False
2023-08-28,304.609,119.39,253.835,156043.0,3.5,33.85,678424.0,28074.846,5.5,5.25,False
2023-08-29,304.609,119.39,253.835,156043.0,3.5,33.85,678424.0,28074.846,5.5,5.25,False
2023-08-30,304.609,119.556,253.835,156043.0,3.5,33.85,678424.0,28074.846,5.5,5.25,False
2023-08-31,304.609,119.556,253.835,156043.0,3.5,33.85,678424.0,28074.846,5.5,5.25,False
2023-09-01,304.609,119.556,253.835,156043.0,3.5,33.85,678424.0,28074.846,5.5,5.25,False
2023-09-02,304.609,119.556,253.835,156043.0,3.5,33.85,678424.0,28074.846,5.5,5.25,False
2023-09-03,304.609,119.556,253.835,156043.0,3.5,33.85,678424.0,28074.846,5.5,5.25,False
2023-09-04,304.609,119.556,253.835,156043.0,3.5,33.85,678424.0,28074.846,5.5,5.25,False
2023-09-05,304.609,119.556,253.835,156261.0,3.7,33.89,678424.0,28074.846,5.5,5.25,False
2023-09-06,304.609,119.556,253.835,156261.0,3.7,33.89,678424.0,28074.846,5.5,5.25,False
2023-09-07,304.609,119.556,253.835,156261.0,3.7,33.89,678424.0,28074.846,5.5,5.25,False
2023-09-08,304.609,119.556,253.835,156261.0,3.7,33.89,678424.0,28074.846,5.5,5.25,False
2023-09-09,304.609,119.556,253.835,156261.0,3.7,33.89,678424.0,28074.846,5.5,5.25,False
2023-09-10,304.609,119.556,253.835,156261.0,3.7,33.89,678424.0,28074.846,5.5,5.25,False
2023-09-11,304.609,119.556,253.835,156261.0,3.7,33.89,678424.0,28074.846,5.5,5.25,False
2023-09-12,304.609,119.556,253.835,156261.0,3.7,33.89,678424.0,28074.846,5.5,5.25,False
2023-09-13,304.609,119.556,253.835,156261.0,3.7,33.89,678424.0,28074.846,5.5,5.25,False
2023-09-14,304.609,119.556,253.835,156261.0,3.7,33.89,678424.0,28074.846,5.5,5.25,False
2023-09-15,306.082,119.556,257.68,156261.0,3.7,33.89,684755.0,28074.846,5.5,5.25,False
2023-09-16,306.082,119.556,257.68,156261.0,3.7,33.89,684755.0,28074.846,5.5,5.25,False
2023-09-17,306.082,119.556,257.68,156261.0,3.7,33.89,684755.0,28074.846,5.5,5.25,False
2023-09-18,306.082,119.556,257.68,156261.0,3.7,33.89,684755.0,28074.846,5.5,5.25,False
2023-09-19,306.082,119.556,257.68,156261.0,3.7,33.89,684755.0,28074.846,5.5,5.25,False
2023-09-20,306.082,119.556,257.68,156261.0,3.7,33.89,684755.0,28074.846,5.5,5.25,False
2023-09-21,306.082,119.556,257.68,156261.0,3.7,33.89,684755.0,28074.846,5.5,5.25,False
2023-09-22,306.082,119.556,257.68,156261.0,3.7,33.89,684755.0,28074.846,5.5,5.25,False
2023-09-23,306.082,119.556,257.68,156261.0,3.7,33.89,684755.0,28074.846,5.5,5.25,False
2023-09-24,306.082,119.556,257.68,156261.0,3.7,33.89,684755.0,28074.846,5.5,5.25,False
2023-09-25,306.082,119.556,257.68,156261.0,3.7,33.89,684755.0,28074.846,5.5,5.25,False
2023-09-26,306.082,119.556,257.68,156261.0,3.7,33.89,684755.0,28074.846,5.5,5.25,False
2023-09-27,306.082,119.556,257.68,156261.0,3.7,33.89,684755.0,28074.846,5.5,5.25,False
2023-09-28,306.082,119.556,257.68,156261.0,3.7,33.89,684755.0,28074.846,5.5,5.25,False
2023-09-29,306.082,119.556,257.68,156261.0,3.7,33.89,684755.0,28074.846,5.5,5.25,False
2023-09-30,306.082,119.689,257.68,156261.0,3.7,33.89,684755.0,28074.846,5.5,5.25,False
2023-10-01,306.082,119.689,257.68,156261.0,3.7,33.89,684755.0,28074.846,5.5,5.25,False
2023-10-02,306.082,119.689,257.68,156261.0,3.7,33.89,684755.0,28074.846,5.5,5.25,False
2023-10-03,306.082,119.689,257.68,156261.0,3.7,33.89,684755.0,28074.846,5.5,5.25,False
2023-10-04,306.082,119.689,257.68,156261.0,3.7,33.89,684755.0,28074.846,5.5,5.25,False
2023-10-05,306.082,119.689,257.68,156261.0,3.7,33.89,684755.0,28074.846,5.5,5.25,False
2023-10-06,306.082,119.689,257.68,156417.0,3.7,34.01,684755.0,28074.846,5.5,5.25,False
2023-10-07,306.082,119.689,257.68,156417.0,3.7,34.01,684755.0,28074.846,5.5,5.25,False
2023-10-08,306.082,119.689,257.68,156417.0,3.7,34.01,684755.0,28074.846,5.5,5.25,False
2023-10-09,306.082,119.689,257.68,156417.0,3.7,34.01,684755.0,28074.846,5.5,5.25,False
2023-10-10,306.082,119.689,257.68,156417.0,3.7,34.01,684755.0,28074.846,5.5,5.25,False
2023-10-11,306.082,119.689,257.68,156417.0,3.7,34.01,684755.0,28074.846,5.5,5.25,False
2023-10-12,306.082,119.689,257.68,156417.0,3.7,34.01,684755.0,28074.846,5.5,5.25,False
2023-10-13,306.082,119.689,257.68,156417.0,3.7,34.01,684755.0,28074.846,5.5,5.25,False
2023-10-14,306.082,119.689,257.68,156417.0,3.7,34.01,684755.0,28074.846,5.5,5.25,False
2023-10-15,306.082,119.689,257.68,156417.0,3.7,34.01,684755.0,28074.846,5.5,5.25,False
2023-10-16,307.276,119.689,258.934,156417.0,3.7,34.01,689403.0,28074.846,5.5,5.25,False
2023-10-17,307.276,119.689,258.934,156417.0,3.7,34.01,689403.0,28074.846,5.5,5.25,False
2023-10-18,307.276,119.689,258.934,156417.0,3.7,34.01,689403.0,28074.846,5.5,5.25,False
2023-10-19,307.276,119.689,258.934,156417.0,3.7,34.01,689403.0,28074.846,5.5,5.25,False
2023-10-20,307.276,119.689,258.934,156417.0,3.7,34.01,689403.0,28074.846,5.5,5.25,False
2023-10-21,307.276,119.689,258.934,156417.0,3.7,34.01,689403.0,28074.846,5.5,5.25,False
2023-10-22,307.276,119.689,258.934,156417.0,3.7,34.01,689403.0,28074.846,5.5,5.25,False
2023-10-23,307.276,119.689,258.934,156417.0,3.7,34.01,689403.0,28074.846,5.5,5.25,False
2023-10-24,307.276,119.689,258.934,156417.0,3.7,34.01,689403.0,28074.846,5.5,5.25,False
2023-10-25,307.276,119.689,258.934,156417.0,3.7,34.01,689403.0,28074.846,5.5,5.25,False
2023-10-26,307.276,119.689,258.934,156417.0,3.7,34.01,689403.0,28074.846,5.5,5.25,False
2023-10-27,307.276,119.689,258.934,156417.0,3.7,34.01,689403.0,28074.846,5.5,5.25,False
2023-10-28,307.276,119.689,258.934,156417.0,3.7,34.01,689403.0,28074.846,5.5,5.25,False
2023-10-29,307.276,119.689,258.934,156417.0,3.7,34.01,689403.0,28074.846,5.5,5.25,False
2023-10-30,307.276,119.689,258.934,156417.0,3.7,34.01,689403.0,28074.846,5.5,5.25,False
2023-10-31,307.276,120.058,258.934,156417.0,3.7,34.01,689403.0,28424.722,5.5,5.25,False
2023-11-01,307.276,120.058,258.934,156417.0,3.7,34.01,689403.0,28424.722,5.5,5.25,False
2023-11-02,307.276,120.058,258.934,156417.0,3.7,34.01,689403.0,28424.722,5.5,5.25,False
2023-11-03,307.276,120.058,258.934,156417.0,3.7,34.01,689403.0,28424.722,5.5,5.25,False
2023-11-04,307.276,120.058,258.934,156417.0,3.7,34.01,689403.0,28424.722,5.5,5.25,False
2023-11-05,307.276,120.058,258.934,156576.0,3.9,34.08,689403.0,28424.722,5.5,5.25,False
2023-11-06,307.276,120.058,258.934,156576.0,3.9,34.08,689403.0,28424.722,5.5,5.25,False
2023-11-07,307.276,120.058,258.934,156576.0,3.9,34.08,689403.0,28424.722,5.5,5.25,False
2023-11-08,307.276,120.058,258.934,156576.0,3.9,34.08,689403.0,28424.722,5.5,5.25,False
2023-11-09,307.276,120.058,258.934,156576.0,3.9,34.08,689403.0,28424.722,5.5,5.25,False
2023-11-10,307.276,120.058,258.934,156576.0,3.9,34.08,689403.0,28424.722,5.5,5.25,False
2023-11-11,307.276,120.058,258.934,156576.0,3.9,34.08,689403.0,28424.722,5.5,5.25,False
2023-11-12,307.276,120.058,258.934,156576.0,3.9,34.08,689403.0,28424.722,5.5,5.25,False
2023-11-13,307.276,120.058,258.934,156576.0,3.9,34.08,689403.0,28424.722,5.5,5.25,False
2023-11-14,307.276,120.058,258.934,156576.0,3.9,34.08,689403.0,28424.722,5.5,5.25,False
2023-11-15,307.696,120.058,255.192,156576.0,3.9,34.08,686148.0,28424.722,5.5,5.25,False
2023-11-16,307.696,120.058,255.192,156576.0,3.9,34.08,686148.0,28424.722,5.5,5.25,False
2023-11-17,307.696,120.058,255.192,156576.0,3.9,34.08,686148.0,28424.722,5.5,5.25,False
2023-11-18,307.696,120.058,255.192,156576.0,3.9,34.08,686148.0,28424.722,5.5,5.25,False
2023-11-19,307.696,120.058,255.192,156576.0,3.9,34.08,686148.0,28424.722,5.5,5.25,False
2023-11-20,307.696,120.058,255.192,156576.0,3.9,34.08,686148.0,28424.722,5.5,5.25,False
2023-11-21,307.696,120.058,255.192,156576.0,3.9,34.08,686148.0,28424.722,5.5,5.25,False
2023-11-22,307.696,120.058,255.192,156576.0,3.9,34.08,686148.0,28424.722,5.5,5.25,False
2023-11-23,307.696,120.058,255.192,156576.0,3.9,34.08,686148.0,28424.722,5.5,5.25,False
2023-11-24,307.696,120.058,255.192,156576.0,3.9,34.08,686148.0,28424.722,5.5,5.25,False
2023-11-25,307.696,120.058,255.192,156576.0,3.9,34.08,686148.0,28424.722,5.5,5.25,False
2023-11-26,307.696,120.058,255.192,156576.0,3.9,34.08,686148.0,28424.722,5.5,5.25,False
2023-11-27,307.696,120.058,255.192,156576.0,3.9,34.08,686148.0,28424.722,5.5,5.25,False
2023-11-28,307.696,120.058,255.192,156576.0,3.9,34.08,686148.0,28424.722,5.5,5.25,False
2023-11-29,307.696,120.058,255.192,156576.0,3.9,34.08,686148.0,28424.722,5.5,5.25,False
2023-11-30,307.696,120.241,255.192,156576.0,3.9,34.08,686148.0,28424.722,5.5,5.25,False
2023-12-01,307.696,120.241,255.192,156576.0,3.9,34.08,686148.0,28424.722,5.5,5.25,False
2023-12-02,307.696,120.241,255.192,156576.0,3.9,34.08,686148.0,28424.722,5.5,5.25,False
2023-12-03,307.696,120.241,255.192,156576.0,3.9,34.08,686148.0,28424.722,5.5,5.25,False
2023-12-04,307.696,120.241,255.192,156576.0,3.9,34.08,686148.0,28424.722,5.5,5.25,False
2023-12-05,307.696,120.241,255.192,156576.0,3.9,34.08,686148.0,28424.722,5.5,5.25,False
2023-12-06,307.696,120.241,255.192,156703.0,3.7,34.17,686148.0,28424.722,5.5,5.25,False
2023-12-07,307.696,120.241,255.192,156703.0,3.7,34.17,686148.0,28424.722,5.5,5.25,False
2023-12-08,307.696,120.241,255.192,156703.0,3.7,34.17,686148.0,28424.722,5.5,5.25,False
2023-12-09,307.696,120.241,255.192,156703.0,3.7,34.17,686148.0,28424.722,5.5,5.25,False
2023-12-10,307.696,120.241,255.192,156703.0,3.7,34.17,686148.0,28424.722,5.5,5.25,False
2023-12-11,307.696,120.241,255.192,156703.0,3.7,34.17,686148.0,28424.722,5.5,5.25,False
2023-12-12,307.696,120.241,255.192,156703.0,3.7,34.17,686148.0,28424.722,5.5,5.25,False
2023-12-13,307.696,120.241,255.192,156703.0,3.7,34.17,686148.0,28424.722,5.5,5.25,False
2023-12-14,307.696,120.241,255.192,156703.0,3.7,34.17,686148.0,28424.722,5.5,5.25,False
2023-12-15,307.696,120.241,255.192,156703.0,3.7,34.17,686148.0,28424.722,5.5,5.25,False
2023-12-16,308.148,120.241,252.856,156703.0,3.7,34.17,685328.0,28424.722,5.5,5.25,False
2023-12-17,308.148,120.241,252.856,156703.0,3.7,34.17,685328.0,28424.722,5.5,5.25,False
2023-12-18,308.148,120.241,252.856,156703.0,3.7,34.17,685328.0,28424.722,5.5,5.25,False
2023-12-19,308.148,120.241,252.856,156703.0,3.7,34.17,685328.0,28424.722,5.5,5.25,False
2023-12-20,308.148,120.241,252.856,156703.0,3.7,34.17,685328.0,28424.722,5.5,5.25,False
2023-12-21,308.148,120.241,252.856,156703.0,3.7,34.17,685328.0,28424.722,5.5,5.25,False
2023-12-22,308.148,120.241,252.856,156703.0,3.7,34.17,685328.0,28424.722,5.5,5.25,False
2023-12-23,308.148,120.241,252.856,156703.0,3.7,34.17,685328.0,28424.722,5.5,5.25,False
2023-12-24,308.148,120.241,252.856,156703.0,3.7,34.17,685328.0,28424.722,5.5,5.25,False
2023-12-25,308.148,120.241,252.856,156703.0,3.7,34.17,685328.0,28424.722,5.5,5.25,False
2023-12-26,308.148,120.241,252.856,156703.0,3.7,34.17,685328.0,28424.722,5.5,5.25,False
2023-12-27,308.148,120.241,252.856,156703.0,3.7,34.17,685328.0,28424.722,5.5,5.25,False
2023-12-28,308.148,120.241,252.856,156703.0,3.7,34.17,685328.0,28424.722,5.5,5.25,False
2023-12-29,308.148,120.241,252.856,156703.0,3.7,34.17,685328.0,28424.722,5.5,5.25,False
2023-12-30,308.148,120.241,252.856,156703.0,3.7,34.17,685328.0,28424.722,5.5,5.25,False
2023-12-31,308.148,120.374,252.856,156703.0,3.7,34.17,685328.0,28424.722,5.5,5.25,False
2024-01-01,308.148,120.374,252.856,156703.0,3.7,34.17,685328.0,28424.722,5.5,5.25,False
2024-01-02,308.148,120.374,252.856,156703.0,3.7,34.17,685328.0,28424.722,5.5,5.25,False
2024-01-03,308.148,120.374,252.856,156703.0,3.7,34.17,685328.0,28424.722,5.5,5.25,False
2024-01-04,308.148,120.374,252.856,156703.0,3.7,34.17,685328.0,28424.722,5.5,5.25,False
2024-01-05,308.148,120.374,252.856,156857.0,3.8,34.29,685328.0,28424.722,5.5,5.25,False
2024-01-06,308.148,120.374,252.856,156857.0,3.8,34.29,685328.0,28424.722,5.5,5.25,False
2024-01-07,308.148,120.374,252.856,156857.0,3.8,34.29,685328.0,28424.722,5.5,5.25,False
2024-01-08,308.148,120.374,252.856,156857.0,3.8,34.29,685328.0,28424.722,5.5,5.25,False
2024-01-09,308.148,120.374,252.856,156857.0,3.8,34.29,685328.0,28424.722,5.5,5.25,False
2024-01-10,308.148,120.374,252.856,156857.0,3.8,34.29,685328.0,28424.722,5.5,5.25,False
2024-01-11,308.148,120.374,252.856,156857.0,3.8,34.29,685328.0,28424.722,5.5,5.25,False
2024-01-12,308.148,120.374,252.856,156857.0,3.8,34.29,685328.0,28424.722,5.5,5.25,False
2024-01-13,308.148,120.374,252.856,156857.0,3.8,34.29,685328.0,28424.722,5.5,5.25,False
2024-01-14,308.148,120.374,252.856,156857.0,3.8,34.29,685328.0,28424.722,5.5,5.25,False
2024-01-15,308.741,120.374,249.866,156857.0,3.8,34.29,686277.0,28424.722,5.5,5.25,False
2024-01-16,308.741,120.374,249.866,156857.0,3.8,34.29,686277.0,28424.722,5.5,5.25,False
2024-01-17,308.741,120.374,249.866,156857.0,3.8,34.29,686277.0,28424.722,5.5,5.25,False
2024-01-18,308.741,120.374,249.866,156857.0,3.8,34.29,686277.0,28424.722,5.5,5.25,False
2024-01-19,308.741,120.374,249.866,156857.0,3.8,34.29,686277.0,28424.722,5.5,5.25,False
2024-01-20,308.741,120.374,249.866,156857.0,3.8,34.29,686277.0,28424.722,5.5,5.25,False
2024-01-21,308.741,120.374,249.866,156857.0,3.8,34.29,686277.0,28424.722,5.5,5.25,False
2024-01-22,308.741,120.374,249.866,156857.0,3.8,34.29,686277.0,28424.722,5.5,5.25,False
2024-01-23,308.741,120.374,249.866,156857.0,3.8,34.29,686277.0,28424.722,5.5,5.25,False
2024-01-24,308.741,120.374,249.866,156857.0,3.8,34.29,686277.0,28424.722,5.5,5.25,False
2024-01-25,308.741,120.374,249.866,156857.0,3.8,34.29,686277.0,28424.722,5.5,5.25,False
2024-01-26,308.741,120.374,249.866,156857.0,3.8,34.29,686277.0,28424.722,5.5,5.25,False
2024-01-27,308.741,120.374,249.866,156857.0,3.8,34.29,686277.0,28424.722,5.5,5.25,False
2024-01-28,308.741,120.374,249.866,156857.0,3.8,34.29,686277.0,28424.722,5.5,5.25,False
2024-01-29,308.741,120.374,249.866,156857.0,3.8,34.29,686277.0,28424.722,5.5,5.25,False
2024-01-30,308.741,120.592,249.866,156857.0,3.8,34.29,686277.0,28424.722,5.5,5.25,False
2024-01-31,308.741,120.592,249.866,156857.0,3.8,34.29,686277.0,28708.161,5.5,5.25,False
2024-02-01,308.741,120.592,249.866,156857.0,3.8,34.29,686277.0,28708.161,5.5,5.25,False
2024-02-02,308.741,120.592,249.866,156857.0,3.8,34.29,686277.0,28708.161,5.5,5.25,False
2024-02-03,308.741,120.592,249.866,156857.0,3.8,34.29,686277.0,28708.161,5.5,5.25,False
2024-02-04,308.741,120.592,249.866,156857.0,3.8,34.29,686277.0,28708.161,5.5,5.25,False
2024-02-05,308.741,120.592,249.866,157032.0,3.7,34.47,686277.0,28708.161,5.5,5.25,False
2024-02-06,308.741,120.592,249.866,157032.0,3.7,34.47,686277.0,28708.161,5.5,5.25,False
2024-02-07,308.741,120.592,249.866,157032.0,3.7,34.47,686277.0,28708.161,5.5,5.25,False
2024-02-08,308.741,120.592,249.866,157032.0,3.7,34.47,686277.0,28708.161,5.5,5.25,False
2024-02-09,308.741,120.592,249.866,157032.0,3.7,34.47,686277.0,28708.161,5.5,5.25,False
2024-02-10,308.741,120.592,249.866,157032.0,3.7,34.47,686277.0,28708.161,5.5,5.25,False
2024-02-11,308.741,120.592,249.866,157032.0,3.7,34.47,686277.0,28708.161,5.5,5.25,False
2024-02-12,308.741,120.592,249.866,157032.0,3.7,34.47,686277.0,28708.161,5.5,5.25,False
2024-02-13,308.741,120.592,249.866,157032.0,3.7,34.47,686277.0,28708.161,5.5,5.25,False
2024-02-14,308.741,120.592,249.866,157032.0,3.7,34.47,686277.0,28708.161,5.5,5.25,False
2024-02-15,309.698,120.592,251.306,157032.0,3.7,34.47,680456.0,28708.161,5.5,5.25,False
2024-02-16,309.698,120.592,251.306,157032.0,3.7,34.47,680456.0,28708.161,5.5,5.25,False
2024-02-17,309.698,120.592,251.306,157032.0,3.7,34.47,680456.0,28708.161,5.5,5.25,False
2024-02-18,309.698,120.592,251.306,157032.0,3.7,34.47,680456.0,28708.161,5.5,5.25,False
2024-02-19,309.698,120.592,251.306,157032.0,3.7,34.47,680456.0,28708.161,5.5,5.25,False
2024-02-20,309.698,120.592,251.306,157032.0,3.7,34.47,680456.0,28708.161,5.5,5.25,False
2024-02-21,309.698,120.592,251.306,157032.0,3.7,34.47,680456.0,28708.161,5.5,5.25,False
2024-02-22,309.698,120.592,251.306,157032.0,3.7,34.47,680456.0,28708.161,5.5,5.25,False
2024-02-23,309.698,120.592,251.306,157032.0,3.7,34.47,680456.0,28708.161,5.5,5.25,False
2024-02-24,309.698,120.592,251.306,157032.0,3.7,34.47,680456.0,28708.161,5.5,5.25,False
2024-02-25,309.698,120.592,251.306,157032.0,3.7,34.47,680456.0,28708.161,5.5,5.25,False
2024-02-26,309.698,120.592,251.306,157032.0,3.7,34.47,680456.0,28708.161,5.5,5.25,False
2024-02-27,309.698,120.592,251.306,157032.0,3.7,34.47,680456.0,28708.161,5.5,5.25,False
2024-02-28,309.698,120.592,251.306,157032.0,3.7,34.47,680456.0,28708.161,5.5,5.25,False
2024-02-29,309.698,120.592,251.306,157032.0,3.7,34.47,680456.0,28708.161,5.5,5.25,False
2024-03-01,309.698,121.217,251.306,157032.0,3.7,34.47,680456.0,28708.161,5.5,5.25,False
2024-03-02,309.698,121.217,251.306,157032.0,3.7,34.47,680456.0,28708.161,5.5,5.25,False
2024-03-03,309.698,121.217,251.306,157032.0,3.7,34.47,680456.0,28708.161,5.5,5.25,False
2024-03-04,309.698,121.217,251.306,157032.0,3.7,34.47,680456.0,28708.161,5.5,5.25,False
2024-03-05,309.698,121.217,251.306,157032.0,3.7,34.47,680456.0,28708.161,5.5,5.25,False
2024-03-06,309.698,121.217,251.306,157032.0,3.7,34.47,680456.0,28708.161,5.5,5.25,False
2024-03-07,309.698,121.217,251.306,157238.0,3.9,34.52,680456.0,28708.161,5.5,5.25,False
2024-03-08,309.698,121.217,251.306,157238.0,3.9,34.52,680456.0,28708.161,5.5,5.25,False
2024-03-09,309.698,121.217,251.306,157238.0,3.9,34.52,680456.0,28708.161,5.5,5.25,False
2024-03-10,309.698,121.217,251.306,157238.0,3.9,34.52,680456.0,28708.161,5.5,5.25,False
2024-03-11,309.698,121.217,251.306,157238.0,3.9,34.52,680456.0,28708.161,5.5,5.25,False
2024-03-12,309.698,121.217,251.306,157238.0,3.9,34.52,680456.0,28708.161,5.5,5.25,False
2024-03-13,309.698,121.217,251.306,157238.0,3.9,34.52,680456.0,28708.161,5.5,5.25,False
2024-03-14,309.698,121.217,251.306,157238.0,3.9,34.52,680456.0,28708.161,5.5,5.25,False
2024-03-15,309.698,121.217,251.306,157238.0,3.9,34.52,680456.0,28708.161,5.5,5.25,False
2024-03-16,309.698,121.217,251.306,157238.0,3.9,34.52,680456.0,28708.161,5.5,5.25,False
2024-03-17,310.967,121.217,254.926,157238.0,3.9,34.52,685280.0,28708.161,5.5,5.25,False
2024-03-18,310.967,121.217,254.926,157238.0,3.9,34.52,685280.0,28708.161,5.5,5.25,False
2024-03-19,310.967,121.217,254.926,157238.0,3.9,34.52,685280.0,28708.161,5.5,5.25,False
2024-03-20,310.967,121.217,254.926,157238.0,3.9,34.52,685280.0,28708.161,5.5,5.25,False
2024-03-21,310.967,121.217,254.926,157238.0,3.9,34.52,685280.0,28708.161,5.5,5.25,False
2024-03-22,310.967,121.217,254.926,157238.0,3.9,34.52,685280.0,28708.161,5.5,5.25,False
2024-03-23,310.967,121.217,254.926,157238.0,3.9,34.52,685280.0,28708.161,5.5,5.25,False
2024-03-24,310.967,121.217,254.926,157238.0,3.9,34.52,685280.0,28708.161,5.5,5.25,False
2024-03-25,310.967,121.217,254.926,157238.0,3.9,34.52,685280.0,28708.161,5.5,5.25,False
2024-03-26,310.967,121.217,254.926,157238.0,3.9,34.52,685280.0,28708.161,5.5,5.25,False
2024-03-27,310.967,121.217,254.926,157238.0,3.9,34.52,685280.0,28708.161,5.5,5.25,False
2024-03-28,310.967,121.217,254.926,157238.0,3.9,34.52,685280.0,28708.161,5.5,5.25,False
2024-03-29,310.967,121.217,254.926,157238.0,3.9,34.52,685280.0,28708.161,5.5,5.25,False
2024-03-30,310.967,121.217,254.926,157238.0,3.9,34.52,685280.0,28708.161,5.5,5.25,False
2024-03-31,310.967,121.217,254.926,157238.0,3.9,34.52,685280.0,28708.161,5.5,5.25,False
2024-04-01,310.967,121.537,254.926,157238.0,3.9,34.52,685280.0,28708.161,5.5,5.25,False
2024-04-02,310.967,121.537,254.926,157238.0,3.9,34.52,685280.0,28708.161,5.5,5.25,False
2024-04-03,310.967,121.537,254.926,157238.0,3.9,34.52,685280.0,28708.161,5.5,5.25,False
2024-04-04,310.967,121.537,254.926,157238.0,3.9,34.52,685280.0,28708.161,5.5,5.25,False
2024-04-05,310.967,121.537,254.926,157466.0,3.9,34.65,685280.0,28708.161,5.5,5.25,False
2024-04-06,310.967,121.537,254.926,157466.0,3.9,34.65,685280.0,28708.161,5.5,5.25,False
2024-04-07,310.967,121.537,254.926,157466.0,3.9,34.65,685280.0,28708.161,5.5,5.25,False
2024-04-08,310.967,121.537,254.926,157466.0,3.9,34.65,685280.0,28708.161,5.5,5.25,False
2024-04-09,310.967,121.537,254.926,157466.0,3.9,34.65,685280.0,28708.161,5.5,5.25,False
2024-04-10,310.967,121.537,254.926,157466.0,3.9,34.65,685280.0,28708.161,5.5,5.25,False
2024-04-11,310.967,121.537,254.926,157466.0,3.9,34.65,685280.0,28708.161,5.5,5.25,False
2024-04-12,310.967,121.537,254.926,157466.0,3.9,34.65,685280.0,28708.161,5.5,5.25,False
2024-04-13,310.967,121.537,254.926,157466.0,3.9,34.65,685280.0,28708.161,5.5,5.25,False
2024-04-14,310.967,121.537,254.926,157466.0,3.9,34.65,685280.0,28708.161,5.5,5.25,False
2024-04-15,312.345,121.537,255.095,157466.0,3.9,34.65,687641.0,28708.161,5.5,5.25,False
2024-04-16,312.345,121.537,255.095,157466.0,3.9,34.65,687641.0,28708.161,5.5,5.25,False
2024-04-17,312.345,121.537,255.095,157466.0,3.9,34.65,687641.0,28708.161,5.5,5.25,False
2024-04-18,312.345,121.537,255.095,157466.0,3.9,34.65,687641.0,28708.161,5.5,5.25,False
2024-04-19,312.345,121.537,255.095,157466.0,3.9,34.65,687641.0,28708.161,5.5,5.25,False
2024-04-20,312.345,121.537,255.095,157466.0,3.9,34.65,687641.0,28708.161,5.5,5.25,False
2024-04-21,312.345,121.537,255.095,157466.0,3.9,34.65,687641.0,28708.161,5.5,5.25,False
2024-04-22,312.345,121.537,255.095,157466.0,3.9,34.65,687641.0,28708.161,5.5,5.25,False
2024-04-23,312.345,121.537,255.095,157466.0,3.9,34.65,687641.0,28708.161,5.5,5.25,False
2024-04-24,312.345,121.537,255.095,157466.0,3.9,34.65,687641.0,28708.161,5.5,5.25,False
2024-04-25,312.345,121.537,255.095,157466.0,3.9,34.65,687641.0,28708.161,5.5,5.25,False
2024-04-26,312.345,121.537,255.095,157466.0,3.9,34.65,687641.0,28708.161,5.5,5.25,False
2024-04-27,312.345,121.537,255.095,157466.0,3.9,34.65,687641.0,28708.161,5.5,5.25,False
2024-04-28,312.345,121.537,255.095,157466.0,3.9,34.65,687641.0,28708.161,5.5,5.25,False
2024-04-29,312.345,121.537,255.095,157466.0,3.9,34.65,687641.0,28708.161,5.5,5.25,False
2024-04-30,312.345,122.009,255.095,157466.0,3.9,34.65,687641.0,28708.161,5.5,5.25,False
2024-05-01,312.345,122.009,255.095,157466.0,3.9,34.65,687641.0,29147.044,5.5,5.25,False
2024-05-02,312.345,122.009,255.095,157466.0,3.9,34.65,687641.0,29147.044,5.5,5.25,False
2024-05-03,312.345,122.009,255.095,157466.0,3.9,34.65,687641.0,29147.044,5.5,5.25,False
2024-05-04,312.345,122.009,255.095,157466.0,3.9,34.65,687641.0,29147.044,5.5,5.25,False
2024-05-05,312.345,122.009,255.095,157466.0,3.9,34.65,687641.0,29147.044,5.5,5.25,False
2024-05-06,312.345,122.009,255.095,157530.0,3.9,34.76,687641.0,29147.044,5.5,5.25,False
2024-05-07,312.345,122.009,255.095,157530.0,3.9,34.76,687641.0,29147.044,5.5,5.25,False
2024-05-08,312.345,122.009,255.095,157530.0,3.9,34.76,687641.0,29147.044,5.5,5.25,False
2024-05-09,312.345,122.009,255.095,157530.0,3.9,34.76,687641.0,29147.044,5.5,5.25,False
2024-05-10,312.345,122.009,255.095,157530.0,3.9,34.76,687641.0,29147.044,5.5,5.25,False
2024-05-11,312.345,122.009,255.095,157530.0,3.9,34.76,687641.0,29147.044,5.5,5.25,False
2024-05-12,312.345,122.009,255.095,157530.0,3.9,34.76,687641.0,29147.044,5.5,5.25,False
2024-05-13,312.345,122.009,255.095,157530.0,3.9,34.76,687641.0,29147.044,5.5,5.25,False
2024-05-14,312.345,122.009,255.095,157530.0,3.9,34.76,687641.0,29147.044,5.5,5.25,False
2024-05-15,312.345,122.009,255.095,157530.0,3.9,34.76,687641.0,29147.044,5.5,5.25,False
2024-05-16,313.023,122.009,256.978,157530.0,3.9,34.76,687602.0,29147.044,5.5,5.25,False
2024-05-17,313.023,122.009,256.978,157530.0,3.9,34.76,687602.0,29147.044,5.5,5.25,False
2024-05-18,313.023,122.009,256.978,157530.0,3.9,34.76,687602.0,29147.044,5.5,5.25,False
2024-05-19,313.023,122.009,256.978,157530.0,3.9,34.76,687602.0,29147.044,5.5,5.25,False
2024-05-20,313.023,122.009,256.978,157530.0,3.9,34.76,687602.0,29147.044,5.5,5.25,False
2024-05-21,313.023,122.009,256.978,157530.0,3.9,34.76,687602.0,29147.044,5.5,5.25,False
2024-05-22,313.023,122.009,256.978,157530.0,3.9,34.76,687602.0,29147.044,5.5,5.25,False
2024-05-23,313.023,122.009,256.978,157530.0,3.9,34.76,687602.0,29147.044,5.5,5.25,False
2024-05-24,313.023,122.009,256.978,157530.0,3.9,34.76,687602.0,29147.044,5.5,5.25,False
2024-05-25,313.023,122.009,256.978,157530.0,3.9,34.76,687602.0,29147.044,5.5,5.25,False
2024-05-26,313.023,122.009,256.978,157530.0,3.9,34.76,687602.0,29147.044,5.5,5.25,False
2024-05-27,313.023,122.009,256.978,157530.0,3.9,34.76,687602.0,29147.044,5.5,5.25,False
2024-05-28,313.023,122.009,256.978,157530.0,3.9,34.76,687602.0,29147.044,5.5,5.25,False
2024-05-29,313.023,122.009,256.978,157530.0,3.9,34.76,687602.0,29147.044,5.5,5.25,False
2024-05-30,313.023,122.009,256.978,157530.0,3.9,34.76,687602.0,29147.044,5.5,5.25,False
2024-05-31,313.023,122.304,256.978,157530.0,3.9,34.76,687602.0,29147.044,5.5,5.25,False
2024-06-01,313.023,122.304,256.978,157530.0,3.9,34.76,687602.0,29147.044,5.5,5.25,False
2024-06-02,313.023,122.304,256.978,157530.0,3.9,34.76,687602.0,29147.044,5.5,5.25,False
2024-06-03,313.023,122.304,256.978,157530.0,3.9,34.76,687602.0,29147.044,5.5,5.25,False
2024-06-04,313.023,122.304,256.978,157530.0,3.9,34.76,687602.0,29147.044,5.5,5.25,False
2024-06-05,313.023,122.304,256.978,157608.0,3.9,34.89,687602.0,29147.044,5.5,5.25,False
2024-06-06,313.023,122.304,256.978,157608.0,3.9,34.89,687602.0,29147.044,5.5,5.25,False
2024-06-07,313.023,122.304,256.978,157608.0,3.9,34.89,687602.0,29147.044,5.5,5.25,False
2024-06-08,313.023,122.304,256.978,157608.0,3.9,34.89,687602.0,29147.044,5.5,5.25,False
2024-06-09,313.023,122.304,256.978,157608.0,3.9,34.89,687602.0,29147.044,5.5,5.25,False
2024-06-10,313.023,122.304,256.978,157608.0,3.9,34.89,687602.0,29147.044,5.5,5.25,False
2024-06-11,313.023,122.304,256.978,157608.0,3.9,34.89,687602.0,29147.044,5.5,5.25,False
2024-06-12,313.023,122.304,256.978,157608.0,3.9,34.89,687602.0,29147.044,5.5,5.25,False
2024-06-13,313.023,122.304,256.978,157608.0,3.9,34.89,687602.0,29147.044,5.5,5.25,False
2024-06-14,313.023,122.304,256.978,157608.0,3.9,34.89,687602.0,29147.044,5.5,5.25,False
2024-06-15,313.175,122.304,255.313,157608.0,3.9,34.89,692774.0,29147.044,5.5,5.25,False
2024-06-16,313.175,122.304,255.313,157608.0,3.9,34.89,692774.0,29147.044,5.5,5.25,False
2024-06-17,313.175,122.304,255.313,157608.0,3.9,34.89,692774.0,29147.044,5.5,5.25,False
2024-06-18,313.175,122.304,255.313,157608.0,3.9,34.89,692774.0,29147.044,5.5,5.25,False
2024-06-19,313.175,122.304,255.313,157608.0,3.9,34.89,692774.0,29147.044,5.5,5.25,False
2024-06-20,313.175,122.304,255.313,157608.0,3.9,34.89,692774.0,29147.044,5.5,5.25,False
2024-06-21,313.175,122.304,255.313,157608.0,3.9,34.89,692774.0,29147.044,5.5,5.25,False
2024-06-22,313.175,122.304,255.313,157608.0,3.9,34.89,692774.0,29147.044,5.5,5.25,False
2024-06-23,313.175,122.304,255.313,157608.0,3.9,34.89,692774.0,29147.044,5.5,5.25,False
2024-06-24,313.175,122.304,255.313,157608.0,3.9,34.89,692774.0,29147.044,5.5,5.25,False
2024-06-25,313.175,122.304,255.313,157608.0,3.9,34.89,692774.0,29147.044,5.5,5.25,False
2024-06-26,313.175,122.304,255.313,157608.0,3.9,34.89,692774.0,29147.044,5.5,5.25,False
2024-06-27,313.175,122.304,255.313,157608.0,3.9,34.89,692774.0,29147.044,5.5,5.25,False
2024-06-28,313.175,122.304,255.313,157608.0,3.9,34.89,692774.0,29147.044,5.5,5.25,False
2024-06-29,313.175,122.304,255.313,157608.0,3.9,34.89,692774.0,29147.044,5.5,5.25,False
2024-06-30,313.175,122.383,255.313,157608.0,3.9,34.89,692774.0,29147.044,5.5,5.25,False
2024-07-01,313.175,122.383,255.313,157608.0,3.9,34.89,692774.0,29147.044,5.5,5.25,False
2024-07-02,313.175,122.383,255.313,157608.0,3.9,34.89,692774.0,29147.044,5.5,5.25,False
2024-07-03,313.175,122.383,255.313,157608.0,3.9,34.89,692774.0,29147.044,5.5,5.25,False
2024-07-04,313.175,122.383,255.313,157608.0,3.9,34.89,692774.0,29147.044,5.5,5.25,False
2024-07-05,313.175,122.383,255.313,157608.0,3.9,34.89,692774.0,29147.044,5.5,5.25,False
2024-07-06,313.175,122.383,255.313,157695.0,4.1,35.01,692774.0,29147.044,5.5,5.25,False
2024-07-07,313.175,122.383,255.313,157695.0,4.1,35.01,692774.0,29147.044,5.5,5.25,False
2024-07-08,313.175,122.383,255.313,157695.0,4.1,35.01,692774.0,29147.044,5.5,5.25,False
2024-07-09,313.175,122.383,255.313,157695.0,4.1,35.01,692774.0,29147.044,5.5,5.25,False
2024-07-10,313.175,122.383,255.313,157695.0,4.1,35.01,692774.0,29147.044,5.5,5.25,False
2024-07-11,313.175,122.383,255.313,157695.0,4.1,35.01,692774.0,29147.044,5.5,5.25,False
2024-07-12,313.175,122.383,255.313,157695.0,4.1,35.01,692774.0,29147.044,5.5,5.25,False
2024-07-13,313.175,122.383,255.313,157695.0,4.1,35.01,692774.0,29147.044,5.5,5.25,False
2024-07-14,313.175,122.383,255.313,157695.0,4.1,35.01,692774.0,29147.044,5.5,5.25,False
2024-07-15,313.175,122.383,255.313,157695.0,4.1,35.01,692774.0,29147.044,5.5,5.25,False
2024-07-16,313.044,122.383,255.914,157695.0,4.1,35.01,692449.0,29147.044,5.5,5.25,False
2024-07-17,313.044,122.383,255.914,157695.0,4.1,35.01,692449.0,29147.044,5.5,5.25,False
2024-07-18,313.044,122.383,255.914,157695.0,4.1,35.01,692449.0,29147.044,5.5,5.25,False
2024-07-19,313.044,122.383,255.914,157695.0,4.1,35.01,692449.0,29147.044,5.5,5.25,False
2024-07-20,313.044,122.383,255.914,157695.0,4.1,35.01,692449.0,29147.044,5.5,5.25,False
2024-07-21,313.044,122.383,255.914,157695.0,4.1,35.01,692449.0,29147.044,5.5,5.25,False
2024-07-22,313.044,122.383,255.914,157695.0,4.1,35.01,692449.0,29147.044,5.5,5.25,False
2024-07-23,313.044,122.383,255.914,157695.0,4.1,35.01,692449.0,29147.044,5.5,5.25,False
2024-07-24,313.044,122.383,255.914,157695.0,4.1,35.01,692449.0,29147.044,5.5,5.25,False
2024-07-25,313.044,122.383,255.914,157695.0,4.1,35.01,692449.0,29147.044,5.5,5.25,False
2024-07-26,313.044,122.383,255.914,157695.0,4.1,35.01,692449.0,29147.044,5.5,5.25,False
2024-07-27,313.044,122.383,255.914,157695.0,4.1,35.01,692449.0,29147.044,5.5,5.25,False
2024-07-28,313.044,122.383,255.914,157695.0,4.1,35.01,692449.0,29147.044,5.5,5.25,False
2024-07-29,313.044,122.383,255.914,157695.0,4.1,35.01,692449.0,29147.044,5.5,5.25,False
2024-07-30,313.044,122.383,255.914,157695.0,4.1,35.01,692449.0,29147.044,5.5,5.25,False
2024-07-31,313.044,122.677,255.914,157695.0,4.1,35.01,692449.0,29511.664,5.5,5.25,False
2024-08-01,313.044,122.677,255.914,157695.0,4.1,35.01,692449.0,29511.664,5.5,5.25,False
2024-08-02,313.044,122.677,255.914,157695.0,4.1,35.01,692449.0,29511.664,5.5,5.25,False
2024-08-03,313.044,122.677,255.914,157695.0,4.1,35.01,692449.0,29511.664,5.5,5.25,False
2024-08-04,313.044,122.677,255.914,157695.0,4.1,35.01,692449.0,29511.664,5.5,5.25,False
2024-08-05,313.044,122.677,255.914,157748.0,4.2,35.08,692449.0,29511.664,5.5,5.25,False
2024-08-06,313.044,122.677,255.914,157748.0,4.2,35.08,692449.0,29511.664,5.5,5.25,False
2024-08-07,313.044,122.677,255.914,157748.0,4.2,35.08,692449.0,29511.664,5.5,5.25,False
2024-08-08,313.044,122.677,255.914,157748.0,4.2,35.08,692449.0,29511.664,5.5,5.25,False
2024-08-09,313.044,122.677,255.914,157748.0,4.2,35.08,692449.0,29511.664,5.5,5.25,False
2024-08-10,313.044,122.677,255.914,157748.0,4.2,35.08,692449.0,29511.664,5.5,5.25,False
2024-08-11,313.044,122.677,255.914,157748.0,4.2,35.08,692449.0,29511.664,5.5,5.25,False
2024-08-12,313.044,122.677,255.914,157748.0,4.2,35.08,692449.0,29511.664,5.5,5.25,False
2024-08-13,313.044,122.677,255.914,157748.0,4.2,35.08,692449.0,29511.664,5.5,5.25,False
2024-08-14,313.044,122.677,255.914,157748.0,4.2,35.08,692449.0,29511.664,5.5,5.25,False
2024-08-15,313.569,122.677,257.321,157748.0,4.2,35.08,698835.0,29511.664,5.5,5.25,False
2024-08-16,313.569,122.677,257.321,157748.0,4.2,35.08,698835.0,29511.664,5.5,5.25,False
2024-08-17,313.569,122.677,257.321,157748.0,4.2,35.08,698835.0,29511.664,5.5,5.25,False
2024-08-18,313.569,122.677,257.321,157748.0,4.2,35.08,698835.0,29511.664,5.5,5.25,False
2024-08-19,313.569,122.677,257.321,157748.0,4.2,35.08,698835.0,29511.664,5.5,5.25,False
2024-08-20,313.569,122.677,257.321,157748.0,4.2,35.08,698835.0,29511.664,5.5,5.25,False
2024-08-21,313.569,122.677,257.321,157748.0,4.2,35.08,698835.0,29511.664,5.5,5.25,False
2024-08-22,313.569,122.677,257.321,157748.0,4.2,35.08,698835.0,29511.664,5.5,5.25,False
2024-08-23,313.569,122.677,257.321,157748.0,4.2,35.08,698835.0,29511.664,5.5,5.25,False
2024-08-24,313.569,122.677,257.321,157748.0,4.2,35.08,698835.0,29511.664,5.5,5.25,False
2024-08-25,313.569,122.677,257.321,157748.0,4.2,35.08,698835.0,29511.664,5.5,5.25,False
2024-08-26,313.569,122.677,257.321,157748.0,4.2,35.08,698835.0,29511.664,5.5,5.25,False
2024-08-27,313.569,122.677,257.321,157748.0,4.2,35.08,698835.0,29511.664,5.5,5.25,False
2024-08-28,313.569,122.677,257.321,157748.0,4.2,35.08,698835.0,29511.664,5.5,5.25,False
2024-08-29,313.569,122.677,257.321,157748.0,4.2,35.08,698835.0,29511.664,5.5,5.25,False
2024-08-30,313.569,122.911,257.321,157748.0,4.2,35.08,698835.0,29511.664,5.5,5.25,False
2024-08-31,313.569,122.911,257.321,157748.0,4.2,35.08,698835.0,29511.664,5.5,5.25,False
2024-09-01,313.569,122.911,257.321,157748.0,4.2,35.08,698835.0,29511.664,5.5,5.25,False
2024-09-02,313.569,122.911,257.321,157748.0,4.2,35.08,698835.0,29511.664,5.5,5.25,False
2024-09-03,313.569,122.911,257.321,157748.0,4.2,35.08,698835.0,29511.664,5.5,5.25,False
2024-09-04,313.569,122.911,257.321,157748.0,4.2,35.08,698835.0,29511.664,5.5,5.25,False
2024-09-05,313.569,122.911,257.321,157757.0,4.2,35.22,698835.0,29511.664,5.5,5.25,False
2024-09-06,313.569,122.911,257.321,157757.0,4.2,35.22,698835.0,29511.664,5.5,5.25,False
2024-09-07,313.569,122.911,257.321,157757.0,4.2,35.22,698835.0,29511.664,5.5,5.25,False
2024-09-08,313.569,122.911,257.321,157757.0,4.2,35.22,698835.0,29511.664,5.5,5.25,False
2024-09-09,313.569,122.911,257.321,157757.0,4.2,35.22,698835.0,29511.664,5.5,5.25,False
2024-09-10,313.569,122.911,257.321,157757.0,4.2,35.22,698835.0,29511.664,5.5,5.25,False
2024-09-11,313.569,122.911,257.321,157757.0,4.2,35.22,698835.0,29511.664,5.5,5.25,False
2024-09-12,313.569,122.911,257.321,157757.0,4.2,35.22,698835.0,29511.664,5.5,5.25,False
2024-09-13,313.569,122.911,257.321,157757.0,4.2,35.22,698835.0,29511.664,5.5,5.25,False
2024-09-14,313.569,122.911,257.321,157757.0,4.2,35.22,698835.0,29511.664,5.5,5.25,False
2024-09-15,314.062,122.911,255.463,157757.0,4.2,35.22,697039.0,29511.664,5.5,5.25,False
2024-09-16,314.062,122.911,255.463,157757.0,4.2,35.22,697039.0,29511.664,5.5,5.25,False
2024-09-17,314.062,122.911,255.463,157757.0,4.2,35.22,697039.0,29511.664,5.5,5.25,False
2024-09-18,314.062,122.911,255.463,157757.0,4.2,35.22,697039.0,29511.664,5.5,5.25,False
2024-09-19,314.062,122.911,255.463,157757.0,4.2,35.22,697039.0,29511.664,5.0,4.75,True
2024-09-20,314.062,122.911,255.463,157757.0,4.2,35.22,697039.0,29511.664,5.0,4.75,False
2024-09-21,314.062,122.911,255.463,157757.0,4.2,35.22,697039.0,29511.664,5.0,4.75,False
2024-09-22,314.062,122.911,255.463,157757.0,4.2,35.22,697039.0,29511.664,5.0,4.75,False
2024-09-23,314.062,122.911,255.463,157757.0,4.2,35.22,697039.0,29511.664,5.0,4.75,False
2024-09-24,314.062,122.911,255.463,157757.0,4.2,35.22,697039.0,29511.664,5.0,4.75,False
2024-09-25,314.062,122.911,255.463,157757.0,4.2,35.22,697039.0,29511.664,5.0,4.75,False
2024-09-26,314.062,122.911,255.463,157757.0,4.2,35.22,697039.0,29511.664,5.0,4.75,False
2024-09-27,314.062,122.911,255.463,157757.0,4.2,35.22,697039.0,29511.664,5.0,4.75,False
2024-09-28,314.062,122.911,255.463,157757.0,4.2,35.22,697039.0,29511.664,5.0,4.75,False
2024-09-29,314.062,122.911,255.463,157757.0,4.2,35.22,697039.0,29511.664,5.0,4.75,False
2024-09-30,314.062,123.128,255.463,157757.0,4.2,35.22,697039.0,29511.664,5.0,4.75,False
2024-10-01,314.062,123.128,255.463,157757.0,4.2,35.22,697039.0,29511.664,5.0,4.75,False
2024-10-02,314.062,123.128,255.463,157757.0,4.2,35.22,697039.0,29511.664,5.0,4.75,False
2024-10-03,314.062,123.128,255.463,157757.0,4.2,35.22,697039.0,29511.664,5.0,4.75,False
2024-10-04,314.062,123.128,255.463,157757.0,4.2,35.22,697039.0,29511.664,5.0,4.75,False
2024-10-05,314.062,123.128,255.463,157757.0,4.2,35.22,697039.0,29511.664,5.0,4.75,False
2024-10-06,314.062,123.128,255.463,157912.0,4.1,35.34,697039.0,29511.664,5.0,4.75,False
2024-10-07,314.062,123.128,255.463,157912.0,4.1,35.34,697039.0,29511.664,5.0,4.75,False
2024-10-08,314.062,123.128,255.463,157912.0,4.1,35.34,697039.0,29511.664,5.0,4.75,False
2024-10-09,314.062,123.128,255.463,157912.0,4.1,35.34,697039.0,29511.664,5.0,4.75,False
2024-10-10,314.062,123.128,255.463,157912.0,4.1,35.34,697039.0,29511.664,5.0,4.75,False
2024-10-11,314.062,123.128,255.463,157912.0,4.1,35.34,697039.0,29511.664,5.0,4.75,False
2024-10-12,314.062,123.128,255.463,157912.0,4.1,35.34,697039.0,29511.664,5.0,4.75,False
2024-10-13,314.062,123.128,255.463,157912.0,4.1,35.34,697039.0,29511.664,5.0,4.75,False
2024-10-14,314.062,123.128,255.463,157912.0,4.1,35.34,697039.0,29511.664,5.0,4.75,False
2024-10-15,314.062,123.128,255.463,157912.0,4.1,35.34,697039.0,29511.664,5.0,4.75,False
2024-10-16,314.732,123.128,252.682,157912.0,4.1,35.34,703055.0,29511.664,5.0,4.75,False
2024-10-17,314.732,123.128,252.682,157912.0,4.1,35.34,703055.0,29511.664,5.0,4.75,False
2024-10-18,314.732,123.128,252.682,157912.0,4.1,35.34,703055.0,29511.664,5.0,4.75,False
2024-10-19,314.732,123.128,252.682,157912.0,4.1,35.34,703055.0,29511.664,5.0,4.75,False
2024-10-20,314.732,123.128,252.682,157912.0,4.1,35.34,703055.0,29511.664,5.0,4.75,False
2024-10-21,314.732,123.128,252.682,157912.0,4.1,35.34,703055.0,29511.664,5.0,4.75,False
2024-10-22,314.732,123.128,252.682,157912.0,4.1,35.34,703055.0,29511.664,5.0,4.75,False
2024-10-23,314.732,123.128,252.682,157912.0,4.1,35.34,703055.0,29511.664,5.0,4.75,False
2024-10-24,314.732,123.128,252.682,157912.0,4.1,35.34,703055.0,29511.664,5.0,4.75,False
2024-10-25,314.732,123.128,252.682,157912.0,4.1,35.34,703055.0,29511.664,5.0,4.75,False
2024-10-26,314.732,123.128,252.682,157912.0,4.1,35.34,703055.0,29511.664,5.0,4.75,False
2024-10-27,314.732,123.128,252.682,157912.0,4.1,35.34,703055.0,29511.664,5.0,4.75,False
2024-10-28,314.732,123.128,252.682,157912.0,4.1,35.34,703055.0,29511.664,5.0,4.75,False
2024-10-29,314.732,123.128,252.682,157912.0,4.1,35.34,703055.0,29511.664,5.0,4.75,False
2024-10-30,314.732,123.128,252.682,157912.0,4.1,35.34,703055.0,29511.664,5.0,4.75,False
2024-10-31,314.732,123.466,252.682,157912.0,4.1,35.34,703055.0,29825.182,5.0,4.75,False
2024-11-01,314.732,123.466,252.682,157912.0,4.1,35.34,703055.0,29825.182,5.0,4.75,False
2024-11-02,314.732,123.466,252.682,157912.0,4.1,35.34,703055.0,29825.182,5.0,4.75,False
2024-11-03,314.732,123.466,252.682,157912.0,4.1,35.34,703055.0,29825.182,5.0,4.75,False
2024-11-04,314.732,123.466,252.682,157912.0,4.1,35.34,703055.0,29825.182,5.0,4.75,False
2024-11-05,314.732,123.466,252.682,157945.0,4.1,35.46,703055.0,29825.182,5.0,4.75,False
2024-11-06,314.732,123.466,252.682,157945.0,4.1,35.46,703055.0,29825.182,5.0,4.75,False
2024-11-07,314.732,123.466,252.682,157945.0,4.1,35.46,703055.0,29825.182,5.0,4.75,False
2024-11-08,314.732,123.466,252.682,157945.0,4.1,35.46,703055.0,29825.182,4.75,4.5,True
2024-11-09,314.732,123.466,252.682,157945.0,4.1,35.46,703055.0,29825.182,4.75,4.5,False
2024-11-10,314.732,123.466,252.682,157945.0,4.1,35.46,703055.0,29825.182,4.75,4.5,False
2024-11-11,314.732,123.466,252.682,157945.0,4.1,35.46,703055.0,29825.182,4.75,4.5,False
2024-11-12,314.732,123.466,252.682,157945.0,4.1,35.46,703055.0,29825.182,4.75,4.5,False
2024-11-13,314.732,123.466,252.682,157945.0,4.1,35.46,703055.0,29825.182,4.75,4.5,False
2024-11-14,314.732,123.466,252.682,157945.0,4.1,35.46,703055.0,29825.182,4.75,4.5,False
2024-11-15,315.631,123.466,253.081,157945.0,4.1,35.46,708290.0,29825.182,4.75,4.5,False
2024-11-16,315.631,123.466,253.081,157945.0,4.1,35.46,708290.0,29825.182,4.75,4.5,False
2024-11-17,315.631,123.466,253.081,157945.0,4.1,35.46,708290.0,29825.182,4.75,4.5,False
2024-11-18,315.631,123.466,253.081,157945.0,4.1,35.46,708290.0,29825.182,4.75,4.5,False
2024-11-19,315.631,123.466,253.081,157945.0,4.1,35.46,708290.0,29825.182,4.75,4.5,False
2024-11-20,315.631,123.466,253.081,157945.0,4.1,35.46,708290.0,29825.182,4.75,4.5,False
2024-11-21,315.631,123.466,253.081,157945.0,4.1,35.46,708290.0,29825.182,4.75,4.5,False
2024-11-22,315.631,123.466,253.081,157945.0,4.1,35.46,708290.0,29825.182,4.75,4.5,False
2024-11-23,315.631,123.466,253.081,157945.0,4.1,35.46,708290.0,29825.182,4.75,4.5,False
2024-11-24,315.631,123.466,253.081,157945.0,4.1,35.46,708290.0,29825.182,4.75,4.5,False
2024-11-25,315.631,123.466,253.081,157945.0,4.1,35.46,708290.0,29825.182,4.75,4.5,False
2024-11-26,315.631,123.466,253.081,157945.0,4.1,35.46,708290.0,29825.182,4.75,4.5,False
2024-11-27,315.631,123.466,253.081,157945.0,4.1,35.46,708290.0,29825.182,4.75,4.5,False
2024-11-28,315.631,123.466,253.081,157945.0,4.1,35.46,708290.0,29825.182,4.75,4.5,False
2024-11-29,315.631,123.466,253.081,157945.0,4.1,35.46,708290.0,29825.182,4.75,4.5,False
2024-11-30,315.631,123.832,253.081,157945.0,4.1,35.46,708290.0,29825.182,4.75,4.5,False
2024-12-01,315.631,123.832,253.081,157945.0,4.1,35.46,708290.0,29825.182,4.75,4.5,False
2024-12-02,315.631,123.832,253.081,157945.0,4.1,35.46,708290.0,29825.182,4.75,4.5,False
2024-12-03,315.631,123.832,253.081,157945.0,4.1,35.46,708290.0,29825.182,4.75,4.5,False
2024-12-04,315.631,123.832,253.081,157945.0,4.1,35.46,708290.0,29825.182,4.75,4.5,False
2024-12-05,315.631,123.832,253.081,157945.0,4.1,35.46,708290.0,29825.182,4.75,4.5,False
2024-12-06,315.631,123.832,253.081,158079.0,4.2,35.6,708290.0,29825.182,4.75,4.5,False
2024-12-07,315.631,123.832,253.081,158079.0,4.2,35.6,708290.0,29825.182,4.75,4.5,False
2024-12-08,315.631,123.832,253.081,158079.0,4.2,35.6,708290.0,29825.182,4.75,4.5,False
2024-12-09,315.631,123.832,253.081,158079.0,4.2,35.6,708290.0,29825.182,4.75,4.5,False
2024-12-10,315.631,123.832,253.081,158079.0,4.2,35.6,708290.0,29825.182,4.75,4.5,False
2024-12-11,315.631,123.832,253.081,158079.0,4.2,35.6,708290.0,29825.182,4.75,4.5,False
2024-12-12,315.631,123.832,253.081,158079.0,4.2,35.6,708290.0,29825.182,4.75,4.5,False
2024-12-13,315.631,123.832,253.081,158079.0,4.2,35.6,708290.0,29825.182,4.75,4.5,False
2024-12-14,315.631,123.832,253.081,158079.0,4.2,35.6,708290.0,29825.182,4.75,4.5,False
2024-12-15,315.631,123.832,253.081,158079.0,4.2,35.6,708290.0,29825.182,4.75,4.5,False
2024-12-16,316.528,123.832,253.211,158079.0,4.2,35.6,711853.0,29825.182,4.75,4.5,False
2024-12-17,316.528,123.832,253.211,158079.0,4.2,35.6,711853.0,29825.182,4.75,4.5,False
2024-12-18,316.528,123.832,253.211,158079.0,4.2,35.6,711853.0,29825.182,4.75,4.5,False
2024-12-19,316.528,123.832,253.211,158079.0,4.2,35.6,711853.0,29825.182,4.5,4.25,True
2024-12-20,316.528,123.832,253.211,158079.0,4.2,35.6,711853.0,29825.182,4.5,4.25,False
2024-12-21,316.528,123.832,253.211,158079.0,4.2,35.6,711853.0,29825.182,4.5,4.25,False
2024-12-22,316.528,123.832,253.211,158079.0,4.2,35.6,711853.0,29825.182,4.5,4.25,False
2024-12-23,316.528,123.832,253.211,158079.0,4.2,35.6,711853.0,29825.182,4.5,4.25,False
2024-12-24,316.528,123.832,253.211,158079.0,4.2,35.6,711853.0,29825.182,4.5,4.25,False
2024-12-25,316.528,123.832,253.211,158079.0,4.2,35.6,711853.0,29825.182,4.5,4.25,False
2024-12-26,316.528,123.832,253.211,158079.0,4.2,35.6,711853.0,29825.182,4.5,4.25,False
2024-12-27,316.528,123.832,253.211,158079.0,4.2,35.6,711853.0,29825.182,4.5,4.25,False
2024-12-28,316.528,123.832,253.211,158079.0,4.2,35.6,711853.0,29825.182,4.5,4.25,False
2024-12-29,316.528,123.832,253.211,158079.0,4.2,35.6,711853.0,29825.182,4.5,4.25,False
2024-12-30,316.528,123.832,253.211,158079.0,4.2,35.6,711853.0,29825.182,4.5,4.25,False
2024-12-31,316.528,123.962,253.211,158079.0,4.2,35.6,711853.0,29825.182,4.5,4.25,False
2025-01-01,316.528,123.962,253.211,158079.0,4.2,35.6,711853.0,29825.182,4.5,4.25,False
2025-01-02,316.528,123.962,253.211,158079.0,4.2,35.6,711853.0,29825.182,4.5,4.25,False
2025-01-03,316.528,123.962,253.211,158079.0,4.2,35.6,711853.0,29825.182,4.5,4.25,False
2025-01-04,316.528,123.962,253.211,158079.0,4.2,35.6,711853.0,29825.182,4.5,4.25,False
2025-01-05,316.528,123.962,253.211,158316.0,4.1,35.69,711853.0,29825.182,4.5,4.25,False
2025-01-06,316.528,123.962,253.211,158316.0,4.1,35.69,711853.0,29825.182,4.5,4.25,False
2025-01-07,316.528,123.962,253.211,158316.0,4.1,35.69,711853.0,29825.182,4.5,4.25,False
2025-01-08,316.528,123.962,253.211,158316.0,4.1,35.69,711853.0,29825.182,4.5,4.25,False
2025-01-09,316.528,123.962,253.211,158316.0,4.1,35.69,711853.0,29825.182,4.5,4.25,False
2025-01-10,316.528,123.962,253.211,158316.0,4.1,35.69,711853.0,29825.182,4.5,4.25,False
2025-01-11,316.528,123.962,253.211,158316.0,4.1,35.69,711853.0,29825.182,4.5,4.25,False
2025-01-12,316.528,123.962,253.211,158316.0,4.1,35.69,711853.0,29825.182,4.5,4.25,False
2025-01-13,316.528,123.962,253.211,158316.0,4.1,35.69,711853.0,29825.182,4.5,4.25,False
2025-01-14,316.528,123.962,253.211,158316.0,4.1,35.69,711853.0,29825.182,4.5,4.25,False
2025-01-15,317.604,123.962,253.423,158316.0,4.1,35.69,717265.0,29825.182,4.5,4.25,False
2025-01-16,317.604,123.962,253.423,158316.0,4.1,35.69,717265.0,29825.182,4.5,4.25,False
2025-01-17,317.604,123.962,253.423,158316.0,4.1,35.69,717265.0,29825.182,4.5,4.25,False
2025-01-18,317.604,123.962,253.423,158316.0,4.1,35.69,717265.0,29825.182,4.5,4.25,False
2025-01-19,317.604,123.962,253.423,158316.0,4.1,35.69,717265.0,29825.182,4.5,4.25,False
2025-01-20,317.604,123.962,253.423,158316.0,4.1,35.69,717265.0,29825.182,4.5,4.25,False
2025-01-21,317.604,123.962,253.423,158316.0,4.1,35.69,717265.0,29825.182,4.5,4.25,False
2025-01-22,317.604,123.962,253.423,158316.0,4.1,35.69,717265.0,29825.182,4.5,4.25,False
2025-01-23,317.604,123.962,253.423,158316.0,4.1,35.69,717265.0,29825.182,4.5,4.25,False
2025-01-24,317.604,123.962,253.423,158316.0,4.1,35.69,717265.0,29825.182,4.5,4.25,False
2025-01-25,317.604,123.962,253.423,158316.0,4.1,35.69,717265.0,29825.182,4.5,4.25,False
2025-01-26,317.604,123.962,253.423,158316.0,4.1,35.69,717265.0,29825.182,4.5,4.25,False
2025-01-27,317.604,123.962,253.423,158316.0,4.1,35.69,717265.0,29825.182,4.5,4.25,False
2025-01-28,317.604,123.962,253.423,158316.0,4.1,35.69,717265.0,29825.182,4.5,4.25,False
2025-01-29,317.604,123.962,253.423,158316.0,4.1,35.69,717265.0,29825.182,4.5,4.25,False
2025-01-30,317.604,124.196,253.423,158316.0,4.1,35.69,717265.0,29825.182,4.5,4.25,False
2025-01-31,317.604,124.196,253.423,158316.0,4.1,35.69,717265.0,30042.113,4.5,4.25,False
2025-02-01,317.604,124.196,253.423,158316.0,4.1,35.69,717265.0,30042.113,4.5,4.25,False
2025-02-02,317.604,124.196,253.423,158316.0,4.1,35.69,717265.0,30042.113,4.5,4.25,False
2025-02-03,317.604,124.196,253.423,158316.0,4.1,35.69,717265.0,30042.113,4.5,4.25,False
2025-02-04,317.604,124.196,253.423,158316.0,4.1,35.69,717265.0,30042.113,4.5,4.25,False
2025-02-05,317.604,124.196,253.423,158268.0,4.0,35.84,717265.0,30042.113,4.5,4.25,False
2025-02-06,317.604,124.196,253.423,158268.0,4.0,35.84,717265.0,30042.113,4.5,4.25,False
2025-02-07,317.604,124.196,253.423,158268.0,4.0,35.84,717265.0,30042.113,4.5,4.25,False
2025-02-08,317.604,124.196,253.423,158268.0,4.0,35.84,717265.0,30042.113,4.5,4.25,False
2025-02-09,317.604,124.196,253.423,158268.0,4.0,35.84,717265.0,30042.113,4.5,4.25,False
2025-02-10,317.604,124.196,253.423,158268.0,4.0,35.84,717265.0,30042.113,4.5,4.25,False
2025-02-11,317.604,124.196,253.423,158268.0,4.0,35.84,717265.0,30042.113,4.5,4.25,False
2025-02-12,317.604,124.196,253.423,158268.0,4.0,35.84,717265.0,30042.113,4.5,4.25,False
2025-02-13,317.604,124.196,253.423,158268.0,4.0,35.84,717265.0,30042.113,4.5,4.25,False
2025-02-14,317.604,124.196,253.423,158268.0,4.0,35.84,717265.0,30042.113,4.5,4.25,False
2025-02-15,318.961,124.196,257.36,158268.0,4.0,35.84,711260.0,30042.113,4.5,4.25,False
2025-02-16,318.961,124.196,257.36,158268.0,4.0,35.84,711260.0,30042.113,4.5,4.25,False
2025-02-17,318.961,124.196,257.36,158268.0,4.0,35.84,711260.0,30042.113,4.5,4.25,False
2025-02-18,318.961,124.196,257.36,158268.0,4.0,35.84,711260.0,30042.113,4.5,4.25,False
2025-02-19,318.961,124.196,257.36,158268.0,4.0,35.84,711260.0,30042.113,4.5,4.25,False
2025-02-20,318.961,124.196,257.36,158268.0,4.0,35.84,711260.0,30042.113,4.5,4.25,False
2025-02-21,318.961,124.196,257.36,158268.0,4.0,35.84,711260.0,30042.113,4.5,4.25,False
2025-02-22,318.961,124.196,257.36,158268.0,4.0,35.84,711260.0,30042.113,4.5,4.25,False
2025-02-23,318.961,124.196,257.36,158268.0,4.0,35.84,711260.0,30042.113,4.5,4.25,False
2025-02-24,318.961,124.196,257.36,158268.0,4.0,35.84,711260.0,30042.113,4.5,4.25,False
2025-02-25,318.961,124.196,257.36,158268.0,4.0,35.84,711260.0,30042.113,4.5,4.25,False
2025-02-26,318.961,124.196,257.36,158268.0,4.0,35.84,711260.0,30042.113,4.5,4.25,False
2025-02-27,318.961,124.196,257.36,158268.0,4.0,35.84,711260.0,30042.113,4.5,4.25,False
2025-02-28,318.961,124.196,257.36,158268.0,4.0,35.84,711260.0,30042.113,4.5,4.25,False
2025-03-01,318.961,124.196,257.36,158268.0,4.0,35.84,711260.0,30042.113,4.5,4.25,False
2025-03-02,318.961,124.587,257.36,158268.0,4.0,35.84,711260.0,30042.113,4.5,4.25,False
2025-03-03,318.961,124.587,257.36,158268.0,4.0,35.84,711260.0,30042.113,4.5,4.25,False
2025-03-04,318.961,124.587,257.36,158268.0,4.0,35.84,711260.0,30042.113,4.5,4.25,False
2025-03-05,318.961,124.587,257.36,158268.0,4.0,35.84,711260.0,30042.113,4.5,4.25,False
2025-03-06,318.961,124.587,257.36,158268.0,4.0,35.84,711260.0,30042.113,4.5,4.25,False
2025-03-07,318.961,124.587,257.36,158268.0,4.0,35.84,711260.0,30042.113,4.5,4.25,False
2025-03-08,318.961,124.587,257.36,158310.0,4.2,35.94,711260.0,30042.113,4.5,4.25,False
2025-03-09,318.961,124.587,257.36,158310.0,4.2,35.94,711260.0,30042.113,4.5,4.25,False
2025-03-10,318.961,124.587,257.36,158310.0,4.2,35.94,711260.0,30042.113,4.5,4.25,False
2025-03-11,318.961,124.587,257.36,158310.0,4.2,35.94,711260.0,30042.113,4.5,4.25,False
2025-03-12,318.961,124.587,257.36,158310.0,4.2,35.94,711260.0,30042.113,4.5,4.25,False
2025-03-13,318.961,124.587,257.36,158310.0,4.2,35.94,711260.0,30042.113,4.5,4.25,False
2025-03-14,318.961,124.587,257.36,158310.0,4.2,35.94,711260.0,30042.113,4.5,4.25,False
2025-03-15,318.961,124.587,257.36,158310.0,4.2,35.94,711260.0,30042.113,4.5,4.25,False
2025-03-16,318.961,124.587,257.36,158310.0,4.2,35.94,711260.0,30042.113,4.5,4.25,False
2025-03-17,318.961,124.587,257.36,158310.0,4.2,35.94,711260.0,30042.113,4.5,4.25,False
2025-03-18,319.679,124.587,259.498,158310.0,4.2,35.94,711575.0,30042.113,4.5,4.25,False
2025-03-19,319.679,124.587,259.498,158310.0,4.2,35.94,711575.0,30042.113,4.5,4.25,False
2025-03-20,319.679,124.587,259.498,158310.0,4.2,35.94,711575.0,30042.113,4.5,4.25,False
2025-03-21,319.679,124.587,259.498,158310.0,4.2,35.94,711575.0,30042.113,4.5,4.25,False
2025-03-22,319.679,124.587,259.498,158310.0,4.2,35.94,711575.0,30042.113,4.5,4.25,False
2025-03-23,319.679,124.587,259.498,158310.0,4.2,35.94,711575.0,30042.113,4.5,4.25,False
2025-03-24,319.679,124.587,259.498,158310.0,4.2,35.94,711575.0,30042.113,4.5,4.25,False
2025-03-25,319.679,124.587,259.498,158310.0,4.2,35.94,711575.0,30042.113,4.5,4.25,False
2025-03-26,319.679,124.587,259.498,158310.0,4.2,35.94,711575.0,30042.113,4.5,4.25,False
2025-03-27,319.679,124.587,259.498,158310.0,4.2,35.94,711575.0,30042.113,4.5,4.25,False
2025-03-28,319.679,124.587,259.498,158310.0,4.2,35.94,711575.0,30042.113,4.5,4.25,False
2025-03-29,319.679,124.587,259.498,158310.0,4.2,35.94,711575.0,30042.113,4.5,4.25,False
2025-03-30,319.679,124.587,259.498,158310.0,4.2,35.94,711575.0,30042.113,4.5,4.25,False
2025-03-31,319.679,124.587,259.498,158310.0,4.2,35.94,711575.0,30042.113,4.5,4.25,False
2025-04-01,319.679,124.587,259.498,158310.0,4.2,35.94,711575.0,30042.113,4.5,4.25,False
2025-04-02,319.679,125.145,259.498,158310.0,4.2,35.94,711575.0,30042.113,4.5,4.25,False
2025-04-03,319.679,125.145,259.498,158310.0,4.2,35.94,711575.0,30042.113,4.5,4.25,False
2025-04-04,319.679,125.145,259.498,158310.0,4.2,35.94,711575.0,30042.113,4.5,4.25,False
2025-04-05,319.679,125.145,259.498,158377.0,4.2,36.11,711575.0,30042.113,4.5,4.25,False
2025-04-06,319.679,125.145,259.498,158377.0,4.2,36.11,711575.0,30042.113,4.5,4.25,False
2025-04-07,319.679,125.145,259.498,158377.0,4.2,36.11,711575.0,30042.113,4.5,4.25,False
2025-04-08,319.679,125.145,259.498,158377.0,4.2,36.11,711575.0,30042.113,4.5,4.25,False
2025-04-09,319.679,125.145,259.498,158377.0,4.2,36.11,711575.0,30042.113,4.5,4.25,False
2025-04-10,319.679,125.145,259.498,158377.0,4.2,36.11,711575.0,30042.113,4.5,4.25,False
2025-04-11,319.679,125.145,259.498,158377.0,4.2,36.11,711575.0,30042.113,4.5,4.25,False
2025-04-12,319.679,125.145,259.498,158377.0,4.2,36.11,711575.0,30042.113,4.5,4.25,False
2025-04-13,319.679,125.145,259.498,158377.0,4.2,36.11,711575.0,30042.113,4.5,4.25,False
2025-04-14,319.679,125.145,259.498,158377.0,4.2,36.11,711575.0,30042.113,4.5,4.25,False
2025-04-15,319.785,125.145,258.525,158377.0,4.2,36.11,723339.0,30042.113,4.5,4.25,False
2025-04-16,319.785,125.145,258.525,158377.0,4.2,36.11,723339.0,30042.113,4.5,4.25,False
2025-04-17,319.785,125.145,258.525,158377.0,4.2,36.11,723339.0,30042.113,4.5,4.25,False
2025-04-18,319.785,125.145,258.525,158377.0,4.2,36.11,723339.0,30042.113,4.5,4.25,False
2025-04-19,319.785,125.145,258.525,158377.0,4.2,36.11,723339.0,30042.113,4.5,4.25,False
2025-04-20,319.785,125.145,258.525,158377.0,4.2,36.11,723339.0,30042.113,4.5,4.25,False
2025-04-21,319.785,125.145,258.525,158377.0,4.2,36.11,723339.0,30042.113,4.5,4.25,False
2025-04-22,319.785,125.145,258.525,158377.0,4.2,36.11,723339.0,30042.113,4.5,4.25,False
2025-04-23,319.785,125.145,258.525,158377.0,4.2,36.11,723339.0,30042.113,4.5,4.25,False
2025-04-24,319.785,125.145,258.525,158377.0,4.2,36.11,723339.0,30042.113,4.5,4.25,False
2025-04-25,319.785,125.145,258.525,158377.0,4.2,36.11,723339.0,30042.113,4.5,4.25,False
2025-04-26,319.785,125.145,258.525,158377.0,4.2,36.11,723339.0,30042.113,4.5,4.25,False
2025-04-27,319.785,125.145,258.525,158377.0,4.2,36.11,723339.0,30042.113,4.5,4.25,False
2025-04-28,319.785,125.145,258.525,158377.0,4.2,36.11,723339.0,30042.113,4.5,4.25,False
2025-04-29,319.785,125.145,258.525,158377.0,4.2,36.11,723339.0,30042.113,4.5,4.25,False
2025-04-30,319.785,125.267,258.525,158377.0,4.2,36.11,723339.0,30042.113,4.5,4.25,False
2025-05-01,319.785,125.267,258.525,158377.0,4.2,36.11,723339.0,30485.729,4.5,4.25,False
2025-05-02,319.785,125.267,258.525,158377.0,4.2,36.11,723339.0,30485.729,4.5,4.25,False
2025-05-03,319.785,125.267,258.525,158377.0,4.2,36.11,723339.0,30485.729,4.5,4.25,False
2025-05-04,319.785,125.267,258.525,158377.0,4.2,36.11,723339.0,30485.729,4.5,4.25,False
2025-05-05,319.785,125.267,258.525,158377.0,4.2,36.11,723339.0,30485.729,4.5,4.25,False
2025-05-06,319.785,125.267,258.525,158485.0,4.2,36.12,723339.0,30485.729,4.5,4.25,False
2025-05-07,319.785,125.267,258.525,158485.0,4.2,36.12,723339.0,30485.729,4.5,4.25,False
2025-05-08,319.785,125.267,258.525,158485.0,4.2,36.12,723339.0,30485.729,4.5,4.25,False
2025-05-09,319.785,125.267,258.525,158485.0,4.2,36.12,723339.0,30485.729,4.5,4.25,False
2025-05-10,319.785,125.267,258.525,158485.0,4.2,36.12,723339.0,30485.729,4.5,4.25,False
2025-05-11,319.785,125.267,258.525,158485.0,4.2,36.12,723339.0,30485.729,4.5,4.25,False
2025-05-12,319.785,125.267,258.525,158485.0,4.2,36.12,723339.0,30485.729,4.5,4.25,False
2025-05-13,319.785,125.267,258.525,158485.0,4.2,36.12,723339.0,30485.729,4.5,4.25,False
2025-05-14,319.785,125.267,258.525,158485.0,4.2,36.12,723339.0,30485.729,4.5,4.25,False
2025-05-15,319.785,125.267,258.525,158485.0,4.2,36.12,723339.0,30485.729,4.5,4.25,False
2025-05-16,320.302,125.267,258.392,158485.0,4.2,36.12,722442.0,30485.729,4.5,4.25,False
2025-05-17,320.302,125.267,258.392,158485.0,4.2,36.12,722442.0,30485.729,4.5,4.25,False
2025-05-18,320.302,125.267,258.392,158485.0,4.2,36.12,722442.0,30485.729,4.5,4.25,False
2025-05-19,320.302,125.267,258.392,158485.0,4.2,36.12,722442.0,30485.729,4.5,4.25,False
2025-05-20,320.302,125.267,258.392,158485.0,4.2,36.12,722442.0,30485.729,4.5,4.25,False
2025-05-21,320.302,125.267,258.392,158485.0,4.2,36.12,722442.0,30485.729,4.5,4.25,False
2025-05-22,320.302,125.267,258.392,158485.0,4.2,36.12,722442.0,30485.729,4.5,4.25,False
2025-05-23,320.302,125.267,258.392,158485.0,4.2,36.12,722442.0,30485.729,4.5,4.25,False
2025-05-24,320.302,125.267,258.392,158485.0,4.2,36.12,722442.0,30485.729,4.5,4.25,False
2025-05-25,320.302,125.267,258.392,158485.0,4.2,36.12,722442.0,30485.729,4.5,4.25,False
2025-05-26,320.302,125.267,258.392,158485.0,4.2,36.12,722442.0,30485.729,4.5,4.25,False
2025-05-27,320.302,125.267,258.392,158485.0,4.2,36.12,722442.0,30485.729,4.5,4.25,False
2025-05-28,320.302,125.267,258.392,158485.0,4.2,36.12,722442.0,30485.729,4.5,4.25,False
2025-05-29,320.302,125.267,258.392,158485.0,4.2,36.12,722442.0,30485.729,4.5,4.25,False
2025-05-30,320.302,125.267,258.392,158485.0,4.2,36.12,722442.0,30485.729,4.5,4.25,False
2025-05-31,320.302,125.502,258.392,158485.0,4.2,36.12,722442.0,30485.729,4.5,4.25,False
2025-06-01,320.302,125.502,258.392,158485.0,4.2,36.12,722442.0,30485.729,4.5,4.25,False
2025-06-02,320.302,125.502,258.392,158485.0,4.2,36.12,722442.0,30485.729,4.5,4.25,False
2025-06-03,320.302,125.502,258.392,158485.0,4.2,36.12,722442.0,30485.729,4.5,4.25,False
2025-06-04,320.302,125.502,258.392,158485.0,4.2,36.12,722442.0,30485.729,4.5,4.25,False
2025-06-05,320.302,125.502,258.392,158498.0,4.3,36.28,722442.0,30485.729,4.5,4.25,False
2025-06-06,320.302,125.502,258.392,158498.0,4.3,36.28,722442.0,30485.729,4.5,4.25,False
2025-06-07,320.302,125.502,258.392,158498.0,4.3,36.28,722442.0,30485.729,4.5,4.25,False
2025-06-08,320.302,125.502,258.392,158498.0,4.3,36.28,722442.0,30485.729,4.5,4.25,False
2025-06-09,320.302,125.502,258.392,158498.0,4.3,36.28,722442.0,30485.729,4.5,4.25,False
2025-06-10,320.302,125.502,258.392,158498.0,4.3,36.28,722442.0,30485.729,4.5,4.25,False
2025-06-11,320.302,125.502,258.392,158498.0,4.3,36.28,722442.0,30485.729,4.5,4.25,False
2025-06-12,320.302,125.502,258.392,158498.0,4.3,36.28,722442.0,30485.729,4.5,4.25,False
2025-06-13,320.302,125.502,258.392,158498.0,4.3,36.28,722442.0,30485.729,4.5,4.25,False
2025-06-14,320.302,125.502,258.392,158498.0,4.3,36.28,722442.0,30485.729,4.5,4.25,False
2025-06-15,320.62,125.502,258.678,158498.0,4.3,36.28,714513.0,30485.729,4.5,4.25,False
2025-06-16,320.62,125.502,258.678,158498.0,4.3,36.28,714513.0,30485.729,4.5,4.25,False
2025-06-17,320.62,125.502,258.678,158498.0,4.3,36.28,714513.0,30485.729,4.5,4.25,False
2025-06-18,320.62,125.502,258.678,158498.0,4.3,36.28,714513.0,30485.729,4.5,4.25,False
2025-06-19,320.62,125.502,258.678,158498.0,4.3,36.28,714513.0,30485.729,4.5,4.25,False
2025-06-20,320.62,125.502,258.678,158498.0,4.3,36.28,714513.0,30485.729,4.5,4.25,False
2025-06-21,320.62,125.502,258.678,158498.0,4.3,36.28,714513.0,30485.729,4.5,4.25,False
2025-06-22,320.62,125.502,258.678,158498.0,4.3,36.28,714513.0,30485.729,4.5,4.25,False
2025-06-23,320.62,125.502,258.678,158498.0,4.3,36.28,714513.0,30485.729,4.5,4.25,False
2025-06-24,320.62,125.502,258.678,158498.0,4.3,36.28,714513.0,30485.729,4.5,4.25,False
2025-06-25,320.62,125.502,258.678,158498.0,4.3,36.28,714513.0,30485.729,4.5,4.25,False
2025-06-26,320.62,125.502,258.678,158498.0,4.3,36.28,714513.0,30485.729,4.5,4.25,False
2025-06-27,320.62,125.502,258.678,158498.0,4.3,36.28,714513.0,30485.729,4.5,4.25,False
2025-06-28,320.62,125.502,258.678,158498.0,4.3,36.28,714513.0,30485.729,4.5,4.25,False
2025-06-29,320.62,125.502,258.678,158498.0,4.3,36.28,714513.0,30485.729,4.5,4.25,False
2025-06-30,320.62,125.79,258.678,158498.0,4.3,36.28,714513.0,30485.729,4.5,4.25,False
2025-07-01,320.62,125.79,258.678,158498.0,4.3,36.28,714513.0,30485.729,4.5,4.25,False
2025-07-02,320.62,125.79,258.678,158498.0,4.3,36.28,714513.0,30485.729,4.5,4.25,False
2025-07-03,320.62,125.79,258.678,158498.0,4.3,36.28,714513.0,30485.729,4.5,4.25,False
2025-07-04,320.62,125.79,258.678,158498.0,4.3,36.28,714513.0,30485.729,4.5,4.25,False
2025-07-05,320.62,125.79,258.678,158498.0,4.3,36.28,714513.0,30485.729,4.5,4.25,False
2025-07-06,320.62,125.79,258.678,158478.0,4.1,36.36,714513.0,30485.729,4.5,4.25,False
2025-07-07,320.62,125.79,258.678,158478.0,4.1,36.36,714513.0,30485.729,4.5,4.25,False
2025-07-08,320.62,125.79,258.678,158478.0,4.1,36.36,714513.0,30485.729,4.5,4.25,False
2025-07-09,320.62,125.79,258.678,158478.0,4.1,36.36,714513.0,30485.729,4.5,4.25,False
2025-07-10,320.62,125.79,258.678,158478.0,4.1,36.36,714513.0,30485.729,4.5,4.25,False
2025-07-11,320.62,125.79,258.678,158478.0,4.1,36.36,714513.0,30485.729,4.5,4.25,False
2025-07-12,320.62,125.79,258.678,158478.0,4.1,36.36,714513.0,30485.729,4.5,4.25,False
2025-07-13,320.62,125.79,258.678,158478.0,4.1,36.36,714513.0,30485.729,4.5,4.25,False
2025-07-14,320.62,125.79,258.678,158478.0,4.1,36.36,714513.0,30485.729,4.5,4.25,False
2025-07-15,320.62,125.79,258.678,158478.0,4.1,36.36,714513.0,30485.729,4.5,4.25,False
2025-07-16,321.435,125.79,260.491,158478.0,4.1,36.36,719484.0,30485.729,4.5,4.25,False
2025-07-17,321.435,125.79,260.491,158478.0,4.1,36.36,719484.0,30485.729,4.5,4.25,False
2025-07-18,321.435,125.79,260.491,158478.0,4.1,36.36,719484.0,30485.729,4.5,4.25,False
2025-07-19,321.435,125.79,260.491,158478.0,4.1,36.36,719484.0,30485.729,4.5,4.25,False
2025-07-20,321.435,125.79,260.491,158478.0,4.1,36.36,719484.0,30485.729,4.5,4.25,False
2025-07-21,321.435,125.79,260.491,158478.0,4.1,36.36,719484.0,30485.729,4.5,4.25,False
2025-07-22,321.435,125.79,260.491,158478.0,4.1,36.36,719484.0,30485.729,4.5,4.25,False
2025-07-23,321.435,125.79,260.491,158478.0,4.1,36.36,719484.0,30485.729,4.5,4.25,False
2025-07-24,321.435,125.79,260.491,158478.0,4.1,36.36,719484.0,30485.729,4.5,4.25,False
2025-07-25,321.435,125.79,260.491,158478.0,4.1,36.36,719484.0,30485.729,4.5,4.25,False
2025-07-26,321.435,125.79,260.491,158478.0,4.1,36.36,719484.0,30485.729,4.5,4.25,False
2025-07-27,321.435,125.79,260.491,158478.0,4.1,36.36,719484.0,30485.729,4.5,4.25,False
2025-07-28,321.435,125.79,260.491,158478.0,4.1,36.36,719484.0,30485.729,4.5,4.25,False
2025-07-29,321.435,125.79,260.491,158478.0,4.1,36.36,719484.0,30485.729,4.5,4.25,False
2025-07-30,321.435,125.79,260.491,158478.0,4.1,36.36,719484.0,30485.729,4.5,4.25,False
2025-07-31,321.435,126.121,260.491,158478.0,4.1,36.36,719484.0,31098.027,4.5,4.25,False
2025-08-01,321.435,126.121,260.491,158478.0,4.1,36.36,719484.0,31098.027,4.5,4.25,False
2025-08-02,321.435,126.121,260.491,158478.0,4.1,36.36,719484.0,31098.027,4.5,4.25,False
2025-08-03,321.435,126.121,260.491,158478.0,4.1,36.36,719484.0,31098.027,4.5,4.25,False
2025-08-04,321.435,126.121,260.491,158478.0,4.1,36.36,719484.0,31098.027,4.5,4.25,False
2025-08-05,321.435,126.121,260.491,158542.0,4.3,36.47,719484.0,31098.027,4.5,4.25,False
2025-08-06,321.435,126.121,260.491,158542.0,4.3,36.47,719484.0,31098.027,4.5,4.25,False
2025-08-07,321.435,126.121,260.491,158542.0,4.3,36.47,719484.0,31098.027,4.5,4.25,False
2025-08-08,321.435,126.121,260.491,158542.0,4.3,36.47,719484.0,31098.027,4.5,4.25,False
2025-08-09,321.435,126.121,260.491,158542.0,4.3,36.47,719484.0,31098.027,4.5,4.25,False
2025-08-10,321.435,126.121,260.491,158542.0,4.3,36.47,719484.0,31098.027,4.5,4.25,False
2025-08-11,321.435,126.121,260.491,158542.0,4.3,36.47,719484.0,31098.027,4.5,4.25,False
2025-08-12,321.435,126.121,260.491,158542.0,4.3,36.47,719484.0,31098.027,4.5,4.25,False
2025-08-13,321.435,126.121,260.491,158542.0,4.3,36.47,719484.0,31098.027,4.5,4.25,False
2025-08-14,321.435,126.121,260.491,158542.0,4.3,36.47,719484.0,31098.027,4.5,4.25,False
2025-08-15,322.169,126.121,262.358,158542.0,4.3,36.47,727176.0,31098.027,4.5,4.25,False
2025-08-16,322.169,126.121,262.358,158542.0,4.3,36.47,727176.0,31098.027,4.5,4.25,False
2025-08-17,322.169,126.121,262.358,158542.0,4.3,36.47,727176.0,31098.027,4.5,4.25,False
2025-08-18,322.169,126.121,262.358,158542.0,4.3,36.47,727176.0,31098.027,4.5,4.25,False
2025-08-19,322.169,126.121,262.358,158542.0,4.3,36.47,727176.0,31098.027,4.5,4.25,False
2025-08-20,322.169,126.121,262.358,158542.0,4.3,36.47,727176.0,31098.027,4.5,4.25,False
2025-08-21,322.169,126.121,262.358,158542.0,4.3,36.47,727176.0,31098.027,4.5,4.25,False
2025-08-22,322.169,126.121,262.358,158542.0,4.3,36.47,727176.0,31098.027,4.5,4.25,False
2025-08-23,322.169,126.121,262.358,158542.0,4.3,36.47,727176.0,31098.027,4.5,4.25,False
2025-08-24,322.169,126.121,262.358,158542.0,4.3,36.47,727176.0,31098.027,4.5,4.25,False
2025-08-25,322.169,126.121,262.358,158542.0,4.3,36.47,727176.0,31098.027,4.5,4.25,False
2025-08-26,322.169,126.121,262.358,158542.0,4.3,36.47,727176.0,31098.027,4.5,4.25,False
2025-08-27,322.169,126.121,262.358,158542.0,4.3,36.47,727176.0,31098.027,4.5,4.25,False
2025-08-28,322.169,126.121,262.358,158542.0,4.3,36.47,727176.0,31098.027,4.5,4.25,False
2025-08-29,322.169,126.121,262.358,158542.0,4.3,36.47,727176.0,31098.027,4.5,4.25,False
2025-08-30,322.169,126.43,262.358,158542.0,4.3,36.47,727176.0,31098.027,4.5,4.25,False
2025-08-31,322.169,126.43,262.358,158542.0,4.3,36.47,727176.0,31098.027,4.5,4.25,False
2025-09-01,322.169,126.43,262.358,158542.0,4.3,36.47,727176.0,31098.027,4.5,4.25,False
2025-09-02,322.169,126.43,262.358,158542.0,4.3,36.47,727176.0,31098.027,4.5,4.25,False
2025-09-03,322.169,126.43,262.358,158542.0,4.3,36.47,727176.0,31098.027,4.5,4.25,False
2025-09-04,322.169,126.43,262.358,158542.0,4.3,36.47,727176.0,31098.027,4.5,4.25,False
2025-09-05,322.169,126.43,262.358,158472.0,4.3,36.62,727176.0,31098.027,4.5,4.25,False
2025-09-06,322.169,126.43,262.358,158472.0,4.3,36.62,727176.0,31098.027,4.5,4.25,False
2025-09-07,322.169,126.43,262.358,158472.0,4.3,36.62,727176.0,31098.027,4.5,4.25,False
2025-09-08,322.169,126.43,262.358,158472.0,4.3,36.62,727176.0,31098.027,4.5,4.25,False
2025-09-09,322.169,126.43,262.358,158472.0,4.3,36.62,727176.0,31098.027,4.5,4.25,False
2025-09-10,322.169,126.43,262.358,158472.0,4.3,36.62,727176.0,31098.027,4.5,4.25,False
2025-09-11,322.169,126.43,262.358,158472.0,4.3,36.62,727176.0,31098.027,4.5,4.25,False
2025-09-12,322.169,126.43,262.358,158472.0,4.3,36.62,727176.0,31098.027,4.5,4.25,False
2025-09-13,322.169,126.43,262.358,158472.0,4.3,36.62,727176.0,31098.027,4.5,4.25,False
2025-09-14,322.169,126.43,262.358,158472.0,4.3,36.62,727176.0,31098.027,4.5,4.25,False
2025-09-15,323.291,126.43,262.11,158472.0,4.3,36.62,731700.0,31098.027,4.5,4.25,False
2025-09-16,323.291,126.43,262.11,158472.0,4.3,36.62,731700.0,31098.027,4.5,4.25,False
2025-09-17,323.291,126.43,262.11,158472.0,4.3,36.62,731700.0,31098.027,4.5,4.25,False
2025-09-18,323.291,126.43,262.11,158472.0,4.3,36.62,731700.0,31098.027,4.25,4.0,True
2025-09-19,323.291,126.43,262.11,158472.0,4.3,36.62,731700.0,31098.027,4.25,4.0,False
2025-09-20,323.291,126.43,262.11,158472.0,4.3,36.62,731700.0,31098.027,4.25,4.0,False
2025-09-21,323.291,126.43,262.11,158472.0,4.3,36.62,731700.0,31098.027,4.25,4.0,False
2025-09-22,323.291,126.43,262.11,158472.0,4.3,36.62,731700.0,31098.027,4.25,4.0,False
2025-09-23,323.291,126.43,262.11,158472.0,4.3,36.62,731700.0,31098.027,4.25,4.0,False
2025-09-24,323.291,126.43,262.11,158472.0,4.3,36.62,731700.0,31098.027,4.25,4.0,False
2025-09-25,323.291,126.43,262.11,158472.0,4.3,36.62,731700.0,31098.027,4.25,4.0,False
2025-09-26,323.291,126.43,262.11,158472.0,4.3,36.62,731700.0,31098.027,4.25,4.0,False
2025-09-27,323.291,126.43,262.11,158472.0,4.3,36.62,731700.0,31098.027,4.25,4.0,False
2025-09-28,323.291,126.43,262.11,158472.0,4.3,36.62,731700.0,31098.027,4.25,4.0,False
2025-09-29,323.291,126.43,262.11,158472.0,4.3,36.62,731700.0,31098.027,4.25,4.0,False
2025-09-30,323.291,126.714,262.11,158472.0,4.3,36.62,731700.0,31098.027,4.25,4.0,False
2025-10-01,323.291,126.714,262.11,158472.0,4.3,36.62,731700.0,31098.027,4.25,4.0,False
2025-10-02,323.291,126.714,262.11,158472.0,4.3,36.62,731700.0,31098.027,4.25,4.0,False
2025-10-03,323.291,126.714,262.11,158472.0,4.3,36.62,731700.0,31098.027,4.25,4.0,False
2025-10-04,323.291,126.714,262.11,158472.0,4.3,36.62,731700.0,31098.027,4.25,4.0,False
2025-10-05,323.291,126.714,262.11,158472.0,4.3,36.62,731700.0,31098.027,4.25,4.0,False
2025-10-06,323.291,126.714,262.11,158548.0,4.4,36.7,731700.0,31098.027,4.25,4.0,False
2025-10-07,323.291,126.714,262.11,158548.0,4.4,36.7,731700.0,31098.027,4.25,4.0,False
2025-10-08,323.291,126.714,262.11,158548.0,4.4,36.7,731700.0,31098.027,4.25,4.0,False
2025-10-09,323.291,126.714,262.11,158548.0,4.4,36.7,731700.0,31098.027,4.25,4.0,False
2025-10-10,323.291,126.714,262.11,158548.0,4.4,36.7,731700.0,31098.027,4.25,4.0,False
2025-10-11,323.291,126.714,262.11,158548.0,4.4,36.7,731700.0,31098.027,4.25,4.0,False
2025-10-12,323.291,126.714,262.11,158548.0,4.4,36.7,731700.0,31098.027,4.25,4.0,False
2025-10-13,323.291,126.714,262.11,158548.0,4.4,36.7,731700.0,31098.027,4.25,4.0,False
2025-10-14,323.291,126.714,262.11,158548.0,4.4,36.7,731700.0,31098.027,4.25,4.0,False
2025-10-15,323.291,126.714,262.11,158548.0,4.4,36.7,731700.0,31098.027,4.25,4.0,False
2025-10-16,324.245,126.714,262.054,158548.0,4.4,36.7,732192.0,31098.027,4.25,4.0,False
2025-10-17,324.245,126.714,262.054,158548.0,4.4,36.7,732192.0,31098.027,4.25,4.0,False
2025-10-18,324.245,126.714,262.054,158548.0,4.4,36.7,732192.0,31098.027,4.25,4.0,False
2025-10-19,324.245,126.714,262.054,158548.0,4.4,36.7,732192.0,31098.027,4.25,4.0,False
2025-10-20,324.245,126.714,262.054,158548.0,4.4,36.7,732192.0,31098.027,4.25,4.0,False
2025-10-21,324.245,126.714,262.054,158548.0,4.4,36.7,732192.0,31098.027,4.25,4.0,False
2025-10-22,324.245,126.714,262.054,158548.0,4.4,36.7,732192.0,31098.027,4.25,4.0,False
2025-10-23,324.245,126.714,262.054,158548.0,4.4,36.7,732192.0,31098.027,4.25,4.0,False
2025-10-24,324.245,126.714,262.054,158548.0,4.4,36.7,732192.0,31098.027,4.25,4.0,False
2025-10-25,324.245,126.714,262.054,158548.0,4.4,36.7,732192.0,31098.027,4.25,4.0,False
2025-10-26,324.245,126.714,262.054,158548.0,4.4,36.7,732192.0,31098.027,4.25,4.0,False
2025-10-27,324.245,126.714,262.054,158548.0,4.4,36.7,732192.0,31098.027,4.25,4.0,False
2025-10-28,324.245,126.714,262.054,158548.0,4.4,36.7,732192.0,31098.027,4.25,4.0,False
2025-10-29,324.245,126.714,262.054,158548.0,4.4,36.7,732192.0,31098.027,4.25,4.0,False
2025-10-30,324.245,126.714,262.054,158548.0,4.4,36.7,732192.0,31098.027,4.0,3.75,True
2025-10-31,324.245,126.954,262.054,158548.0,4.4,36.7,732192.0,31422.526,4.0,3.75,False
2025-11-01,324.245,126.954,262.054,158548.0,4.4,36.7,732192.0,31422.526,4.0,3.75,False
2025-11-02,324.245,126.954,262.054,158548.0,4.4,36.7,732192.0,31422.526,4.0,3.75,False
2025-11-03,324.245,126.954,262.054,158548.0,4.4,36.7,732192.0,31422.526,4.0,3.75,False
2025-11-04,324.245,126.954,262.054,158548.0,4.4,36.7,732192.0,31422.526,4.0,3.75,False
2025-11-05,324.245,126.954,262.054,158408.0,4.4,36.85,732192.0,31422.526,4.0,3.75,False
2025-11-06,324.245,126.954,262.054,158408.0,4.4,36.85,732192.0,31422.526,4.0,3.75,False
2025-11-07,324.245,126.954,262.054,158408.0,4.4,36.85,732192.0,31422.526,4.0,3.75,False
2025-11-08,324.245,126.954,262.054,158408.0,4.4,36.85,732192.0,31422.526,4.0,3.75,False
2025-11-09,324.245,126.954,262.054,158408.0,4.4,36.85,732192.0,31422.526,4.0,3.75,False
2025-11-10,324.245,126.954,262.054,158408.0,4.4,36.85,732192.0,31422.526,4.0,3.75,False
2025-11-11,324.245,126.954,262.054,158408.0,4.4,36.85,732192.0,31422.526,4.0,3.75,False
2025-11-12,324.245,126.954,262.054,158408.0,4.4,36.85,732192.0,31422.526,4.0,3.75,False
2025-11-13,324.245,126.954,262.054,158408.0,4.4,36.85,732192.0,31422.526,4.0,3.75,False
2025-11-14,324.245,126.954,262.054,158408.0,4.4,36.85,732192.0,31422.526,4.0,3.75,False
2025-11-15,324.245,126.954,260.591,158408.0,4.4,36.85,731051.0,31422.526,4.0,3.75,False
2025-11-16,324.245,126.954,260.591,158408.0,4.4,36.85,731051.0,31422.526,4.0,3.75,False
2025-11-17,324.245,126.954,260.591,158408.0,4.4,36.85,731051.0,31422.526,4.0,3.75,False
2025-11-18,324.245,126.954,260.591,158408.0,4.4,36.85,731051.0,31422.526,4.0,3.75,False
2025-11-19,324.245,126.954,260.591,158408.0,4.4,36.85,731051.0,31422.526,4.0,3.75,False
2025-11-20,324.245,126.954,260.591,158408.0,4.4,36.85,731051.0,31422.526,4.0,3.75,False
2025-11-21,324.245,126.954,260.591,158408.0,4.4,36.85,731051.0,31422.526,4.0,3.75,False
2025-11-22,324.245,126.954,260.591,158408.0,4.4,36.85,731051.0,31422.526,4.0,3.75,False
2025-11-23,324.245,126.954,260.591,158408.0,4.4,36.85,731051.0,31422.526,4.0,3.75,False
2025-11-24,324.245,126.954,260.591,158408.0,4.4,36.85,731051.0,31422.526,4.0,3.75,False
2025-11-25,324.245,126.954,260.591,158408.0,4.4,36.85,731051.0,31422.526,4.0,3.75,False
2025-11-26,324.245,126.954,260.591,158408.0,4.4,36.85,731051.0,31422.526,4.0,3.75,False
2025-11-27,324.245,126.954,260.591,158408.0,4.4,36.85,731051.0,31422.526,4.0,3.75,False
2025-11-28,324.245,126.954,260.591,158408.0,4.4,36.85,731051.0,31422.526,4.0,3.75,False
2025-11-29,324.245,126.954,260.591,158408.0,4.4,36.85,731051.0,31422.526,4.0,3.75,False
2025-11-30,324.245,127.243,260.591,158408.0,4.4,36.85,731051.0,31422.526,4.0,3.75,False
2025-12-01,324.245,127.243,260.591,158408.0,4.4,36.85,731051.0,31422.526,4.0,3.75,False
2025-12-02,324.245,127.243,260.591,158408.0,4.4,36.85,731051.0,31422.526,4.0,3.75,False
2025-12-03,324.245,127.243,260.591,158408.0,4.4,36.85,731051.0,31422.526,4.0,3.75,False
2025-12-04,324.245,127.243,260.591,158408.0,4.4,36.85,731051.0,31422.526,4.0,3.75,False
2025-12-05,324.245,127.243,260.591,158408.0,4.4,36.85,731051.0,31422.526,4.0,3.75,False
2025-12-06,324.245,127.243,260.591,158449.0,4.5,37.0,731051.0,31422.526,4.0,3.75,False
2025-12-07,324.245,127.243,260.591,158449.0,4.5,37.0,731051.0,31422.526,4.0,3.75,False
2025-12-08,324.245,127.243,260.591,158449.0,4.5,37.0,731051.0,31422.526,4.0,3.75,False
2025-12-09,324.245,127.243,260.591,158449.0,4.5,37.0,731051.0,31422.526,4.0,3.75,False
2025-12-10,324.245,127.243,260.591,158449.0,4.5,37.0,731051.0,31422.526,4.0,3.75,False
2025-12-11,324.245,127.243,260.591,158449.0,4.5,37.0,731051.0,31422.526,3.75,3.5,True
2025-12-12,324.245,127.243,260.591,158449.0,4.5,37.0,731051.0,31422.526,3.75,3.5,False
2025-12-13,324.245,127.243,260.591,158449.0,4.5,37.0,731051.0,31422.526,3.75,3.5,False
2025-12-14,324.245,127.243,260.591,158449.0,4.5,37.0,731051.0,31422.526,3.75,3.5,False
2025-12-15,324.245,127.243,260.591,158449.0,4.5,37.0,731051.0,31422.526,3.75,3.5,False
2025-12-16,325.063,127.243,261.914,158449.0,4.5,37.0,734718.0,31422.526,3.75,3.5,False
2025-12-17,325.063,127.243,261.914,158449.0,4.5,37.0,734718.0,31422.526,3.75,3.5,False
2025-12-18,325.063,127.243,261.914,158449.0,4.5,37.0,734718.0,31422.526,3.75,3.5,False
2025-12-19,325.063,127.243,261.914,158449.0,4.5,37.0,734718.0,31422.526,3.75,3.5,False
2025-12-20,325.063,127.243,261.914,158449.0,4.5,37.0,734718.0,31422.526,3.75,3.5,False
2025-12-21,325.063,127.243,261.914,158449.0,4.5,37.0,734718.0,31422.526,3.75,3.5,False
2025-12-22,325.063,127.243,261.914,158449.0,4.5,37.0,734718.0,31422.526,3.75,3.5,False
2025-12-23,325.063,127.243,261.914,158449.0,4.5,37.0,734718.0,31422.526,3.75,3.5,False
2025-12-24,325.063,127.243,261.914,158449.0,4.5,37.0,734718.0,31422.526,3.75,3.5,False
2025-12-25,325.063,127.243,261.914,158449.0,4.5,37.0,734718.0,31422.526,3.75,3.5,False
2025-12-26,325.063,127.243,261.914,158449.0,4.5,37.0,734718.0,31422.526,3.75,3.5,False
2025-12-27,325.063,127.243,261.914,158449.0,4.5,37.0,734718.0,31422.526,3.75,3.5,False
2025-12-28,325.063,127.243,261.914,158449.0,4.5,37.0,734718.0,31422.526,3.75,3.5,False
2025-12-29,325.063,127.243,261.914,158449.0,4.5,37.0,734718.0,31422.526,3.75,3.5,False
2025-12-30,325.063,127.243,261.914,158449.0,4.5,37.0,734718.0,31422.526,3.75,3.5,False
2025-12-31,325.063,127.469,261.914,158449.0,4.5,37.0,734718.0,31422.526,3.75,3.5,False
2026-01-01,325.063,127.469,261.914,158449.0,4.5,37.0,734718.0,31422.526,3.75,3.5,False
2026-01-02,325.063,127.469,261.914,158449.0,4.5,37.0,734718.0,31422.526,3.75,3.5,False
2026-01-03,325.063,127.469,261.914,158449.0,4.5,37.0,734718.0,31422.526,3.75,3.5,False
2026-01-04,325.063,127.469,261.914,158449.0,4.5,37.0,734718.0,31422.526,3.75,3.5,False
2026-01-05,325.063,127.469,261.914,158432.0,4.4,37.02,734718.0,31422.526,3.75,3.5,False
2026-01-06,325.063,127.469,261.914,158432.0,4.4,37.02,734718.0,31422.526,3.75,3.5,False
2026-01-07,325.063,127.469,261.914,158432.0,4.4,37.02,734718.0,31422.526,3.75,3.5,False
2026-01-08,325.063,127.469,261.914,158432.0,4.4,37.02,734718.0,31422.526,3.75,3.5,False
2026-01-09,325.063,127.469,261.914,158432.0,4.4,37.02,734718.0,31422.526,3.75,3.5,False
2026-01-10,325.063,127.469,261.914,158432.0,4.4,37.02,734718.0,31422.526,3.75,3.5,False
2026-01-11,325.063,127.469,261.914,158432.0,4.4,37.02,734718.0,31422.526,3.75,3.5,False
2026-01-12,325.063,127.469,261.914,158432.0,4.4,37.02,734718.0,31422.526,3.75,3.5,False
2026-01-13,325.063,127.469,261.914,158432.0,4.4,37.02,734718.0,31422.526,3.75,3.5,False
2026-01-14,325.063,127.469,261.914,158432.0,4.4,37.02,734718.0,31422.526,3.75,3.5,False
2026-01-15,326.031,127.469,261.333,158432.0,4.4,37.02,734717.0,31422.526,3.75,3.5,False
2026-01-16,326.031,127.469,261.333,158432.0,4.4,37.02,734717.0,31422.526,3.75,3.5,False
2026-01-17,326.031,127.469,261.333,158432.0,4.4,37.02,734717.0,31422.526,3.75,3.5,False
2026-01-18,326.031,127.469,261.333,158432.0,4.4,37.02,734717.0,31422.526,3.75,3.5,False
2026-01-19,326.031,127.469,261.333,158432.0,4.4,37.02,734717.0,31422.526,3.75,3.5,False
2026-01-20,326.031,127.469,261.333,158432.0,4.4,37.02,734717.0,31422.526,3.75,3.5,False
2026-01-21,326.031,127.469,261.333,158432.0,4.4,37.02,734717.0,31422.526,3.75,3.5,False
2026-01-22,326.031,127.469,261.333,158432.0,4.4,37.02,734717.0,31422.526,3.75,3.5,False
2026-01-23,326.031,127.469,261.333,158432.0,4.4,37.02,734717.0,31422.526,3.75,3.5,False
2026-01-24,326.031,127.469,261.333,158432.0,4.4,37.02,734717.0,31422.526,3.75,3.5,False
2026-01-25,326.031,127.469,261.333,158432.0,4.4,37.02,734717.0,31422.526,3.75,3.5,False
2026-01-26,326.031,127.469,261.333,158432.0,4.4,37.02,734717.0,31422.526,3.75,3.5,False
2026-01-27,326.031,127.469,261.333,158432.0,4.4,37.02,734717.0,31422.526,3.75,3.5,False
2026-01-28,326.031,127.469,261.333,158432.0,4.4,37.02,734717.0,31422.526,3.75,3.5,False
2026-01-29,326.031,127.469,261.333,158432.0,4.4,37.02,734717.0,31422.526,3.75,3.5,False
2026-01-30,326.031,127.886,261.333,158432.0,4.4,37.02,734717.0,31422.526,3.75,3.5,False
2026-01-31,326.031,127.886,261.333,158432.0,4.4,37.02,734717.0,31865.721,3.75,3.5,False
2026-02-01,326.031,127.886,261.333,158432.0,4.4,37.02,734717.0,31865.721,3.75,3.5,False
2026-02-02,326.031,127.886,261.333,158432.0,4.4,37.02,734717.0,31865.721,3.75,3.5,False
2026-02-03,326.031,127.886,261.333,158432.0,4.4,37.02,734717.0,31865.721,3.75,3.5,False
2026-02-04,326.031,127.886,261.333,158432.0,4.4,37.02,734717.0,31865.721,3.75,3.5,False
2026-02-05,326.031,127.886,261.333,158592.0,4.3,37.15,734717.0,31865.721,3.75,3.5,False
2026-02-06,326.031,127.886,261.333,158592.0,4.3,37.15,734717.0,31865.721,3.75,3.5,False
2026-02-07,326.031,127.886,261.333,158592.0,4.3,37.15,734717.0,31865.721,3.75,3.5,False
2026-02-08,326.031,127.886,261.333,158592.0,4.3,37.15,734717.0,31865.721,3.75,3.5,False
2026-02-09,326.031,127.886,261.333,158592.0,4.3,37.15,734717.0,31865.721,3.75,3.5,False
2026-02-10,326.031,127.886,261.333,158592.0,4.3,37.15,734717.0,31865.721,3.75,3.5,False
2026-02-11,326.031,127.886,261.333,158592.0,4.3,37.15,734717.0,31865.721,3.75,3.5,False
2026-02-12,326.031,127.886,261.333,158592.0,4.3,37.15,734717.0,31865.721,3.75,3.5,False
2026-02-13,326.031,127.886,261.333,158592.0,4.3,37.15,734717.0,31865.721,3.75,3.5,False
2026-02-14,326.031,127.886,261.333,158592.0,4.3,37.15,734717.0,31865.721,3.75,3.5,False
2026-02-15,326.588,127.886,263.608,158592.0,4.3,37.15,734503.0,31865.721,3.75,3.5,False
2026-02-16,326.588,127.886,263.608,158592.0,4.3,37.15,734503.0,31865.721,3.75,3.5,False
2026-02-17,326.588,127.886,263.608,158592.0,4.3,37.15,734503.0,31865.721,3.75,3.5,False
2026-02-18,326.588,127.886,263.608,158592.0,4.3,37.15,734503.0,31865.721,3.75,3.5,False
2026-02-19,326.588,127.886,263.608,158592.0,4.3,37.15,734503.0,31865.721,3.75,3.5,False
2026-02-20,326.588,127.886,263.608,158592.0,4.3,37.15,734503.0,31865.721,3.75,3.5,False
2026-02-21,326.588,127.886,263.608,158592.0,4.3,37.15,734503.0,31865.721,3.75,3.5,False
2026-02-22,326.588,127.886,263.608,158592.0,4.3,37.15,734503.0,31865.721,3.75,3.5,False
2026-02-23,326.588,127.886,263.608,158592.0,4.3,37.15,734503.0,31865.721,3.75,3.5,False
2026-02-24,326.588,127.886,263.608,158592.0,4.3,37.15,734503.0,31865.721,3.75,3.5,False
2026-02-25,326.588,127.886,263.608,158592.0,4.3,37.15,734503.0,31865.721,3.75,3.5,False
2026-02-26,326.588,127.886,263.608,158592.0,4.3,37.15,734503.0,31865.721,3.75,3.5,False
2026-02-27,326.588,127.886,263.608,158592.0,4.3,37.15,734503.0,31865.721,3.75,3.5,False
2026-02-28,326.588,127.886,263.608,158592.0,4.3,37.15,734503.0,31865.721,3.75,3.5,False
2026-03-01,326.588,127.886,263.608,158592.0,4.3,37.15,734503.0,31865.721,3.75,3.5,False
2026-03-02,326.588,128.455,263.608,158592.0,4.3,37.15,734503.0,31865.721,3.75,3.5,False
2026-03-03,326.588,128.455,263.608,158592.0,4.3,37.15,734503.0,31865.721,3.75,3.5,False
2026-03-04,326.588,128.455,263.608,158592.0,4.3,37.15,734503.0,31865.721,3.75,3.5,False
2026-03-05,326.588,128.455,263.608,158592.0,4.3,37.15,734503.0,31865.721,3.75,3.5,False
2026-03-06,326.588,128.455,263.608,158592.0,4.3,37.15,734503.0,31865.721,3.75,3.5,False
2026-03-07,326.588,128.455,263.608,158592.0,4.3,37.15,734503.0,31865.721,3.75,3.5,False
2026-03-08,326.588,128.455,263.608,158436.0,4.4,37.27,734503.0,31865.721,3.75,3.5,False
2026-03-09,326.588,128.455,263.608,158436.0,4.4,37.27,734503.0,31865.721,3.75,3.5,False
2026-03-10,326.588,128.455,263.608,158436.0,4.4,37.27,734503.0,31865.721,3.75,3.5,False
2026-03-11,326.588,128.455,263.608,158436.0,4.4,37.27,734503.0,31865.721,3.75,3.5,False
2026-03-12,326.588,128.455,263.608,158436.0,4.4,37.27,734503.0,31865.721,3.75,3.5,False
2026-03-13,326.588,128.455,263.608,158436.0,4.4,37.27,734503.0,31865.721,3.75,3.5,False
2026-03-14,326.588,128.455,263.608,158436.0,4.4,37.27,734503.0,31865.721,3.75,3.5,False
2026-03-15,326.588,128.455,263.608,158436.0,4.4,37.27,734503.0,31865.721,3.75,3.5,False
2026-03-16,326.588,128.455,263.608,158436.0,4.4,37.27,734503.0,31865.721,3.75,3.5,False
2026-03-17,326.588,128.455,263.608,158436.0,4.4,37.27,734503.0,31865.721,3.75,3.5,False
2026-03-18,327.46,128.455,269.535,158436.0,4.4,37.27,741278.0,31865.721,3.75,3.5,False
2026-03-19,327.46,128.455,269.535,158436.0,4.4,37.27,741278.0,31865.721,3.75,3.5,False
2026-03-20,327.46,128.455,269.535,158436.0,4.4,37.27,741278.0,31865.721,3.75,3.5,False
2026-03-21,327.46,128.455,269.535,158436.0,4.4,37.27,741278.0,31865.721,3.75,3.5,False
2026-03-22,327.46,128.455,269.535,158436.0,4.4,37.27,741278.0,31865.721,3.75,3.5,False
2026-03-23,327.46,128.455,269.535,158436.0,4.4,37.27,741278.0,31865.721,3.75,3.5,False
2026-03-24,327.46,128.455,269.535,158436.0,4.4,37.27,741278.0,31865.721,3.75,3.5,False
2026-03-25,327.46,128.455,269.535,158436.0,4.4,37.27,741278.0,31865.721,3.75,3.5,False
2026-03-26,327.46,128.455,269.535,158436.0,4.4,37.27,741278.0,31865.721,3.75,3.5,False
2026-03-27,327.46,128.455,269.535,158436.0,4.4,37.27,741278.0,31865.721,3.75,3.5,False
2026-03-28,327.46,128.455,269.535,158436.0,4.4,37.27,741278.0,31865.721,3.75,3.5,False
2026-03-29,327.46,128.455,269.535,158436.0,4.4,37.27,741278.0,31865.721,3.75,3.5,False
2026-03-30,327.46,128.455,269.535,158436.0,4.4,37.27,741278.0,31865.721,3.75,3.5,False
2026-03-31,327.46,128.455,269.535,158436.0,4.4,37.27,741278.0,31865.721,3.75,3.5,False
2026-04-01,327.46,128.455,269.535,158436.0,4.4,37.27,741278.0,31865.721,3.75,3.5,False
2026-04-02,327.46,128.961,269.535,158436.0,4.4,37.27,741278.0,31865.721,3.75,3.5,False
2026-04-03,327.46,128.961,269.535,158436.0,4.4,37.27,741278.0,31865.721,3.75,3.5,False
2026-04-04,327.46,128.961,269.535,158436.0,4.4,37.27,741278.0,31865.721,3.75,3.5,False
2026-04-05,327.46,128.961,269.535,158650.0,4.3,37.35,741278.0,31865.721,3.75,3.5,False
2026-04-06,327.46,128.961,269.535,158650.0,4.3,37.35,741278.0,31865.721,3.75,3.5,False
2026-04-07,327.46,128.961,269.535,158650.0,4.3,37.35,741278.0,31865.721,3.75,3.5,False
2026-04-08,327.46,128.961,269.535,158650.0,4.3,37.35,741278.0,31865.721,3.75,3.5,False
2026-04-09,327.46,128.961,269.535,158650.0,4.3,37.35,741278.0,31865.721,3.75,3.5,False
2026-04-10,327.46,128.961,269.535,158650.0,4.3,37.35,741278.0,31865.721,3.75,3.5,False
2026-04-11,327.46,128.961,269.535,158650.0,4.3,37.35,741278.0,31865.721,3.75,3.5,False
2026-04-12,327.46,128.961,269.535,158650.0,4.3,37.35,741278.0,31865.721,3.75,3.5,False
2026-04-13,327.46,128.961,269.535,158650.0,4.3,37.35,741278.0,31865.721,3.75,3.5,False
2026-04-14,327.46,128.961,269.535,158650.0,4.3,37.35,741278.0,31865.721,3.75,3.5,False
2026-04-15,330.293,128.961,276.109,158650.0,4.3,37.35,754013.0,31865.721,3.75,3.5,False
2026-04-16,330.293,128.961,276.109,158650.0,4.3,37.35,754013.0,31865.721,3.75,3.5,False
2026-04-17,330.293,128.961,276.109,158650.0,4.3,37.35,754013.0,31865.721,3.75,3.5,False
2026-04-18,330.293,128.961,276.109,158650.0,4.3,37.35,754013.0,31865.721,3.75,3.5,False
2026-04-19,330.293,128.961,276.109,158650.0,4.3,37.35,754013.0,31865.721,3.75,3.5,False
2026-04-20,330.293,128.961,276.109,158650.0,4.3,37.35,754013.0,31865.721,3.75,3.5,False
2026-04-21,330.293,128.961,276.109,158650.0,4.3,37.35,754013.0,31865.721,3.75,3.5,False
2026-04-22,330.293,128.961,276.109,158650.0,4.3,37.35,754013.0,31865.721,3.75,3.5,False
2026-04-23,330.293,128.961,276.109,158650.0,4.3,37.35,754013.0,31865.721,3.75,3.5,False
2026-04-24,330.293,128.961,276.109,158650.0,4.3,37.35,754013.0,31865.721,3.75,3.5,False
2026-04-25,330.293,128.961,276.109,158650.0,4.3,37.35,754013.0,31865.721,3.75,3.5,False
2026-04-26,330.293,128.961,276.109,158650.0,4.3,37.35,754013.0,31865.721,3.75,3.5,False
2026-04-27,330.293,128.961,276.109,158650.0,4.3,37.35,754013.0,31865.721,3.75,3.5,False
2026-04-28,330.293,128.961,276.109,158650.0,4.3,37.35,754013.0,31865.721,3.75,3.5,False
2026-04-29,330.293,128.961,276.109,158650.0,4.3,37.35,754013.0,31865.721,3.75,3.5,False
2026-04-30,330.293,129.343,276.109,158650.0,4.3,37.35,754013.0,31865.721,3.75,3.5,False
2026-05-01,330.293,129.343,276.109,158650.0,4.3,37.35,754013.0,32475.21,3.75,3.5,False
2026-05-02,330.293,129.343,276.109,158650.0,4.3,37.35,754013.0,32475.21,3.75,3.5,False
2026-05-03,330.293,129.343,276.109,158650.0,4.3,37.35,754013.0,32475.21,3.75,3.5,False
2026-05-04,330.293,129.343,276.109,158650.0,4.3,37.35,754013.0,32475.21,3.75,3.5,False
2026-05-05,330.293,129.343,276.109,158650.0,4.3,37.35,754013.0,32475.21,3.75,3.5,False
2026-05-06,330.293,129.343,276.109,158798.0,4.3,37.41,754013.0,32475.21,3.75,3.5,False
2026-05-07,330.293,129.343,276.109,158798.0,4.3,37.41,754013.0,32475.21,3.75,3.5,False
2026-05-08,330.293,129.343,276.109,158798.0,4.3,37.41,754013.0,32475.21,3.75,3.5,False
2026-05-09,330.293,129.343,276.109,158798.0,4.3,37.41,754013.0,32475.21,3.75,3.5,False
2026-05-10,330.293,129.343,276.109,158798.0,4.3,37.41,754013.0,32475.21,3.75,3.5,False
2026-05-11,330.293,129.343,276.109,158798.0,4.3,37.41,754013.0,32475.21,3.75,3.5,False
2026-05-12,330.293,129.343,276.109,158798.0,4.3,37.41,754013.0,32475.21,3.75,3.5,False
2026-05-13,330.293,129.343,276.109,158798.0,4.3,37.41,754013.0,32475.21,3.75,3.5,False
2026-05-14,330.293,129.343,276.109,158798.0,4.3,37.41,754013.0,32475.21,3.75,3.5,False
2026-05-15,330.293,129.343,276.109,158798.0,4.3,37.41,754013.0,32475.21,3.75,3.5,False
2026-05-16,332.407,129.343,282.755,158798.0,4.3,37.41,759097.0,32475.21,3.75,3.5,False
2026-05-17,332.407,129.343,282.755,158798.0,4.3,37.41,759097.0,32475.21,3.75,3.5,False
2026-05-18,332.407,129.343,282.755,158798.0,4.3,37.41,759097.0,32475.21,3.75,3.5,False
2026-05-19,332.407,129.343,282.755,158798.0,4.3,37.41,759097.0,32475.21,3.75,3.5,False
2026-05-20,332.407,129.343,282.755,158798.0,4.3,37.41,759097.0,32475.21,3.75,3.5,False
2026-05-21,332.407,129.343,282.755,158798.0,4.3,37.41,759097.0,32475.21,3.75,3.5,False
2026-05-22,332.407,129.343,282.755,158798.0,4.3,37.41,759097.0,32475.21,3.75,3.5,False
2026-05-23,332.407,129.343,282.755,158798.0,4.3,37.41,759097.0,32475.21,3.75,3.5,False
2026-05-24,332.407,129.343,282.755,158798.0,4.3,37.41,759097.0,32475.21,3.75,3.5,False
2026-05-25,332.407,129.343,282.755,158798.0,4.3,37.41,759097.0,32475.21,3.75,3.5,False
2026-05-26,332.407,129.343,282.755,158798.0,4.3,37.41,759097.0,32475.21,3.75,3.5,False
2026-05-27,332.407,129.343,282.755,158798.0,4.3,37.41,759097.0,32475.21,3.75,3.5,False
2026-05-28,332.407,129.343,282.755,158798.0,4.3,37.41,759097.0,32475.21,3.75,3.5,False
2026-05-29,332.407,129.343,282.755,158798.0,4.3,37.41,759097.0,32475.21,3.75,3.5,False
2026-05-30,332.407,129.343,282.755,158798.0,4.3,37.41,759097.0,32475.21,3.75,3.5,False
2026-05-31,332.407,129.663,282.755,158798.0,4.3,37.41,759097.0,32475.21,3.75,3.5,False
2026-06-01,332.407,129.663,282.755,158798.0,4.3,37.41,759097.0,32475.21,3.75,3.5,False
2026-06-02,332.407,129.663,282.755,158798.0,4.3,37.41,759097.0,32475.21,3.75,3.5,False
2026-06-03,332.407,129.663,282.755,158798.0,4.3,37.41,759097.0,32475.21,3.75,3.5,False
2026-06-04,332.407,129.663,282.755,158798.0,4.3,37.41,759097.0,32475.21,3.75,3.5,False
2026-06-05,332.407,129.663,282.755,158861.0,4.3,37.49,759097.0,32475.21,3.75,3.5,False
2026-06-06,332.407,129.663,282.755,158861.0,4.3,37.49,759097.0,32475.21,3.75,3.5,False
2026-06-07,332.407,129.663,282.755,158861.0,4.3,37.49,759097.0,32475.21,3.75,3.5,False
2026-06-08,332.407,129.663,282.755,158861.0,4.3,37.49,759097.0,32475.21,3.75,3.5,False
2026-06-09,332.407,129.663,282.755,158861.0,4.3,37.49,759097.0,32475.21,3.75,3.5,False
2026-06-10,332.407,129.663,282.755,158861.0,4.3,37.49,759097.0,32475.21,3.75,3.5,False
2026-06-11,332.407,129.663,282.755,158861.0,4.3,37.49,759097.0,32475.21,3.75,3.5,False
2026-06-12,332.407,129.663,282.755,158861.0,4.3,37.49,759097.0,32475.21,3.75,3.5,False
2026-06-13,332.407,129.663,282.755,158861.0,4.3,37.49,759097.0,32475.21,3.75,3.5,False
2026-06-14,332.407,129.663,282.755,158861.0,4.3,37.49,759097.0,32475.21,3.75,3.5,False
2026-06-15,333.979,129.663,290.515,158861.0,4.3,37.49,766192.0,32475.21,3.75,3.5,False
2026-06-16,333.979,129.663,290.515,158861.0,4.3,37.49,766192.0,32475.21,3.75,3.5,False
2026-06-17,333.979,129.663,290.515,158861.0,4.3,37.49,766192.0,32475.21,3.75,3.5,False
2026-06-18,333.979,129.663,290.515,158861.0,4.3,37.49,766192.0,32475.21,3.75,3.5,False
2026-06-19,333.979,129.663,290.515,158861.0,4.3,37.49,766192.0,32475.21,3.75,3.5,False
2026-06-20,333.979,129.663,290.515,158861.0,4.3,37.49,766192.0,32475.21,3.75,3.5,False
2026-06-21,333.979,129.663,290.515,158861.0,4.3,37.49,766192.0,32475.21,3.75,3.5,False
2026-06-22,333.979,129.663,290.515,158861.0,4.3,37.49,766192.0,32475.21,3.75,3.5,False
2026-06-23,333.979,129.663,290.515,158861.0,4.3,37.49,766192.0,32475.21,3.75,3.5,False
2026-06-24,333.979,129.663,290.515,158861.0,4.3,37.49,766192.0,32475.21,3.75,3.5,False
2026-06-25,333.979,129.663,290.515,158861.0,4.3,37.49,766192.0,32475.21,3.75,3.5,False
2026-06-26,333.979,129.663,290.515,158861.0,4.3,37.49,766192.0,32475.21,3.75,3.5,False
2026-06-27,333.979,129.663,290.515,158861.0,4.3,37.49,766192.0,32475.21,3.75,3.5,False
2026-06-28,333.979,129.663,290.515,158861.0,4.3,37.49,766192.0,32475.21,3.75,3.5,False
2026-06-29,333.979,129.663,290.515,158861.0,4.3,37.49,766192.0,32475.21,3.75,3.5,False
2026-06-30,333.979,130.094,290.515,158861.0,4.3,37.49,766192.0,32475.21,3.75,3.5,False
2026-07-01,333.979,130.094,290.515,158861.0,4.3,37.49,766192.0,32475.21,3.75,3.5,False
2026-07-02,333.979,130.094,290.515,158861.0,4.3,37.49,766192.0,32475.21,3.75,3.5,False
2026-07-03,333.979,130.094,290.515,158861.0,4.3,37.49,766192.0,32475.21,3.75,3.5,False
2026-07-04,333.979,130.094,290.515,158861.0,4.3,37.49,766192.0,32475.21,3.75,3.5,False
2026-07-05,333.979,130.094,290.515,158861.0,4.3,37.49,766192.0,32475.21,3.75,3.5,False
2026-07-06,333.979,130.094,290.515,158881.0,4.2,37.6,766192.0,32475.21,3.75,3.5,False
2026-07-07,333.979,130.094,290.515,158881.0,4.2,37.6,766192.0,32475.21,3.75,3.5,False
2026-07-08,333.979,130.094,290.515,158881.0,4.2,37.6,766192.0,32475.21,3.75,3.5,False
2026-07-09,333.979,130.094,290.515,158881.0,4.2,37.6,766192.0,32475.21,3.75,3.5,False
2026-07-10,333.979,130.094,290.515,158881.0,4.2,37.6,766192.0,32475.21,3.75,3.5,False
2026-07-11,333.979,130.094,290.515,158881.0,4.2,37.6,766192.0,32475.21,3.75,3.5,False
2026-07-12,333.979,130.094,290.515,158881.0,4.2,37.6,766192.0,32475.21,3.75,3.5,False
2026-07-13,333.979,130.094,290.515,158881.0,4.2,37.6,766192.0,32475.21,3.75,3.5,False
2026-07-14,333.979,130.094,290.515,158881.0,4.2,37.6,766192.0,32475.21,3.75,3.5,False
2026-07-15,333.979,130.094,290.515,158881.0,4.2,37.6,766192.0,32475.21,3.75,3.5,False
2026-07-16,332.568,130.094,286.279,158881.0,4.2,37.6,768072.0,32475.21,3.75,3.5,False
2026-07-17,332.568,130.094,286.279,158881.0,4.2,37.6,768072.0,32475.21,3.75,3.5,False
2026-07-18,332.568,130.094,286.279,158881.0,4.2,37.6,768072.0,32475.21,3.75,3.5,False
2026-07-19,332.568,130.094,286.279,158881.0,4.2,37.6,768072.0,32475.21,3.75,3.5,False
2026-07-20,332.568,130.094,286.279,158881.0,4.2,37.6,768072.0,32475.21,3.75,3.5,False
2026-07-21,332.568,130.094,286.279,158881.0,4.2,37.6,768072.0,32475.21,3.75,3.5,False
2026-07-22,332.568,130.094,286.279,158881.0,4.2,37.6,768072.0,32475.21,3.75,3.5,False
2026-07-23,332.568,130.094,286.279,158881.0,4.2,37.6,768072.0,32475.21,3.75,3.5,False
2026-07-24,332.568,130.094,286.279,158881.0,4.2,37.6,768072.0,32475.21,3.75,3.5,False
2026-07-25,332.568,130.094,286.279,158881.0,4.2,37.6,768072.0,32475.21,3.75,3.5,False
2026-07-26,332.568,130.094,286.279,158881.0,4.2,37.6,768072.0,32475.21,3.75,3.5,False
2026-07-27,332.568,130.094,286.279,158881.0,4.2,37.6,768072.0,32475.21,3.75,3.5,False
2026-07-28,332.568,130.094,286.279,158881.0,4.2,37.6,768072.0,32475.21,3.75,3.5,False
2026-07-29,332.568,130.094,286.279,158881.0,4.2,37.6,768072.0,32475.21,3.75,3.5,False
2026-07-30,332.568,130.094,286.279,158881.0,4.2,37.6,768072.0,32475.21,3.75,3.5,False
2026-07-31,332.568,130.266,286.279,158881.0,4.2,37.6,768072.0,32475.21,3.75,3.5,False
2026-08-01,332.568,130.266,286.279,158881.0,4.2,37.6,768072.0,32475.21,3.75,3.5,False
2026-08-02,332.568,130.266,286.279,158881.0,4.2,37.6,768072.0,32475.21,3.75,3.5,False
2026-08-03,332.568,130.266,286.279,158881.0,4.2,37.6,768072.0,32475.21,3.75,3.5,False
2026-08-04,332.568,130.266,286.279,158881.0,4.2,37.6,768072.0,32475.21,3.75,3.5,False
2026-08-05,332.568,130.266,286.279,158858.0,4.1,37.62,768072.0,32475.21,3.75,3.5,False
2026-08-06,332.568,130.266,286.279,158858.0,4.1,37.62,768072.0,32475.21,3.75,3.5,False
2026-08-07,332.568,130.266,286.279,158858.0,4.1,37.62,768072.0,32475.21,3.75,3.5,False
2026-08-08,332.568,130.266,286.279,158858.0,4.1,37.62,768072.0,32475.21,3.75,3.5,False
2026-08-09,332.568,130.266,286.279,158858.0,4.1,37.62,768072.0,32475.21,3.75,3.5,False
2026-08-10,332.568,130.266,286.279,158858.0,4.1,37.62,768072.0,32475.21,3.75,3.5,False
2026-08-11,332.568,130.266,286.279,158858.0,4.1,37.62,768072.0,32475.21,3.75,3.5,False
2026-08-12,332.568,130.266,286.279,158858.0,4.1,37.62,768072.0,32475.21,3.75,3.5,False
2026-08-13,332.568,130.266,286.279,158858.0,4.1,37.62,768072.0,32475.21,3.75,3.5,False
2026-08-14,332.568,130.266,286.279,158858.0,4.1,37.62,768072.0,32475.21,3.75,3.5,False
2026-08-15,332.813,130.266,284.057,158858.0,4.1,37.62,763602.0,32475.21,3.75,3.5,False
2026-08-16,332.813,130.266,284.057,158858.0,4.1,37.62,763602.0,32475.21,3.75,3.5,False
2026-08-17,332.813,130.266,284.057,158858.0,4.1,37.62,763602.0,32475.21,3.75,3.5,False
2026-08-18,332.813,130.266,284.057,158858.0,4.1,37.62,763602.0,32475.21,3.75,3.5,False
2026-08-19,332.813,130.266,284.057,158858.0,4.1,37.62,763602.0,32475.21,3.75,3.5,False
2026-08-20,332.813,130.266,284.057,158858.0,4.1,37.62,763602.0,32475.21,3.75,3.5,False
2026-08-21,332.813,130.266,284.057,158858.0,4.1,37.62,763602.0,32475.21,3.75,3.5,False
