date,google_trends_bitcoin
2015-03-08,62.0
2015-03-09,64.0
2015-03-10,69.0
2015-03-11,61.0
2015-03-12,63.0
2015-03-13,62.0
2015-03-14,57.0
2015-03-15,59.0
2015-03-16,62.0
2015-03-17,59.0
2015-03-18,62.0
2015-03-19,65.0
2015-03-20,55.0
2015-03-21,52.0
2015-03-22,54.0
2015-03-23,55.0
2015-03-24,58.0
2015-03-25,61.0
2015-03-26,55.0
2015-03-27,51.0
2015-03-28,48.0
2015-03-29,51.0
2015-03-30,60.0
2015-03-31,57.0
2015-04-01,58.0
2015-04-02,54.0
2015-04-03,52.0
2015-04-04,51.0
2015-04-05,53.0
2015-04-06,53.0
2015-04-07,54.0
2015-04-08,55.0
2015-04-09,55.0
2015-04-10,53.0
2015-04-11,48.0
2015-04-12,50.0
2015-04-13,52.0
2015-04-14,57.0
2015-04-15,52.0
2015-04-16,50.0
2015-04-17,50.0
2015-04-18,47.0
2015-04-19,52.0
2015-04-20,51.0
2015-04-21,55.0
2015-04-22,56.0
2015-04-23,52.0
2015-04-24,51.0
2015-04-25,46.0
2015-04-26,50.0
2015-04-27,49.0
2015-04-28,48.0
2015-04-29,48.0
2015-04-30,55.0
2015-05-01,49.0
2015-05-02,46.0
2015-05-03,44.0
2015-05-04,48.0
2015-05-05,48.0
2015-05-06,48.0
2015-05-07,49.0
2015-05-08,48.0
2015-05-09,43.0
2015-05-10,43.0
2015-05-11,50.0
2015-05-12,51.0
2015-05-13,52.0
2015-05-14,62.0
2015-05-15,50.0
2015-05-16,50.0
2015-05-17,51.0
2015-05-18,52.0
2015-05-19,56.0
2015-05-20,56.0
2015-05-21,54.0
2015-05-22,48.0
2015-05-23,49.0
2015-05-24,51.0
2015-05-25,52.0
2015-05-26,52.0
2015-05-27,51.0
2015-05-28,45.0
2015-05-29,56.0
2015-05-30,64.0
2015-05-31,56.0
2015-06-01,53.0
2015-06-02,50.0
2015-06-03,50.0
2015-06-04,52.0
2015-06-05,49.0
2015-06-06,48.0
2015-06-07,47.0
2015-06-08,47.0
2015-06-09,48.0
2015-06-10,50.0
2015-06-11,45.0
2015-06-12,47.0
2015-06-13,42.0
2015-06-14,47.0
2015-06-15,46.0
2015-06-16,53.0
2015-06-17,55.0
2015-06-18,97.0
2015-06-19,60.0
2015-06-20,59.0
2015-06-21,50.0
2015-06-22,51.0
2015-06-23,50.0
2015-06-24,49.0
2015-06-25,55.0
2015-06-26,46.0
2015-06-27,51.0
2015-06-28,52.0
2015-06-29,63.0
2015-06-30,72.0
2015-07-01,65.0
2015-07-02,60.0
2015-07-03,60.0
2015-07-04,63.0
2015-07-05,66.0
2015-07-06,73.0
2015-07-07,62.0
2015-07-08,68.0
2015-07-09,62.0
2015-07-10,67.0
2015-07-11,64.0
2015-07-12,71.0
2015-07-13,64.0
2015-07-14,61.0
2015-07-15,61.0
2015-07-16,58.0
2015-07-17,56.0
2015-07-18,57.0
2015-07-19,56.0
2015-07-20,57.0
2015-07-21,58.67019230769231
2015-07-22,56.892307692307696
2015-07-23,53.33653846153847
2015-07-24,56.892307692307696
2015-07-25,53.33653846153847
2015-07-26,58.67019230769231
2015-07-27,56.892307692307696
2015-07-28,60.448076923076925
2015-07-29,53.33653846153847
2015-07-30,51.55865384615385
2015-07-31,51.55865384615385
2015-08-01,85.33846153846154
2015-08-02,69.3375
2015-08-03,64.00384615384615
2015-08-04,62.22596153846154
2015-08-05,58.67019230769231
2015-08-06,53.33653846153847
2015-08-07,51.55865384615385
2015-08-08,51.55865384615385
2015-08-09,53.33653846153847
2015-08-10,51.55865384615385
2015-08-11,51.55865384615385
2015-08-12,56.892307692307696
2015-08-13,55.11442307692308
2015-08-14,49.78076923076924
2015-08-15,48.002884615384616
2015-08-16,53.33653846153847
2015-08-17,55.11442307692308
2015-08-18,64.00384615384615
2015-08-19,72.89326923076923
2015-08-20,64.00384615384615
2015-08-21,65.78173076923078
2015-08-22,58.67019230769231
2015-08-23,62.22596153846154
2015-08-24,65.78173076923078
2015-08-25,67.55961538461538
2015-08-26,64.00384615384615
2015-08-27,55.11442307692308
2015-08-28,55.11442307692308
2015-08-29,53.33653846153847
2015-08-30,55.11442307692308
2015-08-31,53.33653846153847
2015-09-01,53.33653846153847
2015-09-02,53.33653846153847
2015-09-03,51.55865384615385
2015-09-04,51.55865384615385
2015-09-05,49.78076923076924
2015-09-06,49.78076923076924
2015-09-07,48.002884615384616
2015-09-08,51.55865384615385
2015-09-09,51.55865384615385
2015-09-10,48.002884615384616
2015-09-11,49.78076923076924
2015-09-12,49.78076923076924
2015-09-13,51.55865384615385
2015-09-14,53.33653846153847
2015-09-15,53.33653846153847
2015-09-16,55.11442307692308
2015-09-17,53.33653846153847
2015-09-18,56.892307692307696
2015-09-19,49.78076923076924
2015-09-20,48.002884615384616
2015-09-21,53.33653846153847
2015-09-22,55.11442307692308
2015-09-23,53.33653846153847
2015-09-24,51.55865384615385
2015-09-25,55.11442307692308
2015-09-26,49.78076923076924
2015-09-27,48.002884615384616
2015-09-28,51.55865384615385
2015-09-29,51.55865384615385
2015-09-30,51.55865384615385
2015-10-01,48.002884615384616
2015-10-02,51.55865384615385
2015-10-03,44.44711538461539
2015-10-04,48.002884615384616
2015-10-05,51.55865384615385
2015-10-06,58.67019230769231
2015-10-07,53.33653846153847
2015-10-08,53.33653846153847
2015-10-09,49.78076923076924
2015-10-10,48.002884615384616
2015-10-11,49.78076923076924
2015-10-12,53.33653846153847
2015-10-13,53.33653846153847
2015-10-14,48.002884615384616
2015-10-15,51.55865384615385
2015-10-16,55.11442307692308
2015-10-17,55.11442307692308
2015-10-18,51.55865384615385
2015-10-19,55.11442307692308
2015-10-20,60.448076923076925
2015-10-21,58.67019230769231
2015-10-22,62.22596153846154
2015-10-23,64.00384615384615
2015-10-24,53.33653846153847
2015-10-25,60.448076923076925
2015-10-26,60.448076923076925
2015-10-27,60.448076923076925
2015-10-28,64.00384615384615
2015-10-29,80.0048076923077
2015-10-30,71.11538461538461
2015-10-31,90.6721153846154
2015-11-01,72.89326923076923
2015-11-02,80.0048076923077
2015-11-03,108.45096153846154
2015-11-04,158.23173076923078
2015-11-05,131.56346153846155
2015-11-06,90.6721153846154
2015-11-07,78.22692307692309
2015-11-08,71.11538461538461
2015-11-09,76.44903846153846
2015-11-10,74.67115384615386
2015-11-11,83.56057692307692
2015-11-12,74.67115384615386
2015-11-13,72.89326923076923
2015-11-14,58.67019230769231
2015-11-15,58.67019230769231
2015-11-16,64.00384615384615
2015-11-17,65.78173076923078
2015-11-18,64.00384615384615
2015-11-19,69.3375
2015-11-20,64.00384615384615
2015-11-21,65.78173076923078
2015-11-22,58.67019230769231
2015-11-23,64.00384615384615
2015-11-24,64.00384615384615
2015-11-25,60.448076923076925
2015-11-26,65.78173076923078
2015-11-27,64.00384615384615
2015-11-28,60.448076923076925
2015-11-29,60.448076923076925
2015-11-30,64.00384615384615
2015-12-01,64.00384615384615
2015-12-02,65.78173076923078
2015-12-03,62.22596153846154
2015-12-04,56.892307692307696
2015-12-05,62.22596153846154
2015-12-06,76.44903846153846
2015-12-07,64.00384615384615
2015-12-08,78.22692307692309
2015-12-09,177.78846153846155
2015-12-10,112.00673076923076
2015-12-11,88.89423076923077
2015-12-12,90.6721153846154
2015-12-13,76.44903846153846
2015-12-14,72.89326923076923
2015-12-15,80.0048076923077
2015-12-16,80.0048076923077
2015-12-17,72.89326923076923
2015-12-18,71.11538461538461
2015-12-19,71.11538461538461
2015-12-20,67.55961538461538
2015-12-21,67.55961538461538
2015-12-22,65.78173076923078
2015-12-23,72.89326923076923
2015-12-24,71.11538461538461
2015-12-25,67.55961538461538
2015-12-26,72.89326923076923
2015-12-27,71.11538461538461
2015-12-28,67.55961538461538
2015-12-29,67.55961538461538
2015-12-30,69.3375
2015-12-31,64.00384615384615
2016-01-01,60.448076923076925
2016-01-02,60.448076923076925
2016-01-03,65.78173076923078
2016-01-04,62.22596153846154
2016-01-05,67.55961538461538
2016-01-06,62.22596153846154
2016-01-07,75.13743223769984
2016-01-08,70.96313044671652
2016-01-09,64.70167776024154
2016-01-10,62.61452686474988
2016-01-11,70.96313044671652
2016-01-12,62.61452686474988
2016-01-13,66.7888286557332
2016-01-14,75.13743223769984
2016-01-15,98.09609208810814
2016-01-16,89.74748850614148
2016-01-17,77.22458313319152
2016-01-18,75.13743223769984
2016-01-19,73.05028134220818
2016-01-20,77.22458313319152
2016-01-21,70.96313044671652
2016-01-22,68.87597955122486
2016-01-23,68.87597955122486
2016-01-24,66.7888286557332
2016-01-25,62.61452686474988
2016-01-26,68.87597955122486
2016-01-27,66.7888286557332
2016-01-28,64.70167776024154
2016-01-29,64.70167776024154
2016-01-30,58.44022507376655
2016-01-31,60.52737596925821
2016-02-01,64.70167776024154
2016-02-02,62.61452686474988
2016-02-03,60.52737596925821
2016-02-04,58.44022507376655
2016-02-05,58.44022507376655
2016-02-06,58.44022507376655
2016-02-07,58.44022507376655
2016-02-08,56.35307417827489
2016-02-09,62.61452686474988
2016-02-10,66.7888286557332
2016-02-11,68.87597955122486
2016-02-12,64.70167776024154
2016-02-13,60.52737596925821
2016-02-14,70.96313044671652
2016-02-15,68.87597955122486
2016-02-16,66.7888286557332
2016-02-17,68.87597955122486
2016-02-18,75.13743223769984
2016-02-19,70.96313044671652
2016-02-20,70.96313044671652
2016-02-21,70.96313044671652
2016-02-22,68.87597955122486
2016-02-23,64.70167776024154
2016-02-24,66.7888286557332
2016-02-25,66.7888286557332
2016-02-26,73.05028134220818
2016-02-27,79.31173402868318
2016-02-28,62.61452686474988
2016-02-29,60.52737596925821
2016-03-01,64.70167776024154
2016-03-02,64.70167776024154
2016-03-03,66.7888286557332
2016-03-04,62.61452686474988
2016-03-05,68.87597955122486
2016-03-06,60.52737596925821
2016-03-07,66.7888286557332
2016-03-08,64.70167776024154
2016-03-09,62.61452686474988
2016-03-10,64.70167776024154
2016-03-11,60.52737596925821
2016-03-12,60.52737596925821
2016-03-13,60.52737596925821
2016-03-14,68.87597955122486
2016-03-15,64.70167776024154
2016-03-16,60.52737596925821
2016-03-17,75.13743223769984
2016-03-18,60.52737596925821
2016-03-19,58.44022507376655
2016-03-20,60.52737596925821
2016-03-21,62.61452686474988
2016-03-22,62.61452686474988
2016-03-23,64.70167776024154
2016-03-24,56.35307417827489
2016-03-25,58.44022507376655
2016-03-26,56.35307417827489
2016-03-27,60.52737596925821
2016-03-28,60.52737596925821
2016-03-29,62.61452686474988
2016-03-30,60.52737596925821
2016-03-31,62.61452686474988
2016-04-01,58.44022507376655
2016-04-02,58.44022507376655
2016-04-03,58.44022507376655
2016-04-04,62.61452686474988
2016-04-05,58.44022507376655
2016-04-06,60.52737596925821
2016-04-07,62.61452686474988
2016-04-08,60.52737596925821
2016-04-09,56.35307417827489
2016-04-10,60.52737596925821
2016-04-11,64.70167776024154
2016-04-12,66.7888286557332
2016-04-13,58.44022507376655
2016-04-14,56.35307417827489
2016-04-15,58.44022507376655
2016-04-16,56.35307417827489
2016-04-17,58.44022507376655
2016-04-18,56.35307417827489
2016-04-19,66.7888286557332
2016-04-20,62.61452686474988
2016-04-21,68.87597955122486
2016-04-22,73.05028134220818
2016-04-23,62.61452686474988
2016-04-24,62.61452686474988
2016-04-25,64.70167776024154
2016-04-26,70.96313044671652
2016-04-27,70.96313044671652
2016-04-28,70.96313044671652
2016-04-29,70.96313044671652
2016-04-30,77.22458313319152
2016-05-01,60.52737596925821
2016-05-02,208.71508954916624
2016-05-03,121.05475193851642
2016-05-04,79.31173402868318
2016-05-05,85.57318671515816
2016-05-06,79.31173402868318
2016-05-07,75.13743223769984
2016-05-08,73.05028134220818
2016-05-09,70.96313044671652
2016-05-10,70.96313044671652
2016-05-11,68.87597955122486
2016-05-12,64.70167776024154
2016-05-13,64.70167776024154
2016-05-14,60.52737596925821
2016-05-15,60.52737596925821
2016-05-16,62.61452686474988
2016-05-17,64.70167776024154
2016-05-18,64.70167776024154
2016-05-19,66.7888286557332
2016-05-20,68.87597955122486
2016-05-21,60.52737596925821
2016-05-22,62.61452686474988
2016-05-23,62.61452686474988
2016-05-24,62.61452686474988
2016-05-25,64.70167776024154
2016-05-26,62.61452686474988
2016-05-27,75.13743223769984
2016-05-28,83.4860358196665
2016-05-29,91.83463940163315
2016-05-30,89.74748850614148
2016-05-31,85.57318671515816
2016-06-01,81.39888492417484
2016-06-02,77.22458313319152
2016-06-03,77.22458313319152
2016-06-04,83.4860358196665
2016-06-05,85.57318671515816
2016-06-06,79.31173402868318
2016-06-07,83.4860358196665
2016-06-08,83.4860358196665
2016-06-09,81.39888492417484
2016-06-10,75.13743223769984
2016-06-11,89.74748850614148
2016-06-12,100.1832429835998
2016-06-13,133.5776573114664
2016-06-14,106.44469567007478
2016-06-15,93.92179029712482
2016-06-16,125.22905372949975
2016-06-17,110.61899746105811
2016-06-18,100.1832429835998
2016-06-19,93.92179029712482
2016-06-20,98.09609208810814
2016-06-21,116.8804501475331
2016-06-22,98.09609208810814
2016-06-23,110.61899746105811
2016-06-24,154.44916626638303
2016-06-25,100.65922065034466
2016-06-26,92.91620367724124
2016-06-27,91.36760028262054
2016-06-28,94.46480707186193
2016-06-29,82.07597991489642
2016-06-30,82.07597991489642
2016-07-01,83.6245833095171
2016-07-02,80.52737652027574
2016-07-03,86.72179009875848
2016-07-04,80.52737652027574
2016-07-05,80.52737652027574
2016-07-06,80.52737652027574
2016-07-07,83.6245833095171
2016-07-08,82.07597991489642
2016-07-09,103.75642743958603
2016-07-10,89.81899688799986
2016-07-11,75.88156633641367
2016-07-12,80.52737652027574
2016-07-13,74.33296294179299
2016-07-14,71.23575615255162
2016-07-15,69.68715275793092
2016-07-16,66.58994596868955
2016-07-17,71.23575615255162
2016-07-18,68.13854936331023
2016-07-19,72.7843595471723
2016-07-20,66.58994596868955
2016-07-21,68.13854936331023
2016-07-22,69.68715275793092
2016-07-23,61.94413578482749
2016-07-24,66.58994596868955
2016-07-25,66.58994596868955
2016-07-26,74.33296294179299
2016-07-27,71.23575615255162
2016-07-28,66.58994596868955
2016-07-29,66.58994596868955
2016-07-30,65.04134257406886
2016-07-31,68.13854936331023
2016-08-01,72.7843595471723
2016-08-02,82.07597991489642
2016-08-03,150.21452927820667
2016-08-04,96.0134104664826
2016-08-05,83.6245833095171
2016-08-06,72.7843595471723
2016-08-07,78.97877312565505
2016-08-08,99.11061725572398
2016-08-09,72.7843595471723
2016-08-10,66.58994596868955
2016-08-11,65.04134257406886
2016-08-12,65.04134257406886
2016-08-13,63.49273917944817
2016-08-14,63.49273917944817
2016-08-15,71.23575615255162
2016-08-16,68.13854936331023
2016-08-17,66.58994596868955
2016-08-18,66.58994596868955
2016-08-19,65.04134257406886
2016-08-20,60.3955323902068
2016-08-21,63.49273917944817
2016-08-22,69.68715275793092
2016-08-23,66.58994596868955
2016-08-24,65.04134257406886
2016-08-25,66.58994596868955
2016-08-26,66.58994596868955
2016-08-27,65.04134257406886
2016-08-28,63.49273917944817
2016-08-29,61.94413578482749
2016-08-30,63.49273917944817
2016-08-31,63.49273917944817
2016-09-01,63.49273917944817
2016-09-02,61.94413578482749
2016-09-03,65.04134257406886
2016-09-04,72.7843595471723
2016-09-05,69.68715275793092
2016-09-06,69.68715275793092
2016-09-07,71.23575615255162
2016-09-08,74.33296294179299
2016-09-09,69.68715275793092
2016-09-10,71.23575615255162
2016-09-11,68.13854936331023
2016-09-12,69.68715275793092
2016-09-13,68.13854936331023
2016-09-14,66.58994596868955
2016-09-15,68.13854936331023
2016-09-16,65.04134257406886
2016-09-17,65.04134257406886
2016-09-18,71.23575615255162
2016-09-19,65.04134257406886
2016-09-20,65.04134257406886
2016-09-21,71.23575615255162
2016-09-22,66.58994596868955
2016-09-23,68.13854936331023
2016-09-24,71.23575615255162
2016-09-25,63.49273917944817
2016-09-26,63.49273917944817
2016-09-27,66.58994596868955
2016-09-28,65.04134257406886
2016-09-29,66.58994596868955
2016-09-30,66.58994596868955
2016-10-01,68.13854936331023
2016-10-02,72.7843595471723
2016-10-03,71.23575615255162
2016-10-04,63.49273917944817
2016-10-05,66.58994596868955
2016-10-06,63.49273917944817
2016-10-07,68.13854936331023
2016-10-08,66.58994596868955
2016-10-09,65.04134257406886
2016-10-10,65.04134257406886
2016-10-11,82.07597991489642
2016-10-12,75.88156633641367
2016-10-13,71.23575615255162
2016-10-14,71.23575615255162
2016-10-15,66.58994596868955
2016-10-16,68.13854936331023
2016-10-17,72.7843595471723
2016-10-18,68.13854936331023
2016-10-19,68.13854936331023
2016-10-20,65.04134257406886
2016-10-21,68.13854936331023
2016-10-22,71.23575615255162
2016-10-23,72.7843595471723
2016-10-24,74.33296294179299
2016-10-25,69.68715275793092
2016-10-26,74.33296294179299
2016-10-27,80.52737652027574
2016-10-28,83.6245833095171
2016-10-29,92.91620367724124
2016-10-30,80.52737652027574
2016-10-31,82.07597991489642
2016-11-01,85.17318670413779
2016-11-02,82.07597991489642
2016-11-03,82.07597991489642
2016-11-04,80.52737652027574
2016-11-05,82.07597991489642
2016-11-06,78.97877312565505
2016-11-07,80.52737652027574
2016-11-08,77.43016973103435
2016-11-09,109.9508410180688
2016-11-10,82.07597991489642
2016-11-11,77.43016973103435
2016-11-12,82.07597991489642
2016-11-13,80.52737652027574
2016-11-14,75.88156633641367
2016-11-15,75.88156633641367
2016-11-16,85.17318670413779
2016-11-17,89.81899688799986
2016-11-18,92.91620367724124
2016-11-19,83.6245833095171
2016-11-20,82.07597991489642
2016-11-21,80.52737652027574
2016-11-22,80.52737652027574
2016-11-23,85.17318670413779
2016-11-24,82.07597991489642
2016-11-25,78.97877312565505
2016-11-26,75.88156633641367
2016-11-27,77.43016973103435
2016-11-28,82.07597991489642
2016-11-29,82.07597991489642
2016-11-30,83.6245833095171
2016-12-01,85.17318670413779
2016-12-02,89.81899688799986
2016-12-03,85.17318670413779
2016-12-04,75.88156633641367
2016-12-05,86.72179009875848
2016-12-06,83.6245833095171
2016-12-07,82.07597991489642
2016-12-08,80.52737652027574
2016-12-09,78.97877312565505
2016-12-10,78.97877312565505
2016-12-11,78.97877312565505
2016-12-12,83.39344847449912
2016-12-13,83.39344847449912
2016-12-14,83.39344847449912
2016-12-15,83.39344847449912
2016-12-16,83.39344847449912
2016-12-17,83.39344847449912
2016-12-18,83.39344847449912
2016-12-19,83.39344847449912
2016-12-20,75.81222588590829
2016-12-21,106.1371162402716
2016-12-22,136.46200659463491
2016-12-23,144.04322918322575
2016-12-24,121.29956141745326
2016-12-25,106.1371162402716
2016-12-26,113.71833882886244
2016-12-27,121.29956141745326
2016-12-28,151.62445177181658
2016-12-29,144.04322918322575
2016-12-30,121.29956141745326
2016-12-31,98.55589365168078
2017-01-01,106.1371162402716
2017-01-02,189.53056471477072
2017-01-03,181.94934212617989
2017-01-04,204.6930098919524
2017-01-05,250.18034542349736
2017-01-06,219.855455069134
2017-01-07,181.94934212617989
2017-01-08,166.78689694899825
2017-01-09,159.2056743604074
2017-01-10,144.04322918322575
2017-01-11,159.2056743604074
2017-01-12,174.36811953758905
2017-01-13,136.46200659463491
2017-01-14,121.29956141745326
2017-01-15,113.71833882886244
2017-01-16,113.71833882886244
2017-01-17,128.88078400604408
2017-01-18,128.88078400604408
2017-01-19,113.71833882886244
2017-01-20,106.1371162402716
2017-01-21,98.55589365168078
2017-01-22,98.55589365168078
2017-01-23,106.1371162402716
2017-01-24,113.71833882886244
2017-01-25,98.55589365168078
2017-01-26,98.55589365168078
2017-01-27,106.1371162402716
2017-01-28,90.97467106308994
2017-01-29,90.97467106308994
2017-01-30,98.55589365168078
2017-01-31,113.71833882886244
2017-02-01,113.71833882886244
2017-02-02,128.88078400604408
2017-02-03,128.88078400604408
2017-02-04,113.71833882886244
2017-02-05,106.1371162402716
2017-02-06,113.71833882886244
2017-02-07,121.29956141745326
2017-02-08,121.29956141745326
2017-02-09,144.04322918322575
2017-02-10,121.29956141745326
2017-02-11,106.1371162402716
2017-02-12,90.97467106308994
2017-02-13,106.1371162402716
2017-02-14,106.1371162402716
2017-02-15,106.1371162402716
2017-02-16,113.71833882886244
2017-02-17,128.88078400604408
2017-02-18,113.71833882886244
2017-02-19,90.97467106308994
2017-02-20,106.1371162402716
2017-02-21,136.46200659463491
2017-02-22,128.88078400604408
2017-02-23,144.04322918322575
2017-02-24,166.78689694899825
2017-02-25,136.46200659463491
2017-02-26,121.29956141745326
2017-02-27,128.88078400604408
2017-02-28,136.46200659463491
2017-03-01,136.46200659463491
2017-03-02,174.36811953758905
2017-03-03,219.855455069134
2017-03-04,174.36811953758905
2017-03-05,151.62445177181658
2017-03-06,166.78689694899825
2017-03-07,174.36811953758905
2017-03-08,181.94934212617989
2017-03-09,174.36811953758905
2017-03-10,235.0179002463157
2017-03-11,189.53056471477072
2017-03-12,151.62445177181658
2017-03-13,151.62445177181658
2017-03-14,144.04322918322575
2017-03-15,144.04322918322575
2017-03-16,151.62445177181658
2017-03-17,151.62445177181658
2017-03-18,181.94934212617989
2017-03-19,159.2056743604074
2017-03-20,151.62445177181658
2017-03-21,151.62445177181658
2017-03-22,151.62445177181658
2017-03-23,136.46200659463491
2017-03-24,144.04322918322575
2017-03-25,151.62445177181658
2017-03-26,128.88078400604408
2017-03-27,136.46200659463491
2017-03-28,136.46200659463491
2017-03-29,128.88078400604408
2017-03-30,121.29956141745326
2017-03-31,113.71833882886244
2017-04-01,113.71833882886244
2017-04-02,113.71833882886244
2017-04-03,136.46200659463491
2017-04-04,136.46200659463491
2017-04-05,121.29956141745326
2017-04-06,128.88078400604408
2017-04-07,128.88078400604408
2017-04-08,121.29956141745326
2017-04-09,106.1371162402716
2017-04-10,136.46200659463491
2017-04-11,144.04322918322575
2017-04-12,128.88078400604408
2017-04-13,128.88078400604408
2017-04-14,113.71833882886244
2017-04-15,106.1371162402716
2017-04-16,106.1371162402716
2017-04-17,121.29956141745326
2017-04-18,136.46200659463491
2017-04-19,128.88078400604408
2017-04-20,121.29956141745326
2017-04-21,128.88078400604408
2017-04-22,113.71833882886244
2017-04-23,106.1371162402716
2017-04-24,128.88078400604408
2017-04-25,144.04322918322575
2017-04-26,144.04322918322575
2017-04-27,151.62445177181658
2017-04-28,151.62445177181658
2017-04-29,128.88078400604408
2017-04-30,128.88078400604408
2017-05-01,174.36811953758905
2017-05-02,189.53056471477072
2017-05-03,197.11178730336155
2017-05-04,242.59912283490647
2017-05-05,227.43667765772489
2017-05-06,189.53056471477072
2017-05-07,181.94934212617989
2017-05-08,204.6930098919524
2017-05-09,272.92401318926983
2017-05-10,250.18034542349736
2017-05-11,280.50523577786066
2017-05-12,325.99257130940566
2017-05-13,333.5737938979965
2017-05-14,265.342790600679
2017-05-15,379.06112942954144
2017-05-16,348.7362390751781
2017-05-17,295.6676809550424
2017-05-18,272.92401318926983
2017-05-19,280.50523577786066
2017-05-20,288.0864583664515
2017-05-21,295.6676809550424
2017-05-22,485.19824566981305
2017-05-23,515.5231360241763
2017-05-24,561.0104715557213
2017-05-25,758.1222588590829
2017-05-26,583.7541393214938
2017-05-27,500.3606908469947
2017-05-28,371.4799068409506
2017-05-29,371.4799068409506
2017-05-30,379.06112942954144
2017-05-31,353.98084187830904
2017-06-01,353.98084187830904
2017-06-02,308.3058945391724
2017-06-03,285.4684208696041
2017-06-04,274.0496840348199
2017-06-05,308.3058945391724
2017-06-06,445.3307365565824
2017-06-07,376.8183155478774
2017-06-08,342.56210504352487
2017-06-09,319.7246313739565
2017-06-10,296.88715770438824
2017-06-11,319.7246313739565
2017-06-12,411.0745260522299
2017-06-13,365.3995787130932
2017-06-14,365.3995787130932
2017-06-15,445.3307365565824
2017-06-16,353.98084187830904
2017-06-17,285.4684208696041
2017-06-18,274.0496840348199
2017-06-19,296.88715770438824
2017-06-20,319.7246313739565
2017-06-21,319.7246313739565
2017-06-22,308.3058945391724
2017-06-23,296.88715770438824
2017-06-24,285.4684208696041
2017-06-25,274.0496840348199
2017-06-26,319.7246313739565
2017-06-27,365.3995787130932
2017-06-28,353.98084187830904
2017-06-29,296.88715770438824
2017-06-30,262.63094720003573
2017-07-01,239.79347353046745
2017-07-02,239.79347353046745
2017-07-03,251.2122103652516
2017-07-04,251.2122103652516
2017-07-05,262.63094720003573
2017-07-06,251.2122103652516
2017-07-07,251.2122103652516
2017-07-08,239.79347353046745
2017-07-09,228.37473669568325
2017-07-10,262.63094720003573
2017-07-11,296.88715770438824
2017-07-12,285.4684208696041
2017-07-13,274.0496840348199
2017-07-14,262.63094720003573
2017-07-15,319.7246313739565
2017-07-16,342.56210504352487
2017-07-17,331.1433682087407
2017-07-18,319.7246313739565
2017-07-19,296.88715770438824
2017-07-20,331.1433682087407
2017-07-21,342.56210504352487
2017-07-22,285.4684208696041
2017-07-23,296.88715770438824
2017-07-24,296.88715770438824
2017-07-25,296.88715770438824
2017-07-26,308.3058945391724
2017-07-27,285.4684208696041
2017-07-28,319.7246313739565
2017-07-29,274.0496840348199
2017-07-30,262.63094720003573
2017-07-31,353.98084187830904
2017-08-01,605.1930522435606
2017-08-02,536.6806312348557
2017-08-03,365.3995787130932
2017-08-04,342.56210504352487
2017-08-05,433.91199972179817
2017-08-06,353.98084187830904
2017-08-07,399.6557892174457
2017-08-08,456.7494733913665
2017-08-09,388.2370523826616
2017-08-10,353.98084187830904
2017-08-11,399.6557892174457
2017-08-12,445.3307365565824
2017-08-13,570.9368417392081
2017-08-14,628.0305259131289
2017-08-15,605.1930522435606
2017-08-16,536.6806312348557
2017-08-17,525.2618944000715
2017-08-18,536.6806312348557
2017-08-19,479.5869470609349
2017-08-20,433.91199972179817
2017-08-21,456.7494733913665
2017-08-22,479.5869470609349
2017-08-23,445.3307365565824
2017-08-24,433.91199972179817
2017-08-25,456.7494733913665
2017-08-26,399.6557892174457
2017-08-27,376.8183155478774
2017-08-28,388.2370523826616
2017-08-29,479.5869470609349
2017-08-30,479.5869470609349
2017-08-31,525.2618944000715
2017-09-01,559.5181049044239
2017-09-02,525.2618944000715
2017-09-03,468.1682102261507
2017-09-04,582.3555785739923
2017-09-05,582.3555785739923
2017-09-06,491.005683895719
2017-09-07,456.7494733913665
2017-09-08,479.5869470609349
2017-09-09,411.0745260522299
2017-09-10,411.0745260522299
2017-09-11,468.1682102261507
2017-09-12,445.3307365565824
2017-09-13,628.0305259131289
2017-09-14,753.6366310957548
2017-09-15,833.5677889392439
2017-09-16,525.2618944000715
2017-09-17,422.493262887014
2017-09-18,479.5869470609349
2017-09-19,479.5869470609349
2017-09-20,411.0745260522299
2017-09-21,422.493262887014
2017-09-22,399.6557892174457
2017-09-23,331.1433682087407
2017-09-24,308.3058945391724
2017-09-25,365.3995787130932
2017-09-26,353.98084187830904
2017-09-27,388.2370523826616
2017-09-28,388.2370523826616
2017-09-29,365.3995787130932
2017-09-30,319.7246313739565
2017-10-01,319.7246313739565
2017-10-02,353.98084187830904
2017-10-03,365.3995787130932
2017-10-04,365.3995787130932
2017-10-05,331.1433682087407
2017-10-06,342.56210504352487
2017-10-07,296.88715770438824
2017-10-08,319.7246313739565
2017-10-09,399.6557892174457
2017-10-10,422.493262887014
2017-10-11,411.0745260522299
2017-10-12,685.1242100870497
2017-10-13,856.4052626088122
2017-10-14,559.5181049044239
2017-10-15,513.8431575652874
2017-10-16,513.8431575652874
2017-10-17,502.42442073050313
2017-10-18,513.8431575652874
2017-10-19,491.005683895719
2017-10-20,548.0993680696398
2017-10-21,662.2867364174814
2017-10-22,548.0993680696398
2017-10-23,639.449262747913
2017-10-24,673.7054732522656
2017-10-25,616.6117890783448
2017-10-26,593.7743154087765
2017-10-27,513.8431575652874
2017-10-28,445.3307365565824
2017-10-29,468.1682102261507
2017-10-30,559.5181049044239
2017-10-31,662.2867364174814
2017-11-01,822.1490521044598
2017-11-02,1096.1987361392796
2017-11-03,947.7551572870856
2017-11-04,753.6366310957548
2017-11-05,742.2178942609705
2017-11-06,787.8928416001072
2017-11-07,765.0553679305389
2017-11-08,844.986525774028
2017-11-09,765.0553679305389
2017-11-10,867.8239994435963
2017-11-11,890.6614731131647
2017-11-12,1141.8736834784163
2017-11-13,1016.2675782957904
2017-11-14,799.3115784348914
2017-11-15,787.8928416001072
2017-11-16,810.7303152696755
2017-11-17,918.6785799861404
2017-11-18,689.0089349896053
2017-11-19,689.0089349896053
2017-11-20,826.8107219875263
2017-11-21,918.6785799861404
2017-11-22,780.8767929882193
2017-11-23,734.9428639889123
2017-11-24,689.0089349896053
2017-11-25,734.9428639889123
2017-11-26,1056.4803669840614
2017-11-27,1561.753585976439
2017-11-28,1699.5553729743597
2017-11-29,2801.969668957728
2017-11-30,2250.762520966044
2017-12-01,1791.423230972974
2017-12-02,1378.017869979211
2017-12-03,1378.017869979211
2017-12-04,1515.8196569771317
2017-12-05,1561.753585976439
2017-12-06,2112.960733968123
2017-12-07,4134.053609937632
2017-12-08,3812.5161069424826
2017-12-09,2572.3000239611933
2017-12-10,2480.43216596258
2017-12-11,2847.903597957036
2017-12-12,2801.969668957728
2017-12-13,2434.498236963272
2017-12-14,2112.960733968123
2017-12-15,1929.225017970895
2017-12-16,1883.291088971588
2017-12-17,2158.89466296743
2017-12-18,2112.960733968123
2017-12-19,2250.762520966044
2017-12-20,3077.5732429535706
2017-12-21,2434.498236963272
2017-12-22,4593.392899930702
2017-12-23,2847.903597957036
2017-12-24,2112.960733968123
2017-12-25,1837.357159972281
2017-12-26,1837.357159972281
2017-12-27,1745.489301973667
2017-12-28,1699.5553729743597
2017-12-29,1515.8196569771317
2017-12-30,1515.8196569771317
2017-12-31,1240.2160829812897
2018-01-01,1240.2160829812897
2018-01-02,1378.017869979211
2018-01-03,1378.017869979211
2018-01-04,1378.017869979211
2018-01-05,1286.150011980597
2018-01-06,1240.2160829812897
2018-01-07,1194.2821539819824
2018-01-08,1378.017869979211
2018-01-09,1286.150011980597
2018-01-10,1332.0839409799037
2018-01-11,1469.885727977825
2018-01-12,1194.2821539819824
2018-01-13,1102.4142959833684
2018-01-14,964.6125089854474
2018-01-15,1010.5464379847544
2018-01-16,1929.225017970895
2018-01-17,2664.167881959808
2018-01-18,1837.357159972281
2018-01-19,1378.017869979211
2018-01-20,1102.4142959833684
2018-01-21,1102.4142959833684
2018-01-22,1194.2821539819824
2018-01-23,1148.3482249826754
2018-01-24,1056.4803669840614
2018-01-25,1010.5464379847544
2018-01-26,1010.5464379847544
2018-01-27,826.8107219875263
2018-01-28,826.8107219875263
2018-01-29,872.7446509868334
2018-01-30,964.6125089854474
2018-01-31,964.6125089854474
2018-02-01,1286.150011980597
2018-02-02,1699.5553729743597
2018-02-03,1102.4142959833684
2018-02-04,964.6125089854474
2018-02-05,1653.621443975053
2018-02-06,2112.960733968123
2018-02-07,1286.150011980597
2018-02-08,1102.4142959833684
2018-02-09,964.6125089854474
2018-02-10,826.8107219875263
2018-02-11,734.9428639889123
2018-02-12,780.8767929882193
2018-02-13,734.9428639889123
2018-02-14,689.0089349896053
2018-02-15,780.8767929882193
2018-02-16,734.9428639889123
2018-02-17,689.0089349896053
2018-02-18,689.0089349896053
2018-02-19,689.0089349896053
2018-02-20,734.9428639889123
2018-02-21,734.9428639889123
2018-02-22,689.0089349896053
2018-02-23,597.1410769909912
2018-02-24,505.2732189923772
2018-02-25,505.2732189923772
2018-02-26,551.2071479916842
2018-02-27,597.1410769909912
2018-02-28,551.2071479916842
2018-03-01,505.2732189923772
2018-03-02,505.2732189923772
2018-03-03,505.2732189923772
2018-03-04,459.3392899930702
2018-03-05,505.2732189923772
2018-03-06,505.2732189923772
2018-03-07,597.1410769909912
2018-03-08,551.2071479916842
2018-03-09,643.0750059902983
2018-03-10,459.3392899930702
2018-03-11,459.3392899930702
2018-03-12,505.2732189923772
2018-03-13,459.3392899930702
2018-03-14,551.2071479916842
2018-03-15,643.0750059902983
2018-03-16,551.2071479916842
2018-03-17,459.3392899930702
2018-03-18,551.2071479916842
2018-03-19,505.2732189923772
2018-03-20,505.2732189923772
2018-03-21,505.2732189923772
2018-03-22,505.2732189923772
2018-03-23,459.3392899930702
2018-03-24,413.4053609937632
2018-03-25,367.47143199445617
2018-03-26,505.2732189923772
2018-03-27,459.3392899930702
2018-03-28,459.3392899930702
2018-03-29,551.2071479916842
2018-03-30,597.1410769909912
2018-03-31,459.3392899930702
2018-04-01,459.3392899930702
2018-04-02,505.2732189923772
2018-04-03,505.2732189923772
2018-04-04,459.3392899930702
2018-04-05,459.3392899930702
2018-04-06,505.2732189923772
2018-04-07,367.47143199445617
2018-04-08,367.47143199445617
2018-04-09,459.3392899930702
2018-04-10,413.4053609937632
2018-04-11,367.47143199445617
2018-04-12,459.3392899930702
2018-04-13,505.2732189923772
2018-04-14,367.47143199445617
2018-04-15,367.47143199445617
2018-04-16,413.4053609937632
2018-04-17,367.47143199445617
2018-04-18,413.4053609937632
2018-04-19,413.4053609937632
2018-04-20,413.4053609937632
2018-04-21,367.47143199445617
2018-04-22,367.47143199445617
2018-04-23,413.4053609937632
2018-04-24,459.3392899930702
2018-04-25,413.4053609937632
2018-04-26,367.47143199445617
2018-04-27,367.47143199445617
2018-04-28,321.5375029951492
2018-04-29,321.5375029951492
2018-04-30,367.47143199445617
2018-05-01,367.47143199445617
2018-05-02,321.5375029951492
2018-05-03,367.47143199445617
2018-05-04,367.47143199445617
2018-05-05,367.47143199445617
2018-05-06,328.86030327040095
2018-05-07,354.1572496758164
2018-05-08,349.0978603947333
2018-05-09,338.97908183256715
2018-05-10,349.0978603947333
2018-05-11,394.6323639244811
2018-05-12,308.6227461460685
2018-05-13,283.3257997406531
2018-05-14,338.97908183256715
2018-05-15,318.74152470823475
2018-05-16,338.97908183256715
2018-05-17,303.5633568649855
2018-05-18,308.6227461460685
2018-05-19,258.02885333523767
2018-05-20,263.0882426163208
2018-05-21,293.4445783028193
2018-05-22,308.6227461460685
2018-05-23,379.4541960812318
2018-05-24,359.2166389568995
2018-05-25,313.68213542715165
2018-05-26,258.02885333523767
2018-05-27,268.14763189740387
2018-05-28,303.5633568649855
2018-05-29,308.6227461460685
2018-05-30,303.5633568649855
2018-05-31,273.2070211784869
2018-06-01,258.02885333523767
2018-06-02,247.91007477307147
2018-06-03,258.02885333523767
2018-06-04,263.0882426163208
2018-06-05,288.3851890217362
2018-06-06,273.2070211784869
2018-06-07,258.02885333523767
2018-06-08,252.96946405415457
2018-06-09,227.6725176487391
2018-06-10,333.91969255148405
2018-06-11,424.98869961097967
2018-06-12,349.0978603947333
2018-06-13,384.5135853623149
2018-06-14,344.0384711136502
2018-06-15,283.3257997406531
2018-06-16,247.91007477307147
2018-06-17,227.6725176487391
2018-06-18,288.3851890217362
2018-06-19,288.3851890217362
2018-06-20,278.26641045957
2018-06-21,258.02885333523767
2018-06-22,328.86030327040095
2018-06-23,283.3257997406531
2018-06-24,298.5039675839024
2018-06-25,298.5039675839024
2018-06-26,283.3257997406531
2018-06-27,273.2070211784869
2018-06-28,268.14763189740387
2018-06-29,338.97908183256715
2018-06-30,288.3851890217362
2018-07-01,258.02885333523767
2018-07-02,268.14763189740387
2018-07-03,283.3257997406531
2018-07-04,273.2070211784869
2018-07-05,268.14763189740387
2018-07-06,237.7912962109053
2018-07-07,212.49434980548983
2018-07-08,232.7319069298222
2018-07-09,252.96946405415457
2018-07-10,258.02885333523767
2018-07-11,258.02885333523767
2018-07-12,263.0882426163208
2018-07-13,247.91007477307147
2018-07-14,217.55373908657293
2018-07-15,212.49434980548983
2018-07-16,268.14763189740387
2018-07-17,344.0384711136502
2018-07-18,374.3948068001488
2018-07-19,323.80091398931785
2018-07-20,298.5039675839024
2018-07-21,273.2070211784869
2018-07-22,252.96946405415457
2018-07-23,303.5633568649855
2018-07-24,419.92931032989657
2018-07-25,364.2760282379826
2018-07-26,338.97908183256715
2018-07-27,344.0384711136502
2018-07-28,268.14763189740387
2018-07-29,252.96946405415457
2018-07-30,308.6227461460685
2018-07-31,313.68213542715165
2018-08-01,293.4445783028193
2018-08-02,278.26641045957
2018-08-03,293.4445783028193
2018-08-04,273.2070211784869
2018-08-05,252.96946405415457
2018-08-06,283.3257997406531
2018-08-07,293.4445783028193
2018-08-08,359.2166389568995
2018-08-09,308.6227461460685
2018-08-10,308.6227461460685
2018-08-11,303.5633568649855
2018-08-12,258.02885333523767
2018-08-13,293.4445783028193
2018-08-14,369.3354175190657
2018-08-15,323.80091398931785
2018-08-16,298.5039675839024
2018-08-17,268.14763189740387
2018-08-18,247.91007477307147
2018-08-19,232.7319069298222
2018-08-20,258.02885333523767
2018-08-21,283.3257997406531
2018-08-22,308.6227461460685
2018-08-23,268.14763189740387
2018-08-24,247.91007477307147
2018-08-25,232.7319069298222
2018-08-26,222.61312836765603
2018-08-27,252.96946405415457
2018-08-28,303.5633568649855
2018-08-29,283.3257997406531
2018-08-30,273.2070211784869
2018-08-31,258.02885333523767
2018-09-01,242.8506854919884
2018-09-02,247.91007477307147
2018-09-03,263.0882426163208
2018-09-04,283.3257997406531
2018-09-05,349.0978603947333
2018-09-06,389.572974643398
2018-09-07,293.4445783028193
2018-09-08,247.91007477307147
2018-09-09,242.8506854919884
2018-09-10,263.0882426163208
2018-09-11,273.2070211784869
2018-09-12,298.5039675839024
2018-09-13,293.4445783028193
2018-09-14,258.02885333523767
2018-09-15,212.49434980548983
2018-09-16,207.43496052440676
2018-09-17,237.7912962109053
2018-09-18,237.7912962109053
2018-09-19,258.02885333523767
2018-09-20,247.91007477307147
2018-09-21,268.14763189740387
2018-09-22,232.7319069298222
2018-09-23,217.55373908657293
2018-09-24,237.7912962109053
2018-09-25,247.91007477307147
2018-09-26,242.8506854919884
2018-09-27,232.7319069298222
2018-09-28,232.7319069298222
2018-09-29,197.31618196224056
2018-09-30,197.31618196224056
2018-10-01,212.49434980548983
2018-10-02,217.55373908657293
2018-10-03,227.6725176487391
2018-10-04,217.55373908657293
2018-10-05,207.43496052440676
2018-10-06,182.1380141189913
2018-10-07,182.1380141189913
2018-10-08,217.55373908657293
2018-10-09,207.43496052440676
2018-10-10,237.7912962109053
2018-10-11,298.5039675839024
2018-10-12,247.91007477307147
2018-10-13,202.3755712433237
2018-10-14,192.25679268115744
2018-10-15,258.02885333523767
2018-10-16,237.7912962109053
2018-10-17,232.7319069298222
2018-10-18,222.61312836765603
2018-10-19,202.3755712433237
2018-10-20,182.1380141189913
2018-10-21,182.1380141189913
2018-10-22,207.43496052440676
2018-10-23,214.68893142418253
2018-10-24,220.1937758196744
2018-10-25,209.18408702869067
2018-10-26,198.17439823770692
2018-10-27,176.15502065573952
2018-10-28,170.65017626024766
2018-10-29,220.1937758196744
2018-10-30,220.1937758196744
2018-10-31,225.69862021516627
2018-11-01,214.68893142418253
2018-11-02,203.6792426331988
2018-11-03,187.16470944672324
2018-11-04,203.6792426331988
2018-11-05,231.20346461065813
2018-11-06,225.69862021516627
2018-11-07,236.70830900615
2018-11-08,214.68893142418253
2018-11-09,209.18408702869067
2018-11-10,181.65986505123135
2018-11-11,176.15502065573952
2018-11-12,203.6792426331988
2018-11-13,209.18408702869067
2018-11-14,341.3003525204953
2018-11-15,401.8536408709058
2018-11-16,302.7664417520523
2018-11-17,242.21315340164185
2018-11-18,214.68893142418253
2018-11-19,390.8439520799221
2018-11-20,550.484439549186
2018-11-21,445.8923960348407
2018-11-22,313.776130543036
2018-11-23,341.3003525204953
2018-11-24,313.776130543036
2018-11-25,484.4263068032837
2018-11-26,451.3972404303325
2018-11-27,434.88270724385694
2018-11-28,407.3584852663976
2018-11-29,335.79550812500344
2018-11-30,313.776130543036
2018-12-01,269.73737537910114
2018-12-02,247.7179977971337
2018-12-03,302.7664417520523
2018-12-04,313.776130543036
2018-12-05,297.26159735656046
2018-12-06,330.2906637295116
2018-12-07,434.88270724385694
2018-12-08,297.26159735656046
2018-12-09,275.242219774593
2018-12-10,308.2712861475442
2018-12-11,286.25190856557674
2018-12-12,258.7276865881174
2018-12-13,286.25190856557674
2018-12-14,308.2712861475442
2018-12-15,280.74706417008485
2018-12-16,258.7276865881174
2018-12-17,324.7858193340197
2018-12-18,324.7858193340197
2018-12-19,352.31004131147904
2018-12-20,346.80519691598715
2018-12-21,319.2809749385279
2018-12-22,253.2228421926256
2018-12-23,258.7276865881174
2018-12-24,291.75675296106857
2018-12-25,275.242219774593
2018-12-26,264.2325309836093
2018-12-27,264.2325309836093
2018-12-28,269.73737537910114
2018-12-29,247.7179977971337
2018-12-30,231.20346461065813
2018-12-31,225.69862021516627
2019-01-01,231.20346461065813
2019-01-02,264.2325309836093
2019-01-03,275.242219774593
2019-01-04,242.21315340164185
2019-01-05,214.68893142418253
2019-01-06,220.1937758196744
2019-01-07,242.21315340164185
2019-01-08,236.70830900615
2019-01-09,242.21315340164185
2019-01-10,275.242219774593
2019-01-11,242.21315340164185
2019-01-12,209.18408702869067
2019-01-13,214.68893142418253
2019-01-14,242.21315340164185
2019-01-15,231.20346461065813
2019-01-16,220.1937758196744
2019-01-17,203.6792426331988
2019-01-18,203.6792426331988
2019-01-19,187.16470944672324
2019-01-20,181.65986505123135
2019-01-21,203.6792426331988
2019-01-22,209.18408702869067
2019-01-23,198.17439823770692
2019-01-24,198.17439823770692
2019-01-25,187.16470944672324
2019-01-26,170.65017626024766
2019-01-27,176.15502065573952
2019-01-28,231.20346461065813
2019-01-29,220.1937758196744
2019-01-30,209.18408702869067
2019-01-31,198.17439823770692
2019-02-01,192.6695538422151
2019-02-02,176.15502065573952
2019-02-03,176.15502065573952
2019-02-04,209.18408702869067
2019-02-05,236.70830900615
2019-02-06,231.20346461065813
2019-02-07,203.6792426331988
2019-02-08,225.69862021516627
2019-02-09,203.6792426331988
2019-02-10,192.6695538422151
2019-02-11,209.18408702869067
2019-02-12,187.16470944672324
2019-02-13,203.6792426331988
2019-02-14,198.17439823770692
2019-02-15,187.16470944672324
2019-02-16,170.65017626024766
2019-02-17,176.15502065573952
2019-02-18,242.21315340164185
2019-02-19,242.21315340164185
2019-02-20,231.20346461065813
2019-02-21,220.1937758196744
2019-02-22,214.68893142418253
2019-02-23,220.1937758196744
2019-02-24,264.2325309836093
2019-02-25,231.20346461065813
2019-02-26,209.18408702869067
2019-02-27,198.17439823770692
2019-02-28,187.16470944672324
2019-03-01,192.6695538422151
2019-03-02,176.15502065573952
2019-03-03,170.65017626024766
2019-03-04,198.17439823770692
2019-03-05,203.6792426331988
2019-03-06,198.17439823770692
2019-03-07,203.6792426331988
2019-03-08,187.16470944672324
2019-03-09,187.16470944672324
2019-03-10,176.15502065573952
2019-03-11,192.6695538422151
2019-03-12,192.6695538422151
2019-03-13,181.65986505123135
2019-03-14,170.65017626024766
2019-03-15,176.15502065573952
2019-03-16,187.16470944672324
2019-03-17,170.65017626024766
2019-03-18,192.6695538422151
2019-03-19,203.6792426331988
2019-03-20,203.6792426331988
2019-03-21,203.6792426331988
2019-03-22,192.6695538422151
2019-03-23,176.15502065573952
2019-03-24,165.1453318647558
2019-03-25,181.65986505123135
2019-03-26,181.65986505123135
2019-03-27,214.68893142418253
2019-03-28,192.6695538422151
2019-03-29,192.6695538422151
2019-03-30,176.15502065573952
2019-03-31,165.1453318647558
2019-04-01,203.6792426331988
2019-04-02,473.4166180123
2019-04-03,484.4263068032837
2019-04-04,374.3294188934465
2019-04-05,297.26159735656046
2019-04-06,258.7276865881174
2019-04-07,258.7276865881174
2019-04-08,297.26159735656046
2019-04-09,280.74706417008485
2019-04-10,297.26159735656046
2019-04-11,269.6292742051716
2019-04-12,248.0589322687579
2019-04-13,215.7034193641373
2019-04-14,204.9182483959304
2019-04-15,237.27376130055103
2019-04-16,237.27376130055103
2019-04-17,248.0589322687579
2019-04-18,248.0589322687579
2019-04-19,226.48859033234416
2019-04-20,226.48859033234416
2019-04-21,215.7034193641373
2019-04-22,237.27376130055103
2019-04-23,312.7699580779991
2019-04-24,280.4144451733785
2019-04-25,258.8441032369648
2019-04-26,258.8441032369648
2019-04-27,204.9182483959304
2019-04-28,194.1330774277236
2019-04-29,215.7034193641373
2019-04-30,215.7034193641373
2019-05-01,226.48859033234416
2019-05-02,226.48859033234416
2019-05-03,280.4144451733785
2019-05-04,248.0589322687579
2019-05-05,248.0589322687579
2019-05-06,248.0589322687579
2019-05-07,301.9847871097922
2019-05-08,312.7699580779991
2019-05-09,334.34030001441283
2019-05-10,366.6958129190334
2019-05-11,452.9771806646883
2019-05-12,496.1178645375158
2019-05-13,550.0437193785501
2019-05-14,625.5399161559982
2019-05-15,485.3326935693089
2019-05-16,496.1178645375158
2019-05-17,485.3326935693089
2019-05-18,355.9106419508265
2019-05-19,420.6216677600677
2019-05-20,420.6216677600677
2019-05-21,409.8364967918608
2019-05-22,355.9106419508265
2019-05-23,345.1254709826197
2019-05-24,345.1254709826197
2019-05-25,291.1996161415853
2019-05-26,323.55512904620593
2019-05-27,474.54752260110206
2019-05-28,399.051325823654
2019-05-29,399.051325823654
2019-05-30,409.8364967918608
2019-05-31,377.48098388724026
2019-06-01,312.7699580779991
2019-06-02,312.7699580779991
2019-06-03,334.34030001441283
2019-06-04,399.051325823654
2019-06-05,345.1254709826197
2019-06-06,312.7699580779991
2019-06-07,334.34030001441283
2019-06-08,258.8441032369648
2019-06-09,258.8441032369648
2019-06-10,301.9847871097922
2019-06-11,301.9847871097922
2019-06-12,291.1996161415853
2019-06-13,291.1996161415853
2019-06-14,301.9847871097922
2019-06-15,312.7699580779991
2019-06-16,399.051325823654
2019-06-17,431.4068387282746
2019-06-18,431.4068387282746
2019-06-19,355.9106419508265
2019-06-20,377.48098388724026
2019-06-21,463.7623516328952
2019-06-22,765.7471387426874
2019-06-23,517.6882064739295
2019-06-24,517.6882064739295
2019-06-25,625.5399161559982
2019-06-26,1078.5170968206864
2019-06-27,905.9543613293766
2019-06-28,668.6806000288257
2019-06-29,517.6882064739295
2019-06-30,452.9771806646883
2019-07-01,517.6882064739295
2019-07-02,539.2585484103432
2019-07-03,463.7623516328952
2019-07-04,442.1920096964815
2019-07-05,442.1920096964815
2019-07-06,345.1254709826197
2019-07-07,334.34030001441283
2019-07-08,420.6216677600677
2019-07-09,485.3326935693089
2019-07-10,506.9030355057226
2019-07-11,474.54752260110206
2019-07-12,442.1920096964815
2019-07-13,377.48098388724026
2019-07-14,388.2661548554472
2019-07-15,485.3326935693089
2019-07-16,485.3326935693089
2019-07-17,506.9030355057226
2019-07-18,463.7623516328952
2019-07-19,399.051325823654
2019-07-20,345.1254709826197
2019-07-21,334.34030001441283
2019-07-22,355.9106419508265
2019-07-23,366.6958129190334
2019-07-24,388.2661548554472
2019-07-25,366.6958129190334
2019-07-26,334.34030001441283
2019-07-27,345.1254709826197
2019-07-28,312.7699580779991
2019-07-29,345.1254709826197
2019-07-30,334.34030001441283
2019-07-31,345.1254709826197
2019-08-01,345.1254709826197
2019-08-02,355.9106419508265
2019-08-03,323.55512904620593
2019-08-04,291.1996161415853
2019-08-05,474.54752260110206
2019-08-06,474.54752260110206
2019-08-07,409.8364967918608
2019-08-08,377.48098388724026
2019-08-09,355.9106419508265
2019-08-10,323.55512904620593
2019-08-11,312.7699580779991
2019-08-12,345.1254709826197
2019-08-13,355.9106419508265
2019-08-14,388.2661548554472
2019-08-15,409.8364967918608
2019-08-16,355.9106419508265
2019-08-17,291.1996161415853
2019-08-18,291.1996161415853
2019-08-19,323.55512904620593
2019-08-20,323.55512904620593
2019-08-21,345.1254709826197
2019-08-22,323.55512904620593
2019-08-23,312.7699580779991
2019-08-24,269.6292742051716
2019-08-25,269.6292742051716
2019-08-26,301.9847871097922
2019-08-27,301.9847871097922
2019-08-28,334.34030001441283
2019-08-29,334.34030001441283
2019-08-30,301.9847871097922
2019-08-31,248.0589322687579
2019-09-01,248.0589322687579
2019-09-02,312.7699580779991
2019-09-03,345.1254709826197
2019-09-04,301.9847871097922
2019-09-05,301.9847871097922
2019-09-06,301.9847871097922
2019-09-07,258.8441032369648
2019-09-08,248.0589322687579
2019-09-09,269.6292742051716
2019-09-10,269.6292742051716
2019-09-11,269.6292742051716
2019-09-12,258.8441032369648
2019-09-13,237.27376130055103
2019-09-14,226.48859033234416
2019-09-15,226.48859033234416
2019-09-16,258.8441032369648
2019-09-17,258.8441032369648
2019-09-18,248.0589322687579
2019-09-19,269.6292742051716
2019-09-20,248.0589322687579
2019-09-21,215.7034193641373
2019-09-22,215.7034193641373
2019-09-23,258.8441032369648
2019-09-24,355.9106419508265
2019-09-25,409.8364967918608
2019-09-26,388.2661548554472
2019-09-27,345.1254709826197
2019-09-28,276.3934520841448
2019-09-29,257.3318346990314
2019-09-30,304.985878161815
2019-10-01,295.45506946925826
2019-10-02,266.8626433915881
2019-10-03,285.92426077670154
2019-10-04,257.3318346990314
2019-10-05,228.73940862136124
2019-10-06,228.73940862136124
2019-10-07,276.3934520841448
2019-10-08,266.8626433915881
2019-10-09,266.8626433915881
2019-10-10,257.3318346990314
2019-10-11,238.27021731391795
2019-10-12,209.6777912362478
2019-10-13,219.2085999288045
2019-10-14,228.73940862136124
2019-10-15,247.80102600647467
2019-10-16,247.80102600647467
2019-10-17,238.27021731391795
2019-10-18,238.27021731391795
2019-10-19,209.6777912362478
2019-10-20,219.2085999288045
2019-10-21,238.27021731391795
2019-10-22,228.73940862136124
2019-10-23,333.57830423948513
2019-10-24,285.92426077670154
2019-10-25,314.5166868543717
2019-10-26,438.417199857609
2019-10-27,314.5166868543717
2019-10-28,352.63992162459857
2019-10-29,324.0474955469284
2019-10-30,266.8626433915881
2019-10-31,266.8626433915881
2019-11-01,247.80102600647467
2019-11-02,228.73940862136124
2019-11-03,228.73940862136124
2019-11-04,257.3318346990314
2019-11-05,266.8626433915881
2019-11-06,257.3318346990314
2019-11-07,247.80102600647467
2019-11-08,266.8626433915881
2019-11-09,219.2085999288045
2019-11-10,209.6777912362478
2019-11-11,238.27021731391795
2019-11-12,238.27021731391795
2019-11-13,228.73940862136124
2019-11-14,228.73940862136124
2019-11-15,228.73940862136124
2019-11-16,219.2085999288045
2019-11-17,209.6777912362478
2019-11-18,238.27021731391795
2019-11-19,247.80102600647467
2019-11-20,238.27021731391795
2019-11-21,285.92426077670154
2019-11-22,352.63992162459857
2019-11-23,266.8626433915881
2019-11-24,257.3318346990314
2019-11-25,352.63992162459857
2019-11-26,304.985878161815
2019-11-27,285.92426077670154
2019-11-28,257.3318346990314
2019-11-29,238.27021731391795
2019-11-30,228.73940862136124
2019-12-01,228.73940862136124
2019-12-02,247.80102600647467
2019-12-03,238.27021731391795
2019-12-04,247.80102600647467
2019-12-05,238.27021731391795
2019-12-06,228.73940862136124
2019-12-07,200.14698254369108
2019-12-08,200.14698254369108
2019-12-09,219.2085999288045
2019-12-10,219.2085999288045
2019-12-11,228.73940862136124
2019-12-12,228.73940862136124
2019-12-13,219.2085999288045
2019-12-14,219.2085999288045
2019-12-15,200.14698254369108
2019-12-16,238.27021731391795
2019-12-17,276.3934520841448
2019-12-18,285.92426077670154
2019-12-19,266.8626433915881
2019-12-20,247.80102600647467
2019-12-21,209.6777912362478
2019-12-22,209.6777912362478
2019-12-23,257.3318346990314
2019-12-24,228.73940862136124
2019-12-25,228.73940862136124
2019-12-26,209.6777912362478
2019-12-27,219.2085999288045
2019-12-28,209.6777912362478
2019-12-29,228.73940862136124
2019-12-30,228.73940862136124
2019-12-31,209.6777912362478
2020-01-01,219.2085999288045
2020-01-02,238.27021731391795
2020-01-03,266.8626433915881
2020-01-04,238.27021731391795
2020-01-05,238.27021731391795
2020-01-06,276.3934520841448
2020-01-07,324.0474955469284
2020-01-08,362.1707303171553
2020-01-09,285.92426077670154
2020-01-10,276.3934520841448
2020-01-11,257.3318346990314
2020-01-12,228.73940862136124
2020-01-13,247.80102600647467
2020-01-14,362.1707303171553
2020-01-15,352.63992162459857
2020-01-16,304.985878161815
2020-01-17,314.5166868543717
2020-01-18,276.3934520841448
2020-01-19,314.5166868543717
2020-01-20,276.3934520841448
2020-01-21,276.3934520841448
2020-01-22,257.3318346990314
2020-01-23,257.3318346990314
2020-01-24,247.80102600647467
2020-01-25,219.2085999288045
2020-01-26,209.6777912362478
2020-01-27,257.3318346990314
2020-01-28,304.985878161815
2020-01-29,314.5166868543717
2020-01-30,314.5166868543717
2020-01-31,285.92426077670154
2020-02-01,285.92426077670154
2020-02-02,257.3318346990314
2020-02-03,266.8626433915881
2020-02-04,266.8626433915881
2020-02-05,295.45506946925826
2020-02-06,314.5166868543717
2020-02-07,304.985878161815
2020-02-08,276.3934520841448
2020-02-09,343.10911293204185
2020-02-10,333.57830423948513
2020-02-11,362.1707303171553
2020-02-12,381.2323477022687
2020-02-13,352.63992162459857
2020-02-14,295.45506946925826
2020-02-15,314.5166868543717
2020-02-16,295.45506946925826
2020-02-17,304.985878161815
2020-02-18,304.985878161815
2020-02-19,324.0474955469284
2020-02-20,324.0474955469284
2020-02-21,295.45506946925826
2020-02-22,257.3318346990314
2020-02-23,266.8626433915881
2020-02-24,304.985878161815
2020-02-25,285.92426077670154
2020-02-26,333.57830423948513
2020-02-27,324.0474955469284
2020-02-28,333.57830423948513
2020-02-29,285.92426077670154
2020-03-01,266.8626433915881
2020-03-02,285.92426077670154
2020-03-03,276.3934520841448
2020-03-04,285.92426077670154
2020-03-05,304.985878161815
2020-03-06,285.92426077670154
2020-03-07,247.80102600647467
2020-03-08,276.3934520841448
2020-03-09,476.5404346278359
2020-03-10,371.701539009712
2020-03-11,324.0474955469284
2020-03-12,667.1566084789703
2020-03-13,953.0808692556718
2020-03-14,600.4409476310732
2020-03-15,514.6636693980628
2020-03-16,648.0949910938568
2020-03-17,543.256095475733
2020-03-18,505.13286070550606
2020-03-19,552.7869041682897
2020-03-20,533.7252867831762
2020-03-21,476.5404346278359
2020-03-22,409.8247737799389
2020-03-23,447.94800855016575
2020-03-24,438.417199857609
2020-03-25,409.8247737799389
2020-03-26,371.701539009712
2020-03-27,352.63992162459857
2020-03-28,343.10911293204185
2020-03-29,352.63992162459857
2020-03-30,362.1707303171553
2020-03-31,333.57830423948513
2020-04-01,324.0474955469284
2020-04-02,381.2323477022687
2020-04-03,333.57830423948513
2020-04-04,314.5166868543717
2020-04-05,314.5166868543717
2020-04-06,371.701539009712
2020-04-07,352.63992162459857
2020-04-08,343.10911293204185
2020-04-09,333.57830423948513
2020-04-10,362.1707303171553
2020-04-11,324.0474955469284
2020-04-12,333.57830423948513
2020-04-13,352.63992162459857
2020-04-14,324.0474955469284
2020-04-15,343.10911293204185
2020-04-16,333.57830423948513
2020-04-17,324.0474955469284
2020-04-18,324.0474955469284
2020-04-19,324.0474955469284
2020-04-20,324.0474955469284
2020-04-21,314.5166868543717
2020-04-22,324.0474955469284
2020-04-23,343.10911293204185
2020-04-24,352.63992162459857
2020-04-25,333.57830423948513
2020-04-26,343.10911293204185
2020-04-27,352.63992162459857
2020-04-28,352.63992162459857
2020-04-29,505.13286070550606
2020-04-30,571.8485215534031
2020-05-01,467.0096259352792
2020-05-02,419.3555824724956
2020-05-03,438.417199857609
2020-05-04,419.3555824724956
2020-05-05,409.8247737799389
2020-05-06,428.8863911650523
2020-05-07,571.8485215534031
2020-05-08,638.5641824013001
2020-05-09,514.6636693980628
2020-05-10,695.7490345566405
2020-05-11,829.1803562524344
2020-05-12,619.5025650161867
2020-05-13,495.6020520129493
2020-05-14,514.6636693980628
2020-05-15,438.417199857609
2020-05-16,381.2323477022687
2020-05-17,409.8247737799389
2020-05-18,409.8247737799389
2020-05-19,371.701539009712
2020-05-20,371.701539009712
2020-05-21,400.29396508738216
2020-05-22,362.1707303171553
2020-05-23,333.57830423948513
2020-05-24,352.63992162459857
2020-05-25,371.701539009712
2020-05-26,362.1707303171553
2020-05-27,343.10911293204185
2020-05-28,343.10911293204185
2020-05-29,333.57830423948513
2020-05-30,314.5166868543717
2020-05-31,304.985878161815
2020-06-01,304.985878161815
2020-06-02,447.94800855016575
2020-06-03,343.10911293204185
2020-06-04,333.57830423948513
2020-06-05,314.5166868543717
2020-06-06,295.45506946925826
2020-06-07,304.985878161815
2020-06-08,304.985878161815
2020-06-09,314.5166868543717
2020-06-10,314.5166868543717
2020-06-11,333.57830423948513
2020-06-12,314.5166868543717
2020-06-13,285.92426077670154
2020-06-14,266.8626433915881
2020-06-15,324.0474955469284
2020-06-16,295.45506946925826
2020-06-17,295.45506946925826
2020-06-18,285.92426077670154
2020-06-19,266.8626433915881
2020-06-20,257.3318346990314
2020-06-21,247.80102600647467
2020-06-22,285.92426077670154
2020-06-23,295.45506946925826
2020-06-24,285.92426077670154
2020-06-25,276.3934520841448
2020-06-26,276.3934520841448
2020-06-27,257.3318346990314
2020-06-28,276.3934520841448
2020-06-29,266.8626433915881
2020-06-30,266.8626433915881
2020-07-01,276.3934520841448
2020-07-02,266.8626433915881
2020-07-03,266.8626433915881
2020-07-04,247.80102600647467
2020-07-05,247.80102600647467
2020-07-06,266.8626433915881
2020-07-07,266.8626433915881
2020-07-08,285.92426077670154
2020-07-09,266.8626433915881
2020-07-10,266.8626433915881
2020-07-11,238.27021731391795
2020-07-12,247.80102600647467
2020-07-13,276.3934520841448
2020-07-14,295.45506946925826
2020-07-15,314.5166868543717
2020-07-16,371.701539009712
2020-07-17,276.3934520841448
2020-07-18,400.29396508738216
2020-07-19,257.3318346990314
2020-07-20,247.80102600647467
2020-07-21,266.8626433915881
2020-07-22,257.3318346990314
2020-07-23,295.45506946925826
2020-07-24,295.45506946925826
2020-07-25,304.985878161815
2020-07-26,362.1707303171553
2020-07-27,495.6020520129493
2020-07-28,524.1944780906194
2020-07-29,419.3555824724956
2020-07-30,381.2323477022687
2020-07-31,400.29396508738216
2020-08-01,486.0712433203926
2020-08-02,505.13286070550606
2020-08-03,428.8863911650523
2020-08-04,371.701539009712
2020-08-05,400.29396508738216
2020-08-06,419.3555824724956
2020-08-07,400.29396508738216
2020-08-08,352.63992162459857
2020-08-09,352.63992162459857
2020-08-10,409.8247737799389
2020-08-11,381.2323477022687
2020-08-12,352.63992162459857
2020-08-13,362.1707303171553
2020-08-14,333.57830423948513
2020-08-15,333.57830423948513
2020-08-16,352.63992162459857
2020-08-17,409.8247737799389
2020-08-18,400.29396508738216
2020-08-19,362.1707303171553
2020-08-20,333.57830423948513
2020-08-21,314.5166868543717
2020-08-22,314.5166868543717
2020-08-23,295.45506946925826
2020-08-24,295.45506946925826
2020-08-25,314.5166868543717
2020-08-26,314.5166868543717
2020-08-27,304.985878161815
2020-08-28,304.985878161815
2020-08-29,257.3318346990314
2020-08-30,285.92426077670154
2020-08-31,285.92426077670154
2020-09-01,314.5166868543717
2020-09-02,333.1287377917229
2020-09-03,358.7540253141632
2020-09-04,384.3793128366034
2020-09-05,333.1287377917229
2020-09-06,333.1287377917229
2020-09-07,333.1287377917229
2020-09-08,307.50345026928267
2020-09-09,307.50345026928267
2020-09-10,281.87816274684246
2020-09-11,256.25287522440226
2020-09-12,256.25287522440226
2020-09-13,256.25287522440226
2020-09-14,281.87816274684246
2020-09-15,307.50345026928267
2020-09-16,281.87816274684246
2020-09-17,281.87816274684246
2020-09-18,256.25287522440226
2020-09-19,230.62758770196203
2020-09-20,256.25287522440226
2020-09-21,281.87816274684246
2020-09-22,256.25287522440226
2020-09-23,256.25287522440226
2020-09-24,256.25287522440226
2020-09-25,256.25287522440226
2020-09-26,230.62758770196203
2020-09-27,205.0023001795218
2020-09-28,256.25287522440226
2020-09-29,256.25287522440226
2020-09-30,230.62758770196203
2020-10-01,230.62758770196203
2020-10-02,230.62758770196203
2020-10-03,205.0023001795218
2020-10-04,205.0023001795218
2020-10-05,230.62758770196203
2020-10-06,230.62758770196203
2020-10-07,230.62758770196203
2020-10-08,230.62758770196203
2020-10-09,230.62758770196203
2020-10-10,256.25287522440226
2020-10-11,256.25287522440226
2020-10-12,281.87816274684246
2020-10-13,256.25287522440226
2020-10-14,256.25287522440226
2020-10-15,256.25287522440226
2020-10-16,256.25287522440226
2020-10-17,230.62758770196203
2020-10-18,256.25287522440226
2020-10-19,256.25287522440226
2020-10-20,307.50345026928267
2020-10-21,461.25517540392406
2020-10-22,486.88046292636426
2020-10-23,384.3793128366034
2020-10-24,307.50345026928267
2020-10-25,333.1287377917229
2020-10-26,358.7540253141632
2020-10-27,410.0046003590436
2020-10-28,435.6298878814838
2020-10-29,384.3793128366034
2020-10-30,358.7540253141632
2020-10-31,384.3793128366034
2020-11-01,358.7540253141632
2020-11-02,358.7540253141632
2020-11-03,333.1287377917229
2020-11-04,333.1287377917229
2020-11-05,486.88046292636426
2020-11-06,538.1310379712447
2020-11-07,435.6298878814838
2020-11-08,410.0046003590436
2020-11-09,435.6298878814838
2020-11-10,358.7540253141632
2020-11-11,410.0046003590436
2020-11-12,461.25517540392406
2020-11-13,486.88046292636426
2020-11-14,410.0046003590436
2020-11-15,358.7540253141632
2020-11-16,461.25517540392406
2020-11-17,640.6321880610056
2020-11-18,768.7586256732068
2020-11-19,589.3816130161251
2020-11-20,615.0069005385653
2020-11-21,640.6321880610056
2020-11-22,563.7563254936849
2020-11-23,589.3816130161251
2020-11-24,794.383913195647
2020-11-25,717.5080506283263
2020-11-26,845.6344882405274
2020-11-27,589.3816130161251
2020-11-28,512.5057504488045
2020-11-29,461.25517540392406
2020-11-30,691.882763105886
2020-12-01,691.882763105886
2020-12-02,538.1310379712447
2020-12-03,538.1310379712447
2020-12-04,538.1310379712447
2020-12-05,461.25517540392406
2020-12-06,435.6298878814838
2020-12-07,461.25517540392406
2020-12-08,461.25517540392406
2020-12-09,486.88046292636426
2020-12-10,435.6298878814838
2020-12-11,461.25517540392406
2020-12-12,384.3793128366034
2020-12-13,410.0046003590436
2020-12-14,410.0046003590436
2020-12-15,435.6298878814838
2020-12-16,820.0092007180872
2020-12-17,1358.140238689332
2020-12-18,896.8850632854079
2020-12-19,794.383913195647
2020-12-20,743.1333381507665
2020-12-21,820.0092007180872
2020-12-22,691.882763105886
2020-12-23,717.5080506283263
2020-12-24,589.3816130161251
2020-12-25,717.5080506283263
2020-12-26,973.7609258527284
2020-12-27,1281.2643761220113
2020-12-28,1025.011500897609
2020-12-29,896.8850632854079
2020-12-30,1025.011500897609
2020-12-31,1025.011500897609
2021-01-01,999.3862133751688
2021-01-02,1665.6436889586146
2021-01-03,1998.7724267503372
2021-01-04,1691.2689764810548
2021-01-05,1383.765526211772
2021-01-06,1435.0161012566523
2021-01-07,2306.27587701962
2021-01-08,2255.02530197474
2021-01-09,1768.1448390483754
2021-01-10,1845.020701615696
2021-01-11,2562.5287522440226
2021-01-12,1896.2712766605769
2021-01-13,1640.0184014361744
2021-01-14,1742.5195515259352
2021-01-15,1460.6413887790927
2021-01-16,1230.013801077131
2021-01-17,1178.7632260322505
2021-01-18,1076.2620759424894
2021-01-19,1050.6367884200492
2021-01-20,999.3862133751688
2021-01-21,1306.8896636444515
2021-01-22,1358.140238689332
2021-01-23,999.3862133751688
2021-01-24,896.8850632854079
2021-01-25,922.510350807848
2021-01-26,896.8850632854079
2021-01-27,973.7609258527284
2021-01-28,973.7609258527284
2021-01-29,1563.1425388688538
2021-01-30,1101.8873634649296
2021-01-31,896.8850632854079
2021-02-01,948.1356383302884
2021-02-02,871.2597757629676
2021-02-03,896.8850632854079
2021-02-04,948.1356383302884
2021-02-05,896.8850632854079
2021-02-06,1076.2620759424894
2021-02-07,922.510350807848
2021-02-08,2075.648289317658
2021-02-09,2460.0276021542613
2021-02-10,1588.767826391294
2021-02-11,1588.767826391294
2021-02-12,1409.3908137342123
2021-02-13,1204.3885135546905
2021-02-14,1358.140238689332
2021-02-15,1358.140238689332
2021-02-16,1537.5172513464136
2021-02-17,1742.5195515259352
2021-02-18,1486.266676301533
2021-02-19,1702.6579931576948
2021-02-20,1915.4902423024068
2021-02-21,1702.6579931576948
2021-02-22,1986.434325350644
2021-02-23,2447.5708651641867
2021-02-24,1809.0741177300508
2021-02-25,1489.825744012983
2021-02-26,1489.825744012983
2021-02-27,1241.5214533441526
2021-02-28,1312.4655363923898
2021-03-01,1312.4655363923898
2021-03-02,1206.0494118200338
2021-03-03,1135.1053287717966
2021-03-04,1028.6892041994406
2021-03-05,1028.6892041994406
2021-03-06,922.2730796270848
2021-03-07,993.217162675322
2021-03-08,993.217162675322
2021-03-09,1135.1053287717966
2021-03-10,1206.0494118200338
2021-03-11,1064.1612457235594
2021-03-12,1099.633287247678
2021-03-13,1489.825744012983
2021-03-14,1383.4096194406272
2021-03-15,1206.0494118200338
2021-03-16,1135.1053287717966
2021-03-17,1064.1612457235594
2021-03-18,1064.1612457235594
2021-03-19,957.7451211512034
2021-03-20,957.7451211512034
2021-03-21,922.2730796270848
2021-03-22,993.217162675322
2021-03-23,957.7451211512034
2021-03-24,1064.1612457235594
2021-03-25,1170.5773702959152
2021-03-26,922.2730796270848
2021-03-27,922.2730796270848
2021-03-28,851.3289965788474
2021-03-29,993.217162675322
2021-03-30,1028.6892041994406
2021-03-31,957.7451211512034
2021-04-01,1099.633287247678
2021-04-02,993.217162675322
2021-04-03,922.2730796270848
2021-04-04,851.3289965788474
2021-04-05,922.2730796270848
2021-04-06,922.2730796270848
2021-04-07,886.8010381029661
2021-04-08,851.3289965788474
2021-04-09,780.3849135306102
2021-04-10,922.2730796270848
2021-04-11,922.2730796270848
2021-04-12,922.2730796270848
2021-04-13,1206.0494118200338
2021-04-14,1454.3537024888644
2021-04-15,1135.1053287717966
2021-04-16,1241.5214533441526
2021-04-17,1028.6892041994406
2021-04-18,1880.018200778288
2021-04-19,1489.825744012983
2021-04-20,1276.9934948682712
2021-04-21,1064.1612457235594
2021-04-22,1206.0494118200338
2021-04-23,1915.4902423024068
2021-04-24,1383.4096194406272
2021-04-25,1206.0494118200338
2021-04-26,1170.5773702959152
2021-04-27,1170.5773702959152
2021-04-28,1064.1612457235594
2021-04-29,922.2730796270848
2021-04-30,957.7451211512034
2021-05-01,886.8010381029661
2021-05-02,851.3289965788474
2021-05-03,957.7451211512034
2021-05-04,993.217162675322
2021-05-05,1028.6892041994406
2021-05-06,957.7451211512034
2021-05-07,886.8010381029661
2021-05-08,886.8010381029661
2021-05-09,922.2730796270848
2021-05-10,993.217162675322
2021-05-11,957.7451211512034
2021-05-12,922.2730796270848
2021-05-13,2341.1547405918304
2021-05-14,1489.825744012983
2021-05-15,1135.1053287717966
2021-05-16,1276.9934948682712
2021-05-17,1844.5461592541692
2021-05-18,1418.8816609647458
2021-05-19,3547.2041524118645
2021-05-20,2766.8192388812545
2021-05-21,1986.434325350644
2021-05-22,1809.0741177300508
2021-05-23,2057.378408398881
2021-05-24,1986.434325350644
2021-05-25,1525.2977855371016
2021-05-26,1347.9375779165084
2021-05-27,1170.5773702959152
2021-05-28,1241.5214533441526
2021-05-29,1241.5214533441526
2021-05-30,1241.5214533441526
2021-05-31,1099.633287247678
2021-06-01,1099.633287247678
2021-06-02,1099.633287247678
2021-06-03,1028.6892041994406
2021-06-04,1135.1053287717966
2021-06-05,1028.6892041994406
2021-06-06,1028.6892041994406
2021-06-07,1064.1612457235594
2021-06-08,1489.825744012983
2021-06-09,1276.9934948682712
2021-06-10,1170.5773702959152
2021-06-11,957.7451211512034
2021-06-12,886.8010381029661
2021-06-13,886.8010381029661
2021-06-14,1099.633287247678
2021-06-15,922.2730796270848
2021-06-16,851.3289965788474
2021-06-17,780.3849135306102
2021-06-18,780.3849135306102
2021-06-19,709.4408304823729
2021-06-20,815.8569550547288
2021-06-21,1135.1053287717966
2021-06-22,1525.2977855371016
2021-06-23,1099.633287247678
2021-06-24,922.2730796270848
2021-06-25,922.2730796270848
2021-06-26,851.3289965788474
2021-06-27,744.9128720064915
2021-06-28,886.8010381029661
2021-06-29,851.3289965788474
2021-06-30,744.9128720064915
2021-07-01,709.4408304823729
2021-07-02,673.9687889582542
2021-07-03,638.4967474341356
2021-07-04,673.9687889582542
2021-07-05,709.4408304823729
2021-07-06,638.4967474341356
2021-07-07,603.0247059100169
2021-07-08,673.9687889582542
2021-07-09,638.4967474341356
2021-07-10,567.5526643858983
2021-07-11,532.0806228617797
2021-07-12,603.0247059100169
2021-07-13,603.0247059100169
2021-07-14,638.4967474341356
2021-07-15,638.4967474341356
2021-07-16,638.4967474341356
2021-07-17,603.0247059100169
2021-07-18,567.5526643858983
2021-07-19,673.9687889582542
2021-07-20,886.8010381029661
2021-07-21,815.8569550547288
2021-07-22,744.9128720064915
2021-07-23,638.4967474341356
2021-07-24,673.9687889582542
2021-07-25,638.4967474341356
2021-07-26,1206.0494118200338
2021-07-27,886.8010381029661
2021-07-28,815.8569550547288
2021-07-29,709.4408304823729
2021-07-30,673.9687889582542
2021-07-31,709.4408304823729
2021-08-01,709.4408304823729
2021-08-02,709.4408304823729
2021-08-03,638.4967474341356
2021-08-04,638.4967474341356
2021-08-05,673.9687889582542
2021-08-06,709.4408304823729
2021-08-07,780.3849135306102
2021-08-08,809.8033431778583
2021-08-09,842.1954769049727
2021-08-10,809.8033431778583
2021-08-11,777.4112094507441
2021-08-12,745.0190757236297
2021-08-13,745.0190757236297
2021-08-14,745.0190757236297
2021-08-15,712.6269419965154
2021-08-16,680.234808269401
2021-08-17,647.8426745422867
2021-08-18,680.234808269401
2021-08-19,647.8426745422867
2021-08-20,712.6269419965154
2021-08-21,680.234808269401
2021-08-22,680.234808269401
2021-08-23,874.587610632087
2021-08-24,777.4112094507441
2021-08-25,712.6269419965154
2021-08-26,647.8426745422867
2021-08-27,647.8426745422867
2021-08-28,583.0584070880581
2021-08-29,583.0584070880581
2021-08-30,615.4505408151723
2021-08-31,583.0584070880581
2021-09-01,615.4505408151723
2021-09-02,680.234808269401
2021-09-03,647.8426745422867
2021-09-04,550.6662733609437
2021-09-05,583.0584070880581
2021-09-06,712.6269419965154
2021-09-07,1133.7246804490017
2021-09-08,1036.5482792676587
2021-09-09,777.4112094507441
2021-09-10,680.234808269401
2021-09-11,615.4505408151723
2021-09-12,583.0584070880581
2021-09-13,647.8426745422867
2021-09-14,583.0584070880581
2021-09-15,615.4505408151723
2021-09-16,550.6662733609437
2021-09-17,550.6662733609437
2021-09-18,550.6662733609437
2021-09-19,485.882005906715
2021-09-20,745.0190757236297
2021-09-21,809.8033431778583
2021-09-22,712.6269419965154
2021-09-23,647.8426745422867
2021-09-24,906.9797443592014
2021-09-25,680.234808269401
2021-09-26,583.0584070880581
2021-09-27,583.0584070880581
2021-09-28,583.0584070880581
2021-09-29,583.0584070880581
2021-09-30,583.0584070880581
2021-10-01,712.6269419965154
2021-10-02,583.0584070880581
2021-10-03,583.0584070880581
2021-10-04,647.8426745422867
2021-10-05,745.0190757236297
2021-10-06,906.9797443592014
2021-10-07,842.1954769049727
2021-10-08,745.0190757236297
2021-10-09,680.234808269401
2021-10-10,647.8426745422867
2021-10-11,777.4112094507441
2021-10-12,745.0190757236297
2021-10-13,647.8426745422867
2021-10-14,745.0190757236297
2021-10-15,1004.1561455405443
2021-10-16,971.76401181343
2021-10-17,777.4112094507441
2021-10-18,874.587610632087
2021-10-19,1036.5482792676587
2021-10-20,1328.0774828116878
2021-10-21,1166.116814176116
2021-10-22,971.76401181343
2021-10-23,809.8033431778583
2021-10-24,712.6269419965154
2021-10-25,777.4112094507441
2021-10-26,906.9797443592014
2021-10-27,939.3718780863156
2021-10-28,842.1954769049727
2021-10-29,777.4112094507441
2021-10-30,647.8426745422867
2021-10-31,615.4505408151723
2021-11-01,712.6269419965154
2021-11-02,745.0190757236297
2021-11-03,680.234808269401
2021-11-04,680.234808269401
2021-11-05,680.234808269401
2021-11-06,583.0584070880581
2021-11-07,583.0584070880581
2021-11-08,842.1954769049727
2021-11-09,1004.1561455405443
2021-11-10,906.9797443592014
2021-11-11,777.4112094507441
2021-11-12,745.0190757236297
2021-11-13,680.234808269401
2021-11-14,680.234808269401
2021-11-15,712.6269419965154
2021-11-16,939.3718780863156
2021-11-17,842.1954769049727
2021-11-18,874.587610632087
2021-11-19,874.587610632087
2021-11-20,680.234808269401
2021-11-21,680.234808269401
2021-11-22,745.0190757236297
2021-11-23,809.8033431778583
2021-11-24,809.8033431778583
2021-11-25,680.234808269401
2021-11-26,874.587610632087
2021-11-27,745.0190757236297
2021-11-28,712.6269419965154
2021-11-29,745.0190757236297
2021-11-30,745.0190757236297
2021-12-01,680.234808269401
2021-12-02,647.8426745422867
2021-12-03,680.234808269401
2021-12-04,1490.0381514472597
2021-12-05,1101.3325467218874
2021-12-06,1004.1561455405443
2021-12-07,874.587610632087
2021-12-08,777.4112094507441
2021-12-09,777.4112094507441
2021-12-10,809.8033431778583
2021-12-11,712.6269419965154
2021-12-12,647.8426745422867
2021-12-13,809.8033431778583
2021-12-14,842.1954769049727
2021-12-15,809.8033431778583
2021-12-16,680.234808269401
2021-12-17,712.6269419965154
2021-12-18,647.8426745422867
2021-12-19,615.4505408151723
2021-12-20,712.6269419965154
2021-12-21,712.6269419965154
2021-12-22,680.234808269401
2021-12-23,647.8426745422867
2021-12-24,680.234808269401
2021-12-25,647.8426745422867
2021-12-26,647.8426745422867
2021-12-27,647.8426745422867
2021-12-28,712.6269419965154
2021-12-29,712.6269419965154
2021-12-30,647.8426745422867
2021-12-31,647.8426745422867
2022-01-01,680.234808269401
2022-01-02,647.8426745422867
2022-01-03,680.234808269401
2022-01-04,1651.9988200828311
2022-01-05,615.4505408151723
2022-01-06,939.3718780863156
2022-01-07,1101.3325467218874
2022-01-08,1004.1561455405443
2022-01-09,906.9797443592014
2022-01-10,1004.1561455405443
2022-01-11,906.9797443592014
2022-01-12,809.8033431778583
2022-01-13,1587.2145526286024
2022-01-14,615.4505408151723
2022-01-15,647.8426745422867
2022-01-16,1166.116814176116
2022-01-17,615.4505408151723
2022-01-18,647.8426745422867
2022-01-19,647.8426745422867
2022-01-20,647.8426745422867
2022-01-21,1295.685349084573
2022-01-22,1781.5673549912883
2022-01-23,1230.9010816303446
2022-01-24,3239.2133727114333
2022-01-25,1068.9404129947732
2022-01-26,1036.548279267659
2022-01-27,906.9797443592016
2022-01-28,939.371878086316
2022-01-29,809.8033431778586
2022-01-30,777.4112094507442
2022-01-31,842.1954769049729
2022-02-01,874.5876106320873
2022-02-02,809.8033431778586
2022-02-03,777.4112094507442
2022-02-04,842.1954769049729
2022-02-05,874.5876106320873
2022-02-06,712.6269419965155
2022-02-07,906.9797443592016
2022-02-08,842.1954769049729
2022-02-09,842.1954769049729
2022-02-10,647.8426745422869
2022-02-11,777.4112094507442
2022-02-12,647.8426745422869
2022-02-13,615.4505408151725
2022-02-14,712.6269419965155
2022-02-15,712.6269419965155
2022-02-16,615.4505408151725
2022-02-17,712.6269419965155
2022-02-18,712.6269419965155
2022-02-19,615.4505408151725
2022-02-20,712.6269419965155
2022-02-21,777.4112094507442
2022-02-22,809.8033431778586
2022-02-23,680.2348082694011
2022-02-24,1425.253883993031
2022-02-25,1036.548279267659
2022-02-26,680.2348082694011
2022-02-27,745.0190757236298
2022-02-28,874.5876106320873
2022-03-01,971.7640118134302
2022-03-02,842.1954769049729
2022-03-03,745.0190757236298
2022-03-04,745.0190757236298
2022-03-05,647.8426745422869
2022-03-06,647.8426745422869
2022-03-07,745.0190757236298
2022-03-08,680.2348082694011
2022-03-09,809.8033431778586
2022-03-10,712.6269419965155
2022-03-11,647.8426745422869
2022-03-12,583.0584070880582
2022-03-13,583.0584070880582
2022-03-14,647.8426745422869
2022-03-15,583.0584070880582
2022-03-16,647.8426745422869
2022-03-17,583.0584070880582
2022-03-18,583.0584070880582
2022-03-19,518.2741396338295
2022-03-20,518.2741396338295
2022-03-21,550.6662733609438
2022-03-22,615.4505408151725
2022-03-23,550.6662733609438
2022-03-24,615.4505408151725
2022-03-25,647.8426745422869
2022-03-26,550.6662733609438
2022-03-27,647.8426745422869
2022-03-28,745.0190757236298
2022-03-29,680.2348082694011
2022-03-30,615.4505408151725
2022-03-31,615.4505408151725
2022-04-01,615.4505408151725
2022-04-02,518.2741396338295
2022-04-03,518.2741396338295
2022-04-04,550.6662733609438
2022-04-05,518.2741396338295
2022-04-06,615.4505408151725
2022-04-07,583.0584070880582
2022-04-08,550.6662733609438
2022-04-09,485.8820059067151
2022-04-10,485.8820059067151
2022-04-11,647.8426745422869
2022-04-12,583.0584070880582
2022-04-13,550.6662733609438
2022-04-14,518.2741396338295
2022-04-15,485.8820059067151
2022-04-16,453.4898721796008
2022-04-17,453.4898721796008
2022-04-18,550.6662733609438
2022-04-19,518.2741396338295
2022-04-20,485.8820059067151
2022-04-21,518.2741396338295
2022-04-22,485.8820059067151
2022-04-23,453.4898721796008
2022-04-24,453.4898721796008
2022-04-25,550.6662733609438
2022-04-26,550.6662733609438
2022-04-27,518.2741396338295
2022-04-28,518.2741396338295
2022-04-29,518.2741396338295
2022-04-30,453.4898721796008
2022-05-01,453.4898721796008
2022-05-02,518.2741396338295
2022-05-03,485.8820059067151
2022-05-04,485.8820059067151
2022-05-05,583.0584070880582
2022-05-06,647.8426745422869
2022-05-07,518.2741396338295
2022-05-08,615.4505408151725
2022-05-09,1068.9404129947732
2022-05-10,1068.9404129947732
2022-05-11,1230.901081630345
2022-05-12,1846.3516224455173
2022-05-13,1392.8617502659167
2022-05-14,1036.548279267659
2022-05-15,874.5876106320873
2022-05-16,906.9797443592016
2022-05-17,809.8033431778586
2022-05-18,809.8033431778586
2022-05-19,777.4112094507442
2022-05-20,712.6269419965155
2022-05-21,615.4505408151725
2022-05-22,615.4505408151725
2022-05-23,680.2348082694011
2022-05-24,680.2348082694011
2022-05-25,615.4505408151725
2022-05-26,647.8426745422869
2022-05-27,647.8426745422869
2022-05-28,583.0584070880582
2022-05-29,518.2741396338295
2022-05-30,680.2348082694011
2022-05-31,647.8426745422869
2022-06-01,583.0584070880582
2022-06-02,550.6662733609438
2022-06-03,550.6662733609438
2022-06-04,485.8820059067151
2022-06-05,485.8820059067151
2022-06-06,550.6662733609438
2022-06-07,583.0584070880582
2022-06-08,550.6662733609438
2022-06-09,518.2741396338295
2022-06-10,518.2741396338295
2022-06-11,518.2741396338295
2022-06-12,680.2348082694011
2022-06-13,1716.78308753706
2022-06-14,1684.3909538099458
2022-06-15,1587.2145526286026
2022-06-16,1392.8617502659167
2022-06-17,1166.1168141761163
2022-06-18,1781.5673549912888
2022-06-19,1684.3909538099458
2022-06-20,1328.077482811688
2022-06-21,1101.3325467218876
2022-06-22,1004.1561455405446
2022-06-23,906.9797443592016
2022-06-24,842.1954769049729
2022-06-25,712.6269419965155
2022-06-26,680.2348082694011
2022-06-27,777.4112094507442
2022-06-28,712.6269419965155
2022-06-29,777.4112094507442
2022-06-30,939.371878086316
2022-07-01,842.1954769049729
2022-07-02,745.0190757236298
2022-07-03,712.6269419965155
2022-07-04,777.4112094507442
2022-07-05,842.1954769049729
2022-07-06,712.6269419965155
2022-07-07,680.2348082694011
2022-07-08,712.6269419965155
2022-07-09,583.0584070880582
2022-07-10,583.0584070880582
2022-07-11,680.2348082694011
2022-07-12,680.2348082694011
2022-07-13,712.6269419965155
2022-07-14,675.1041393339008
2022-07-15,621.8064441233296
2022-07-16,550.7428505092348
2022-07-17,532.9769521057111
2022-07-18,692.8700377374245
2022-07-19,728.4018345444719
2022-07-20,728.4018345444719
2022-07-21,799.4654281585666
2022-07-22,657.338240930377
2022-07-23,550.7428505092348
2022-07-24,497.4451552986637
2022-07-25,604.0405457198059
2022-07-26,586.2746473162822
2022-07-27,586.2746473162822
2022-07-28,604.0405457198059
2022-07-29,568.5087489127585
2022-07-30,515.2110537021874
2022-07-31,515.2110537021874
2022-08-01,550.7428505092348
2022-08-02,532.9769521057111
2022-08-03,550.7428505092348
2022-08-04,532.9769521057111
2022-08-05,497.4451552986637
2022-08-06,444.1474600880926
2022-08-07,426.3815616845689
2022-08-08,515.2110537021874
2022-08-09,515.2110537021874
2022-08-10,497.4451552986637
2022-08-11,550.7428505092348
2022-08-12,479.67925689514
2022-08-13,408.6156632810452
2022-08-14,479.67925689514
2022-08-15,497.4451552986637
2022-08-16,461.9133584916163
2022-08-17,479.67925689514
2022-08-18,444.1474600880926
2022-08-19,604.0405457198059
2022-08-20,479.67925689514
2022-08-21,461.9133584916163
2022-08-22,497.4451552986637
2022-08-23,461.9133584916163
2022-08-24,444.1474600880926
2022-08-25,461.9133584916163
2022-08-26,461.9133584916163
2022-08-27,479.67925689514
2022-08-28,461.9133584916163
2022-08-29,532.9769521057111
2022-08-30,497.4451552986637
2022-08-31,479.67925689514
2022-09-01,479.67925689514
2022-09-02,444.1474600880926
2022-09-03,390.8497648775215
2022-09-04,390.8497648775215
2022-09-05,426.3815616845689
2022-09-06,479.67925689514
2022-09-07,532.9769521057111
2022-09-08,444.1474600880926
2022-09-09,515.2110537021874
2022-09-10,426.3815616845689
2022-09-11,426.3815616845689
2022-09-12,461.9133584916163
2022-09-13,515.2110537021874
2022-09-14,515.2110537021874
2022-09-15,479.67925689514
2022-09-16,479.67925689514
2022-09-17,408.6156632810452
2022-09-18,390.8497648775215
2022-09-19,568.5087489127585
2022-09-20,550.7428505092348
2022-09-21,515.2110537021874
2022-09-22,497.4451552986637
2022-09-23,497.4451552986637
2022-09-24,444.1474600880926
2022-09-25,408.6156632810452
2022-09-26,479.67925689514
2022-09-27,497.4451552986637
2022-09-28,461.9133584916163
2022-09-29,444.1474600880926
2022-09-30,426.3815616845689
2022-10-01,373.0838664739978
2022-10-02,355.3179680704741
2022-10-03,444.1474600880926
2022-10-04,408.6156632810452
2022-10-05,408.6156632810452
2022-10-06,408.6156632810452
2022-10-07,390.8497648775215
2022-10-08,355.3179680704741
2022-10-09,355.3179680704741
2022-10-10,390.8497648775215
2022-10-11,408.6156632810452
2022-10-12,390.8497648775215
2022-10-13,426.3815616845689
2022-10-14,390.8497648775215
2022-10-15,337.5520696669504
2022-10-16,319.78617126342664
2022-10-17,373.0838664739978
2022-10-18,373.0838664739978
2022-10-19,373.0838664739978
2022-10-20,373.0838664739978
2022-10-21,373.0838664739978
2022-10-22,319.78617126342664
2022-10-23,319.78617126342664
2022-10-24,355.3179680704741
2022-10-25,390.8497648775215
2022-10-26,426.3815616845689
2022-10-27,390.8497648775215
2022-10-28,390.8497648775215
2022-10-29,355.3179680704741
2022-10-30,337.5520696669504
2022-10-31,390.8497648775215
2022-11-01,355.3179680704741
2022-11-02,373.0838664739978
2022-11-03,373.0838664739978
2022-11-04,390.8497648775215
2022-11-05,355.3179680704741
2022-11-06,319.78617126342664
2022-11-07,373.0838664739978
2022-11-08,568.5087489127585
2022-11-09,977.1244121938036
2022-11-10,1065.9539042114222
2022-11-11,888.2949201761852
2022-11-12,817.2313265620903
2022-11-13,728.4018345444719
2022-11-14,834.997224965614
2022-11-15,675.1041393339008
2022-11-16,639.5723425268533
2022-11-17,604.0405457198059
2022-11-18,604.0405457198059
2022-11-19,497.4451552986637
2022-11-20,479.67925689514
2022-11-21,604.0405457198059
2022-11-22,621.8064441233296
2022-11-23,515.2110537021874
2022-11-24,444.1474600880926
2022-11-25,444.1474600880926
2022-11-26,408.6156632810452
2022-11-27,390.8497648775215
2022-11-28,479.67925689514
2022-11-29,479.67925689514
2022-11-30,461.9133584916163
2022-12-01,461.9133584916163
2022-12-02,408.6156632810452
2022-12-03,373.0838664739978
2022-12-04,373.0838664739978
2022-12-05,408.6156632810452
2022-12-06,408.6156632810452
2022-12-07,408.6156632810452
2022-12-08,426.3815616845689
2022-12-09,373.0838664739978
2022-12-10,319.78617126342664
2022-12-11,373.0838664739978
2022-12-12,408.6156632810452
2022-12-13,461.9133584916163
2022-12-14,444.1474600880926
2022-12-15,444.1474600880926
2022-12-16,444.1474600880926
2022-12-17,390.8497648775215
2022-12-18,355.3179680704741
2022-12-19,408.6156632810452
2022-12-20,408.6156632810452
2022-12-21,408.6156632810452
2022-12-22,408.6156632810452
2022-12-23,390.8497648775215
2022-12-24,355.3179680704741
2022-12-25,355.3179680704741
2022-12-26,373.0838664739978
2022-12-27,390.8497648775215
2022-12-28,390.8497648775215
2022-12-29,373.0838664739978
2022-12-30,390.8497648775215
2022-12-31,337.6226092522168
2023-01-01,365.7578266899015
2023-01-02,379.82543540874383
2023-01-03,386.859239768165
2023-01-04,407.9606528464286
2023-01-05,372.7916310493227
2023-01-06,386.859239768165
2023-01-07,337.6226092522168
2023-01-08,316.52119617395323
2023-01-09,393.8930441275862
2023-01-10,393.8930441275862
2023-01-11,393.8930441275862
2023-01-12,478.2986964406404
2023-01-13,478.2986964406404
2023-01-14,626.0085879884853
2023-01-15,478.2986964406404
2023-01-16,548.6367400348522
2023-01-17,548.6367400348522
2023-01-18,478.2986964406404
2023-01-19,464.2310877217981
2023-01-20,492.3663051594828
2023-01-21,548.6367400348522
2023-01-22,506.43391387832514
2023-01-23,513.4677182377463
2023-01-24,485.3325008000616
2023-01-25,471.2648920812192
2023-01-26,464.2310877217981
2023-01-27,443.1296746435345
2023-01-28,400.9268484870074
2023-01-29,443.1296746435345
2023-01-30,478.2986964406404
2023-01-31,457.1972833623769
2023-02-01,450.1634790029557
2023-02-02,506.43391387832514
2023-02-03,443.1296746435345
2023-02-04,400.9268484870074
2023-02-05,386.859239768165
2023-02-06,414.99445720584976
2023-02-07,393.8930441275862
2023-02-08,400.9268484870074
2023-02-09,429.06206592469215
2023-02-10,414.99445720584976
2023-02-11,393.8930441275862
2023-02-12,323.5550005333744
2023-02-13,386.859239768165
2023-02-14,386.859239768165
2023-02-15,443.1296746435345
2023-02-16,534.5691313160098
2023-02-17,436.0958702841133
2023-02-18,407.9606528464286
2023-02-19,407.9606528464286
2023-02-20,436.0958702841133
2023-02-21,436.0958702841133
2023-02-22,414.99445720584976
2023-02-23,393.8930441275862
2023-02-24,400.9268484870074
2023-02-25,365.7578266899015
2023-02-26,358.7240223304803
2023-02-27,393.8930441275862
2023-02-28,393.8930441275862
2023-03-01,358.7240223304803
2023-03-02,379.82543540874383
2023-03-03,436.0958702841133
2023-03-04,372.7916310493227
2023-03-05,337.6226092522168
2023-03-06,351.6902179710592
2023-03-07,351.6902179710592
2023-03-08,372.7916310493227
2023-03-09,443.1296746435345
2023-03-10,534.5691313160098
2023-03-11,429.06206592469215
2023-03-12,422.02826156527095
2023-03-13,647.1100010667487
2023-03-14,703.3804359421183
2023-03-15,562.7043487536946
2023-03-16,499.400109518904
2023-03-17,618.9747836290641
2023-03-18,555.6705443942734
2023-03-19,576.771957472537
2023-03-20,703.3804359421183
2023-03-21,590.8395661913794
2023-03-22,597.8733705508005
2023-03-23,583.8057618319582
2023-03-24,569.7381531131158
2023-03-25,485.3325008000616
2023-03-26,471.2648920812192
2023-03-27,520.5015225971675
2023-03-28,499.400109518904
2023-03-29,534.5691313160098
2023-03-30,513.4677182377463
2023-03-31,485.3325008000616
2023-04-01,436.0958702841133
2023-04-02,443.1296746435345
2023-04-03,471.2648920812192
2023-04-04,457.1972833623769
2023-04-05,457.1972833623769
2023-04-06,457.1972833623769
2023-04-07,429.06206592469215
2023-04-08,358.7240223304803
2023-04-09,379.82543540874383
2023-04-10,450.1634790029557
2023-04-11,647.1100010667487
2023-04-12,555.6705443942734
2023-04-13,506.43391387832514
2023-04-14,548.6367400348522
2023-04-15,471.2648920812192
2023-04-16,443.1296746435345
2023-04-17,506.43391387832514
2023-04-18,492.3663051594828
2023-04-19,492.3663051594828
2023-04-20,478.2986964406404
2023-04-21,478.2986964406404
2023-04-22,429.06206592469215
2023-04-23,422.02826156527095
2023-04-24,471.2648920812192
2023-04-25,443.1296746435345
2023-04-26,513.4677182377463
2023-04-27,450.1634790029557
2023-04-28,436.0958702841133
2023-04-29,393.8930441275862
2023-04-30,386.859239768165
2023-05-01,443.1296746435345
2023-05-02,414.99445720584976
2023-05-03,422.02826156527095
2023-05-04,429.06206592469215
2023-05-05,400.9268484870074
2023-05-06,379.82543540874383
2023-05-07,386.859239768165
2023-05-08,464.2310877217981
2023-05-09,443.1296746435345
2023-05-10,429.06206592469215
2023-05-11,422.02826156527095
2023-05-12,436.0958702841133
2023-05-13,365.7578266899015
2023-05-14,337.6226092522168
2023-05-15,365.7578266899015
2023-05-16,372.7916310493227
2023-05-17,372.7916310493227
2023-05-18,379.82543540874383
2023-05-19,358.7240223304803
2023-05-20,330.5888048927956
2023-05-21,337.6226092522168
2023-05-22,379.82543540874383
2023-05-23,379.82543540874383
2023-05-24,365.7578266899015
2023-05-25,379.82543540874383
2023-05-26,372.7916310493227
2023-05-27,337.6226092522168
2023-05-28,330.5888048927956
2023-05-29,372.7916310493227
2023-05-30,386.859239768165
2023-05-31,372.7916310493227
2023-06-01,372.7916310493227
2023-06-02,358.7240223304803
2023-06-03,330.5888048927956
2023-06-04,330.5888048927956
2023-06-05,429.06206592469215
2023-06-06,450.1634790029557
2023-06-07,400.9268484870074
2023-06-08,379.82543540874383
2023-06-09,358.7240223304803
2023-06-10,400.9268484870074
2023-06-11,386.859239768165
2023-06-12,393.8930441275862
2023-06-13,372.7916310493227
2023-06-14,379.82543540874383
2023-06-15,429.06206592469215
2023-06-16,400.9268484870074
2023-06-17,386.859239768165
2023-06-18,358.7240223304803
2023-06-19,367.4408588842551
2023-06-20,402.4352263970413
2023-06-21,542.4126964481861
2023-06-22,507.4183289353999
2023-06-23,481.1725533008103
2023-06-24,454.9267776662206
2023-06-25,428.6810020316309
2023-06-26,454.9267776662206
2023-06-27,402.4352263970413
2023-06-28,428.6810020316309
2023-06-29,419.9324101534344
2023-06-30,446.17818578802405
2023-07-01,393.6866345188447
2023-07-02,402.4352263970413
2023-07-03,428.6810020316309
2023-07-04,428.6810020316309
2023-07-05,402.4352263970413
2023-07-06,428.6810020316309
2023-07-07,393.6866345188447
2023-07-08,376.18945076245166
2023-07-09,376.18945076245166
2023-07-10,411.18381827523785
2023-07-11,419.9324101534344
2023-07-12,411.18381827523785
2023-07-13,446.17818578802405
2023-07-14,481.1725533008103
2023-07-15,393.6866345188447
2023-07-16,384.9380426406482
2023-07-17,411.18381827523785
2023-07-18,402.4352263970413
2023-07-19,411.18381827523785
2023-07-20,402.4352263970413
2023-07-21,393.6866345188447
2023-07-22,323.6978994932723
2023-07-23,358.6922670060585
2023-07-24,411.18381827523785
2023-07-25,393.6866345188447
2023-07-26,402.4352263970413
2023-07-27,367.4408588842551
2023-07-28,367.4408588842551
2023-07-29,349.943675127862
2023-07-30,341.19508324966546
2023-07-31,358.6922670060585
2023-08-01,384.9380426406482
2023-08-02,393.6866345188447
2023-08-03,367.4408588842551
2023-08-04,376.18945076245166
2023-08-05,349.943675127862
2023-08-06,349.943675127862
2023-08-07,367.4408588842551
2023-08-08,376.18945076245166
2023-08-09,384.9380426406482
2023-08-10,349.943675127862
2023-08-11,367.4408588842551
2023-08-12,341.19508324966546
2023-08-13,332.4464913714689
2023-08-14,376.18945076245166
2023-08-15,376.18945076245166
2023-08-16,367.4408588842551
2023-08-17,446.17818578802405
2023-08-18,603.6528395955619
2023-08-19,463.6753695444171
2023-08-20,393.6866345188447
2023-08-21,419.9324101534344
2023-08-22,428.6810020316309
2023-08-23,402.4352263970413
2023-08-24,393.6866345188447
2023-08-25,384.9380426406482
2023-08-26,349.943675127862
2023-08-27,349.943675127862
2023-08-28,358.6922670060585
2023-08-29,463.6753695444171
2023-08-30,419.9324101534344
2023-08-31,384.9380426406482
2023-09-01,384.9380426406482
2023-09-02,332.4464913714689
2023-09-03,341.19508324966546
2023-09-04,367.4408588842551
2023-09-05,358.6922670060585
2023-09-06,358.6922670060585
2023-09-07,358.6922670060585
2023-09-08,367.4408588842551
2023-09-09,332.4464913714689
2023-09-10,332.4464913714689
2023-09-11,358.6922670060585
2023-09-12,384.9380426406482
2023-09-13,358.6922670060585
2023-09-14,332.4464913714689
2023-09-15,349.943675127862
2023-09-16,297.4521238586827
2023-09-17,314.9493076150758
2023-09-18,358.6922670060585
2023-09-19,349.943675127862
2023-09-20,349.943675127862
2023-09-21,349.943675127862
2023-09-22,314.9493076150758
2023-09-23,297.4521238586827
2023-09-24,297.4521238586827
2023-09-25,332.4464913714689
2023-09-26,332.4464913714689
2023-09-27,332.4464913714689
2023-09-28,332.4464913714689
2023-09-29,323.6978994932723
2023-09-30,314.9493076150758
2023-10-01,314.9493076150758
2023-10-02,402.4352263970413
2023-10-03,358.6922670060585
2023-10-04,332.4464913714689
2023-10-05,323.6978994932723
2023-10-06,323.6978994932723
2023-10-07,314.9493076150758
2023-10-08,314.9493076150758
2023-10-09,341.19508324966546
2023-10-10,341.19508324966546
2023-10-11,341.19508324966546
2023-10-12,332.4464913714689
2023-10-13,323.6978994932723
2023-10-14,314.9493076150758
2023-10-15,323.6978994932723
2023-10-16,411.18381827523785
2023-10-17,393.6866345188447
2023-10-18,376.18945076245166
2023-10-19,367.4408588842551
2023-10-20,437.4295939098275
2023-10-21,393.6866345188447
2023-10-22,384.9380426406482
2023-10-23,516.1669208135964
2023-10-24,874.859187819655
2023-10-25,638.6472071083481
2023-10-26,568.6584720827757
2023-10-27,472.4239614226137
2023-10-28,428.6810020316309
2023-10-29,393.6866345188447
2023-10-30,463.6753695444171
2023-10-31,446.17818578802405
2023-11-01,454.9267776662206
2023-11-02,498.6697370572033
2023-11-03,463.6753695444171
2023-11-04,419.9324101534344
2023-11-05,419.9324101534344
2023-11-06,428.6810020316309
2023-11-07,454.9267776662206
2023-11-08,446.17818578802405
2023-11-09,621.150023351955
2023-11-10,577.4070639609722
2023-11-11,472.4239614226137
2023-11-12,446.17818578802405
2023-11-13,481.1725533008103
2023-11-14,489.9211451790068
2023-11-15,489.9211451790068
2023-11-16,498.6697370572033
2023-11-17,428.6810020316309
2023-11-18,411.18381827523785
2023-11-19,384.9380426406482
2023-11-20,454.9267776662206
2023-11-21,437.4295939098275
2023-11-22,472.4239614226137
2023-11-23,419.9324101534344
2023-11-24,454.9267776662206
2023-11-25,402.4352263970413
2023-11-26,376.18945076245166
2023-11-27,393.6866345188447
2023-11-28,419.9324101534344
2023-11-29,419.9324101534344
2023-11-30,393.6866345188447
2023-12-01,446.17818578802405
2023-12-02,454.9267776662206
2023-12-03,489.9211451790068
2023-12-04,787.3732690376894
2023-12-05,769.8760852812964
2023-12-06,742.3092445584468
2023-12-07,618.591037132039
2023-12-08,618.591037132039
2023-12-09,556.7319334188351
2023-12-10,494.8728297056312
2023-12-11,618.591037132039
2023-12-12,525.8023815622331
2023-12-13,525.8023815622331
2023-12-14,510.3376056339322
2023-12-15,479.4080537773302
2023-12-16,463.9432778490293
2023-12-17,433.0137259924273
2023-12-18,479.4080537773302
2023-12-19,494.8728297056312
2023-12-20,525.8023815622331
2023-12-21,525.8023815622331
2023-12-22,510.3376056339322
2023-12-23,463.9432778490293
2023-12-24,463.9432778490293
2023-12-25,463.9432778490293
2023-12-26,510.3376056339322
2023-12-27,510.3376056339322
2023-12-28,510.3376056339322
2023-12-29,494.8728297056312
2023-12-30,448.47850192072826
2023-12-31,417.5489500641263
2024-01-01,463.9432778490293
2024-01-02,742.3092445584468
2024-01-03,819.6331241999517
2024-01-04,649.520588988641
2024-01-05,664.9853649169419
2024-01-06,541.2671574905341
2024-01-07,541.2671574905341
2024-01-08,757.7740204867478
2024-01-09,866.0274519848546
2024-01-10,1268.11162612068
2024-01-11,1376.3650576187868
2024-01-12,912.4217797697576
2024-01-13,680.4501408452429
2024-01-14,572.1967093471361
2024-01-15,587.661485275437
2024-01-16,572.1967093471361
2024-01-17,510.3376056339322
2024-01-18,541.2671574905341
2024-01-19,541.2671574905341
2024-01-20,448.47850192072826
2024-01-21,417.5489500641263
2024-01-22,525.8023815622331
2024-01-23,572.1967093471361
2024-01-24,463.9432778490293
2024-01-25,479.4080537773302
2024-01-26,448.47850192072826
2024-01-27,402.0841741358254
2024-01-28,386.6193982075244
2024-01-29,417.5489500641263
2024-01-30,463.9432778490293
2024-01-31,402.0841741358254
2024-02-01,402.0841741358254
2024-02-02,386.6193982075244
2024-02-03,355.68984635092244
2024-02-04,355.68984635092244
2024-02-05,386.6193982075244
2024-02-06,386.6193982075244
2024-02-07,371.1546222792234
2024-02-08,448.47850192072826
2024-02-09,556.7319334188351
2024-02-10,448.47850192072826
2024-02-11,479.4080537773302
2024-02-12,634.05581306034
2024-02-13,664.9853649169419
2024-02-14,742.3092445584468
2024-02-15,711.3796927018449
2024-02-16,603.1262612037381
2024-02-17,510.3376056339322
2024-02-18,494.8728297056312
2024-02-19,525.8023815622331
2024-02-20,541.2671574905341
2024-02-21,510.3376056339322
2024-02-22,479.4080537773302
2024-02-23,463.9432778490293
2024-02-24,417.5489500641263
2024-02-25,433.0137259924273
2024-02-26,556.7319334188351
2024-02-27,943.3513316263596
2024-02-28,1438.224161331991
2024-02-29,1345.435505762185
2024-03-01,943.3513316263596
2024-03-02,773.2387964150488
2024-03-03,742.3092445584468
2024-03-04,1376.3650576187868
2024-03-05,1546.4775928300976
2024-03-06,1159.8581946225731
2024-03-07,943.3513316263596
2024-03-08,974.2808834829616
2024-03-09,850.5626760565536
2024-03-10,819.6331241999517
2024-03-11,1314.5059539055828
2024-03-12,1128.9286427659713
2024-03-13,1051.6047631244662
2024-03-14,974.2808834829616
2024-03-15,1051.6047631244662
2024-03-16,819.6331241999517
2024-03-17,788.7035723433497
2024-03-18,850.5626760565536
2024-03-19,1067.0695390527674
2024-03-20,958.8161075546604
2024-03-21,788.7035723433497
2024-03-22,726.8444686301458
2024-03-23,634.05581306034
2024-03-24,634.05581306034
2024-03-25,804.1683482716508
2024-03-26,757.7740204867478
2024-03-27,695.9149167735438
2024-03-28,711.3796927018449
2024-03-29,680.4501408452429
2024-03-30,587.661485275437
2024-03-31,603.1262612037381
2024-04-01,664.9853649169419
2024-04-02,788.7035723433497
2024-04-03,664.9853649169419
2024-04-04,649.520588988641
2024-04-05,603.1262612037381
2024-04-06,541.2671574905341
2024-04-07,541.2671574905341
2024-04-08,695.9149167735438
2024-04-09,603.1262612037381
2024-04-10,618.591037132039
2024-04-11,649.520588988641
2024-04-12,695.9149167735438
2024-04-13,773.2387964150488
2024-04-14,866.0274519848546
2024-04-15,804.1683482716508
2024-04-16,757.7740204867478
2024-04-17,773.2387964150488
2024-04-18,835.0979001282526
2024-04-19,1206.252522407476
2024-04-20,1113.46386683767
2024-04-21,680.4501408452429
2024-04-22,680.4501408452429
2024-04-23,572.1967093471361
2024-04-24,572.1967093471361
2024-04-25,556.7319334188351
2024-04-26,494.8728297056312
2024-04-27,463.9432778490293
2024-04-28,448.47850192072826
2024-04-29,494.8728297056312
2024-04-30,587.661485275437
2024-05-01,726.8444686301458
2024-05-02,603.1262612037381
2024-05-03,572.1967093471361
2024-05-04,494.8728297056312
2024-05-05,463.9432778490293
2024-05-06,525.8023815622331
2024-05-07,494.8728297056312
2024-05-08,463.9432778490293
2024-05-09,433.0137259924273
2024-05-10,463.9432778490293
2024-05-11,417.5489500641263
2024-05-12,402.0841741358254
2024-05-13,448.47850192072826
2024-05-14,463.9432778490293
2024-05-15,479.4080537773302
2024-05-16,510.3376056339322
2024-05-17,479.4080537773302
2024-05-18,433.0137259924273
2024-05-19,417.5489500641263
2024-05-20,525.8023815622331
2024-05-21,634.05581306034
2024-05-22,541.2671574905341
2024-05-23,510.3376056339322
2024-05-24,485.8118243858477
2024-05-25,402.05116500897736
2024-05-26,402.05116500897736
2024-05-27,452.3075606350996
2024-05-28,452.3075606350996
2024-05-29,452.3075606350996
2024-05-30,435.5554287597255
2024-05-31,402.05116500897736
2024-06-01,368.5469012582293
2024-06-02,351.79476938285524
2024-06-03,418.8032968843514
2024-06-04,452.3075606350996
2024-06-05,502.5639562612217
2024-06-06,469.0596925104736
2024-06-07,485.8118243858477
2024-06-08,418.8032968843514
2024-06-09,368.5469012582293
2024-06-10,418.8032968843514
2024-06-11,502.5639562612217
2024-06-12,469.0596925104736
2024-06-13,418.8032968843514
2024-06-14,435.5554287597255
2024-06-15,385.29903313360336
2024-06-16,368.5469012582293
2024-06-17,435.5554287597255
2024-06-18,452.3075606350996
2024-06-19,402.05116500897736
2024-06-20,418.8032968843514
2024-06-21,402.05116500897736
2024-06-22,351.79476938285524
2024-06-23,351.79476938285524
2024-06-24,536.0682200119699
2024-06-25,469.0596925104736
2024-06-26,402.05116500897736
2024-06-27,385.29903313360336
2024-06-28,402.05116500897736
2024-06-29,335.0426375074812
2024-06-30,335.0426375074812
2024-07-01,385.29903313360336
2024-07-02,385.29903313360336
2024-07-03,402.05116500897736
2024-07-04,536.0682200119699
2024-07-05,670.0852750149623
2024-07-06,452.3075606350996
2024-07-07,435.5554287597255
2024-07-08,519.3160881365958
2024-07-09,452.3075606350996
2024-07-10,435.5554287597255
2024-07-11,485.8118243858477
2024-07-12,469.0596925104736
2024-07-13,385.29903313360336
2024-07-14,485.8118243858477
2024-07-15,536.0682200119699
2024-07-16,552.8203518873439
2024-07-17,485.8118243858477
2024-07-18,452.3075606350996
2024-07-19,519.3160881365958
2024-07-20,452.3075606350996
2024-07-21,485.8118243858477
2024-07-22,519.3160881365958
2024-07-23,519.3160881365958
2024-07-24,469.0596925104736
2024-07-25,485.8118243858477
2024-07-26,469.0596925104736
2024-07-27,569.572483762718
2024-07-28,536.0682200119699
2024-07-29,586.324615638092
2024-07-30,469.0596925104736
2024-07-31,435.5554287597255
2024-08-01,452.3075606350996
2024-08-02,485.8118243858477
2024-08-03,485.8118243858477
2024-08-04,502.5639562612217
2024-08-05,1457.4354731575431
2024-08-06,820.8544618933288
2024-08-07,619.8288793888402
2024-08-08,569.572483762718
2024-08-09,536.0682200119699
2024-08-10,452.3075606350996
2024-08-11,452.3075606350996
2024-08-12,502.5639562612217
2024-08-13,469.0596925104736
2024-08-14,452.3075606350996
2024-08-15,485.8118243858477
2024-08-16,435.5554287597255
2024-08-17,368.5469012582293
2024-08-18,402.05116500897736
2024-08-19,418.8032968843514
2024-08-20,452.3075606350996
2024-08-21,435.5554287597255
2024-08-22,418.8032968843514
2024-08-23,502.5639562612217
2024-08-24,418.8032968843514
2024-08-25,418.8032968843514
2024-08-26,418.8032968843514
2024-08-27,435.5554287597255
2024-08-28,435.5554287597255
2024-08-29,418.8032968843514
2024-08-30,402.05116500897736
2024-08-31,351.79476938285524
2024-09-01,351.79476938285524
2024-09-02,402.05116500897736
2024-09-03,402.05116500897736
2024-09-04,435.5554287597255
2024-09-05,402.05116500897736
2024-09-06,485.8118243858477
2024-09-07,418.8032968843514
2024-09-08,402.05116500897736
2024-09-09,418.8032968843514
2024-09-10,385.29903313360336
2024-09-11,402.05116500897736
2024-09-12,385.29903313360336
2024-09-13,418.8032968843514
2024-09-14,368.5469012582293
2024-09-15,351.79476938285524
2024-09-16,385.29903313360336
2024-09-17,402.05116500897736
2024-09-18,418.8032968843514
2024-09-19,452.3075606350996
2024-09-20,452.3075606350996
2024-09-21,385.29903313360336
2024-09-22,351.79476938285524
2024-09-23,402.05116500897736
2024-09-24,402.05116500897736
2024-09-25,385.29903313360336
2024-09-26,435.5554287597255
2024-09-27,469.0596925104736
2024-09-28,368.5469012582293
2024-09-29,351.79476938285524
2024-09-30,402.05116500897736
2024-10-01,435.5554287597255
2024-10-02,402.05116500897736
2024-10-03,385.29903313360336
2024-10-04,368.5469012582293
2024-10-05,318.2905056321071
2024-10-06,335.0426375074812
2024-10-07,368.5469012582293
2024-10-08,402.05116500897736
2024-10-09,418.8032968843514
2024-10-10,385.29903313360336
2024-10-11,402.05116500897736
2024-10-12,318.2905056321071
2024-10-13,284.786241881359
2024-10-14,385.29903313360336
2024-10-15,385.29903313360336
2024-10-16,418.8032968843514
2024-10-17,385.29903313360336
2024-10-18,402.05116500897736
2024-10-19,351.79476938285524
2024-10-20,368.5469012582293
2024-10-21,385.29903313360336
2024-10-22,368.5469012582293
2024-10-23,368.5469012582293
2024-10-24,385.29903313360336
2024-10-25,368.5469012582293
2024-10-26,318.2905056321071
2024-10-27,335.0426375074812
2024-10-28,418.8032968843514
2024-10-29,703.5895387657105
2024-10-30,569.572483762718
2024-10-31,502.5639562612217
2024-11-01,469.0596925104736
2024-11-02,368.5469012582293
2024-11-03,385.29903313360336
2024-11-04,402.05116500897736
2024-11-05,418.8032968843514
2024-11-06,1675.2131875374057
2024-11-07,971.6236487716952
2024-11-08,753.8459343918327
2024-11-09,636.5810112642142
2024-11-10,1091.715349338865
2024-11-11,1668.4706282348693
2024-11-12,1812.6594479588705
2024-11-13,1709.6674338702985
2024-11-14,1359.494585969153
2024-11-15,1029.9201408857218
2024-11-16,885.7313211617208
2024-11-17,823.9361127085774
2024-11-18,926.9281267971496
2024-11-19,906.3297239794352
2024-11-20,1029.9201408857218
2024-11-21,1483.0850028754394
2024-11-22,1606.675419781726
2024-11-23,1112.3137521565795
2024-11-24,947.526529614864
2024-11-25,1050.5185437034363
2024-11-26,1009.3217380680074
2024-11-27,926.9281267971496
2024-11-28,782.7393070731486
2024-11-29,823.9361127085774
2024-11-30,700.3456958022908
2024-12-01,700.3456958022908
2024-12-02,823.9361127085774
2024-12-03,762.1409042554342
2024-12-04,782.7393070731486
2024-12-05,2059.840281771444
2024-12-06,1235.9041690628662
2024-12-07,885.7313211617208
2024-12-08,844.5345155262919
2024-12-09,926.9281267971496
2024-12-10,947.526529614864
2024-12-11,885.7313211617208
2024-12-12,865.1329183440064
2024-12-13,720.9440986200053
2024-12-14,659.148890166862
2024-12-15,720.9440986200053
2024-12-16,1071.1169465211508
2024-12-17,947.526529614864
2024-12-18,906.3297239794352
2024-12-19,1029.9201408857218
2024-12-20,1112.3137521565795
2024-12-21,762.1409042554342
2024-12-22,741.5425014377197
2024-12-23,844.5345155262919
2024-12-24,823.9361127085774
2024-12-25,741.5425014377197
2024-12-26,782.7393070731486
2024-12-27,720.9440986200053
2024-12-28,597.3536817137186
2024-12-29,638.5504873491475
2024-12-30,679.7472929845765
2024-12-31,659.148890166862
2025-01-01,638.5504873491475
2025-01-02,700.3456958022908
2025-01-03,679.7472929845765
2025-01-04,597.3536817137186
2025-01-05,576.7552788960043
2025-01-06,720.9440986200053
2025-01-07,762.1409042554342
2025-01-08,700.3456958022908
2025-01-09,720.9440986200053
2025-01-10,700.3456958022908
2025-01-11,576.7552788960043
2025-01-12,535.5584732605754
2025-01-13,700.3456958022908
2025-01-14,638.5504873491475
2025-01-15,700.3456958022908
2025-01-16,659.148890166862
2025-01-17,823.9361127085774
2025-01-18,700.3456958022908
2025-01-19,823.9361127085774
2025-01-20,1277.100974698295
2025-01-21,988.723335250293
2025-01-22,782.7393070731486
2025-01-23,823.9361127085774
2025-01-24,803.337709890863
2025-01-25,597.3536817137186
2025-01-26,597.3536817137186
2025-01-27,885.7313211617208
2025-01-28,720.9440986200053
2025-01-29,638.5504873491475
2025-01-30,617.9520845314331
2025-01-31,597.3536817137186
2025-02-01,494.3616676251465
2025-02-02,679.7472929845765
2025-02-03,1009.3217380680074
2025-02-04,762.1409042554342
2025-02-05,638.5504873491475
2025-02-06,617.9520845314331
2025-02-07,597.3536817137186
2025-02-08,494.3616676251465
2025-02-09,494.3616676251465
2025-02-10,514.9600704428609
2025-02-11,514.9600704428609
2025-02-12,514.9600704428609
2025-02-13,473.7632648074321
2025-02-14,494.3616676251465
2025-02-15,432.5664591720032
2025-02-16,473.7632648074321
2025-02-17,473.7632648074321
2025-02-18,556.1568760782898
2025-02-19,473.7632648074321
2025-02-20,494.3616676251465
2025-02-21,535.5584732605754
2025-02-22,432.5664591720032
2025-02-23,391.3696535365743
2025-02-24,494.3616676251465
2025-02-25,947.526529614864
2025-02-26,803.337709890863
2025-02-27,762.1409042554342
2025-02-28,1091.715349338865
2025-03-01,638.5504873491475
2025-03-02,823.9361127085774
2025-03-03,968.1249324325784
2025-03-04,844.5345155262919
2025-03-05,700.3456958022908
2025-03-06,659.148890166862
2025-03-07,844.5345155262919
2025-03-08,597.3536817137186
2025-03-09,617.9520845314331
2025-03-10,865.1329183440064
2025-03-11,844.5345155262919
2025-03-12,659.148890166862
2025-03-13,638.5504873491475
2025-03-14,597.3536817137186
2025-03-15,494.3616676251465
2025-03-16,473.7632648074321
2025-03-17,535.5584732605754
2025-03-18,535.5584732605754
2025-03-19,556.1568760782898
2025-03-20,494.3616676251465
2025-03-21,432.5664591720032
2025-03-22,370.7712507188599
2025-03-23,411.9680563542887
2025-03-24,494.3616676251465
2025-03-25,494.3616676251465
2025-03-26,473.7632648074321
2025-03-27,432.5664591720032
2025-03-28,453.1648619897176
2025-03-29,370.7712507188599
2025-03-30,411.9680563542887
2025-03-31,514.9600704428609
2025-04-01,494.3616676251465
2025-04-02,514.9600704428609
2025-04-03,638.5504873491475
2025-04-04,638.5504873491475
2025-04-05,473.7632648074321
2025-04-06,514.9600704428609
2025-04-07,988.723335250293
2025-04-08,720.9440986200053
2025-04-09,741.5425014377197
2025-04-10,597.3536817137186
2025-04-11,556.1568760782898
2025-04-12,453.1648619897176
2025-04-13,391.3696535365743
2025-04-14,473.7632648074321
2025-04-15,453.1648619897176
2025-04-16,432.5664591720032
2025-04-17,411.9680563542887
2025-04-18,370.7712507188599
2025-04-19,329.574445083431
2025-04-20,350.1728479011454
2025-04-21,494.3616676251465
2025-04-22,556.1568760782898
2025-04-23,597.3536817137186
2025-04-24,473.7632648074321
2025-04-25,473.7632648074321
2025-04-26,350.1728479011454
2025-04-27,391.3696535365743
2025-04-28,432.5664591720032
2025-04-29,437.8811111810609
2025-04-30,400.3484445083986
2025-05-01,450.3920000719484
2025-05-02,450.3920000719484
2025-05-03,350.3048889448488
2025-05-04,350.3048889448488
2025-05-05,412.859333399286
2025-05-06,387.8375556175112
2025-05-07,412.859333399286
2025-05-08,625.5444445443728
2025-05-09,650.5662223261477
2025-05-10,487.9246667446108
2025-05-11,462.9028889628359
2025-05-12,588.0117778717105
2025-05-13,525.4573334172732
2025-05-14,475.4137778537233
2025-05-15,437.8811111810609
2025-05-16,487.9246667446108
2025-05-17,350.3048889448488
2025-05-18,412.859333399286
2025-05-19,487.9246667446108
2025-05-20,512.9464445263857
2025-05-21,663.0771112170352
2025-05-22,913.2948890347844
2025-05-23,675.5880001079227
2025-05-24,462.9028889628359
2025-05-25,437.8811111810609
2025-05-26,512.9464445263857
2025-05-27,550.479111199048
2025-05-28,588.0117778717105
2025-05-29,537.9682223081606
2025-05-30,512.9464445263857
2025-05-31,412.859333399286
2025-06-01,387.8375556175112
2025-06-02,425.3702222901735
2025-06-03,412.859333399286
2025-06-04,425.3702222901735
2025-06-05,475.4137778537233
2025-06-06,475.4137778537233
2025-06-07,425.3702222901735
2025-06-08,387.8375556175112
2025-06-09,475.4137778537233
2025-06-10,487.9246667446108
2025-06-11,462.9028889628359
2025-06-12,487.9246667446108
2025-06-13,500.4355556354983
2025-06-14,387.8375556175112
2025-06-15,412.859333399286
2025-06-16,425.3702222901735
2025-06-17,437.8811111810609
2025-06-18,412.859333399286
2025-06-19,375.32666672662367
2025-06-20,400.3484445083986
2025-06-21,362.8157778357362
2025-06-22,525.4573334172732
2025-06-23,512.9464445263857
2025-06-24,475.4137778537233
2025-06-25,425.3702222901735
2025-06-26,387.8375556175112
2025-06-27,412.859333399286
2025-06-28,350.3048889448488
2025-06-29,362.8157778357362
2025-06-30,400.3484445083986
2025-07-01,387.8375556175112
2025-07-02,412.859333399286
2025-07-03,450.3920000719484
2025-07-04,412.859333399286
2025-07-05,375.32666672662367
2025-07-06,387.8375556175112
2025-07-07,425.3702222901735
2025-07-08,400.3484445083986
2025-07-09,425.3702222901735
2025-07-10,663.0771112170352
2025-07-11,925.8057779256716
2025-07-12,562.9900000899355
2025-07-13,588.0117778717105
2025-07-14,913.2948890347844
2025-07-15,688.09888899881
2025-07-16,663.0771112170352
2025-07-17,663.0771112170352
2025-07-18,675.5880001079227
2025-07-19,575.500888980823
2025-07-20,562.9900000899355
2025-07-21,613.0335556534853
2025-07-22,575.500888980823
2025-07-23,537.9682223081606
2025-07-24,525.4573334172732
2025-07-25,550.479111199048
2025-07-26,462.9028889628359
2025-07-27,462.9028889628359
2025-07-28,487.9246667446108
2025-07-29,550.479111199048
2025-07-30,600.5226667625979
2025-07-31,550.479111199048
2025-08-01,650.5662223261477
2025-08-02,613.0335556534853
2025-08-03,613.0335556534853
2025-08-04,638.0553334352602
2025-08-05,663.0771112170352
2025-08-06,663.0771112170352
2025-08-07,688.09888899881
2025-08-08,688.09888899881
2025-08-09,738.1424445623599
2025-08-10,775.6751112350223
2025-08-11,938.3166668165592
2025-08-12,900.7840001438968
2025-08-13,1000.8711112709964
2025-08-14,1226.067111306971
2025-08-15,1063.4255557254337
2025-08-16,913.2948890347844
2025-08-17,925.8057779256716
2025-08-18,963.338444598334
2025-08-19,913.2948890347844
2025-08-20,788.1860001259097
2025-08-21,763.1642223441348
2025-08-22,838.2295556894595
2025-08-23,713.120666780585
2025-08-24,700.6097778896975
2025-08-25,800.6968890167972
2025-08-26,813.2077779076847
2025-08-27,663.0771112170352
2025-08-28,625.5444445443728
2025-08-29,700.6097778896975
2025-08-30,650.5662223261477
2025-08-31,625.5444445443728
2025-09-01,675.5880001079227
2025-09-02,663.0771112170352
2025-09-03,625.5444445443728
2025-09-04,625.5444445443728
2025-09-05,638.0553334352602
2025-09-06,562.9900000899355
2025-09-07,550.479111199048
2025-09-08,600.5226667625979
2025-09-09,600.5226667625979
2025-09-10,700.6097778896975
2025-09-11,575.500888980823
2025-09-12,600.5226667625979
2025-09-13,562.9900000899355
2025-09-14,588.0117778717105
2025-09-15,600.5226667625979
2025-09-16,537.9682223081606
2025-09-17,575.500888980823
2025-09-18,600.5226667625979
2025-09-19,550.479111199048
2025-09-20,475.4137778537233
2025-09-21,512.9464445263857
2025-09-22,638.0553334352602
2025-09-23,638.0553334352602
2025-09-24,562.9900000899355
2025-09-25,625.5444445443728
2025-09-26,588.0117778717105
2025-09-27,512.9464445263857
2025-09-28,562.9900000899355
2025-09-29,625.5444445443728
2025-09-30,588.0117778717105
2025-10-01,675.5880001079227
2025-10-02,713.120666780585
2025-10-03,713.120666780585
2025-10-04,613.0335556534853
2025-10-05,763.1642223441348
2025-10-06,813.2077779076847
2025-10-07,738.1424445623599
2025-10-08,675.5880001079227
2025-10-09,638.0553334352602
2025-10-10,763.1642223441348
2025-10-11,1251.0888890887456
2025-10-12,1138.4908890707584
2025-10-13,925.8057779256716
2025-10-14,825.718666798572
2025-10-15,750.6533334532473
2025-10-16,812.3755992779637
2025-10-17,955.7359991505456
2025-10-18,716.8019993629092
2025-10-19,692.9085993841455
2025-10-20,740.6953993416728
2025-10-21,740.6953993416728
2025-10-22,692.9085993841455
2025-10-23,669.015199405382
2025-10-24,621.2283994478546
2025-10-25,525.6547995328001
2025-10-26,597.334999469091
2025-10-27,645.1217994266183
2025-10-28,645.1217994266183
2025-10-29,597.334999469091
2025-10-30,645.1217994266183
2025-10-31,597.334999469091
2025-11-01,525.6547995328001
2025-11-02,525.6547995328001
2025-11-03,669.015199405382
2025-11-04,907.9491991930184
2025-11-05,860.162399235491
2025-11-06,740.6953993416728
2025-11-07,716.8019993629092
2025-11-08,573.4415994903273
2025-11-09,549.5481995115637
2025-11-10,645.1217994266183
2025-11-11,621.2283994478546
2025-11-12,645.1217994266183
2025-11-13,716.8019993629092
2025-11-14,979.6293991293091
2025-11-15,716.8019993629092
2025-11-16,740.6953993416728
2025-11-17,907.9491991930184
2025-11-18,1170.7765989594184
2025-11-19,1146.8831989806547
2025-11-20,1146.8831989806547
2025-11-21,1672.5379985134548
2025-11-22,1146.8831989806547
2025-11-23,979.6293991293091
2025-11-24,1003.5227991080728
2025-11-25,931.842599171782
2025-11-26,907.9491991930184
2025-11-27,836.2689992567274
2025-11-28,788.4821992992001
2025-11-29,669.015199405382
2025-11-30,692.9085993841455
2025-12-01,1218.5633989169455
2025-12-02,1027.4161990868363
2025-12-03,931.842599171782
2025-12-04,812.3755992779637
2025-12-05,692.9085993841455
2025-12-06,621.2283994478546
2025-12-07,621.2283994478546
2025-12-08,716.8019993629092
2025-12-09,692.9085993841455
2025-12-10,645.1217994266183
2025-12-11,669.015199405382
2025-12-12,645.1217994266183
2025-12-13,525.6547995328001
2025-12-14,525.6547995328001
2025-12-15,669.015199405382
2025-12-16,669.015199405382
2025-12-17,740.6953993416728
2025-12-18,692.9085993841455
2025-12-19,621.2283994478546
2025-12-20,501.7613995540364
2025-12-21,501.7613995540364
2025-12-22,525.6547995328001
2025-12-23,525.6547995328001
2025-12-24,549.5481995115637
2025-12-25,501.7613995540364
2025-12-26,549.5481995115637
2025-12-27,477.8679995752728
2025-12-28,477.8679995752728
2025-12-29,525.6547995328001
2025-12-30,501.7613995540364
2025-12-31,430.0811996177455
2026-01-01,477.8679995752728
2026-01-02,525.6547995328001
2026-01-03,525.6547995328001
2026-01-04,525.6547995328001
2026-01-05,597.334999469091
2026-01-06,573.4415994903273
2026-01-07,525.6547995328001
2026-01-08,477.8679995752728
2026-01-09,477.8679995752728
2026-01-10,406.18779963898186
2026-01-11,406.18779963898186
2026-01-12,525.6547995328001
2026-01-13,525.6547995328001
2026-01-14,597.334999469091
2026-01-15,573.4415994903273
2026-01-16,525.6547995328001
2026-01-17,453.9745995965092
2026-01-18,477.8679995752728
2026-01-19,549.5481995115637
2026-01-20,573.4415994903273
2026-01-21,573.4415994903273
2026-01-22,501.7613995540364
2026-01-23,501.7613995540364
2026-01-24,430.0811996177455
2026-01-25,501.7613995540364
2026-01-26,573.4415994903273
2026-01-27,549.5481995115637
2026-01-28,501.7613995540364
2026-01-29,716.8019993629092
2026-01-30,812.3755992779637
2026-01-31,884.0557992142546
2026-02-01,1075.202999044364
2026-02-02,1051.3095990656002
2026-02-03,955.7359991505456
2026-02-04,1027.4161990868363
2026-02-05,2030.9389981949091
2026-02-06,2389.339997876364
2026-02-07,1361.9237987895274
2026-02-08,1027.4161990868363
2026-02-09,1027.4161990868363
2026-02-10,931.842599171782
2026-02-11,1051.3095990656002
2026-02-12,955.7359991505456
2026-02-13,860.162399235491
2026-02-14,716.8019993629092
2026-02-15,669.015199405382
2026-02-16,716.8019993629092
2026-02-17,692.9085993841455
2026-02-18,692.9085993841455
2026-02-19,669.015199405382
2026-02-20,621.2283994478546
2026-02-21,525.6547995328001
2026-02-22,525.6547995328001
2026-02-23,812.3755992779637
2026-02-24,860.162399235491
2026-02-25,716.8019993629092
2026-02-26,740.6953993416728
2026-02-27,692.9085993841455
2026-02-28,836.2689992567274
2026-03-01,788.4821992992001
2026-03-02,884.0557992142546
2026-03-03,812.3755992779637
2026-03-04,860.162399235491
2026-03-05,836.2689992567274
2026-03-06,716.8019993629092
2026-03-07,597.334999469091
2026-03-08,621.2283994478546
2026-03-09,764.5887993204365
2026-03-10,669.015199405382
2026-03-11,621.2283994478546
2026-03-12,621.2283994478546
2026-03-13,645.1217994266183
2026-03-14,525.6547995328001
2026-03-15,525.6547995328001
2026-03-16,716.8019993629092
2026-03-17,645.1217994266183
2026-03-18,645.1217994266183
2026-03-19,669.015199405382
2026-03-20,740.6953993416728
2026-03-21,525.6547995328001
2026-03-22,573.4415994903273
2026-03-23,669.015199405382
2026-03-24,573.4415994903273
2026-03-25,621.2283994478546
2026-03-26,597.334999469091
2026-03-27,692.9085993841455
2026-03-28,621.2283994478546
2026-03-29,669.015199405382
2026-03-30,716.8019993629092
2026-03-31,645.1217994266183
2026-04-01,597.334999469091
2026-04-02,549.5481995115637
2026-04-03,549.5481995115637
2026-04-04,476.05014698535257
2026-04-05,533.1761646235949
2026-04-06,637.9071969603724
2026-04-07,599.8231852015442
2026-04-08,695.0332145986147
2026-04-09,618.8651910809583
2026-04-10,580.7811793221301
2026-04-11,514.1341587441808
2026-04-12,552.218170503009
2026-04-13,561.739173442716
2026-04-14,609.3441881412513
2026-04-15,561.739173442716
2026-04-16,580.7811793221301
2026-04-17,761.6802351765641
2026-04-18,523.6551616838879
2026-04-19,495.09215286476666
2026-04-20,533.1761646235949
2026-04-21,523.6551616838879
2026-04-22,561.739173442716
2026-04-23,647.4281999000794
2026-04-24,523.6551616838879
2026-04-25,447.4871381662314
2026-04-26,466.5291440456455
2026-04-27,504.6131558044737
2026-04-28,457.0081411059384
2026-04-29,476.05014698535257
2026-04-30,476.05014698535257
2026-05-01,495.09215286476666
2026-05-02,476.05014698535257
2026-05-03,457.0081411059384
2026-05-04,533.1761646235949
2026-05-05,561.739173442716
2026-05-06,637.9071969603724
2026-05-07,618.8651910809583
2026-05-08,618.8651910809583
2026-05-09,523.6551616838879
2026-05-10,533.1761646235949
2026-05-11,542.697167563302
2026-05-12,533.1761646235949
2026-05-13,514.1341587441808
2026-05-14,542.697167563302
2026-05-15,504.6131558044737
2026-05-16,476.05014698535257
2026-05-17,476.05014698535257
2026-05-18,514.1341587441808
2026-05-19,514.1341587441808
2026-05-20,447.4871381662314
2026-05-21,447.4871381662314
2026-05-22,485.5711499250596
2026-05-23,533.1761646235949
2026-05-24,447.4871381662314
2026-05-25,447.4871381662314
2026-05-26,466.5291440456455
2026-05-27,476.05014698535257
2026-05-28,542.697167563302
2026-05-29,514.1341587441808
2026-05-30,409.4031264074032
2026-05-31,504.6131558044737
2026-06-01,552.218170503009
2026-06-02,771.2012381162712
2026-06-03,675.9912087192006
2026-06-04,818.8062528148064
2026-06-05,952.1002939707053
2026-06-06,761.6802351765641
2026-06-07,675.9912087192006
2026-06-08,675.9912087192006
2026-06-09,628.3861940206654
2026-06-10,618.8651910809583
2026-06-11,590.3021822618372
2026-06-12,561.739173442716
2026-06-13,514.1341587441808
2026-06-14,571.2601763824231
2026-06-15,628.3861940206654
2026-06-16,590.3021822618372
2026-06-17,552.218170503009
2026-06-18,590.3021822618372
2026-06-19,523.6551616838879
2026-06-20,495.09215286476666
2026-06-21,495.09215286476666
2026-06-22,542.697167563302
2026-06-23,599.8231852015442
2026-06-24,675.9912087192006
2026-06-25,637.9071969603724
2026-06-26,609.3441881412513
2026-06-27,514.1341587441808
2026-06-28,580.7811793221301
2026-06-29,561.739173442716
2026-06-30,580.7811793221301
2026-07-01,609.3441881412513
2026-07-02,580.7811793221301
2026-07-03,495.09215286476666
2026-07-04,504.6131558044737
2026-07-05,504.6131558044737
2026-07-06,523.6551616838879
2026-07-07,476.05014698535257
2026-07-08,552.218170503009
2026-07-09,485.5711499250596
2026-07-10,457.0081411059384
2026-07-11,409.4031264074032
2026-07-12,457.0081411059384
2026-07-13,514.1341587441808
2026-07-14,476.05014698535257
2026-07-15,428.4451322868173
2026-07-16,371.319114648575
2026-07-17,380.84011758828206
2026-07-18,361.798111708868
2026-07-19,809.2852498750993
2026-07-20,495.09215286476666
2026-07-21,476.05014698535257
2026-07-22,418.92412934711024
2026-07-23,418.92412934711024
2026-07-24,409.4031264074032
2026-07-25,399.88212346769615
2026-07-26,409.4031264074032
2026-07-27,447.4871381662314
2026-07-28,447.4871381662314
2026-07-29,399.88212346769615
2026-07-30,371.319114648575
2026-07-31,399.88212346769615
2026-08-01,399.88212346769615
2026-08-02,409.4031264074032
2026-08-03,437.96613522652433
2026-08-04,418.92412934711024
2026-08-05,342.7561058294538
2026-08-06,361.798111708868
2026-08-07,333.2351028897468
2026-08-08,295.1510911309186
2026-08-09,323.7140999500397
2026-08-10,361.798111708868
2026-08-11,418.92412934711024
2026-08-12,428.4451322868173
2026-08-13,314.1930970103327
2026-08-14,352.27710876916086
2026-08-15,333.2351028897468
2026-08-16,333.2351028897468
2026-08-17,342.7561058294538
2026-08-18,342.7561058294538
2026-08-19,352.27710876916086
2026-08-20,352.27710876916086
2026-08-21,352.27710876916086
