date,dxy,gold_price,m2_money_supply,usdt_dominance
2015-03-08,107.4337,1164.0999755859375,11919.1,0.0064662065357882
2015-03-09,107.5199,1166.4000244140625,11919.1,0.0061938335809487
2015-03-10,108.1165,1160.0999755859375,11919.1,0.0061406056509276
2015-03-11,108.5235,1150.699951171875,11919.1,0.0060069285606304
2015-03-12,108.1741,1152.0999755859375,11919.1,0.0060308303797847
2015-03-13,108.9174,1152.5999755859375,11919.1,0.0062893750109625
2015-03-14,108.9174,1152.5999755859375,11919.1,0.0063146297125675
2015-03-15,108.9174,1152.5999755859375,11919.1,0.0061985453690115
2015-03-16,108.6422,1153.300048828125,11919.1,0.0061451587122421
2015-03-17,108.5805,1148.300048828125,11919.1,0.0062838062323931
2015-03-18,108.408,1151.4000244140625,11919.1,0.0069250999613221
2015-03-19,108.1826,1169.0999755859375,11919.1,0.0067810266292114
2015-03-20,107.1671,1184.800048828125,11919.1,0.0067746897340857
2015-03-21,107.1671,1184.800048828125,11919.1,0.0068178463383336
2015-03-22,107.1671,1184.800048828125,11919.1,0.0066110375826508
2015-03-23,106.5022,1188.0,11919.1,0.0066525814101041
2015-03-24,106.4401,1191.699951171875,11919.1,0.007217545052776
2015-03-25,106.2636,1197.300048828125,11919.1,0.0071568135142417
2015-03-26,106.5582,1205.0999755859375,11919.1,0.0070965807330052
2015-03-27,106.8916,1199.800048828125,11919.1,0.007128636125856
2015-03-28,106.8916,1199.800048828125,11919.1,0.006993210235884
2015-03-29,106.8916,1199.800048828125,11919.1,0.0072940936708939
2015-03-30,107.3941,1184.800048828125,11919.1,0.0071241654627671
2015-03-31,107.4396,1183.0999755859375,11919.1,0.0072352710629767
2015-04-01,107.06,1208.0999755859375,11953.4,0.0071629926117341
2015-04-02,106.6738,1200.9000244140625,11953.4,0.006973635305187
2015-04-03,105.8861,1200.9000244140625,11953.4,0.0069512702892572
2015-04-04,105.8861,1200.9000244140625,11953.4,0.0069679680981077
2015-04-05,105.8861,1200.9000244140625,11953.4,0.0067756334095753
2015-04-06,105.7876,1218.5999755859375,11953.4,0.0069097312426257
2015-04-07,106.4488,1210.5999755859375,11953.4,0.0069576148391345
2015-04-08,106.4231,1203.0999755859375,11953.4,0.0072097759515941
2015-04-09,107.0335,1193.5999755859375,11953.4,0.0072576547960043
2015-04-10,107.4526,1204.5999755859375,11953.4,0.0074872203903344
2015-04-11,107.4526,1204.5999755859375,11953.4,0.0074844727087677
2015-04-12,107.4526,1204.5999755859375,11953.4,0.0074618666983185
2015-04-13,107.7508,1199.300048828125,11953.4,0.0079053253365962
2015-04-14,107.0547,1192.800048828125,11953.4,0.0081759352432261
2015-04-15,107.1855,1201.5,11953.4,0.0079187010830997
2015-04-16,106.2761,1198.0,11953.4,0.0077570236463177
2015-04-17,106.329,1202.9000244140625,11953.4,0.0079293588815892
2015-04-18,106.329,1202.9000244140625,11953.4,0.0078985324255786
2015-04-19,106.329,1202.9000244140625,11953.4,0.0079178594878238
2015-04-20,106.4902,1193.5,11953.4,0.0078561544072036
2015-04-21,106.5582,1202.9000244140625,11953.4,0.0074746663945074
2015-04-22,106.5815,1186.9000244140625,11953.4,0.0075461046669892
2015-04-23,106.1658,1194.4000244140625,11953.4,0.0074606612054653
2015-04-24,105.905,1175.199951171875,11953.4,0.0076530094419151
2015-04-25,105.905,1175.199951171875,11953.4,0.0077912122670224
2015-04-26,105.905,1175.199951171875,11953.4,0.0080101417670077
2015-04-27,105.6891,1203.300048828125,11953.4,0.0077430177679377
2015-04-28,105.1234,1214.0,11953.4,0.0078176018326231
2015-04-29,104.5634,1209.800048828125,11953.4,0.0078082975971262
2015-04-30,105.312,1182.4000244140625,11953.4,0.0074572809931682
2015-05-01,105.6382,1174.5,11981.9,0.0076287305020079
2015-05-02,105.6382,1174.5,11981.9,0.0075356922635702
2015-05-03,105.6382,1174.5,11981.9,0.0073636191303779
2015-05-04,105.6679,1186.800048828125,11981.9,0.0073851625874862
2015-05-05,105.2396,1193.199951171875,11981.9,0.0074874974301972
2015-05-06,104.6935,1190.300048828125,11981.9,0.00770149012449
2015-05-07,105.1941,1182.4000244140625,11981.9,0.0074308084183516
2015-05-08,104.8424,1189.0999755859375,11981.9,0.0072372055446081
2015-05-09,104.8424,1189.0999755859375,11981.9,0.0072747049140862
2015-05-10,104.8424,1189.0999755859375,11981.9,0.0073480180175378
2015-05-11,105.3075,1183.199951171875,11981.9,0.0072818341477536
2015-05-12,104.8924,1192.5999755859375,11981.9,0.0072839156175121
2015-05-13,104.3608,1218.4000244140625,11981.9,0.007439385452903
2015-05-14,104.2359,1225.4000244140625,11981.9,0.0073979781609692
2015-05-15,104.0202,1225.5,11981.9,0.0073893415059229
2015-05-16,104.0202,1225.5,11981.9,0.0074427482725797
2015-05-17,104.0202,1225.5,11981.9,0.0074203679488177
2015-05-18,104.6068,1227.800048828125,11981.9,0.007518744126872
2015-05-19,105.3448,1206.9000244140625,11981.9,0.007565279614244
2015-05-20,105.5605,1208.9000244140625,11981.9,0.0074656362148864
2015-05-21,105.3808,1204.4000244140625,11981.9,0.0074459255639928
2015-05-22,105.8487,1204.300048828125,11981.9,0.0073177208726528
2015-05-23,105.8487,1204.300048828125,11981.9,0.0073505954306748
2015-05-24,105.8487,1204.300048828125,11981.9,0.0130911653325782
2015-05-25,105.8487,1204.300048828125,11981.9,0.0132881127819204
2015-05-26,106.7294,1187.199951171875,11981.9,0.0132748135964696
2015-05-27,106.908,1185.9000244140625,11981.9,0.0132936067014531
2015-05-28,106.92,1188.0999755859375,11981.9,0.0132072747146853
2015-05-29,106.7388,1189.4000244140625,11981.9,0.013235216563885
2015-05-30,106.7388,1189.4000244140625,11981.9,0.0134687757813263
2015-05-31,106.7388,1189.4000244140625,11981.9,0.013625459379328
2015-06-01,107.2238,1188.300048828125,12020.9,0.0139636703378615
2015-06-02,106.4507,1194.0999755859375,12020.9,0.0138514372775133
2015-06-03,106.1443,1184.699951171875,12020.9,0.0139151434272411
2015-06-04,106.4725,1174.9000244140625,12020.9,0.013991835875834
2015-06-05,107.1336,1167.800048828125,12020.9,0.0138984389525211
2015-06-06,107.1336,1167.800048828125,12020.9,0.0138570354186633
2015-06-07,107.1336,1167.800048828125,12020.9,0.0139729486344081
2015-06-08,106.7693,1173.199951171875,12020.9,0.0136366398851725
2015-06-09,106.2238,1177.300048828125,12020.9,0.0136108166557338
2015-06-10,105.8037,1186.0999755859375,12020.9,0.013661946447877
2015-06-11,106.0934,1179.9000244140625,12020.9,0.013594683086917
2015-06-12,105.9015,1178.800048828125,12020.9,0.0135751406198469
2015-06-13,105.9015,1178.800048828125,12020.9,0.0134385440276426
2015-06-14,105.9015,1178.800048828125,12020.9,0.0133904103910798
2015-06-15,105.9989,1185.300048828125,12020.9,0.0131713747952708
2015-06-16,106.0473,1180.5,12020.9,0.0124235202494902
2015-06-17,106.058,1176.4000244140625,12020.9,0.0125331978235767
2015-06-18,105.102,1201.5,12020.9,0.0124978625042176
2015-06-19,105.4496,1201.5,12020.9,0.0127389627574473
2015-06-20,105.4496,1201.5,12020.9,0.0126813444849531
2015-06-21,105.4496,1201.5,12020.9,0.0127208788269225
2015-06-22,105.3846,1183.699951171875,12020.9,0.0125970388026321
2015-06-23,105.9678,1176.199951171875,12020.9,0.0127248623764153
2015-06-24,106.2522,1172.5999755859375,12020.9,0.0129174132349563
2015-06-25,106.1515,1171.5,12020.9,0.012820696740045
2015-06-26,106.4116,1172.9000244140625,12020.9,0.0127703499901378
2015-06-27,106.4116,1172.9000244140625,12020.9,0.012353100348638
2015-06-28,106.4116,1172.9000244140625,12020.9,0.0124638457485738
2015-06-29,106.3785,1178.5,12020.9,0.012099377299081
2015-06-30,106.5191,1171.5,12020.9,0.0118055796299512
2015-07-01,107.0101,1169.0,12063.5,0.0120284044415425
2015-07-02,106.9106,1163.0,12063.5,0.0121724090876064
2015-07-03,106.9106,1163.0,12063.5,0.0121056693550087
2015-07-04,106.9106,1163.0,12063.5,0.0119029735708984
2015-07-05,106.9106,1163.0,12063.5,0.0113975337103959
2015-07-06,107.1343,1172.9000244140625,12063.5,0.0115267587357121
2015-07-07,107.785,1152.4000244140625,12063.5,0.0116558688867248
2015-07-08,107.4734,1163.300048828125,12063.5,0.0114393814579524
2015-07-09,107.5595,1159.0,12063.5,0.0115058676254351
2015-07-10,107.213,1157.699951171875,12063.5,0.0108428517317473
2015-07-11,107.213,1157.699951171875,12063.5,0.0106155853639931
2015-07-12,107.213,1157.699951171875,12063.5,0.0099519193333015
2015-07-13,107.5849,1155.199951171875,12063.5,0.0105514598769001
2015-07-14,107.4843,1153.300048828125,12063.5,0.0107413173988589
2015-07-15,108.0149,1147.199951171875,12063.5,0.0108123776164117
2015-07-16,108.1726,1143.800048828125,12063.5,0.0111241849911094
2015-07-17,108.5374,1131.800048828125,12063.5,0.0110564863285294
2015-07-18,108.5374,1131.800048828125,12063.5,0.0111623654494839
2015-07-19,108.5374,1131.800048828125,12063.5,0.0111961510796873
2015-07-20,108.6944,1106.699951171875,12063.5,0.0110568042523272
2015-07-21,108.3893,1103.4000244140625,12063.5,0.0111444258685341
2015-07-22,108.7817,1091.4000244140625,12063.5,0.0111047101704425
2015-07-23,108.7565,1094.0,12063.5,0.0111469238046521
2015-07-24,109.0174,1085.5999755859375,12063.5,0.0106716696898219
2015-07-25,109.0174,1085.5999755859375,12063.5,0.0106808546802626
2015-07-26,109.0174,1085.5999755859375,12063.5,0.0104972472071743
2015-07-27,108.6924,1096.5,12063.5,0.0104606012616065
2015-07-28,108.6881,1096.300048828125,12063.5,0.0104682231241503
2015-07-29,108.604,1092.699951171875,12063.5,0.0106205999836633
2015-07-30,109.4328,1088.4000244140625,12063.5,0.0106830385305866
2015-07-31,108.7819,1094.9000244140625,12063.5,0.0108155573126801
2015-08-01,108.7819,1094.9000244140625,12110.1,0.0109821461842828
2015-08-02,108.7819,1094.9000244140625,12110.1,0.0108781243347633
2015-08-03,109.214,1089.4000244140625,12110.1,0.0109525309576599
2015-08-04,109.2244,1090.699951171875,12110.1,0.0107803101712127
2015-08-05,109.842,1085.699951171875,12110.1,0.0109263428185269
2015-08-06,109.722,1090.199951171875,12110.1,0.0110651293510526
2015-08-07,109.4376,1094.0999755859375,12110.1,0.0109865080945354
2015-08-08,109.4376,1094.0999755859375,12110.1,0.0117181228370138
2015-08-09,109.4376,1094.0999755859375,12110.1,0.0115713756861056
2015-08-10,109.1931,1104.199951171875,12110.1,0.0116019642793865
2015-08-11,109.9464,1107.5999755859375,12110.1,0.0113112206555678
2015-08-12,109.4655,1123.199951171875,12110.1,0.0114536125429814
2015-08-13,109.9025,1115.699951171875,12110.1,0.0115919684565578
2015-08-14,109.9174,1112.9000244140625,12110.1,0.0115548210616896
2015-08-15,109.9174,1112.9000244140625,12110.1,0.0117297347403
2015-08-16,109.9174,1112.9000244140625,12110.1,0.0119549981226698
2015-08-17,110.1435,1118.5999755859375,12110.1,0.0119397489285419
2015-08-18,110.2504,1117.0999755859375,12110.1,0.0136175837785937
2015-08-19,110.4333,1128.0999755859375,12110.1,0.013492211191921
2015-08-20,110.1077,1153.0,12110.1,0.0129963224750927
2015-08-21,110.1443,1159.5999755859375,12110.1,0.0131122632562501
2015-08-22,110.1443,1159.5999755859375,12110.1,0.0132551469747131
2015-08-23,110.1443,1159.5999755859375,12110.1,0.0133566697256385
2015-08-24,109.9306,1153.4000244140625,12110.1,0.0145833799666895
2015-08-25,110.3394,1138.199951171875,12110.1,0.0137501740278113
2015-08-26,110.5807,1124.5999755859375,12110.1,0.0135423286903754
2015-08-27,110.4834,1122.4000244140625,12110.1,0.0135910565418627
2015-08-28,110.6714,1133.0999755859375,12110.1,0.0132091722055771
2015-08-29,110.6714,1133.0999755859375,12110.1,0.013271153246711
2015-08-30,110.6714,1133.0999755859375,12110.1,0.0133360213831256
2015-08-31,110.5621,1131.5999755859375,12110.1,0.0132894178317586
2015-09-01,110.4506,1138.699951171875,12172.7,0.0134003091397295
2015-09-02,110.7979,1132.5,12172.7,0.0133308889547276
2015-09-03,110.8566,1123.699951171875,12172.7,0.01344574597176
2015-09-04,111.1018,1120.5999755859375,12172.7,0.0132563686714009
2015-09-05,111.1018,1120.5999755859375,12172.7,0.0129535152869113
2015-09-06,111.1018,1120.5999755859375,12172.7,0.0126847764098363
2015-09-07,111.1018,1120.5999755859375,12172.7,0.0126927464157076
2015-09-08,110.7942,1120.4000244140625,12172.7,0.0124900528220843
2015-09-09,110.9225,1102.199951171875,12172.7,0.0127895278468535
2015-09-10,110.6331,1109.5,12172.7,0.0127754937310611
2015-09-11,110.6109,1103.5,12172.7,0.012704937416207
2015-09-12,110.6109,1103.5,12172.7,0.0129850105939267
2015-09-13,110.6109,1103.5,12172.7,0.0132575288513399
2015-09-14,110.5005,1107.699951171875,12172.7,0.0132560901499232
2015-09-15,110.6394,1102.800048828125,12172.7,0.0132341511874559
2015-09-16,110.1021,1119.199951171875,12172.7,0.0133253976242155
2015-09-17,110.1212,1117.300048828125,12172.7,0.013106451783172
2015-09-18,109.8165,1138.0999755859375,12172.7,0.0130506889605375
2015-09-19,109.8165,1138.0999755859375,12172.7,0.0132304566955112
2015-09-20,109.8165,1138.0999755859375,12172.7,0.0131895479261757
2015-09-21,110.6414,1133.0999755859375,12172.7,0.0134239562491149
2015-09-22,111.1967,1125.0,12172.7,0.0131817645201049
2015-09-23,111.6287,1131.5999755859375,12172.7,0.0132397214103928
2015-09-24,111.4454,1153.800048828125,12172.7,0.0129921696725413
2015-09-25,111.3725,1146.0,12172.7,0.0129215438839682
2015-09-26,111.3725,1146.0,12172.7,0.0129986000923367
2015-09-27,111.3725,1146.0,12172.7,0.0130522263431884
2015-09-28,111.3914,1132.0,12172.7,0.0126873088480878
2015-09-29,111.5219,1127.0999755859375,12172.7,0.0128077218595296
2015-09-30,111.3311,1115.5,12172.7,0.0128469857842543
2015-10-01,111.0439,1114.199951171875,12228.4,0.0128027573403355
2015-10-02,110.7006,1137.0999755859375,12228.4,0.0127757035982289
2015-10-03,110.7006,1137.0999755859375,12228.4,0.0127166329396134
2015-10-04,110.7006,1137.0999755859375,12228.4,0.0127130762214165
2015-10-05,110.4445,1138.0999755859375,12228.4,0.0125956456276919
2015-10-06,110.1371,1146.800048828125,12228.4,0.0123059043238896
2015-10-07,109.8162,1149.0,12228.4,0.0124738572190172
2015-10-08,109.6452,1144.699951171875,12228.4,0.0124907555747779
2015-10-09,109.0782,1156.300048828125,12228.4,0.0124049157406057
2015-10-10,109.0782,1156.300048828125,12228.4,0.01234223454539
2015-10-11,109.0782,1156.300048828125,12228.4,0.012206330081224
2015-10-12,109.0782,1164.9000244140625,12228.4,0.0123152939484672
2015-10-13,109.4119,1165.800048828125,12228.4,0.0121269158586335
2015-10-14,109.1244,1180.0999755859375,12228.4,0.0120050110640087
2015-10-15,108.6671,1187.9000244140625,12228.4,0.0119117156046238
2015-10-16,108.9956,1183.5999755859375,12228.4,0.0115288505361519
2015-10-17,108.9956,1183.5999755859375,12228.4,0.01123503377502
2015-10-18,108.9956,1183.5999755859375,12228.4,0.0115982327852536
2015-10-19,109.3858,1173.300048828125,12228.4,0.0114857071185986
2015-10-20,109.3368,1178.0,12228.4,0.0111904802517441
2015-10-21,109.7746,1167.5999755859375,12228.4,0.0113104440979822
2015-10-22,110.0342,1166.5999755859375,12228.4,0.0110094737717593
2015-10-23,110.4329,1163.300048828125,12228.4,0.0108801146959365
2015-10-24,110.4329,1163.300048828125,12228.4,0.010718006635278
2015-10-25,110.4329,1163.300048828125,12228.4,0.0106585290590687
2015-10-26,110.2089,1167.0,12228.4,0.0105531482487975
2015-10-27,110.4875,1166.800048828125,12228.4,0.0102439347715079
2015-10-28,110.2334,1177.0999755859375,12228.4,0.0099053653860879
2015-10-29,110.8083,1147.199951171875,12228.4,0.0096140241017473
2015-10-30,110.2079,1141.5,12228.4,0.0092086518317774
2015-10-31,110.2079,1141.5,12228.4,0.0097607336755973
2015-11-01,110.2079,1141.5,12322.7,0.0092734311309871
2015-11-02,110.2188,1135.800048828125,12322.7,0.0083593583353217
2015-11-03,110.244,1114.199951171875,12322.7,0.0074922499107506
2015-11-04,110.7139,1106.5,12322.7,0.0074250888125474
2015-11-05,110.8302,1104.4000244140625,12322.7,0.0078570622966331
2015-11-06,111.7603,1087.5999755859375,12322.7,0.0080828301825856
2015-11-07,111.7603,1087.5999755859375,12322.7,0.0078929833069781
2015-11-08,111.7603,1087.5999755859375,12322.7,0.0081078971055618
2015-11-09,111.9112,1087.9000244140625,12322.7,0.0079984359527361
2015-11-10,111.9919,1088.199951171875,12322.7,0.0089695510549601
2015-11-11,111.9919,1084.699951171875,12322.7,0.0097423089985019
2015-11-12,111.7965,1080.800048828125,12322.7,0.0089572358217909
2015-11-13,112.0264,1080.800048828125,12322.7,0.0089610053103141
2015-11-14,112.0264,1080.800048828125,12322.7,0.0090675009962771
2015-11-15,112.0264,1080.800048828125,12322.7,0.0094401274688378
2015-11-16,112.2199,1083.699951171875,12322.7,0.0091116090052486
2015-11-17,112.3141,1068.699951171875,12322.7,0.0089713490461143
2015-11-18,112.3663,1068.800048828125,12322.7,0.0089633331151153
2015-11-19,111.5749,1078.0,12322.7,0.0092302549404897
2015-11-20,111.7799,1076.4000244140625,12322.7,0.0093444247811112
2015-11-21,111.7799,1076.4000244140625,12322.7,0.0092168980262261
2015-11-22,111.7799,1076.4000244140625,12322.7,0.0092677078835201
2015-11-23,112.1125,1066.800048828125,12322.7,0.0092878977863517
2015-11-24,111.7638,1074.300048828125,12322.7,0.0093985829207387
2015-11-25,111.8936,1070.5,12322.7,0.00913716833542
2015-11-26,111.8936,1070.5,12322.7,0.0085141809737931
2015-11-27,112.2824,1056.199951171875,12322.7,0.0084212442334509
2015-11-28,112.2824,1056.199951171875,12322.7,0.0084277376958879
2015-11-29,112.2824,1056.199951171875,12322.7,0.0080831042727106
2015-11-30,112.34,1065.800048828125,12322.7,0.0079735992599033
2015-12-01,112.1134,1063.800048828125,12393.6,0.008273216081732
2015-12-02,112.3715,1054.199951171875,12393.6,0.0083675351025955
2015-12-03,111.6407,1061.699951171875,12393.6,0.0083082413579988
2015-12-04,111.5463,1084.5,12393.6,0.0082556184424783
2015-12-05,111.5463,1084.5,12393.6,0.007741258992519
2015-12-06,111.5463,1084.5,12393.6,0.0162714617948956
2015-12-07,112.3056,1076.4000244140625,12393.6,0.0159707395003095
2015-12-08,112.5485,1076.300048828125,12393.6,0.0151175645653837
2015-12-09,112.1918,1077.5999755859375,12393.6,0.015146475778681
2015-12-10,112.2672,1073.0999755859375,12393.6,0.015201004693119
2015-12-11,112.7147,1076.9000244140625,12393.6,0.0139451250855369
2015-12-12,112.7147,1076.9000244140625,12393.6,0.0144826406170421
2015-12-13,112.7147,1076.9000244140625,12393.6,0.0145575391873688
2015-12-14,112.7521,1064.699951171875,12393.6,0.0142223894331113
2015-12-15,112.8609,1062.9000244140625,12393.6,0.0135804758413229
2015-12-16,112.9864,1078.0,12393.6,0.0138353259677713
2015-12-17,113.8177,1050.800048828125,12393.6,0.0138281013461154
2015-12-18,113.2837,1066.199951171875,12393.6,0.0136400348787964
2015-12-19,113.2837,1066.199951171875,12393.6,0.0136641714451944
2015-12-20,113.2837,1066.199951171875,12393.6,0.0142271203049526
2015-12-21,113.4144,1081.9000244140625,12393.6,0.0143704462318587
2015-12-22,113.211,1074.800048828125,12393.6,0.0144549991399517
2015-12-23,113.1847,1069.4000244140625,12393.6,0.0142278931584265
2015-12-24,113.0496,1077.199951171875,12393.6,0.0138370484273036
2015-12-25,113.0496,1077.199951171875,12393.6,0.013818616579433
2015-12-26,113.0496,1077.199951171875,12393.6,0.0150734079129594
2015-12-27,113.0496,1077.199951171875,12393.6,0.0148892527362256
2015-12-28,113.0461,1070.5,12393.6,0.0148921599796231
2015-12-29,113.1664,1077.5,12393.6,0.0145401793652788
2015-12-30,113.4707,1060.0999755859375,12393.6,0.014740540488494
2015-12-31,113.3429,1060.300048828125,12393.6,0.014572433331487
2016-01-01,113.3429,1060.300048828125,12522.2,0.0144731718206846
2016-01-02,113.3429,1060.300048828125,12522.2,0.0144806540740112
2016-01-03,113.3429,1060.300048828125,12522.2,0.0145401054413431
2016-01-04,114.1595,1075.0999755859375,12522.2,0.0144339355930144
2016-01-05,114.2649,1078.4000244140625,12522.2,0.0144949170384396
2016-01-06,114.6177,1091.9000244140625,12522.2,0.0145929590745987
2016-01-07,114.6516,1107.699951171875,12522.2,0.0137203193269362
2016-01-08,115.0095,1097.800048828125,12522.2,0.0138469110371799
2016-01-09,115.0095,1097.800048828125,12522.2,0.0139613486133246
2016-01-10,115.0095,1097.800048828125,12522.2,0.0212614032065463
2016-01-11,115.0139,1096.5,12522.2,0.0212986175635094
2016-01-12,115.3128,1085.5999755859375,12522.2,0.0219367916428155
2016-01-13,115.1425,1087.5,12522.2,0.0220531153163021
2016-01-14,115.3846,1073.9000244140625,12522.2,0.0221971051339597
2016-01-15,115.7404,1091.5,12522.2,0.0264673561931263
2016-01-16,115.7404,1091.5,12522.2,0.02463228117143
2016-01-17,115.7404,1091.5,12522.2,0.0249602666165104
2016-01-18,115.7404,1091.5,12522.2,0.0246427207636776
2016-01-19,115.8155,1089.9000244140625,12522.2,0.0252269048742398
2016-01-20,116.3498,1107.0999755859375,12522.2,0.0228318718183752
2016-01-21,115.9833,1099.0999755859375,12522.2,0.0231846857627032
2016-01-22,115.9833,1097.199951171875,12522.2,0.0248145941524812
2016-01-23,115.9833,1097.199951171875,12522.2,0.0245906987903309
2016-01-24,115.9833,1097.199951171875,12522.2,0.0235736413825779
2016-01-25,115.9833,1106.199951171875,12522.2,0.0242512085607715
2016-01-26,115.9833,1121.699951171875,12522.2,0.0241208726603358
2016-01-27,115.5087,1116.0999755859375,12522.2,0.0238926488369681
2016-01-28,115.2224,1115.5999755859375,12522.2,0.0248795585517157
2016-01-29,115.5731,1116.4000244140625,12522.2,0.0249879535467157
2016-01-30,115.5731,1116.4000244140625,12522.2,0.0251946660339641
2016-01-31,115.5731,1116.4000244140625,12522.2,0.0256315999163585
2016-02-01,115.3331,1127.9000244140625,12604.4,0.0254031856396215
2016-02-02,115.553,1127.300048828125,12604.4,0.0253218234516955
2016-02-03,114.6144,1141.300048828125,12604.4,0.0256376526304083
2016-02-04,113.6012,1157.5999755859375,12604.4,0.024351587450289
2016-02-05,114.2935,1157.800048828125,12604.4,0.0245156235534476
2016-02-06,114.2935,1157.800048828125,12604.4,0.02514713152175
2016-02-07,114.2935,1157.800048828125,12604.4,0.0251239013846048
2016-02-08,114.4351,1197.9000244140625,12604.4,0.0254018115938822
2016-02-09,114.127,1198.699951171875,12604.4,0.0252470246522446
2016-02-10,114.2877,1194.699951171875,12604.4,0.024828899869556
2016-02-11,114.1845,1247.9000244140625,12604.4,0.0249473316744198
2016-02-12,114.2992,1239.0999755859375,12604.4,0.0245620585592671
2016-02-13,114.2992,1239.0999755859375,12604.4,0.0240805707788835
2016-02-14,114.2992,1239.0999755859375,12604.4,0.0232386420791707
2016-02-15,114.2992,1239.0999755859375,12604.4,0.0235396140333444
2016-02-16,114.4905,1207.9000244140625,12604.4,0.0230617476578749
2016-02-17,113.8634,1211.0999755859375,12604.4,0.0226457507411249
2016-02-18,113.8897,1226.0999755859375,12604.4,0.0223525524620455
2016-02-19,113.9558,1230.4000244140625,12604.4,0.0224331730900321
2016-02-20,113.9558,1230.4000244140625,12604.4,0.0216682843611046
2016-02-21,113.9558,1230.4000244140625,12604.4,0.0214303587530838
2016-02-22,113.8232,1209.5,12604.4,0.0214421964653935
2016-02-23,114.177,1222.300048828125,12604.4,0.0224272192334225
2016-02-24,114.1716,1238.699951171875,12604.4,0.0221730992791527
2016-02-25,113.9222,1238.199951171875,12604.4,0.0221848045387788
2016-02-26,114.3708,1219.800048828125,12604.4,0.0217626221202065
2016-02-27,114.3708,1219.800048828125,12604.4,0.0218105830053142
2016-02-28,114.3708,1219.800048828125,12604.4,0.0217498831130908
2016-02-29,114.2418,1233.9000244140625,12604.4,0.0215711172694347
2016-03-01,113.9265,1230.300048828125,12662.2,0.0217136440648491
2016-03-02,113.7965,1241.0999755859375,12662.2,0.0221742749293531
2016-03-03,113.2482,1257.4000244140625,12662.2,0.0223113607835996
2016-03-04,112.6387,1269.9000244140625,12662.2,0.0229775398355866
2016-03-05,112.6387,1269.9000244140625,12662.2,0.0234350187919273
2016-03-06,112.6387,1269.9000244140625,12662.2,0.0230300730670377
2016-03-07,112.6219,1263.199951171875,12662.2,0.0226028751547968
2016-03-08,112.8465,1262.0999755859375,12662.2,0.0227177491487128
2016-03-09,112.4268,1256.5999755859375,12662.2,0.0226447806530079
2016-03-10,112.4191,1272.0,12662.2,0.022446324928437
2016-03-11,111.741,1258.699951171875,12662.2,0.0222762509830323
2016-03-12,111.741,1258.699951171875,12662.2,0.0227096303540068
2016-03-13,111.741,1258.699951171875,12662.2,0.022541867776985
2016-03-14,112.1688,1244.4000244140625,12662.2,0.0224615015455234
2016-03-15,112.5545,1230.4000244140625,12662.2,0.0224131842997328
2016-03-16,112.7759,1229.300048828125,12662.2,0.0223593490335297
2016-03-17,110.445,1264.5,12662.2,0.0222706893216059
2016-03-18,110.4002,1253.800048828125,12662.2,0.0228539562473822
2016-03-19,110.4002,1253.800048828125,12662.2,0.0227824974573241
2016-03-20,110.4002,1253.800048828125,12662.2,0.0226144444426347
2016-03-21,110.737,1243.800048828125,12662.2,0.0225880529061348
2016-03-22,110.7877,1248.199951171875,12662.2,0.022327492427658
2016-03-23,111.5473,1223.699951171875,12662.2,0.0222584421818054
2016-03-24,111.816,1221.4000244140625,12662.2,0.0223667222853335
2016-03-25,111.7698,1221.4000244140625,12662.2,0.0223239041815934
2016-03-26,111.7698,1221.4000244140625,12662.2,0.0222603395688258
2016-03-27,111.7698,1221.4000244140625,12662.2,0.0222630479084681
2016-03-28,111.3578,1219.9000244140625,12662.2,0.0219377051436471
2016-03-29,111.3736,1235.5999755859375,12662.2,0.0222785876212544
2016-03-30,110.2301,1226.9000244140625,12662.2,0.0224122953560915
2016-03-31,109.9191,1234.199951171875,12662.2,0.0223679611306246
2016-04-01,110.2977,1222.199951171875,12741.9,0.0222703648417005
2016-04-02,110.2977,1222.199951171875,12741.9,0.0221138213499856
2016-04-03,110.2977,1222.199951171875,12741.9,0.0220776268066378
2016-04-04,110.3987,1218.0,12741.9,0.0220878441493967
2016-04-05,110.9478,1228.4000244140625,12741.9,0.0219017700856216
2016-04-06,110.5347,1222.5,12741.9,0.0219895040691338
2016-04-07,110.8876,1236.199951171875,12741.9,0.0220517982115027
2016-04-08,110.4213,1242.5,12741.9,0.022172047955131
2016-04-09,110.4213,1242.5,12741.9,0.0221613664599202
2016-04-10,110.4213,1242.5,12741.9,0.0219787190753629
2016-04-11,109.9758,1256.699951171875,12741.9,0.0218621533886258
2016-04-12,109.816,1259.4000244140625,12741.9,0.0217350757947534
2016-04-13,110.1436,1246.800048828125,12741.9,0.0218116918206104
2016-04-14,110.1691,1225.0,12741.9,0.0218023541193548
2016-04-15,110.1933,1233.0999755859375,12741.9,0.0215847137393978
2016-04-16,110.1933,1233.0999755859375,12741.9,0.0215197127629829
2016-04-17,110.1933,1233.0999755859375,12741.9,0.0216397183610911
2016-04-18,109.9892,1233.5999755859375,12741.9,0.0216075401596656
2016-04-19,109.2782,1253.0,12741.9,0.0212371291827091
2016-04-20,109.3926,1253.199951171875,12741.9,0.0209328332493531
2016-04-21,109.8533,1249.0,12741.9,0.0205345817885027
2016-04-22,110.2331,1228.699951171875,12741.9,0.0206730704019908
2016-04-23,110.2331,1228.699951171875,12741.9,0.0204845142674002
2016-04-24,110.2331,1228.699951171875,12741.9,0.0200837157262637
2016-04-25,110.1865,1238.9000244140625,12741.9,0.0200023112815708
2016-04-26,109.7496,1242.199951171875,12741.9,0.0197886119354063
2016-04-27,109.8483,1249.199951171875,12741.9,0.0207483786503467
2016-04-28,109.2148,1265.5,12741.9,0.0205700888292261
2016-04-29,108.8274,1289.199951171875,12741.9,0.0202411008974447
2016-04-30,108.8274,1289.199951171875,12741.9,0.0205979973507073
2016-05-01,108.8274,1289.199951171875,12800.7,0.0273600672715378
2016-05-02,108.671,1294.699951171875,12800.7,0.0279033536993154
2016-05-03,109.3613,1290.699951171875,12800.7,0.0275061501967949
2016-05-04,109.9952,1273.300048828125,12800.7,0.0277486905080895
2016-05-05,110.2417,1271.4000244140625,12800.7,0.0276410997075163
2016-05-06,110.3801,1292.9000244140625,12800.7,0.0270563837185675
2016-05-07,110.3801,1292.9000244140625,12800.7,0.0270873372502343
2016-05-08,110.3801,1292.9000244140625,12800.7,0.0270227343032965
2016-05-09,110.9466,1265.5999755859375,12800.7,0.0268824353220921
2016-05-10,110.8225,1263.9000244140625,12800.7,0.027424510862077
2016-05-11,110.2806,1274.5999755859375,12800.7,0.0273379120517158
2016-05-12,110.6935,1270.300048828125,12800.7,0.0272010056302842
2016-05-13,111.2521,1271.9000244140625,12800.7,0.0272293481981706
2016-05-14,111.2521,1271.9000244140625,12800.7,0.0272718090936908
2016-05-15,111.2521,1271.9000244140625,12800.7,0.0269942165442564
2016-05-16,111.1217,1273.4000244140625,12800.7,0.0272018354920134
2016-05-17,111.0867,1276.199951171875,12800.7,0.0272576832806352
2016-05-18,111.4995,1273.699951171875,12800.7,0.0272643466050237
2016-05-19,112.2331,1254.199951171875,12800.7,0.0282810403161796
2016-05-20,112.1822,1252.4000244140625,12800.7,0.027849399932038
2016-05-21,112.1822,1252.4000244140625,12800.7,0.0278009192461127
2016-05-22,112.1822,1252.4000244140625,12800.7,0.0280370668092239
2016-05-23,112.284,1251.0999755859375,12800.7,0.0277763548388954
2016-05-24,112.2912,1228.9000244140625,12800.7,0.0277188069922741
2016-05-25,112.2001,1223.5,12800.7,0.0274355514757109
2016-05-26,111.8979,1220.0999755859375,12800.7,0.0272216654258205
2016-05-27,112.0822,1213.800048828125,12800.7,0.0261161455198654
2016-05-28,112.0822,1213.800048828125,12800.7,0.0237724402143091
2016-05-29,112.0822,1213.800048828125,12800.7,0.0236802094422194
2016-05-30,112.0822,1213.800048828125,12800.7,0.0232553337052749
2016-05-31,112.4276,1214.800048828125,12800.7,0.023076963604187
2016-06-01,112.462,1211.9000244140625,12849.3,0.0228540755463222
2016-06-02,112.4564,1209.800048828125,12849.3,0.0228149832986253
2016-06-03,111.4451,1240.0999755859375,12849.3,0.0215438369885715
2016-06-04,111.4451,1240.0999755859375,12849.3,0.0213871974610324
2016-06-05,111.4451,1240.0999755859375,12849.3,0.0322823052932194
2016-06-06,111.2295,1244.5999755859375,12849.3,0.031715586940745
2016-06-07,110.8378,1244.4000244140625,12849.3,0.032100152142691
2016-06-08,110.1916,1259.800048828125,12849.3,0.0317835007521875
2016-06-09,110.6168,1270.199951171875,12849.3,0.0322016877603774
2016-06-10,111.1027,1273.4000244140625,12849.3,0.0320389526948844
2016-06-11,111.1027,1273.4000244140625,12849.3,0.0303898541385991
2016-06-12,111.1027,1273.4000244140625,12849.3,0.0275901911383572
2016-06-13,111.5036,1284.4000244140625,12849.3,0.0263176911434087
2016-06-14,111.9826,1285.5999755859375,12849.3,0.0270267550815256
2016-06-15,111.7671,1285.800048828125,12849.3,0.0266599211640562
2016-06-16,112.2347,1296.0999755859375,12849.3,0.0241949269597566
2016-06-17,111.5332,1292.5,12849.3,0.0248948426422097
2016-06-18,111.5332,1292.5,12849.3,0.0245927183773815
2016-06-19,111.5332,1292.5,12849.3,0.0490722890531694
2016-06-20,110.8693,1290.0,12849.3,0.0511236709815764
2016-06-21,111.0077,1270.5,12849.3,0.0559521013166677
2016-06-22,110.7681,1268.0,12849.3,0.0620452345267175
2016-06-23,110.262,1261.199951171875,12849.3,0.0596932783768534
2016-06-24,112.1355,1320.0,12849.3,0.0564324758742082
2016-06-25,112.1355,1320.0,12849.3,0.0566296461145747
2016-06-26,112.1355,1320.0,12849.3,0.058898034714148
2016-06-27,113.1301,1322.5,12849.3,0.0572365643200809
2016-06-28,112.7545,1315.300048828125,12849.3,0.0573712228006698
2016-06-29,111.8597,1323.9000244140625,12849.3,0.057951015013332
2016-06-30,112.1618,1318.4000244140625,12849.3,0.0551765908950992
2016-07-01,111.6509,1336.699951171875,12907.3,0.0548672094533836
2016-07-02,111.6509,1336.699951171875,12907.3,0.0531984786037495
2016-07-03,111.6509,1336.699951171875,12907.3,0.0563931831611274
2016-07-04,111.6509,1336.699951171875,12907.3,0.0546350312467842
2016-07-05,112.4231,1356.4000244140625,12907.3,0.0557015157354205
2016-07-06,112.5438,1364.9000244140625,12907.3,0.0550231685985245
2016-07-07,112.5775,1360.0999755859375,12907.3,0.0581654339895513
2016-07-08,112.3963,1356.5999755859375,12907.3,0.0560621203625587
2016-07-09,112.3963,1356.5999755859375,12907.3,0.0567223911978521
2016-07-10,112.3963,1356.5999755859375,12907.3,0.0568550904110994
2016-07-11,112.5254,1355.0,12907.3,0.0565714802853785
2016-07-12,112.1102,1334.0999755859375,12907.3,0.0543625965161813
2016-07-13,112.0266,1342.4000244140625,12907.3,0.0551278855089669
2016-07-14,111.7692,1331.300048828125,12907.3,0.0547786370676177
2016-07-15,112.2833,1326.5,12907.3,0.0544648887543749
2016-07-16,112.2833,1326.5,12907.3,0.0545511863713443
2016-07-17,112.2833,1326.5,12907.3,0.0620573602947822
2016-07-18,112.2463,1328.4000244140625,12907.3,0.0630454603436735
2016-07-19,112.638,1331.5,12907.3,0.0622182211621745
2016-07-20,112.6743,1318.800048828125,12907.3,0.0631597051912539
2016-07-21,112.6239,1330.5,12907.3,0.0632760866006609
2016-07-22,112.989,1323.0999755859375,12907.3,0.0647805809697778
2016-07-23,112.989,1323.0999755859375,12907.3,0.063968874313405
2016-07-24,112.989,1323.0999755859375,12907.3,0.0631815338846392
2016-07-25,113.1784,1319.300048828125,12907.3,0.0640396360342006
2016-07-26,113.0593,1320.699951171875,12907.3,0.0647807799267372
2016-07-27,113.217,1326.5999755859375,12907.3,0.064233982471812
2016-07-28,112.7393,1332.300048828125,12907.3,0.0643302962694086
2016-07-29,111.874,1349.0,12907.3,0.0645039762944427
2016-07-30,111.874,1349.0,12907.3,0.0646525571433649
2016-07-31,111.874,1349.0,12907.3,0.067739863101951
2016-08-01,111.9757,1351.4000244140625,12986.7,0.0697335147776051
2016-08-02,111.7124,1364.4000244140625,12986.7,0.0792670137414958
2016-08-03,111.9419,1356.0999755859375,12986.7,0.0736194481241607
2016-08-04,111.9149,1358.800048828125,12986.7,0.0722963243227463
2016-08-05,112.3589,1336.4000244140625,12986.7,0.0734270389967475
2016-08-06,112.3589,1336.4000244140625,12986.7,0.0716692237242633
2016-08-07,112.3589,1336.4000244140625,12986.7,0.07084163630448
2016-08-08,112.1456,1333.4000244140625,12986.7,0.0708507036397883
2016-08-09,111.722,1339.0,12986.7,0.071995670559646
2016-08-10,111.3238,1344.300048828125,12986.7,0.0693191555000145
2016-08-11,111.1954,1342.5,12986.7,0.0693499481894118
2016-08-12,111.1787,1335.800048828125,12986.7,0.0692306751652615
2016-08-13,111.1787,1335.800048828125,12986.7,0.071919553864549
2016-08-14,111.1787,1335.800048828125,12986.7,0.0737076349602001
2016-08-15,110.9212,1340.300048828125,12986.7,0.0741904397891702
2016-08-16,110.4295,1350.5,12986.7,0.0730739986126509
2016-08-17,110.9459,1342.699951171875,12986.7,0.0732856239281583
2016-08-18,110.3134,1351.199951171875,12986.7,0.0733601296243497
2016-08-19,110.8163,1340.4000244140625,12986.7,0.0734111195343062
2016-08-20,110.8163,1340.4000244140625,12986.7,0.0726778000116379
2016-08-21,110.8163,1340.4000244140625,12986.7,0.0725726889713148
2016-08-22,110.9997,1337.699951171875,12986.7,0.0716582086384703
2016-08-23,110.9414,1340.5999755859375,12986.7,0.0724574983839712
2016-08-24,111.2958,1324.4000244140625,12986.7,0.0728173329787041
2016-08-25,111.1726,1320.0999755859375,12986.7,0.0734284274742259
2016-08-26,111.2035,1321.5,12986.7,0.0731224138708911
2016-08-27,111.2035,1321.5,12986.7,0.0741761914261949
2016-08-28,111.2035,1321.5,12986.7,0.0733770385368045
2016-08-29,111.8775,1322.9000244140625,12986.7,0.0731552045074724
2016-08-30,112.2928,1311.699951171875,12986.7,0.0727610530664514
2016-08-31,112.4036,1306.9000244140625,12986.7,0.0727882225786058
2016-09-01,112.1733,1312.199951171875,13052.7,0.0737184992887378
2016-09-02,112.0009,1322.0999755859375,13052.7,0.0728928076339071
2016-09-03,112.0009,1322.0999755859375,13052.7,0.0701008618637199
2016-09-04,112.0009,1322.0999755859375,13052.7,0.06898934176158
2016-09-05,112.0009,1322.0999755859375,13052.7,0.0689795845318729
2016-09-06,110.9613,1349.4000244140625,13052.7,0.0683960124287936
2016-09-07,110.9717,1344.300048828125,13052.7,0.0681460206367329
2016-09-08,111.2609,1336.800048828125,13052.7,0.0672268545789559
2016-09-09,111.9879,1330.0999755859375,13052.7,0.0675486433960933
2016-09-10,111.9879,1330.0999755859375,13052.7,0.0674203830818494
2016-09-11,111.9879,1330.0999755859375,13052.7,0.0693839092282279
2016-09-12,112.1516,1321.0,13052.7,0.0691443046800833
2016-09-13,112.5207,1319.0,13052.7,0.0691219243379061
2016-09-14,112.4678,1321.5,13052.7,0.0690061434556654
2016-09-15,112.4753,1313.5,13052.7,0.0695005527283669
2016-09-16,113.1765,1305.800048828125,13052.7,0.069363111827425
2016-09-17,113.1765,1305.800048828125,13052.7,0.0694512446908826
2016-09-18,113.1765,1305.800048828125,13052.7,0.0691084991107347
2016-09-19,112.903,1313.5,13052.7,0.0690615114065592
2016-09-20,113.1848,1313.699951171875,13052.7,0.0702263344810261
2016-09-21,112.9842,1326.9000244140625,13052.7,0.0707028986902822
2016-09-22,112.2592,1340.4000244140625,13052.7,0.0706848274630342
2016-09-23,112.7166,1337.199951171875,13052.7,0.0699382222952592
2016-09-24,112.7166,1337.199951171875,13052.7,0.0698173769388931
2016-09-25,112.7166,1337.199951171875,13052.7,0.0698845390168174
2016-09-26,112.7112,1339.699951171875,13052.7,0.0692137843537926
2016-09-27,112.5515,1325.9000244140625,13052.7,0.069484293695167
2016-09-28,112.6283,1319.4000244140625,13052.7,0.0695767974927487
2016-09-29,112.2879,1321.699951171875,13052.7,0.069560926179619
2016-09-30,112.2795,1313.300048828125,13052.7,0.069128745619357
2016-10-01,112.2795,1313.300048828125,13124.5,0.0687797503215138
2016-10-02,112.2795,1313.300048828125,13124.5,0.0690129903659158
2016-10-03,112.5077,1309.0,13124.5,0.0687142561184242
2016-10-04,112.6579,1266.300048828125,13124.5,0.0691329251420513
2016-10-05,112.7946,1265.199951171875,13124.5,0.0689616603142162
2016-10-06,113.0066,1249.800048828125,13124.5,0.0690039124542988
2016-10-07,113.2915,1248.9000244140625,13124.5,0.0684143027255736
2016-10-08,113.2915,1248.9000244140625,13124.5,0.0684102658375769
2016-10-09,113.2915,1248.9000244140625,13124.5,0.0679914455984333
2016-10-10,113.2915,1248.9000244140625,13124.5,0.0679345776582876
2016-10-11,113.4461,1253.0,13124.5,0.0657531659473404
2016-10-12,113.7442,1251.0999755859375,13124.5,0.0661716996675965
2016-10-13,113.6238,1255.0,13124.5,0.0661613698318198
2016-10-14,113.7119,1253.0999755859375,13124.5,0.0660845574028552
2016-10-15,113.7119,1253.0999755859375,13124.5,0.0663227628337727
2016-10-16,113.7119,1253.0999755859375,13124.5,0.0658404693161151
2016-10-17,113.5488,1254.4000244140625,13124.5,0.0660764636300146
2016-10-18,113.1393,1260.800048828125,13124.5,0.0663412958581798
2016-10-19,113.0547,1267.9000244140625,13124.5,0.0669812613369575
2016-10-20,113.4033,1265.5999755859375,13124.5,0.0669328620030096
2016-10-21,113.9015,1265.9000244140625,13124.5,0.0667313189656043
2016-10-22,113.9015,1265.9000244140625,13124.5,0.0643012787104238
2016-10-23,113.9015,1265.9000244140625,13124.5,0.0647149583903479
2016-10-24,113.8571,1262.0,13124.5,0.0648771647101612
2016-10-25,113.6801,1271.9000244140625,13124.5,0.0648105056829496
2016-10-26,113.8131,1264.800048828125,13124.5,0.0628983387438391
2016-10-27,114.1998,1267.9000244140625,13124.5,0.0620829696423423
2016-10-28,114.0931,1275.5,13124.5,0.0614078519329187
2016-10-29,114.0931,1275.5,13124.5,0.0593779923316887
2016-10-30,114.0931,1275.5,13124.5,0.0605347946094753
2016-10-31,114.0188,1271.5,13124.5,0.0606490724720715
2016-11-01,113.9915,1286.4000244140625,13214.2,0.0581127194935277
2016-11-02,113.9206,1306.800048828125,13214.2,0.0576411012848996
2016-11-03,113.7664,1302.0999755859375,13214.2,0.0616730530169941
2016-11-04,113.5828,1303.300048828125,13214.2,0.0598893850055103
2016-11-05,113.5828,1303.300048828125,13214.2,0.0597878372004785
2016-11-06,113.5828,1303.300048828125,13214.2,0.0593441404094759
2016-11-07,113.5443,1278.300048828125,13214.2,0.0595522084696329
2016-11-08,113.3017,1273.4000244140625,13214.2,0.0592641222645946
2016-11-09,114.6956,1272.5999755859375,13214.2,0.0585666259564774
2016-11-10,115.9375,1265.5,13214.2,0.0593397088932013
2016-11-11,115.9375,1265.5,13214.2,0.0589656461866914
2016-11-12,115.9375,1265.5,13214.2,0.0601916859353282
2016-11-13,115.9375,1265.5,13214.2,0.0599954303568358
2016-11-14,117.2245,1221.199951171875,13214.2,0.0595090397219127
2016-11-15,116.7724,1224.0,13214.2,0.0591191928763971
2016-11-16,116.8062,1223.4000244140625,13214.2,0.0571031688759046
2016-11-17,116.8952,1216.5,13214.2,0.0573824680481104
2016-11-18,117.5936,1208.5,13214.2,0.0563924592920808
2016-11-19,117.5936,1208.5,13214.2,0.0563270592383292
2016-11-20,117.5936,1208.5,13214.2,0.0580653982687357
2016-11-21,117.4762,1209.5999755859375,13214.2,0.0572174671927528
2016-11-22,117.4508,1211.0,13214.2,0.0563951587240116
2016-11-23,118.0356,1189.0999755859375,13214.2,0.0568205727084526
2016-11-24,118.0356,1189.0999755859375,13214.2,0.0571516115537987
2016-11-25,118.02,1178.199951171875,13214.2,0.0568598754517363
2016-11-26,118.02,1178.199951171875,13214.2,0.0573612133450902
2016-11-27,118.02,1178.199951171875,13214.2,0.0577737692365457
2016-11-28,117.7278,1190.5999755859375,13214.2,0.0574525297667911
2016-11-29,117.644,1187.9000244140625,13214.2,0.057498601193572
2016-11-30,117.7636,1170.800048828125,13214.2,0.0567218069199769
2016-12-01,117.6642,1166.9000244140625,13240.6,0.0559135682290813
2016-12-02,117.3116,1175.0999755859375,13240.6,0.0544592856486721
2016-12-03,117.3116,1175.0999755859375,13240.6,0.0550223609213205
2016-12-04,117.3116,1175.0999755859375,13240.6,0.0550609338353967
2016-12-05,117.1008,1174.0,13240.6,0.0559206362111507
2016-12-06,116.9225,1167.5999755859375,13240.6,0.0555590360684509
2016-12-07,116.672,1175.0,13240.6,0.0550664251204845
2016-12-08,117.0327,1169.800048828125,13240.6,0.0548492333344967
2016-12-09,117.2834,1159.4000244140625,13240.6,0.0546724428137039
2016-12-10,117.2834,1159.4000244140625,13240.6,0.054604126792828
2016-12-11,117.2834,1159.4000244140625,13240.6,0.0546043571700394
2016-12-12,116.9161,1163.5,13240.6,0.0539903123928871
2016-12-13,116.8029,1156.699951171875,13240.6,0.0540522293551966
2016-12-14,116.7332,1161.300048828125,13240.6,0.0542107069709522
2016-12-15,118.8072,1127.800048828125,13240.6,0.0543128454764063
2016-12-16,118.3584,1135.300048828125,13240.6,0.0526646506140793
2016-12-17,118.3584,1135.300048828125,13240.6,0.0522791720024508
2016-12-18,118.3584,1135.300048828125,13240.6,0.052133070717312
2016-12-19,118.3875,1140.5,13240.6,0.0522076135543369
2016-12-20,118.63,1131.5,13240.6,0.0515837634598304
2016-12-21,118.581,1131.0999755859375,13240.6,0.0498895020755709
2016-12-22,118.8209,1128.800048828125,13240.6,0.0483804761940596
2016-12-23,118.7856,1131.9000244140625,13240.6,0.0454921926108903
2016-12-24,118.7856,1131.9000244140625,13240.6,0.0463465757924564
2016-12-25,118.7856,1131.9000244140625,13240.6,0.0463004567776039
2016-12-26,118.7856,1131.9000244140625,13240.6,0.0458326554373585
2016-12-27,118.9506,1137.300048828125,13240.6,0.0444720849467092
2016-12-28,119.2305,1139.4000244140625,13240.6,0.0422687593787104
2016-12-29,118.6637,1156.4000244140625,13240.6,0.042610249564059
2016-12-30,118.3466,1150.0,13240.6,0.0429961532038467
2016-12-31,118.3466,1150.0,13240.6,0.0425133798107017
2017-01-01,118.3466,1150.0,13318.9,0.059382807235923
2017-01-02,118.3466,1150.0,13318.9,0.0580785824173017
2017-01-03,119.0903,1160.4000244140625,13318.9,0.0572333844406396
2017-01-04,118.8803,1163.800048828125,13318.9,0.051866240147102
2017-01-05,117.9999,1179.699951171875,13318.9,0.0588124923895875
2017-01-06,118.3495,1171.9000244140625,13318.9,0.0660143857934279
2017-01-07,118.3495,1171.9000244140625,13318.9,0.0650953423846227
2017-01-08,118.3495,1171.9000244140625,13318.9,0.0969676786098846
2017-01-09,118.4111,1183.5,13318.9,0.0978591444759344
2017-01-10,118.5386,1184.199951171875,13318.9,0.0975772867068041
2017-01-11,119.0219,1195.5999755859375,13318.9,0.1129806062887817
2017-01-12,117.8001,1198.9000244140625,13318.9,0.1093238337695217
2017-01-13,117.9884,1195.300048828125,13318.9,0.1065585514002652
2017-01-14,117.9884,1195.300048828125,13318.9,0.106853432813621
2017-01-15,117.9884,1195.300048828125,13318.9,0.1064628136105825
2017-01-16,117.9884,1195.300048828125,13318.9,0.1054964785372263
2017-01-17,117.2656,1212.0,13318.9,0.0974558817081195
2017-01-18,117.7242,1211.300048828125,13318.9,0.0997378980394255
2017-01-19,118.3182,1200.9000244140625,13318.9,0.097549379089889
2017-01-20,118.3182,1204.300048828125,13318.9,0.0983796307226802
2017-01-21,118.3182,1204.300048828125,13318.9,0.0956583991632009
2017-01-22,118.3182,1204.300048828125,13318.9,0.0954436856332304
2017-01-23,117.2479,1215.0,13318.9,0.0960379574457514
2017-01-24,117.0516,1210.300048828125,13318.9,0.099967480017506
2017-01-25,116.9355,1197.300048828125,13318.9,0.0986873044436878
2017-01-26,117.2766,1189.5,13318.9,0.0963623811890697
2017-01-27,117.0735,1188.0999755859375,13318.9,0.0959494988135777
2017-01-28,117.0735,1188.0999755859375,13318.9,0.0958210295629241
2017-01-29,117.0735,1188.0999755859375,13318.9,0.096318142196769
2017-01-30,116.7325,1193.199951171875,13318.9,0.0956579274559506
2017-01-31,116.2241,1208.5999755859375,13318.9,0.0910082237371013
2017-02-01,116.3914,1205.5999755859375,13395.2,0.0893622701103416
2017-02-02,115.903,1216.699951171875,13395.2,0.0878707469185724
2017-02-03,115.6259,1218.5,13395.2,0.0870597381496551
2017-02-04,115.6259,1218.5,13395.2,0.0857691254209356
2017-02-05,115.6259,1218.5,13395.2,0.1459688871372134
2017-02-06,116.0504,1230.0,13395.2,0.1441981234584862
2017-02-07,116.4082,1234.199951171875,13395.2,0.140073951538498
2017-02-08,116.1382,1237.5999755859375,13395.2,0.1402910308648312
2017-02-09,116.306,1235.0999755859375,13395.2,0.1493403735733799
2017-02-10,116.148,1234.4000244140625,13395.2,0.147555937222815
2017-02-11,116.148,1234.4000244140625,13395.2,0.1456959098812981
2017-02-12,116.148,1234.4000244140625,13395.2,0.1464155940780879
2017-02-13,116.3427,1224.4000244140625,13395.2,0.1474261459930718
2017-02-14,116.3949,1223.9000244140625,13395.2,0.1455435559303302
2017-02-15,116.2162,1231.699951171875,13395.2,0.1455647254838556
2017-02-16,116.0067,1240.0,13395.2,0.1426654344811295
2017-02-17,116.4035,1237.5999755859375,13395.2,0.1393601539161477
2017-02-18,116.4035,1237.5999755859375,13395.2,0.1394529804895
2017-02-19,116.4035,1237.5999755859375,13395.2,0.1398007099495508
2017-02-20,116.4035,1237.5999755859375,13395.2,0.136224881336677
2017-02-21,116.5921,1237.5,13395.2,0.1306688155199004
2017-02-22,116.2136,1232.0,13395.2,0.1311844979613963
2017-02-23,115.6527,1250.199951171875,13395.2,0.1253597098607708
2017-02-24,115.8143,1256.9000244140625,13395.2,0.1252484629831461
2017-02-25,115.8143,1256.9000244140625,13395.2,0.1288580852144152
2017-02-26,115.8143,1256.9000244140625,13395.2,0.125160943711349
2017-02-27,115.6764,1257.4000244140625,13395.2,0.1238948241098371
2017-02-28,116.0032,1252.5999755859375,13395.2,0.1236650074831822
2017-03-01,116.438,1248.9000244140625,13464.6,0.1200336286177109
2017-03-02,116.8429,1231.9000244140625,13464.6,0.1168810877868282
2017-03-03,116.6438,1225.5,13464.6,0.1141442398478489
2017-03-04,116.6438,1225.5,13464.6,0.1159631806371806
2017-03-05,116.6438,1225.5,13464.6,0.1153736633324841
2017-03-06,116.4313,1224.5,13464.6,0.1139213557171962
2017-03-07,116.4303,1215.0999755859375,13464.6,0.1186088964612076
2017-03-08,116.875,1208.5,13464.6,0.1273647240626039
2017-03-09,116.9959,1202.4000244140625,13464.6,0.1222570510904439
2017-03-10,116.616,1200.699951171875,13464.6,0.1315576280597501
2017-03-11,116.616,1200.699951171875,13464.6,0.1225977812039143
2017-03-12,116.616,1200.699951171875,13464.6,0.1643400737406843
2017-03-13,116.4004,1202.4000244140625,13464.6,0.1623080424599984
2017-03-14,116.5646,1201.9000244140625,13464.6,0.1614114174214384
2017-03-15,116.3584,1200.0999755859375,13464.6,0.159158105631374
2017-03-16,115.4456,1226.5,13464.6,0.1700065057212407
2017-03-17,115.2783,1229.800048828125,13464.6,0.1852451222483356
2017-03-18,115.2783,1229.800048828125,13464.6,0.2025066886284953
2017-03-19,115.2783,1229.800048828125,13464.6,0.2486388227031863
2017-03-20,115.0426,1233.5999755859375,13464.6,0.2426540044841779
2017-03-21,114.8119,1246.0999755859375,13464.6,0.2285120601978368
2017-03-22,114.7937,1249.300048828125,13464.6,0.2430144181519252
2017-03-23,114.7899,1246.9000244140625,13464.6,0.2422475291739952
2017-03-24,114.6372,1248.199951171875,13464.6,0.2655338918409131
2017-03-25,114.6372,1248.199951171875,13464.6,0.2594235110244667
2017-03-26,114.6372,1248.199951171875,13464.6,0.2585315425065546
2017-03-27,114.2347,1255.4000244140625,13464.6,0.2413541387118949
2017-03-28,114.419,1255.300048828125,13464.6,0.2402808338488972
2017-03-29,114.7167,1253.4000244140625,13464.6,0.2408091340076784
2017-03-30,114.5245,1245.0,13464.6,0.2386872503127661
2017-03-31,114.7938,1247.300048828125,13464.6,0.2280643586516161
2017-04-01,114.7938,1247.300048828125,13520.3,0.225925277636161
2017-04-02,114.7938,1247.300048828125,13520.3,0.2556872094740696
2017-04-03,114.8734,1250.800048828125,13520.3,0.258809956776019
2017-04-04,115.0038,1255.0,13520.3,0.2566969859777896
2017-04-05,114.9494,1245.4000244140625,13520.3,0.2610370584472666
2017-04-06,115.0181,1250.300048828125,13520.3,0.2506725924124267
2017-04-07,115.0547,1254.300048828125,13520.3,0.2492666985509194
2017-04-08,115.0547,1254.300048828125,13520.3,0.2511999710227308
2017-04-09,115.0547,1254.300048828125,13520.3,0.2467119027668868
2017-04-10,115.11,1251.0999755859375,13520.3,0.246189846612495
2017-04-11,115.009,1271.199951171875,13520.3,0.2447779379479749
2017-04-12,114.9162,1275.300048828125,13520.3,0.2433828195698871
2017-04-13,114.5059,1285.9000244140625,13520.3,0.2504620535867756
2017-04-14,114.5368,1285.9000244140625,13520.3,0.2504116168622896
2017-04-15,114.5368,1285.9000244140625,13520.3,0.2494586977234515
2017-04-16,114.5368,1285.9000244140625,13520.3,0.2209569020903103
2017-04-17,114.3283,1289.4000244140625,13520.3,0.2146358727795313
2017-04-18,114.2575,1291.699951171875,13520.3,0.2142942530665261
2017-04-19,114.7923,1281.4000244140625,13520.3,0.2144029205745088
2017-04-20,114.6205,1281.9000244140625,13520.3,0.2113468470333585
2017-04-21,114.8128,1287.4000244140625,13520.3,0.205486270426915
2017-04-22,114.8128,1287.4000244140625,13520.3,0.2018555166501513
2017-04-23,114.8128,1287.4000244140625,13520.3,0.2173658680151881
2017-04-24,114.3659,1275.800048828125,13520.3,0.2156896404304628
2017-04-25,114.5111,1265.5999755859375,13520.3,0.2089626593308324
2017-04-26,114.9479,1262.0999755859375,13520.3,0.2105700735361062
2017-04-27,114.9946,1263.699951171875,13520.3,0.2012751571421948
2017-04-28,114.7877,1266.0999755859375,13520.3,0.2018705295521385
2017-04-29,114.7877,1266.0999755859375,13520.3,0.1952480728769517
2017-04-30,114.7877,1266.0999755859375,13520.3,0.2241736699200274
2017-05-01,114.5921,1253.300048828125,13567.4,0.2097773572216368
2017-05-02,114.6792,1255.0999755859375,13567.4,0.2093925337481216
2017-05-03,114.6637,1246.4000244140625,13567.4,0.2015836526697479
2017-05-04,114.9076,1226.5,13567.4,0.1976984464189259
2017-05-05,114.7725,1224.800048828125,13567.4,0.1986681195731366
2017-05-06,114.7725,1224.800048828125,13567.4,0.1923589402114245
2017-05-07,114.7725,1224.800048828125,13567.4,0.1683390807836754
2017-05-08,115.0895,1225.300048828125,13567.4,0.1602651907236806
2017-05-09,115.3933,1214.300048828125,13567.4,0.1650982103329449
2017-05-10,115.1145,1217.300048828125,13567.4,0.1581351420662526
2017-05-11,115.0669,1222.699951171875,13567.4,0.1525399817858553
2017-05-12,114.7479,1226.199951171875,13567.4,0.1597687004769853
2017-05-13,114.7479,1226.199951171875,13567.4,0.1530119133792357
2017-05-14,114.7479,1226.199951171875,13567.4,0.150929645783678
2017-05-15,114.3504,1228.5999755859375,13567.4,0.1471382111021854
2017-05-16,113.9923,1235.0,13567.4,0.1396674153022721
2017-05-17,113.7506,1257.5,13567.4,0.1293500605992658
2017-05-18,114.2683,1251.699951171875,13567.4,0.1272751214284376
2017-05-19,113.7001,1252.699951171875,13567.4,0.1293867165327454
2017-05-20,113.7001,1252.699951171875,13567.4,0.122020604887486
2017-05-21,113.7001,1252.699951171875,13567.4,0.1229462826959222
2017-05-22,113.5442,1260.699951171875,13567.4,0.1230601582963384
2017-05-23,113.6862,1254.800048828125,13567.4,0.1127305808085553
2017-05-24,113.675,1252.4000244140625,13567.4,0.110922464328791
2017-05-25,113.3719,1255.800048828125,13567.4,0.1190983343270576
2017-05-26,113.4839,1267.5999755859375,13567.4,0.1216291867354442
2017-05-27,113.4839,1267.5999755859375,13567.4,0.134747401966925
2017-05-28,113.4839,1267.5999755859375,13567.4,0.2112115641773027
2017-05-29,113.4839,1267.5999755859375,13567.4,0.2131872589168956
2017-05-30,113.5552,1262.0999755859375,13567.4,0.2199713904394016
2017-05-31,113.2956,1272.0,13567.4,0.2122069005287772
2017-06-01,113.3017,1267.0,13577.0,0.1883962903782058
2017-06-02,113.1908,1276.800048828125,13577.0,0.1862452026825921
2017-06-03,113.1908,1276.800048828125,13577.0,0.181188601138169
2017-06-04,113.1908,1276.800048828125,13577.0,0.179406045357125
2017-06-05,112.9755,1279.300048828125,13577.0,0.1708330854287724
2017-06-06,112.7095,1294.4000244140625,13577.0,0.1609804170438625
2017-06-07,112.8191,1290.0999755859375,13577.0,0.1721258333391966
2017-06-08,112.8351,1276.300048828125,13577.0,0.1629986890077478
2017-06-09,112.9562,1268.5,13577.0,0.1609837767134213
2017-06-10,112.9562,1268.5,13577.0,0.1601519237708716
2017-06-11,112.9562,1268.5,13577.0,0.1869886134672958
2017-06-12,112.9837,1266.0999755859375,13577.0,0.2092806016431523
2017-06-13,112.6271,1265.800048828125,13577.0,0.2026541587957312
2017-06-14,112.0734,1272.800048828125,13577.0,0.2218003525661362
2017-06-15,112.8708,1252.199951171875,13577.0,0.2293060360392309
2017-06-16,112.6155,1254.0,13577.0,0.2205595213131443
2017-06-17,112.6155,1254.0,13577.0,0.2096176197611493
2017-06-18,112.6155,1254.0,13577.0,0.2172147781862557
2017-06-19,112.7576,1244.199951171875,13577.0,0.2060408256767346
2017-06-20,113.2698,1241.0,13577.0,0.1958935699477433
2017-06-21,113.3327,1243.4000244140625,13577.0,0.2070241900360136
2017-06-22,113.1654,1247.5999755859375,13577.0,0.2029945047545387
2017-06-23,112.8665,1256.199951171875,13577.0,0.200630123999643
2017-06-24,112.8665,1256.199951171875,13577.0,0.2141214265669751
2017-06-25,112.8665,1256.199951171875,13577.0,0.2487093824160479
2017-06-26,112.7633,1246.300048828125,13577.0,0.2586225199222845
2017-06-27,112.55,1246.4000244140625,13577.0,0.2464570391615775
2017-06-28,112.0747,1248.0,13577.0,0.2484925289185466
2017-06-29,111.998,1244.199951171875,13577.0,0.251468536268831
2017-06-30,111.9896,1240.699951171875,13577.0,0.2572482737518389
2017-07-01,111.9896,1240.699951171875,13638.5,0.2655543780697481
2017-07-02,111.9896,1240.699951171875,13638.5,0.3850545393613839
2017-07-03,112.4268,1217.9000244140625,13638.5,0.3744944735878525
2017-07-04,112.4268,1217.9000244140625,13638.5,0.3656372425127865
2017-07-05,112.6534,1220.4000244140625,13638.5,0.3650703676044867
2017-07-06,112.4199,1222.199951171875,13638.5,0.363012464755779
2017-07-07,112.3137,1208.5999755859375,13638.5,0.387200098369043
2017-07-08,112.3137,1208.5999755859375,13638.5,0.3791146855348862
2017-07-09,112.3137,1208.5999755859375,13638.5,0.3986498762879671
2017-07-10,112.1587,1212.0999755859375,13638.5,0.442280029165382
2017-07-11,112.1434,1213.5999755859375,13638.5,0.4509640261416587
2017-07-12,111.5904,1218.0999755859375,13638.5,0.4247204772604281
2017-07-13,111.5365,1216.300048828125,13638.5,0.4333566875036923
2017-07-14,110.9075,1226.5999755859375,13638.5,0.3190990052453384
2017-07-15,110.9075,1226.5999755859375,13638.5,0.358284223637983
2017-07-16,110.9075,1226.5999755859375,13638.5,0.5039030367972707
2017-07-17,110.9304,1232.800048828125,13638.5,0.4292390217816931
2017-07-18,110.4356,1241.0999755859375,13638.5,0.3907263182272387
2017-07-19,110.4339,1241.199951171875,13638.5,0.4276663060392117
2017-07-20,110.2512,1244.800048828125,13638.5,0.34505706427605
2017-07-21,110.191,1254.300048828125,13638.5,0.3683752662220093
2017-07-22,110.191,1254.300048828125,13638.5,0.3426056114939555
2017-07-23,110.191,1254.300048828125,13638.5,0.3816129319349588
2017-07-24,110.2004,1253.9000244140625,13638.5,0.3813004463479427
2017-07-25,110.2835,1251.699951171875,13638.5,0.4137716207137761
2017-07-26,110.3811,1249.0,13638.5,0.4234199580278669
2017-07-27,110.216,1259.5999755859375,13638.5,0.4084158266647471
2017-07-28,109.92,1268.4000244140625,13638.5,0.4104118793032431
2017-07-29,109.92,1268.4000244140625,13638.5,0.4096330791242477
2017-07-30,109.92,1268.4000244140625,13638.5,0.4151430112267502
2017-07-31,109.8177,1266.5999755859375,13638.5,0.3953052788131951
2017-08-01,109.8495,1272.5999755859375,13695.0,0.3913495913981576
2017-08-02,109.7503,1271.800048828125,13695.0,0.3997016580113186
2017-08-03,109.8332,1267.800048828125,13695.0,0.3759649261308838
2017-08-04,110.2808,1258.300048828125,13695.0,0.377474620154885
2017-08-05,110.2808,1258.300048828125,13695.0,0.332370820288263
2017-08-06,110.2808,1258.300048828125,13695.0,0.3253388193442558
2017-08-07,110.373,1258.199951171875,13695.0,0.304737941432332
2017-08-08,110.396,1256.4000244140625,13695.0,0.2942000828049307
2017-08-09,110.3671,1273.0,13695.0,0.3047845296236361
2017-08-10,110.1886,1283.699951171875,13695.0,0.2981979294156609
2017-08-11,110.0422,1287.699951171875,13695.0,0.2834962831721512
2017-08-12,110.0422,1287.699951171875,13695.0,0.2762252822165837
2017-08-13,110.0422,1287.699951171875,13695.0,0.2698442734008653
2017-08-14,110.095,1284.199951171875,13695.0,0.258469970160627
2017-08-15,110.4846,1273.699951171875,13695.0,0.2695989347729444
2017-08-16,110.4394,1276.9000244140625,13695.0,0.2590946052171174
2017-08-17,110.1673,1286.4000244140625,13695.0,0.2582978599500737
2017-08-18,110.041,1285.699951171875,13695.0,0.2537145728553777
2017-08-19,110.041,1285.699951171875,13695.0,0.2552698895283729
2017-08-20,110.041,1285.699951171875,13695.0,0.2556330493598432
2017-08-21,109.7349,1290.800048828125,13695.0,0.2547195916681781
2017-08-22,109.8386,1285.0999755859375,13695.0,0.2460722717709028
2017-08-23,109.8095,1288.9000244140625,13695.0,0.2445492976785234
2017-08-24,109.7524,1286.5,13695.0,0.2398797684139038
2017-08-25,109.3415,1292.5,13695.0,0.234836948110956
2017-08-26,109.3415,1292.5,13695.0,0.2332450247249113
2017-08-27,109.3415,1292.5,13695.0,0.230267602397175
2017-08-28,109.1815,1309.699951171875,13695.0,0.2276293842185166
2017-08-29,109.0946,1313.0999755859375,13695.0,0.2217974910029238
2017-08-30,109.4052,1308.0999755859375,13695.0,0.2169279648059075
2017-08-31,109.3686,1316.199951171875,13695.0,0.2106486479581693
2017-09-01,109.0504,1324.5,13743.0,0.2037510623802316
2017-09-02,109.0504,1324.5,13743.0,0.2248466735808533
2017-09-03,109.0504,1324.5,13743.0,0.2403038499937407
2017-09-04,109.0504,1324.5,13743.0,0.2748572457588573
2017-09-05,108.8664,1339.199951171875,13743.0,0.2595563564155379
2017-09-06,108.4897,1333.9000244140625,13743.0,0.2429825119917026
2017-09-07,107.9224,1345.0999755859375,13743.0,0.2409388105121697
2017-09-08,107.808,1346.0,13743.0,0.2592705995041036
2017-09-09,107.808,1346.0,13743.0,0.2602447134218408
2017-09-10,107.808,1346.0,13743.0,0.3125419722337083
2017-09-11,108.153,1331.0,13743.0,0.3117214545500844
2017-09-12,108.3239,1328.0,13743.0,0.3122555845960291
2017-09-13,108.6628,1323.4000244140625,13743.0,0.3350507547277626
2017-09-14,108.618,1324.699951171875,13743.0,0.411227406830079
2017-09-15,108.3147,1320.4000244140625,13743.0,0.3595386013443288
2017-09-16,108.3147,1320.4000244140625,13743.0,0.3609231804750378
2017-09-17,108.3147,1320.4000244140625,13743.0,0.3942900945886598
2017-09-18,108.6401,1306.300048828125,13743.0,0.3512692193470063
2017-09-19,108.6142,1306.199951171875,13743.0,0.3666722817948121
2017-09-20,108.4329,1312.0,13743.0,0.3698792704119817
2017-09-21,108.9267,1290.5999755859375,13743.0,0.4003288629661321
2017-09-22,108.7542,1293.300048828125,13743.0,0.397671525587235
2017-09-23,108.7542,1293.300048828125,13743.0,0.3778569515279761
2017-09-24,108.7542,1293.300048828125,13743.0,0.3863302959762619
2017-09-25,109.3302,1306.800048828125,13743.0,0.3639240895069095
2017-09-26,109.7769,1297.0,13743.0,0.3658590514927315
2017-09-27,110.0722,1283.4000244140625,13743.0,0.3388720365305986
2017-09-28,110.2415,1285.5,13743.0,0.3416547797470454
2017-09-29,110.0867,1281.5,13743.0,0.3462360685164114
2017-09-30,110.0867,1281.5,13743.0,0.3332079853495954
2017-10-01,110.0867,1281.5,13801.5,0.3248204538483781
2017-10-02,110.3686,1272.699951171875,13801.5,0.3265922966600331
2017-10-03,110.3281,1271.5,13801.5,0.3354205854396224
2017-10-04,110.2425,1273.699951171875,13801.5,0.3410918748695405
2017-10-05,110.5823,1269.9000244140625,13801.5,0.3335915758401315
2017-10-06,110.7841,1271.5999755859375,13801.5,0.3276487333788082
2017-10-07,110.7841,1271.5999755859375,13801.5,0.322628582119831
2017-10-08,110.7841,1271.5999755859375,13801.5,0.3159785479181645
2017-10-09,110.7841,1281.800048828125,13801.5,0.3191654550006521
2017-10-10,110.3034,1290.5999755859375,13801.5,0.3147368000696985
2017-10-11,110.3037,1285.800048828125,13801.5,0.3104421274885253
2017-10-12,110.3152,1293.300048828125,13801.5,0.2875711248548062
2017-10-13,110.2669,1301.5,13801.5,0.2734861951060705
2017-10-14,110.2669,1301.5,13801.5,0.2692052079462723
2017-10-15,110.2669,1301.5,13801.5,0.272714780555934
2017-10-16,110.5432,1299.9000244140625,13801.5,0.2695498529485306
2017-10-17,110.9141,1283.0,13801.5,0.279636110139008
2017-10-18,110.7214,1279.9000244140625,13801.5,0.2840396499272442
2017-10-19,110.4577,1286.9000244140625,13801.5,0.2815864357629042
2017-10-20,111.0375,1277.4000244140625,13801.5,0.2754366571049838
2017-10-21,111.0375,1277.4000244140625,13801.5,0.2749795532835185
2017-10-22,111.0375,1277.4000244140625,13801.5,0.2787110335656168
2017-10-23,111.2134,1277.699951171875,13801.5,0.2845481047746386
2017-10-24,111.4027,1275.0,13801.5,0.2904535755492397
2017-10-25,111.3904,1275.4000244140625,13801.5,0.2837275151149291
2017-10-26,111.6418,1266.300048828125,13801.5,0.2792763358808614
2017-10-27,112.1495,1268.5,13801.5,0.2833095743070489
2017-10-28,112.1495,1268.5,13801.5,0.2837506236064877
2017-10-29,112.1495,1268.5,13801.5,0.2671733401114442
2017-10-30,111.901,1274.0999755859375,13801.5,0.2674252013512189
2017-10-31,111.8052,1267.0,13801.5,0.259832293224787
2017-11-01,111.7942,1274.0999755859375,13849.1,0.2543608447339298
2017-11-02,111.5474,1274.9000244140625,13849.1,0.2468864096869135
2017-11-03,111.9383,1266.5,13849.1,0.2383291407968008
2017-11-04,111.9383,1266.5,13849.1,0.2356004496519857
2017-11-05,111.9383,1266.5,13849.1,0.2646044124675541
2017-11-06,111.7197,1279.4000244140625,13849.1,0.2747061916570016
2017-11-07,111.9446,1273.699951171875,13849.1,0.2703562905878453
2017-11-08,111.6935,1281.5999755859375,13849.1,0.2578158520645242
2017-11-09,111.5626,1285.5999755859375,13849.1,0.2603117178666615
2017-11-10,111.5626,1272.4000244140625,13849.1,0.2701288867238097
2017-11-11,111.5626,1272.4000244140625,13849.1,0.2638218004453228
2017-11-12,111.5626,1272.4000244140625,13849.1,0.3304592404600627
2017-11-13,111.7833,1277.300048828125,13849.1,0.3120264339776844
2017-11-14,111.5097,1281.5,13849.1,0.3075292180003708
2017-11-15,111.4809,1276.5,13849.1,0.2894929408001588
2017-11-16,111.2568,1277.4000244140625,13849.1,0.2783788781436159
2017-11-17,111.0016,1295.800048828125,13849.1,0.2798460807530607
2017-11-18,111.0016,1295.800048828125,13849.1,0.2714749895134483
2017-11-19,111.0016,1295.800048828125,13849.1,0.2879119381202486
2017-11-20,111.2599,1274.5999755859375,13849.1,0.2790146459793889
2017-11-21,110.9828,1281.0999755859375,13849.1,0.2805929830435519
2017-11-22,110.5632,1291.5999755859375,13849.1,0.2763104446531248
2017-11-23,110.5632,1291.5999755859375,13849.1,0.2707805743958165
2017-11-24,110.0253,1286.699951171875,13849.1,0.2582535905158694
2017-11-25,110.0253,1286.699951171875,13849.1,0.2504535001581581
2017-11-26,110.0253,1286.699951171875,13849.1,0.2493962743109825
2017-11-27,110.1136,1293.800048828125,13849.1,0.2417620002679006
2017-11-28,110.3018,1294.699951171875,13849.1,0.2368301739940824
2017-11-29,110.3265,1282.0999755859375,13849.1,0.2496519979873544
2017-11-30,110.4648,1273.199951171875,13849.1,0.24572161247905
2017-12-01,110.1413,1278.800048828125,13887.3,0.2260810459152268
2017-12-02,110.1413,1278.800048828125,13887.3,0.2235131078652121
2017-12-03,110.1413,1278.800048828125,13887.3,0.2611002523609186
2017-12-04,110.397,1274.300048828125,13887.3,0.2515083105308035
2017-12-05,110.4905,1261.5999755859375,13887.3,0.2501642556747779
2017-12-06,110.8711,1262.800048828125,13887.3,0.2325721102864964
2017-12-07,111.0178,1249.800048828125,13887.3,0.2052766373873527
2017-12-08,111.2273,1245.199951171875,13887.3,0.2036335898416281
2017-12-09,111.2273,1245.199951171875,13887.3,0.212273860988826
2017-12-10,111.2273,1245.199951171875,13887.3,0.2151662405518269
2017-12-11,111.0827,1243.699951171875,13887.3,0.1932988372579145
2017-12-12,111.5214,1238.5,13887.3,0.1791793897562945
2017-12-13,111.2759,1245.4000244140625,13887.3,0.1775782338912604
2017-12-14,111.0893,1253.800048828125,13887.3,0.1674770316161914
2017-12-15,111.1286,1254.300048828125,13887.3,0.1633358246788299
2017-12-16,111.1286,1254.300048828125,13887.3,0.1517353862503298
2017-12-17,111.1286,1254.300048828125,13887.3,0.2036812018140454
2017-12-18,110.9086,1262.199951171875,13887.3,0.196124567618728
2017-12-19,111.1255,1260.699951171875,13887.3,0.1997466332278396
2017-12-20,110.8361,1266.0999755859375,13887.3,0.1968579002265179
2017-12-21,110.8786,1267.300048828125,13887.3,0.2012252982402751
2017-12-22,111.0997,1275.4000244140625,13887.3,0.2397044348728863
2017-12-23,111.0997,1275.4000244140625,13887.3,0.2225490920306735
2017-12-24,111.0997,1275.4000244140625,13887.3,0.2514616976814423
2017-12-25,111.0997,1275.4000244140625,13887.3,0.2494691292385102
2017-12-26,110.9758,1284.0999755859375,13887.3,0.2283617450971321
2017-12-27,110.8553,1287.0,13887.3,0.2346460733288375
2017-12-28,110.5154,1294.0999755859375,13887.3,0.2461844995174583
2017-12-29,110.0783,1306.300048828125,13887.3,0.2304446193242781
2017-12-30,110.0783,1306.300048828125,13887.3,0.2517607771811024
2017-12-31,110.0783,1306.300048828125,13887.3,0.2602917632266154
2018-01-01,110.0783,1306.300048828125,13902.4,0.2574244623251697
2018-01-02,109.6445,1313.699951171875,13902.4,0.2370045998916704
2018-01-03,109.6751,1316.199951171875,13902.4,0.2139391686691613
2018-01-04,109.4777,1319.4000244140625,13902.4,0.2153743801098304
2018-01-05,109.3496,1320.300048828125,13902.4,0.2073033182219186
2018-01-06,109.3496,1320.300048828125,13902.4,0.1987710789390797
2018-01-07,109.3496,1320.300048828125,13902.4,0.2114450781291776
2018-01-08,109.5681,1318.5999755859375,13902.4,0.2272099078996111
2018-01-09,109.9025,1311.699951171875,13902.4,0.2327382285976287
2018-01-10,109.628,1317.4000244140625,13902.4,0.2281884328705956
2018-01-11,109.4888,1320.5999755859375,13902.4,0.2512086532505774
2018-01-12,108.901,1333.4000244140625,13902.4,0.2342509747361514
2018-01-13,108.901,1333.4000244140625,13902.4,0.2281983524038318
2018-01-14,108.901,1333.4000244140625,13902.4,0.2380991072902321
2018-01-15,108.901,1333.4000244140625,13902.4,0.2457493865022721
2018-01-16,108.3218,1335.4000244140625,13902.4,0.3169326247113915
2018-01-17,108.1526,1338.0,13902.4,0.3090212675977544
2018-01-18,108.0655,1326.0,13902.4,0.3034477051045634
2018-01-19,107.9455,1331.9000244140625,13902.4,0.2970666809829291
2018-01-20,107.9455,1331.9000244140625,13902.4,0.2688280632274851
2018-01-21,107.9455,1331.9000244140625,13902.4,0.3295590400586287
2018-01-22,108.107,1330.9000244140625,13902.4,0.3502677477099839
2018-01-23,107.9979,1335.699951171875,13902.4,0.3479929720806824
2018-01-24,107.0802,1355.9000244140625,13902.4,0.3303045360924417
2018-01-25,106.5052,1362.4000244140625,13902.4,0.3354844168307523
2018-01-26,106.6911,1351.5999755859375,13902.4,0.3379134054485577
2018-01-27,106.6911,1351.5999755859375,13902.4,0.3268181928462765
2018-01-28,106.6911,1351.5999755859375,13902.4,0.413737338395531
2018-01-29,107.1142,1351.5999755859375,13902.4,0.4390996195854407
2018-01-30,107.1064,1335.4000244140625,13902.4,0.4887886299370807
2018-01-31,106.7696,1339.0,13902.4,0.4782466015034852
2018-02-01,106.4877,1344.300048828125,13949.8,0.5412636571751634
2018-02-02,107.1151,1333.699951171875,13949.8,0.5706150433594334
2018-02-03,107.1151,1333.699951171875,13949.8,0.5397071863334683
2018-02-04,107.1151,1333.699951171875,13949.8,0.6271835132022041
2018-02-05,107.33,1333.0,13949.8,0.7538183115826409
2018-02-06,107.5204,1326.0999755859375,13949.8,0.6741288203923229
2018-02-07,107.7175,1311.5999755859375,13949.8,0.6953989414456774
2018-02-08,108.3025,1316.9000244140625,13949.8,0.6280098514079162
2018-02-09,108.2582,1313.0999755859375,13949.8,0.5870627190762294
2018-02-10,108.2582,1313.0999755859375,13949.8,0.5944395339677131
2018-02-11,108.2582,1313.0999755859375,13949.8,0.6294498295506559
2018-02-12,108.0332,1324.199951171875,13949.8,0.5781262885096196
2018-02-13,107.7574,1328.0999755859375,13949.8,0.6009314929114292
2018-02-14,107.4691,1355.5,13949.8,0.5375162116910552
2018-02-15,106.9867,1352.0999755859375,13949.8,0.5258240922460615
2018-02-16,107.0359,1353.199951171875,13949.8,0.5129417065681752
2018-02-17,107.0359,1353.199951171875,13949.8,0.48518089258861
2018-02-18,107.0359,1353.199951171875,13949.8,0.5217629261375958
2018-02-19,107.0359,1353.199951171875,13949.8,0.4939184514425614
2018-02-20,107.6249,1328.800048828125,13949.8,0.5128393245284548
2018-02-21,107.8679,1330.0,13949.8,0.5479005791772832
2018-02-22,107.8668,1330.5999755859375,13949.8,0.5808500182052945
2018-02-23,107.6804,1328.199951171875,13949.8,0.5538474740706458
2018-02-24,107.6804,1328.199951171875,13949.8,0.5768661179862639
2018-02-25,107.6804,1328.199951171875,13949.8,0.575349542967705
2018-02-26,107.7347,1330.699951171875,13949.8,0.5474259894038341
2018-02-27,108.1731,1315.5,13949.8,0.5401331688091254
2018-02-28,108.3903,1315.5,13949.8,0.5577973728652019
2018-03-01,108.5358,1302.9000244140625,14014.5,0.5334985573149175
2018-03-02,108.5358,1321.0999755859375,14014.5,0.535005452237566
2018-03-03,108.5358,1321.0999755859375,14014.5,0.5274988371596262
2018-03-04,108.5358,1321.0999755859375,14014.5,0.518663599684212
2018-03-05,108.3614,1318.0999755859375,14014.5,0.5280905385000674
2018-03-06,107.7969,1333.5999755859375,14014.5,0.5582467370338822
2018-03-07,108.0911,1326.0,14014.5,0.6052332371456935
2018-03-08,108.2671,1319.9000244140625,14014.5,0.6477636363687286
2018-03-09,107.923,1322.4000244140625,14014.5,0.639264510641895
2018-03-10,107.923,1322.4000244140625,14014.5,0.6782331702484679
2018-03-11,107.923,1322.4000244140625,14014.5,0.6276139688700446
2018-03-12,107.9438,1319.4000244140625,14014.5,0.6570897873427298
2018-03-13,107.7384,1325.9000244140625,14014.5,0.6584460176305477
2018-03-14,107.8623,1324.4000244140625,14014.5,0.7386217451304522
2018-03-15,108.2032,1316.800048828125,14014.5,0.7378851714469314
2018-03-16,108.4332,1311.300048828125,14014.5,0.7428465204050618
2018-03-17,108.4332,1311.300048828125,14014.5,0.7933176255683423
2018-03-18,108.4332,1311.300048828125,14014.5,0.7704773965093362
2018-03-19,108.3145,1316.800048828125,14014.5,0.7257527533690256
2018-03-20,108.4953,1311.0999755859375,14014.5,0.7070301513820276
2018-03-21,108.4953,1320.699951171875,14014.5,0.7081059654458199
2018-03-22,107.9935,1326.5999755859375,14014.5,0.7269885543650051
2018-03-23,107.7495,1349.300048828125,14014.5,0.7153993688155643
2018-03-24,107.7495,1349.300048828125,14014.5,0.7438915470500153
2018-03-25,107.7495,1349.300048828125,14014.5,0.7672225317630171
2018-03-26,107.1819,1354.4000244140625,14014.5,0.810606668358449
2018-03-27,107.3359,1341.300048828125,14014.5,0.8525547979603393
2018-03-28,107.5733,1324.199951171875,14014.5,0.8420636149330946
2018-03-29,107.665,1322.800048828125,14014.5,0.953335929560773
2018-03-30,107.4784,1322.800048828125,14014.5,0.9664177759019714
2018-03-31,107.4784,1322.800048828125,14014.5,0.9633830240206346
2018-04-01,107.4784,1322.800048828125,14034.8,0.977944963847138
2018-04-02,107.7033,1342.0999755859375,14034.8,0.94483025995949
2018-04-03,107.5624,1332.800048828125,14034.8,0.883538632004244
2018-04-04,107.6361,1335.800048828125,14034.8,0.9725524813474988
2018-04-05,107.7281,1324.300048828125,14034.8,0.9698539656697708
2018-04-06,107.7886,1331.9000244140625,14034.8,1.0019438897724608
2018-04-07,107.7886,1331.9000244140625,14034.8,0.9632465669431868
2018-04-08,107.7886,1331.9000244140625,14034.8,0.9393106641147444
2018-04-09,107.5316,1336.300048828125,14034.8,0.9657157890257382
2018-04-10,107.3659,1342.0,14034.8,0.9509180366410808
2018-04-11,107.1224,1356.5,14034.8,0.913151251776329
2018-04-12,107.2905,1338.4000244140625,14034.8,0.7975578668818304
2018-04-13,107.2368,1344.800048828125,14034.8,0.8023640726504692
2018-04-14,107.2368,1344.800048828125,14034.8,0.7908392667529074
2018-04-15,107.2368,1344.800048828125,14034.8,0.7456997829631068
2018-04-16,107.0595,1347.5,14034.8,0.7709519060928076
2018-04-17,107.0344,1347.199951171875,14034.8,0.7814304227435724
2018-04-18,107.1096,1351.199951171875,14034.8,0.7359650713974856
2018-04-19,107.5197,1346.800048828125,14034.8,0.7054432997140674
2018-04-20,108.1787,1336.699951171875,14034.8,0.6476323982134187
2018-04-21,108.1787,1336.699951171875,14034.8,0.6554587694743753
2018-04-22,108.1787,1336.699951171875,14034.8,0.6550281420550818
2018-04-23,108.9332,1322.5,14034.8,0.6304673791452876
2018-04-24,108.7906,1331.4000244140625,14034.8,0.5851994207520079
2018-04-25,109.3447,1321.199951171875,14034.8,0.6505130174444602
2018-04-26,109.3646,1316.300048828125,14034.8,0.6095679926762992
2018-04-27,109.1735,1320.300048828125,14034.8,0.6319345781809348
2018-04-28,109.1735,1320.300048828125,14034.8,0.5930897926680019
2018-04-29,109.1735,1320.300048828125,14034.8,0.6137087315124747
2018-04-30,109.3363,1316.199951171875,14034.8,0.6352576717336164
2018-05-01,109.7445,1303.800048828125,14091.0,0.6376930802865926
2018-05-02,110.1625,1302.5999755859375,14091.0,0.6204583941086164
2018-05-03,110.1803,1310.699951171875,14091.0,0.5872768209040219
2018-05-04,110.25,1312.699951171875,14091.0,0.5902980896603423
2018-05-05,110.25,1312.699951171875,14091.0,0.5713976215981775
2018-05-06,110.25,1312.699951171875,14091.0,0.5497088609550328
2018-05-07,110.5721,1312.199951171875,14091.0,0.5717282157728545
2018-05-08,111.063,1312.0,14091.0,0.5799131386707178
2018-05-09,110.8818,1311.300048828125,14091.0,0.5775624797151663
2018-05-10,110.405,1320.800048828125,14091.0,0.6022330795740058
2018-05-11,110.2847,1319.0,14091.0,0.6552930166595659
2018-05-12,110.2847,1319.0,14091.0,0.6464136654159547
2018-05-13,110.2847,1319.0,14091.0,0.602199191619714
2018-05-14,110.408,1316.5,14091.0,0.6073377021590487
2018-05-15,111.2292,1288.9000244140625,14091.0,0.6281818352281785
2018-05-16,111.3068,1290.199951171875,14091.0,0.6364217009217261
2018-05-17,111.3547,1288.199951171875,14091.0,0.6671802493690495
2018-05-18,111.7171,1290.199951171875,14091.0,0.6477679445420664
2018-05-19,111.7171,1290.199951171875,14091.0,0.6500919628148891
2018-05-20,111.7171,1290.199951171875,14091.0,0.7094431282308586
2018-05-21,111.6394,1290.199951171875,14091.0,0.726314868118839
2018-05-22,111.1945,1291.699951171875,14091.0,0.7772196042464767
2018-05-23,111.6933,1289.300048828125,14091.0,0.8450637731834527
2018-05-24,111.4885,1303.699951171875,14091.0,0.8152109083052308
2018-05-25,111.5843,1303.300048828125,14091.0,0.837172184120331
2018-05-26,111.5843,1303.300048828125,14091.0,0.8447622734625916
2018-05-27,111.5843,1303.300048828125,14091.0,0.8501470259974355
2018-05-28,111.5843,1303.300048828125,14091.0,0.910554378797094
2018-05-29,112.2127,1298.699951171875,14091.0,0.84063030261777
2018-05-30,111.6731,1301.5,14091.0,0.8512645913026511
2018-05-31,111.9894,1300.0999755859375,14091.0,0.8274778535166234
2018-06-01,111.8265,1294.800048828125,14133.2,0.8216432956206826
2018-06-02,111.8265,1294.800048828125,14133.2,0.7974450200720783
2018-06-03,111.8265,1294.800048828125,14133.2,0.7764245303796911
2018-06-04,111.8247,1293.0999755859375,14133.2,0.8150757746112016
2018-06-05,112.264,1297.5,14133.2,0.7925465372554267
2018-06-06,111.7525,1297.0999755859375,14133.2,0.7910356822583163
2018-06-07,112.0725,1298.699951171875,14133.2,0.7883277059674945
2018-06-08,112.1066,1298.0999755859375,14133.2,0.7995584983287406
2018-06-09,112.1066,1298.0999755859375,14133.2,0.8143997345397441
2018-06-10,112.1066,1298.0999755859375,14133.2,0.91905674055902
2018-06-11,112.1106,1298.9000244140625,14133.2,0.9000606541501194
2018-06-12,112.2138,1295.0999755859375,14133.2,0.9618889031830236
2018-06-13,112.2577,1296.9000244140625,14133.2,1.00273720392646
2018-06-14,112.8593,1304.0,14133.2,0.9371573815132485
2018-06-15,113.3379,1274.5999755859375,14133.2,1.0347046998823348
2018-06-16,113.3379,1274.5999755859375,14133.2,1.0097615943453508
2018-06-17,113.3379,1274.5999755859375,14133.2,1.0162794988441035
2018-06-18,113.4899,1276.199951171875,14133.2,0.9798162596709972
2018-06-19,113.639,1275.5999755859375,14133.2,0.9708855578645388
2018-06-20,113.4784,1271.199951171875,14133.2,0.9716436812403562
2018-06-21,113.6109,1267.199951171875,14133.2,0.983630376860185
2018-06-22,113.3047,1267.4000244140625,14133.2,1.1075776584040251
2018-06-23,113.3047,1267.4000244140625,14133.2,1.0892072463292686
2018-06-24,113.3047,1267.4000244140625,14133.2,1.116020983841859
2018-06-25,113.286,1265.5999755859375,14133.2,1.1368543588361903
2018-06-26,113.3016,1256.5999755859375,14133.2,1.2010768692859088
2018-06-27,113.8971,1252.800048828125,14133.2,1.1710067191913305
2018-06-28,113.8405,1247.800048828125,14133.2,1.2328061140074855
2018-06-29,113.2586,1251.300048828125,14133.2,1.1709239519463257
2018-06-30,113.2586,1251.300048828125,14133.2,1.124731771195817
2018-07-01,113.2586,1251.300048828125,14170.0,1.1292463651021216
2018-07-02,114.1673,1239.800048828125,14170.0,1.0746064141555205
2018-07-03,113.3222,1251.5999755859375,14170.0,1.1001248156841188
2018-07-04,113.3222,1251.5999755859375,14170.0,1.0789597647564757
2018-07-05,112.9759,1257.300048828125,14170.0,1.0924705925106255
2018-07-06,112.6428,1254.300048828125,14170.0,1.0516745300984496
2018-07-07,112.6428,1254.300048828125,14170.0,1.0239414188710292
2018-07-08,112.6428,1254.300048828125,14170.0,1.032451291416353
2018-07-09,112.6425,1258.0999755859375,14170.0,1.05194326134594
2018-07-10,112.5794,1253.800048828125,14170.0,1.1196793857844625
2018-07-11,112.8582,1242.800048828125,14170.0,1.1075525212264408
2018-07-12,112.779,1245.0,14170.0,1.1807470062910956
2018-07-13,113.0705,1239.5999755859375,14170.0,1.1777568113563723
2018-07-14,113.0705,1239.5999755859375,14170.0,1.172026088220815
2018-07-15,113.0705,1239.5999755859375,14170.0,1.1404364598634598
2018-07-16,112.8437,1238.0999755859375,14170.0,1.068780038485796
2018-07-17,113.1504,1225.699951171875,14170.0,0.9994001268958422
2018-07-18,113.3348,1226.300048828125,14170.0,1.0000101639053447
2018-07-19,113.9463,1222.4000244140625,14170.0,1.0098198669552236
2018-07-20,113.3213,1229.5,14170.0,1.0248189939905017
2018-07-21,113.3213,1229.5,14170.0,1.014757520645825
2018-07-22,113.3213,1229.5,14170.0,1.023995839142032
2018-07-23,113.4246,1224.0,14170.0,0.9885773450666449
2018-07-24,113.2045,1223.9000244140625,14170.0,0.8800737897605477
2018-07-25,112.9221,1231.4000244140625,14170.0,0.8922190029343193
2018-07-26,112.9179,1225.300048828125,14170.0,0.9195006743192968
2018-07-27,112.8125,1222.5999755859375,14170.0,0.8940990365965693
2018-07-28,112.8125,1222.5999755859375,14170.0,0.8979143903646465
2018-07-29,112.8125,1222.5999755859375,14170.0,0.8983456751728199
2018-07-30,112.6044,1221.300048828125,14170.0,0.9155344915354978
2018-07-31,112.7299,1223.699951171875,14170.0,0.9482235872044216
2018-08-01,112.8899,1217.9000244140625,14221.3,0.9375529679481244
2018-08-02,113.1679,1210.5999755859375,14221.3,0.9612851121849962
2018-08-03,113.012,1214.199951171875,14221.3,0.9736630983385488
2018-08-04,113.012,1214.199951171875,14221.3,1.0227225582078403
2018-08-05,113.012,1214.199951171875,14221.3,1.0125164930917496
2018-08-06,113.229,1208.5999755859375,14221.3,1.0315644100728183
2018-08-07,112.9759,1209.5999755859375,14221.3,1.0764835365475591
2018-08-08,113.1411,1212.5999755859375,14221.3,1.1581446057134408
2018-08-09,113.3806,1211.9000244140625,14221.3,1.1161605412783535
2018-08-10,114.3005,1211.0999755859375,14221.3,1.207342142525924
2018-08-11,114.3005,1211.0999755859375,14221.3,1.213181710677353
2018-08-12,114.3005,1211.0999755859375,14221.3,1.2157838680448925
2018-08-13,114.851,1191.300048828125,14221.3,1.256320577165812
2018-08-14,114.658,1193.0,14221.3,1.2781153462999657
2018-08-15,115.1526,1177.5,14221.3,1.2629390454166505
2018-08-16,114.6416,1176.199951171875,14221.3,1.241930780126768
2018-08-17,114.5339,1176.5,14221.3,1.2738168309461495
2018-08-18,114.5339,1176.5,14221.3,1.364155229392291
2018-08-19,114.5339,1176.5,14221.3,1.3333476142517795
2018-08-20,114.3504,1186.800048828125,14221.3,1.415977860572018
2018-08-21,113.8604,1192.5999755859375,14221.3,1.4097640041162296
2018-08-22,113.663,1196.300048828125,14221.3,1.4506679901472233
2018-08-23,114.0932,1187.0,14221.3,1.3928244721107617
2018-08-24,113.5985,1206.300048828125,14221.3,1.360286708618666
2018-08-25,113.5985,1206.300048828125,14221.3,1.3587527864998403
2018-08-26,113.5985,1206.300048828125,14221.3,1.360756878985592
2018-08-27,113.2721,1209.0,14221.3,1.3173888073341449
2018-08-28,113.3444,1207.4000244140625,14221.3,1.278718335075168
2018-08-29,113.6461,1204.5,14221.3,1.2805091852891712
2018-08-30,114.0899,1197.699951171875,14221.3,1.294898212032643
2018-08-31,114.2755,1200.300048828125,14221.3,1.265700345934407
2018-09-01,114.2755,1200.300048828125,14243.9,1.221028282226258
2018-09-02,114.2755,1200.300048828125,14243.9,1.2550506632560758
2018-09-03,114.2755,1200.300048828125,14243.9,1.248391147313805
2018-09-04,114.8584,1192.699951171875,14243.9,1.2212391247836574
2018-09-05,114.7477,1194.9000244140625,14243.9,1.40087998263923
2018-09-06,114.6479,1197.9000244140625,14243.9,1.4159127564913976
2018-09-07,114.5816,1193.5999755859375,14243.9,1.4520863384614415
2018-09-08,114.5816,1193.5999755859375,14243.9,1.4806746563737407
2018-09-09,114.5816,1193.5999755859375,14243.9,1.482886939923805
2018-09-10,114.6802,1193.0,14243.9,1.476404967858541
2018-09-11,114.7051,1195.4000244140625,14243.9,1.4993512623037837
2018-09-12,114.2192,1204.699951171875,14243.9,1.5051898439022906
2018-09-13,113.9268,1202.0,14243.9,1.4586012481034245
2018-09-14,114.0657,1195.0,14243.9,1.4649346133211778
2018-09-15,114.0657,1195.0,14243.9,1.4452647582215692
2018-09-16,114.0657,1195.0,14243.9,1.448008448170401
2018-09-17,113.9158,1199.699951171875,14243.9,1.4936076954778124
2018-09-18,113.7739,1196.800048828125,14243.9,1.4541013515515036
2018-09-19,113.6532,1202.199951171875,14243.9,1.449577084104103
2018-09-20,113.4989,1206.199951171875,14243.9,1.388269235226626
2018-09-21,113.5099,1196.199951171875,14243.9,1.3416408490207907
2018-09-22,113.5099,1196.199951171875,14243.9,1.3530789615162129
2018-09-23,113.5099,1196.199951171875,14243.9,1.33955308660771
2018-09-24,113.5301,1199.300048828125,14243.9,1.3854342737934406
2018-09-25,113.7202,1200.0,14243.9,1.394336563279166
2018-09-26,113.6739,1194.0,14243.9,1.393044397959225
2018-09-27,113.9784,1182.300048828125,14243.9,1.3551309827217912
2018-09-28,113.8077,1191.5,14243.9,1.369311710719783
2018-09-29,113.8077,1191.5,14243.9,1.3573775774592864
2018-09-30,113.8077,1191.5,14243.9,1.343608712711112
2018-10-01,113.8235,1187.0999755859375,14257.6,1.3372169239903042
2018-10-02,113.8954,1202.4000244140625,14257.6,1.3672435498641318
2018-10-03,114.1569,1198.300048828125,14257.6,1.371819767199213
2018-10-04,114.6867,1197.199951171875,14257.6,1.3685259795680205
2018-10-05,114.561,1201.199951171875,14257.6,1.3641862957424946
2018-10-06,114.561,1201.199951171875,14257.6,1.3673185499385094
2018-10-07,114.561,1201.199951171875,14257.6,1.3623268376654496
2018-10-08,114.561,1184.4000244140625,14257.6,1.350080045941942
2018-10-09,114.6583,1187.199951171875,14257.6,1.298072132273591
2018-10-10,114.6072,1189.300048828125,14257.6,1.316817622883916
2018-10-11,114.4074,1223.5,14257.6,1.4507059523913202
2018-10-12,114.3691,1218.0999755859375,14257.6,1.420137610914121
2018-10-13,114.3691,1218.0999755859375,14257.6,1.407810024276937
2018-10-14,114.3691,1218.0999755859375,14257.6,1.309249253239132
2018-10-15,114.045,1226.4000244140625,14257.6,1.2250070871917569
2018-10-16,113.8963,1227.300048828125,14257.6,1.0884136139932297
2018-10-17,114.1755,1223.699951171875,14257.6,1.0733162569481778
2018-10-18,114.8164,1226.5,14257.6,1.055730836306202
2018-10-19,114.8567,1225.300048828125,14257.6,1.0355748820584356
2018-10-20,114.8567,1225.300048828125,14257.6,1.0313331084453896
2018-10-21,114.8567,1225.300048828125,14257.6,1.033426552595151
2018-10-22,115.1782,1221.199951171875,14257.6,1.0369966992205932
2018-10-23,115.1651,1233.4000244140625,14257.6,1.011668464285699
2018-10-24,115.3755,1227.800048828125,14257.6,1.0141850391817755
2018-10-25,115.4831,1229.0999755859375,14257.6,0.9686924962120486
2018-10-26,115.473,1232.5,14257.6,0.9675977247101356
2018-10-27,115.473,1232.5,14257.6,0.9770595570981132
2018-10-28,115.473,1232.5,14257.6,0.9729142816800675
2018-10-29,115.8936,1224.5,14257.6,1.0036993171132698
2018-10-30,116.2357,1222.5999755859375,14257.6,0.952577750048612
2018-10-31,116.5281,1212.300048828125,14257.6,0.919099745732298
2018-11-01,115.8657,1236.0,14288.4,0.9093067794725532
2018-11-02,115.643,1230.9000244140625,14288.4,0.9054774125272728
2018-11-03,115.643,1230.9000244140625,14288.4,0.910556180531774
2018-11-04,115.643,1230.9000244140625,14288.4,0.8793840211963613
2018-11-05,115.703,1229.800048828125,14288.4,0.8734439108321668
2018-11-06,115.5622,1223.800048828125,14288.4,0.8509359025840488
2018-11-07,115.2519,1226.199951171875,14288.4,0.8515450693190296
2018-11-08,115.6478,1222.9000244140625,14288.4,0.876770901614529
2018-11-09,116.4778,1206.4000244140625,14288.4,0.8850598298729627
2018-11-10,116.4778,1206.4000244140625,14288.4,0.8783487343917061
2018-11-11,116.4778,1206.4000244140625,14288.4,0.843265416020458
2018-11-12,116.4778,1201.300048828125,14288.4,0.84285380898821
2018-11-13,116.6694,1199.199951171875,14288.4,0.8459252655779976
2018-11-14,116.498,1207.9000244140625,14288.4,0.9276049555311184
2018-11-15,116.3861,1212.800048828125,14288.4,0.954018015264066
2018-11-16,115.9258,1220.800048828125,14288.4,0.97691333274997
2018-11-17,115.9258,1220.800048828125,14288.4,1.0028636600179563
2018-11-18,115.9258,1220.800048828125,14288.4,0.9944031271216324
2018-11-19,115.9859,1223.0999755859375,14288.4,1.147180073314341
2018-11-20,116.2367,1219.0,14288.4,1.2725843425101124
2018-11-21,116.092,1225.800048828125,14288.4,1.2459915822431429
2018-11-22,116.092,1225.800048828125,14288.4,1.3366037486753022
2018-11-23,116.4713,1221.0,14288.4,1.3369353267609387
2018-11-24,116.4713,1221.0,14288.4,1.480985696369831
2018-11-25,116.4713,1221.0,14288.4,1.4817136780145037
2018-11-26,116.6208,1220.199951171875,14288.4,1.569817156815183
2018-11-27,116.9001,1211.199951171875,14288.4,1.5623806671641491
2018-11-28,116.8343,1221.4000244140625,14288.4,1.4230350558887903
2018-11-29,116.1961,1224.0999755859375,14288.4,1.429353695963418
2018-11-30,116.413,1220.199951171875,14288.4,1.522409391860262
2018-12-01,116.413,1220.199951171875,14392.0,1.4710310566958964
2018-12-02,116.413,1220.199951171875,14392.0,1.478692080357466
2018-12-03,115.9057,1233.9000244140625,14392.0,1.5862328226616207
2018-12-04,116.0028,1241.0999755859375,14392.0,1.564514393265246
2018-12-05,116.0028,1241.0999755859375,14392.0,1.6512042198280226
2018-12-06,116.3991,1238.0999755859375,14392.0,1.805258795026261
2018-12-07,116.0847,1246.800048828125,14392.0,1.839228740324204
2018-12-08,116.0847,1246.800048828125,14392.0,1.848148647811863
2018-12-09,116.0847,1246.800048828125,14392.0,1.7764040512545969
2018-12-10,116.6746,1243.699951171875,14392.0,1.8425084605820743
2018-12-11,116.7564,1241.9000244140625,14392.0,1.8730547788754028
2018-12-12,116.2214,1244.4000244140625,14392.0,1.8361512104037063
2018-12-13,116.3974,1242.699951171875,14392.0,1.909343876173769
2018-12-14,116.79,1237.0,14392.0,1.9609545823119443
2018-12-15,116.79,1237.0,14392.0,1.9681986357508725
2018-12-16,116.79,1237.0,14392.0,1.952287218090339
2018-12-17,116.4532,1247.4000244140625,14392.0,1.7772796856135549
2018-12-18,116.4127,1249.199951171875,14392.0,1.6872550002711988
2018-12-19,116.0676,1252.0999755859375,14392.0,1.680013634235818
2018-12-20,116.0183,1263.5999755859375,14392.0,1.5072145980398215
2018-12-21,116.2227,1253.800048828125,14392.0,1.5847211674233628
2018-12-22,116.2227,1253.800048828125,14392.0,1.5420340952321665
2018-12-23,116.2227,1253.800048828125,14392.0,1.5104837486644989
2018-12-24,116.2182,1267.5,14392.0,1.459556883312371
2018-12-25,116.2182,1267.5,14392.0,1.5728363987716765
2018-12-26,116.1162,1269.199951171875,14392.0,1.5601133501800872
2018-12-27,115.9927,1277.300048828125,14392.0,1.6667782495623586
2018-12-28,115.7232,1279.9000244140625,14392.0,1.517194642927088
2018-12-29,115.7232,1279.9000244140625,14392.0,1.57066507272046
2018-12-30,115.7232,1279.9000244140625,14392.0,1.530703498335899
2018-12-31,115.5674,1278.300048828125,14392.0,1.5846759710281124
2019-01-01,115.5674,1278.300048828125,14460.2,1.5304432225366504
2019-01-02,115.7689,1281.0,14460.2,1.489743345020444
2019-01-03,115.4622,1291.800048828125,14460.2,1.538957760900367
2019-01-04,114.9821,1282.699951171875,14460.2,1.524358011568174
2019-01-05,114.9821,1282.699951171875,14460.2,1.531322217005437
2019-01-06,114.9821,1282.699951171875,14460.2,1.4613107442787476
2019-01-07,114.5628,1286.800048828125,14460.2,1.47840378224252
2019-01-08,114.7281,1283.199951171875,14460.2,1.4884628551313386
2019-01-09,114.1406,1289.300048828125,14460.2,1.4830582373659649
2019-01-10,114.0496,1284.699951171875,14460.2,1.6776601480427002
2019-01-11,114.0404,1287.0999755859375,14460.2,1.69496814958615
2019-01-12,114.0404,1287.0999755859375,14460.2,1.702166289492924
2019-01-13,114.0404,1287.0999755859375,14460.2,1.7717099549258548
2019-01-14,114.0404,1289.0999755859375,14460.2,1.7014952192238335
2019-01-15,114.3402,1286.199951171875,14460.2,1.7791369821824017
2019-01-16,114.137,1291.5999755859375,14460.2,1.757578870091861
2019-01-17,114.4115,1291.0,14460.2,1.7506449191080595
2019-01-18,114.558,1281.300048828125,14460.2,1.7764057031749714
2019-01-19,114.558,1281.300048828125,14460.2,1.7422006644601535
2019-01-20,114.558,1281.300048828125,14460.2,1.809561922557017
2019-01-21,114.558,1281.300048828125,14460.2,1.809992682094253
2019-01-22,114.7541,1282.5,14460.2,1.7857062439809428
2019-01-23,114.5759,1283.0999755859375,14460.2,1.795162760073872
2019-01-24,114.617,1279.0999755859375,14460.2,1.7889044300205763
2019-01-25,114.0197,1297.4000244140625,14460.2,1.796715022175665
2019-01-26,114.0197,1297.4000244140625,14460.2,1.795659123910179
2019-01-27,114.0197,1297.4000244140625,14460.2,1.8177106863522448
2019-01-28,114.0522,1302.4000244140625,14460.2,1.8970063447343195
2019-01-29,114.026,1308.199951171875,14460.2,1.9178722926685308
2019-01-30,114.0731,1309.9000244140625,14460.2,1.856802120428197
2019-01-31,113.5504,1319.699951171875,14460.2,1.8891978316329416
2019-02-01,113.7548,1316.9000244140625,14506.6,1.8719856074931576
2019-02-02,113.7548,1316.9000244140625,14506.6,1.842095792992127
2019-02-03,113.7548,1316.9000244140625,14506.6,1.876349424888054
2019-02-04,113.8766,1314.300048828125,14506.6,1.8748039679611403
2019-02-05,114.0431,1314.199951171875,14506.6,1.8751167817381735
2019-02-06,114.2305,1309.5,14506.6,1.9141161315102264
2019-02-07,114.4339,1309.4000244140625,14506.6,1.911219453715276
2019-02-08,114.5003,1313.699951171875,14506.6,1.7546016017646944
2019-02-09,114.5003,1313.699951171875,14506.6,1.7526742668725916
2019-02-10,114.5003,1313.699951171875,14506.6,1.7341629817800697
2019-02-11,115.031,1307.0,14506.6,1.767726580386789
2019-02-12,114.7297,1309.199951171875,14506.6,1.7559906258930038
2019-02-13,114.9407,1310.800048828125,14506.6,1.7651446042816754
2019-02-14,115.1007,1309.800048828125,14506.6,1.7818681900382285
2019-02-15,114.9923,1318.0999755859375,14506.6,1.772423410527036
2019-02-16,114.9923,1318.0999755859375,14506.6,1.7676444410248238
2019-02-17,114.9923,1318.0999755859375,14506.6,1.7268524905698095
2019-02-18,114.9923,1318.0999755859375,14506.6,1.6041087943557737
2019-02-19,114.57,1340.0999755859375,14506.6,1.609243396457348
2019-02-20,114.57,1343.300048828125,14506.6,1.5726911338581289
2019-02-21,114.5091,1323.5,14506.6,1.596282512663124
2019-02-22,114.2716,1329.199951171875,14506.6,1.5803563600551531
2019-02-23,114.2716,1329.199951171875,14506.6,1.5129250538402437
2019-02-24,114.2716,1329.199951171875,14506.6,1.6950353798705793
2019-02-25,114.1457,1325.9000244140625,14506.6,1.6384629332740095
2019-02-26,114.0687,1325.0999755859375,14506.6,1.6504245983730026
2019-02-27,114.0363,1317.699951171875,14506.6,1.6588045222461485
2019-02-28,114.1991,1312.800048828125,14506.6,1.6624104793243577
2019-03-01,114.537,1296.4000244140625,14559.5,1.6525916790707258
2019-03-02,114.537,1296.4000244140625,14559.5,1.6524951585276195
2019-03-03,114.537,1296.4000244140625,14559.5,1.6598082487424213
2019-03-04,114.6925,1284.800048828125,14559.5,1.712746458656884
2019-03-05,114.804,1282.0,14559.5,1.623006636438289
2019-03-06,114.9714,1284.9000244140625,14559.5,1.5930886840767695
2019-03-07,115.4919,1283.800048828125,14559.5,1.5897475742877014
2019-03-08,115.3599,1297.0,14559.5,1.6075573247638852
2019-03-09,115.3599,1297.0,14559.5,1.5670869429164351
2019-03-10,115.3599,1297.0,14559.5,1.5781987513533922
2019-03-11,115.2967,1288.800048828125,14559.5,1.6010876633764128
2019-03-12,114.939,1296.300048828125,14559.5,1.5870753915360023
2019-03-13,114.7372,1307.5,14559.5,1.59380846144772
2019-03-14,114.79,1293.4000244140625,14559.5,1.5846577680356664
2019-03-15,114.5815,1301.800048828125,14559.5,1.55643800907538
2019-03-16,114.5815,1301.800048828125,14559.5,1.5274614393489698
2019-03-17,114.5815,1301.800048828125,14559.5,1.538966771659847
2019-03-18,114.4375,1300.300048828125,14559.5,1.5382493069333802
2019-03-19,114.2324,1305.0,14559.5,1.5319335314780174
2019-03-20,114.1509,1300.5,14559.5,1.5186286361967027
2019-03-21,114.1684,1306.0999755859375,14559.5,1.5468776344474249
2019-03-22,114.6856,1311.5999755859375,14559.5,1.5352505481791563
2019-03-23,114.6856,1311.5999755859375,14559.5,1.533908745967662
2019-03-24,114.6856,1311.5999755859375,14559.5,1.546523037097434
2019-03-25,114.4171,1321.9000244140625,14559.5,1.5670482643904609
2019-03-26,114.6414,1314.300048828125,14559.5,1.5663072897771115
2019-03-27,115.1243,1309.9000244140625,14559.5,1.5180959223655608
2019-03-28,115.2581,1289.800048828125,14559.5,1.5243328429401242
2019-03-29,115.1371,1293.0,14559.5,1.4968043570807636
2019-03-30,115.1371,1293.0,14559.5,1.4984128568695287
2019-03-31,115.1371,1293.0,14559.5,1.4927582698817363
2019-04-01,114.9362,1288.4000244140625,14594.0,1.4849901910190415
2019-04-02,115.1173,1290.0,14594.0,1.284829875403439
2019-04-03,114.7211,1289.9000244140625,14594.0,1.27397711711556
2019-04-04,114.9697,1289.0,14594.0,1.2975401167518446
2019-04-05,114.9726,1290.4000244140625,14594.0,1.2478655236095404
2019-04-06,114.9726,1290.4000244140625,14594.0,1.2495561031584004
2019-04-07,114.9726,1290.4000244140625,14594.0,1.2197916682010888
2019-04-08,114.6893,1297.0999755859375,14594.0,1.2486230816146784
2019-04-09,114.5321,1303.5,14594.0,1.3033882075087686
2019-04-10,114.4269,1309.0999755859375,14594.0,1.308013134762989
2019-04-11,114.6303,1288.5999755859375,14594.0,1.425162663446797
2019-04-12,114.3531,1290.5999755859375,14594.0,1.4785680997145008
2019-04-13,114.3531,1290.5999755859375,14594.0,1.4920295566414843
2019-04-14,114.3531,1290.5999755859375,14594.0,1.457373634102232
2019-04-15,114.495,1286.800048828125,14594.0,1.5181867998630665
2019-04-16,114.6756,1272.5999755859375,14594.0,1.4907103857094468
2019-04-17,114.5141,1272.199951171875,14594.0,1.5171719189338528
2019-04-18,114.7073,1271.9000244140625,14594.0,1.5072165379866789
2019-04-19,114.6977,1271.9000244140625,14594.0,1.5112700061433515
2019-04-20,114.6977,1271.9000244140625,14594.0,1.5109592946024286
2019-04-21,114.6977,1271.9000244140625,14594.0,1.5459277213855602
2019-04-22,114.7694,1273.5,14594.0,1.5362963796188485
2019-04-23,115.1578,1269.300048828125,14594.0,1.5617923465192585
2019-04-24,115.4187,1275.5,14594.0,1.694649682579544
2019-04-25,115.7709,1275.800048828125,14594.0,1.777634889169028
2019-04-26,115.4767,1284.9000244140625,14594.0,1.7426472770420212
2019-04-27,115.4767,1284.9000244140625,14594.0,1.7393719591864063
2019-04-28,115.4767,1284.9000244140625,14594.0,1.742181161518955
2019-04-29,115.5227,1278.5999755859375,14594.0,1.769424562526979
2019-04-30,115.3281,1282.800048828125,14594.0,1.7132921850285006
2019-05-01,115.0022,1281.4000244140625,14703.2,1.6773196305152716
2019-05-02,115.5617,1269.699951171875,14703.2,1.6430380850814466
2019-05-03,115.2646,1279.199951171875,14703.2,1.5800432948023495
2019-05-04,115.2646,1279.199951171875,14703.2,1.584865670664588
2019-05-05,115.2646,1279.199951171875,14703.2,1.5984336519855598
2019-05-06,115.3811,1281.699951171875,14703.2,1.5910563040153365
2019-05-07,115.6116,1283.5,14703.2,1.585431900020666
2019-05-08,115.5171,1279.4000244140625,14703.2,1.5604490248004244
2019-05-09,115.8421,1283.5,14703.2,1.543859153235789
2019-05-10,115.5334,1285.699951171875,14703.2,1.498226825847489
2019-05-11,115.5334,1285.699951171875,14703.2,1.3392863544059794
2019-05-12,115.5334,1285.699951171875,14703.2,1.3863023955321672
2019-05-13,115.915,1300.0999755859375,14703.2,1.2762247428578075
2019-05-14,115.9425,1294.699951171875,14703.2,1.210021711352144
2019-05-15,115.8565,1296.300048828125,14703.2,1.1560663784249938
2019-05-16,116.0346,1285.0,14703.2,1.19101154143417
2019-05-17,116.448,1274.5,14703.2,1.2730863439699394
2019-05-18,116.448,1274.5,14703.2,1.298516629905717
2019-05-19,116.448,1274.5,14703.2,1.164656167204018
2019-05-20,116.3119,1276.0999755859375,14703.2,1.2076861558506675
2019-05-21,116.2844,1272.0,14703.2,1.225525102755488
2019-05-22,116.2412,1273.5999755859375,14703.2,1.285830509855455
2019-05-23,116.2368,1284.800048828125,14703.2,1.2686341539990862
2019-05-24,116.0806,1283.0,14703.2,1.2718970464171442
2019-05-25,116.0806,1283.0,14703.2,1.2789456836828108
2019-05-26,116.0806,1283.0,14703.2,1.2007376745898306
2019-05-27,116.0806,1283.0,14703.2,1.17700486289937
2019-05-28,116.3174,1276.5,14703.2,1.1908131983640309
2019-05-29,116.5535,1280.5999755859375,14703.2,1.1857730135710522
2019-05-30,116.3989,1287.0999755859375,14703.2,1.24683000375097
2019-05-31,116.7273,1305.800048828125,14703.2,1.2047133992571946
2019-06-01,116.7273,1305.800048828125,14798.8,1.20635194765625
2019-06-02,116.7273,1305.800048828125,14798.8,1.183281006302211
2019-06-03,116.4764,1322.699951171875,14798.8,1.268723169707593
2019-06-04,116.091,1323.4000244140625,14798.8,1.3442167532354297
2019-06-05,116.03,1328.300048828125,14798.8,1.3415374623765106
2019-06-06,115.9771,1337.5999755859375,14798.8,1.3482642343948157
2019-06-07,115.7368,1341.199951171875,14798.8,1.3215997561078758
2019-06-08,115.7368,1341.199951171875,14798.8,1.34112247124651
2019-06-09,115.7368,1341.199951171875,14798.8,1.394844913501414
2019-06-10,115.5001,1324.699951171875,14798.8,1.3417092075707464
2019-06-11,115.3794,1326.4000244140625,14798.8,1.3677177829200582
2019-06-12,115.438,1331.9000244140625,14798.8,1.3402241570017142
2019-06-13,115.6275,1339.199951171875,14798.8,1.3582453762070246
2019-06-14,115.9057,1340.0999755859375,14798.8,1.32104492150805
2019-06-15,115.9057,1340.0999755859375,14798.8,1.2988556519082584
2019-06-16,115.9057,1340.0999755859375,14798.8,1.2921851181467503
2019-06-17,115.9684,1338.699951171875,14798.8,1.2713788274978188
2019-06-18,115.8797,1346.5999755859375,14798.8,1.3064613534542586
2019-06-19,115.7889,1344.5999755859375,14798.8,1.2776827762041514
2019-06-20,114.8046,1392.9000244140625,14798.8,1.2633966076533312
2019-06-21,114.8377,1396.199951171875,14798.8,1.1980583394811375
2019-06-22,114.8377,1396.199951171875,14798.8,1.1263644084390017
2019-06-23,114.8377,1396.199951171875,14798.8,1.1214856209633866
2019-06-24,114.6559,1414.300048828125,14798.8,1.1222606861857038
2019-06-25,114.6363,1414.9000244140625,14798.8,1.0622206384561526
2019-06-26,114.5608,1411.5999755859375,14798.8,0.9963906536191656
2019-06-27,114.665,1408.4000244140625,14798.8,1.1439945778329144
2019-06-28,114.5821,1409.699951171875,14798.8,1.067834505146333
2019-06-29,114.5821,1409.699951171875,14798.8,1.087332291816311
2019-06-30,114.5821,1409.699951171875,14798.8,1.1914305293926972
2019-07-01,114.7239,1385.5999755859375,14882.7,1.2119923690869403
2019-07-02,114.8258,1404.5999755859375,14882.7,1.1967536371567962
2019-07-03,114.8135,1417.699951171875,14882.7,1.1214354244178195
2019-07-04,114.8135,1417.699951171875,14882.7,1.1962555266588624
2019-07-05,115.1132,1396.699951171875,14882.7,1.2147106182528138
2019-07-06,115.1132,1396.699951171875,14882.7,1.1967809967601877
2019-07-07,115.1132,1396.699951171875,14882.7,1.175537552579481
2019-07-08,115.0254,1397.0,14882.7,1.1342568259655117
2019-07-09,115.1017,1397.5,14882.7,1.1447697149698823
2019-07-10,115.0879,1410.0999755859375,14882.7,1.2006977021874805
2019-07-11,114.8361,1404.300048828125,14882.7,1.2978517807064347
2019-07-12,114.7685,1409.9000244140625,14882.7,1.2573564521843654
2019-07-13,114.7685,1409.9000244140625,14882.7,1.3041271658828484
2019-07-14,114.7685,1409.9000244140625,14882.7,1.466021867025934
2019-07-15,114.6819,1411.4000244140625,14882.7,1.4104524712258215
2019-07-16,115.0111,1409.199951171875,14882.7,1.6157949940045533
2019-07-17,114.8819,1421.300048828125,14882.7,1.5625188720577017
2019-07-18,114.8744,1426.0999755859375,14882.7,1.4339915768831673
2019-07-19,114.8695,1425.0999755859375,14882.7,1.4604558177924305
2019-07-20,114.8695,1425.0999755859375,14882.7,1.4216439764379702
2019-07-21,114.8695,1425.0999755859375,14882.7,1.4412664741343368
2019-07-22,115.0018,1425.300048828125,14882.7,1.4786792709772074
2019-07-23,115.2995,1420.0999755859375,14882.7,1.5422943893117025
2019-07-24,115.2436,1422.800048828125,14882.7,1.540583373763682
2019-07-25,115.2982,1413.9000244140625,14882.7,1.5248138910841331
2019-07-26,115.5449,1418.5,14882.7,1.5246010845443427
2019-07-27,115.5449,1418.5,14882.7,1.5897945309051795
2019-07-28,115.5449,1418.5,14882.7,1.5802815312527063
2019-07-29,115.5885,1419.5999755859375,14882.7,1.576801636861553
2019-07-30,115.6211,1429.699951171875,14882.7,1.564504633028133
2019-07-31,115.4946,1426.0999755859375,14882.7,1.5040623894808975
2019-08-01,116.0499,1420.9000244140625,14974.4,1.470921730014573
2019-08-02,116.1864,1445.5999755859375,14974.4,1.461640820431498
2019-08-03,116.1864,1445.5999755859375,14974.4,1.4318258458656803
2019-08-04,116.1864,1445.5999755859375,14974.4,1.420722589119485
2019-08-05,116.5851,1464.5999755859375,14974.4,1.3398046031780826
2019-08-06,116.6904,1472.4000244140625,14974.4,1.3803086237535778
2019-08-07,116.7987,1507.300048828125,14974.4,1.3382978715851472
2019-08-08,116.474,1497.699951171875,14974.4,1.3512342432019897
2019-08-09,116.4419,1496.5999755859375,14974.4,1.372890813495878
2019-08-10,116.4419,1496.5999755859375,14974.4,1.4200854720365832
2019-08-11,116.4419,1496.5999755859375,14974.4,1.3860095981186813
2019-08-12,116.7548,1505.300048828125,14974.4,1.4055903978460582
2019-08-13,116.7267,1502.199951171875,14974.4,1.4552169242446502
2019-08-14,117.0913,1515.9000244140625,14974.4,1.588211994264355
2019-08-15,117.2239,1519.5999755859375,14974.4,1.552293502170633
2019-08-16,117.0786,1512.5,14974.4,1.5540080139480348
2019-08-17,117.0786,1512.5,14974.4,1.5697417205196271
2019-08-18,117.0786,1512.5,14974.4,1.5389696925635334
2019-08-19,117.3886,1500.4000244140625,14974.4,1.4693232774195502
2019-08-20,117.3726,1504.5999755859375,14974.4,1.4963331045303736
2019-08-21,117.1764,1504.5999755859375,14974.4,1.5771371999466748
2019-08-22,117.3558,1497.300048828125,14974.4,1.5654612484394272
2019-08-23,117.3009,1526.5999755859375,14974.4,1.534587143783106
2019-08-24,117.3009,1526.5999755859375,14974.4,1.5683431077171854
2019-08-25,117.3009,1526.5999755859375,14974.4,1.577028478606558
2019-08-26,117.6658,1526.300048828125,14974.4,1.548143152928466
2019-08-27,117.75,1541.0,14974.4,1.573191178917888
2019-08-28,117.8767,1537.800048828125,14974.4,1.629841264829028
2019-08-29,118.0625,1526.5,14974.4,1.6705788453888162
2019-08-30,118.1575,1519.0999755859375,14974.4,1.6601456684952365
2019-08-31,118.1575,1519.0999755859375,14974.4,1.654441109159842
2019-09-01,118.1575,1519.0999755859375,15047.2,1.6328802654197154
2019-09-02,118.1575,1519.0999755859375,15047.2,1.549181826283459
2019-09-03,118.3113,1545.9000244140625,15047.2,1.5298150511050774
2019-09-04,117.6729,1550.300048828125,15047.2,1.5428233059661074
2019-09-05,117.4776,1515.4000244140625,15047.2,1.5481475658812942
2019-09-06,117.1292,1506.199951171875,15047.2,1.5887762506769234
2019-09-07,117.1292,1506.199951171875,15047.2,1.5598312435335433
2019-09-08,117.1292,1506.199951171875,15047.2,1.5654549773625772
2019-09-09,117.0601,1502.199951171875,15047.2,1.5793947842544194
2019-09-10,117.0887,1490.300048828125,15047.2,1.6119906216356616
2019-09-11,117.3125,1494.4000244140625,15047.2,1.6102797302050913
2019-09-12,116.8375,1498.699951171875,15047.2,1.5788779185762845
2019-09-13,116.7677,1490.9000244140625,15047.2,1.5869826113367538
2019-09-14,116.7677,1490.9000244140625,15047.2,1.5820672636043198
2019-09-15,116.7677,1490.9000244140625,15047.2,1.5870264332571156
2019-09-16,117.0251,1503.0999755859375,15047.2,1.582675566123649
2019-09-17,116.9826,1505.0999755859375,15047.2,1.570411285820941
2019-09-18,116.9766,1507.5,15047.2,1.5561497498852253
2019-09-19,117.0861,1498.4000244140625,15047.2,1.546882328688493
2019-09-20,117.1819,1507.300048828125,15047.2,1.5600228933742382
2019-09-21,117.1819,1507.300048828125,15047.2,1.586344060584402
2019-09-22,117.1819,1507.300048828125,15047.2,1.5933230258720652
2019-09-23,117.2986,1523.699951171875,15047.2,1.6528519014364569
2019-09-24,117.2227,1532.0999755859375,15047.2,1.9091242246122424
2019-09-25,117.6527,1504.5999755859375,15047.2,1.905337123023126
2019-09-26,117.7267,1507.5,15047.2,1.979958683649485
2019-09-27,117.7218,1499.0999755859375,15047.2,1.9468331021595724
2019-09-28,117.7218,1499.0999755859375,15047.2,1.9387587581801853
2019-09-29,117.7218,1499.0999755859375,15047.2,1.9766869372916172
2019-09-30,117.9461,1465.699951171875,15047.2,1.908999459958748
2019-10-01,117.9595,1482.0,15185.6,1.9177174470094849
2019-10-02,117.9671,1501.0,15185.6,1.8986312824753964
2019-10-03,117.6608,1507.0999755859375,15185.6,1.9356701461895065
2019-10-04,117.5288,1506.199951171875,15185.6,1.9371473172958624
2019-10-05,117.5288,1506.199951171875,15185.6,1.9335925435141283
2019-10-06,117.5288,1506.199951171875,15185.6,1.997671523230481
2019-10-07,117.5533,1497.699951171875,15185.6,1.9056091029837696
2019-10-08,117.7407,1497.199951171875,15185.6,1.9051046558448068
2019-10-09,117.6835,1506.0999755859375,15185.6,1.8210219940578931
2019-10-10,117.2801,1494.800048828125,15185.6,1.8316674702982296
2019-10-11,116.8239,1482.699951171875,15185.6,1.900204655582852
2019-10-12,116.8239,1482.699951171875,15185.6,1.8930642710020704
2019-10-13,116.8239,1482.699951171875,15185.6,1.8929756203436725
2019-10-14,116.8239,1491.699951171875,15185.6,1.8579354055443995
2019-10-15,116.8111,1477.5999755859375,15185.6,1.9092011846375756
2019-10-16,116.6425,1488.0,15185.6,1.9471755213697963
2019-10-17,116.2615,1492.300048828125,15185.6,1.919308176229561
2019-10-18,116.1344,1488.199951171875,15185.6,1.952962241613554
2019-10-19,116.1344,1488.199951171875,15185.6,1.954351897185034
2019-10-20,116.1344,1488.199951171875,15185.6,1.900628508460104
2019-10-21,116.0436,1482.4000244140625,15185.6,1.8994617270222744
2019-10-22,115.9851,1481.699951171875,15185.6,1.9354349303715268
2019-10-23,116.0586,1489.9000244140625,15185.6,2.0729262392901355
2019-10-24,116.1278,1498.9000244140625,15185.6,2.070038336842956
2019-10-25,116.0774,1499.5,15185.6,1.802418262632936
2019-10-26,116.0774,1499.5,15185.6,1.7290456108808854
2019-10-27,116.0774,1499.5,15185.6,1.67526718671847
2019-10-28,116.0222,1490.0,15185.6,1.7202630728513657
2019-10-29,115.9797,1487.0,15185.6,1.675834074142344
2019-10-30,116.1636,1493.199951171875,15185.6,1.7212358159327437
2019-10-31,115.9125,1511.4000244140625,15185.6,1.7245907697970555
2019-11-01,115.7312,1508.0,15301.3,1.7086664233515667
2019-11-02,115.7312,1508.0,15301.3,1.6967198209581342
2019-11-03,115.7312,1508.0,15301.3,1.714830025668035
2019-11-04,115.8624,1508.0,15301.3,1.6744821689148983
2019-11-05,116.1138,1480.800048828125,15301.3,1.6772237799500724
2019-11-06,116.1004,1490.199951171875,15301.3,1.6658503696408635
2019-11-07,116.1172,1464.199951171875,15301.3,1.6976722654124292
2019-11-08,116.3436,1461.300048828125,15301.3,1.7717348584497514
2019-11-09,116.3436,1461.300048828125,15301.3,1.7590096734691918
2019-11-10,116.3436,1461.300048828125,15301.3,1.7187252857130637
2019-11-11,116.3436,1455.5,15301.3,1.7697859764141235
2019-11-12,116.5837,1452.0999755859375,15301.3,1.7518042689555833
2019-11-13,116.8397,1461.699951171875,15301.3,1.761242803635344
2019-11-14,116.8022,1471.800048828125,15301.3,1.785259449800542
2019-11-15,116.4401,1467.300048828125,15301.3,1.8242513414816288
2019-11-16,116.4401,1467.300048828125,15301.3,1.814074526349973
2019-11-17,116.4401,1467.300048828125,15301.3,1.8107873039714333
2019-11-18,116.3625,1470.9000244140625,15301.3,1.8819148620702084
2019-11-19,116.5391,1473.300048828125,15301.3,1.8967182711812829
2019-11-20,116.828,1473.300048828125,15301.3,1.9055058124581792
2019-11-21,116.7435,1463.0999755859375,15301.3,2.028156136965773
2019-11-22,116.9137,1463.0999755859375,15301.3,2.1339431264643367
2019-11-23,116.9137,1463.0999755859375,15301.3,2.105785202754987
2019-11-24,116.9137,1463.0999755859375,15301.3,2.242360732996609
2019-11-25,117.0098,1456.5999755859375,15301.3,2.1827521140194186
2019-11-26,117.0513,1459.800048828125,15301.3,2.1632608394626134
2019-11-27,117.1273,1453.4000244140625,15301.3,2.073148604692978
2019-11-28,117.1273,1453.4000244140625,15301.3,2.094625613522971
2019-11-29,117.1204,1465.5999755859375,15301.3,2.013670977058824
2019-11-30,117.1204,1465.5999755859375,15301.3,2.0663007939788933
2019-12-01,117.1204,1465.5999755859375,15351.5,2.104371800119333
2019-12-02,116.9647,1462.300048828125,15351.5,2.131488914106703
2019-12-03,116.8898,1478.199951171875,15351.5,2.136937407522665
2019-12-04,116.692,1474.0,15351.5,2.1624669214358345
2019-12-05,116.3838,1476.9000244140625,15351.5,2.1172202922014307
2019-12-06,116.5381,1459.0999755859375,15351.5,2.07804960402876
2019-12-07,116.5381,1459.0999755859375,15351.5,2.0889160861950278
2019-12-08,116.5381,1459.0999755859375,15351.5,2.070832297066355
2019-12-09,116.3283,1459.300048828125,15351.5,2.1179308967757096
2019-12-10,116.2542,1462.5999755859375,15351.5,2.156441899534029
2019-12-11,116.1478,1469.4000244140625,15351.5,2.152356685327608
2019-12-12,115.8741,1466.699951171875,15351.5,2.159544670430615
2019-12-13,115.6967,1475.5999755859375,15351.5,2.142003394710194
2019-12-14,115.6967,1475.5999755859375,15351.5,2.197306785657488
2019-12-15,115.6967,1475.5999755859375,15351.5,2.181759691872628
2019-12-16,115.555,1475.0,15351.5,2.265062990768797
2019-12-17,115.5553,1474.5999755859375,15351.5,2.3907078581239025
2019-12-18,115.6618,1472.5999755859375,15351.5,2.187269881442096
2019-12-19,115.5988,1478.199951171875,15351.5,2.228736447623967
2019-12-20,115.7598,1474.699951171875,15351.5,2.210143064053917
2019-12-21,115.7598,1474.699951171875,15351.5,2.226428007218464
2019-12-22,115.7598,1474.699951171875,15351.5,2.129670810638358
2019-12-23,115.8059,1482.5,15351.5,2.191035075905765
2019-12-24,115.8059,1499.0999755859375,15351.5,2.1991995058704874
2019-12-25,115.8059,1499.0999755859375,15351.5,2.2192056890480214
2019-12-26,115.634,1509.300048828125,15351.5,2.2175552344826635
2019-12-27,115.22,1513.800048828125,15351.5,2.2037107719377493
2019-12-28,115.22,1513.800048828125,15351.5,2.1802088368265875
2019-12-29,115.22,1513.800048828125,15351.5,2.141384592304957
2019-12-30,114.9631,1514.5,15351.5,2.191881841715584
2019-12-31,114.669,1519.5,15351.5,2.203835831656398
2020-01-01,114.669,1519.5,15425.0,2.2018588705965088
2020-01-02,114.9745,1524.5,15425.0,2.271307400129733
2020-01-03,114.9867,1549.199951171875,15425.0,2.155930183964133
2020-01-04,114.9867,1549.199951171875,15425.0,2.148195487644497
2020-01-05,114.9867,1549.199951171875,15425.0,2.142816784812248
2020-01-06,114.9557,1566.199951171875,15425.0,2.272151405285664
2020-01-07,115.1477,1571.800048828125,15425.0,2.195067623514532
2020-01-08,115.1328,1557.4000244140625,15425.0,2.22351563798148
2020-01-09,115.2331,1551.699951171875,15425.0,2.279528845075146
2020-01-10,115.0677,1557.5,15425.0,2.1743769908644555
2020-01-11,115.0677,1557.5,15425.0,2.209146564413021
2020-01-12,115.0677,1557.5,15425.0,2.1657671701111463
2020-01-13,115.0342,1548.4000244140625,15425.0,2.185538870195204
2020-01-14,115.0239,1542.4000244140625,15425.0,1.950163460036251
2020-01-15,114.9528,1552.0999755859375,15425.0,1.9581957196397044
2020-01-16,115.0006,1549.0,15425.0,1.9779273923685
2020-01-17,115.0656,1558.800048828125,15425.0,1.9320374478433917
2020-01-18,115.0656,1558.800048828125,15425.0,1.9321016639988904
2020-01-19,115.0656,1558.800048828125,15425.0,1.9750890225294089
2020-01-20,115.0656,1558.800048828125,15425.0,1.9862265575892948
2020-01-21,115.1876,1556.4000244140625,15425.0,1.961733659411797
2020-01-22,115.2273,1555.300048828125,15425.0,1.9702071369251075
2020-01-23,115.5545,1564.5999755859375,15425.0,2.04583260363824
2020-01-24,115.5556,1571.0999755859375,15425.0,2.0401828460873594
2020-01-25,115.5556,1571.0999755859375,15425.0,2.0669698585849225
2020-01-26,115.5556,1571.0999755859375,15425.0,1.9943811710835069
2020-01-27,115.8004,1576.800048828125,15425.0,1.928902964260091
2020-01-28,115.7239,1569.199951171875,15425.0,1.842536219184076
2020-01-29,115.7003,1569.800048828125,15425.0,1.8595941077029328
2020-01-30,115.8077,1583.5,15425.0,1.8004714023512298
2020-01-31,115.7345,1582.9000244140625,15425.0,1.8470823244634629
2020-02-01,115.7345,1582.9000244140625,15492.8,1.8266567394801303
2020-02-02,115.7345,1582.9000244140625,15492.8,1.820596514919495
2020-02-03,116.1172,1577.199951171875,15492.8,1.8229011302804503
2020-02-04,115.9291,1550.4000244140625,15492.8,1.832547504696998
2020-02-05,116.009,1557.800048828125,15492.8,1.7403224909445296
2020-02-06,116.1518,1565.0999755859375,15492.8,1.709463414486484
2020-02-07,116.5086,1568.5999755859375,15492.8,1.6917284347199393
2020-02-08,116.5086,1568.5999755859375,15492.8,1.6746401568117952
2020-02-09,116.5086,1568.5999755859375,15492.8,1.6328051810044542
2020-02-10,116.5711,1574.699951171875,15492.8,1.6710902926783249
2020-02-11,116.3585,1565.5999755859375,15492.8,1.6022224128564049
2020-02-12,116.2794,1567.4000244140625,15492.8,1.5622767967607143
2020-02-13,116.3999,1575.0999755859375,15492.8,1.5690968106629233
2020-02-14,116.4223,1582.699951171875,15492.8,1.5351336811563667
2020-02-15,116.4223,1582.699951171875,15492.8,1.6304893285963251
2020-02-16,116.4223,1582.699951171875,15492.8,1.6478839108285168
2020-02-17,116.4223,1582.699951171875,15492.8,1.6672736160669726
2020-02-18,116.6039,1600.0,15492.8,1.5955250079854548
2020-02-19,116.7829,1607.5,15492.8,1.7033111714198623
2020-02-20,117.2454,1616.5999755859375,15492.8,1.7042550410565929
2020-02-21,117.0473,1644.5999755859375,15492.8,1.6840654548379008
2020-02-22,117.0473,1644.5999755859375,15492.8,1.6910106259661255
2020-02-23,117.0473,1644.5999755859375,15492.8,1.634517760384481
2020-02-24,117.4018,1672.4000244140625,15492.8,1.6897597015673151
2020-02-25,117.2425,1646.9000244140625,15492.8,1.7715782439045284
2020-02-26,117.405,1640.0,15492.8,1.9014623754231637
2020-02-27,117.3678,1640.0,15492.8,1.8836477238622584
2020-02-28,117.6568,1564.0999755859375,15492.8,1.9128812096188663
2020-02-29,117.6568,1564.0999755859375,15492.8,1.9539675705595565
2020-03-01,117.6568,1564.0999755859375,16034.4,1.951546824225125
2020-03-02,116.8144,1592.300048828125,16034.4,1.8575290131689908
2020-03-03,116.4958,1642.0999755859375,16034.4,1.8941734210395609
2020-03-04,116.7802,1641.0999755859375,16034.4,1.8942987861167224
2020-03-05,116.7901,1666.4000244140625,16034.4,1.835850206582915
2020-03-06,116.7106,1670.800048828125,16034.4,1.803010479709984
2020-03-07,116.7106,1670.800048828125,16034.4,1.8595448385939444
2020-03-08,116.7106,1670.800048828125,16034.4,2.0934854015669293
2020-03-09,117.1871,1674.5,16034.4,2.103289448535348
2020-03-10,117.9027,1659.0999755859375,16034.4,2.1058588346724134
2020-03-11,118.2505,1641.4000244140625,16034.4,2.1145564929981893
2020-03-12,120.4883,1589.300048828125,16034.4,3.471134452798601
2020-03-13,120.4388,1515.699951171875,16034.4,2.969510479012845
2020-03-14,120.4388,1515.699951171875,16034.4,3.173790962602563
2020-03-15,120.4388,1515.699951171875,16034.4,3.1089118298548937
2020-03-16,120.9352,1485.9000244140625,16034.4,3.3400838856841384
2020-03-17,122.4816,1524.9000244140625,16034.4,3.155704638041191
2020-03-18,124.1623,1477.300048828125,16034.4,3.104237287134024
2020-03-19,125.0587,1478.5999755859375,16034.4,2.7286966155244734
2020-03-20,124.9362,1484.0,16034.4,2.733686806081489
2020-03-21,124.9362,1484.0,16034.4,2.7303495322728253
2020-03-22,124.9362,1484.0,16034.4,2.910355330294075
2020-03-23,126.1262,1567.0,16034.4,2.644920901992601
2020-03-24,125.5001,1660.199951171875,16034.4,2.5481620929096365
2020-03-25,124.7916,1632.300048828125,16034.4,2.5776461280671703
2020-03-26,122.4308,1650.0999755859375,16034.4,2.5475732023768343
2020-03-27,122.4007,1623.9000244140625,16034.4,2.6722541354191587
2020-03-28,122.4007,1623.9000244140625,16034.4,2.708940531946525
2020-03-29,122.4007,1623.9000244140625,16034.4,2.863067208099993
2020-03-30,123.2883,1622.0,16034.4,2.658103625071893
2020-03-31,122.5301,1583.4000244140625,16034.4,3.484816357099197
2020-04-01,123.7933,1578.199951171875,17064.0,3.3847163183424733
2020-04-02,123.5916,1625.699951171875,17064.0,3.304264138474304
2020-04-03,124.4152,1633.699951171875,17064.0,3.3192244065657643
2020-04-04,124.4152,1633.699951171875,17064.0,3.2644854166576485
2020-04-05,124.4152,1633.699951171875,17064.0,3.305111526795104
2020-04-06,124.16,1677.0,17064.0,3.1067455238465747
2020-04-07,123.0956,1664.800048828125,17064.0,3.1680628239231816
2020-04-08,123.2216,1665.4000244140625,17064.0,3.0698920115034958
2020-04-09,122.476,1736.199951171875,17064.0,3.097448862371146
2020-04-10,122.1592,1736.199951171875,17064.0,3.3067240240324653
2020-04-11,122.1592,1736.199951171875,17064.0,3.29717866318454
2020-04-12,122.1592,1736.199951171875,17064.0,3.289435841821052
2020-04-13,122.5203,1744.800048828125,17064.0,3.3175897629618243
2020-04-14,122.1121,1756.699951171875,17064.0,3.3034400620083697
2020-04-15,123.0752,1727.199951171875,17064.0,3.4108508079193065
2020-04-16,123.4615,1720.4000244140625,17064.0,3.165027765748236
2020-04-17,122.871,1689.199951171875,17064.0,3.1989901848937228
2020-04-18,122.871,1689.199951171875,17064.0,3.073936053432215
2020-04-19,122.871,1689.199951171875,17064.0,3.140548178302609
2020-04-20,123.1033,1701.5999755859375,17064.0,3.280173033500988
2020-04-21,123.9116,1678.199951171875,17064.0,3.269739843191351
2020-04-22,123.9256,1728.699951171875,17064.0,3.1343704731215034
2020-04-23,123.7542,1733.300048828125,17064.0,2.9943808465966235
2020-04-24,124.1615,1723.5,17064.0,2.995699768714777
2020-04-25,124.1615,1723.5,17064.0,2.968376537280598
2020-04-26,124.1615,1723.5,17064.0,2.916970431362793
2020-04-27,123.8843,1711.9000244140625,17064.0,2.89973565765459
2020-04-28,123.3693,1710.5,17064.0,2.884426683710668
2020-04-29,122.7782,1703.4000244140625,17064.0,2.598311655438564
2020-04-30,122.327,1684.199951171875,17064.0,2.6699999199554454
2020-05-01,123.1492,1694.5,17931.9,2.610103651159975
2020-05-02,123.1492,1694.5,17931.9,2.566056611533764
2020-05-03,123.1492,1694.5,17931.9,2.59591354626618
2020-05-04,123.2117,1706.9000244140625,17931.9,2.613844811203012
2020-05-05,122.803,1704.4000244140625,17931.9,2.580133930697364
2020-05-06,123.609,1684.199951171875,17931.9,2.5753181154195546
2020-05-07,123.1249,1721.800048828125,17931.9,2.392577304791504
2020-05-08,122.5379,1709.9000244140625,17931.9,2.421300547162682
2020-05-09,122.5379,1709.9000244140625,17931.9,2.465583296001295
2020-05-10,122.5379,1709.9000244140625,17931.9,2.695969495499686
2020-05-11,123.2333,1695.300048828125,17931.9,2.7371072195195847
2020-05-12,123.0592,1704.4000244140625,17931.9,2.6607928879296514
2020-05-13,123.5408,1713.9000244140625,17931.9,2.5414757521726634
2020-05-14,123.6429,1738.0999755859375,17931.9,3.3486267039896074
2020-05-15,123.5991,1753.4000244140625,17931.9,3.495918483839816
2020-05-16,123.5991,1753.4000244140625,17931.9,3.458785752717914
2020-05-17,123.5991,1753.4000244140625,17931.9,3.3739277963943084
2020-05-18,122.7968,1731.800048828125,17931.9,3.3347703473345334
2020-05-19,122.5655,1744.199951171875,17931.9,3.3226295698231136
2020-05-20,122.1007,1750.5999755859375,17931.9,3.4033051048043723
2020-05-21,122.0914,1720.5,17931.9,3.559072425966104
2020-05-22,122.3211,1734.5999755859375,17931.9,3.495036338081812
2020-05-23,122.3211,1734.5999755859375,17931.9,3.4969462035117838
2020-05-24,122.3211,1734.5999755859375,17931.9,3.654724392211732
2020-05-25,122.3211,1734.5999755859375,17931.9,3.5767948381113857
2020-05-26,121.3864,1704.800048828125,17931.9,3.607139038049143
2020-05-27,121.5677,1710.300048828125,17931.9,3.485243859028342
2020-05-28,121.0138,1713.300048828125,17931.9,3.3602203673517885
2020-05-29,120.9458,1736.9000244140625,17931.9,3.3963067599700927
2020-05-30,120.9458,1736.9000244140625,17931.9,3.264201106454708
2020-05-31,120.9458,1736.9000244140625,17931.9,3.3589242913950748
2020-06-01,120.2686,1737.800048828125,18180.0,3.056496740722946
2020-06-02,119.6854,1725.199951171875,18180.0,3.3677825052070016
2020-06-03,119.2556,1697.800048828125,18180.0,3.311394721291697
2020-06-04,119.3014,1718.9000244140625,18180.0,3.278664186408081
2020-06-05,118.8138,1676.199951171875,18180.0,3.3270055700988004
2020-06-06,118.8138,1676.199951171875,18180.0,3.308338600098617
2020-06-07,118.8138,1676.199951171875,18180.0,3.28987597945424
2020-06-08,118.6621,1698.300048828125,18180.0,3.278491173879148
2020-06-09,118.5893,1714.699951171875,18180.0,3.285245401336956
2020-06-10,118.5231,1713.300048828125,18180.0,3.2457334266943514
2020-06-11,119.2347,1732.0,18180.0,3.468817640724633
2020-06-12,119.6645,1729.300048828125,18180.0,3.389812974642418
2020-06-13,119.6645,1729.300048828125,18180.0,3.3839130274964555
2020-06-14,119.6645,1729.300048828125,18180.0,3.442022197072796
2020-06-15,119.9539,1720.300048828125,18180.0,3.412446881018287
2020-06-16,119.567,1729.5999755859375,18180.0,3.3742470262528537
2020-06-17,119.9105,1729.199951171875,18180.0,3.388562128739292
2020-06-18,120.2173,1724.800048828125,18180.0,3.422175837851108
2020-06-19,120.2186,1745.9000244140625,18180.0,3.44569527872374
2020-06-20,120.2186,1745.9000244140625,18180.0,3.4321461279432586
2020-06-21,120.2186,1745.9000244140625,18180.0,3.455721335981242
2020-06-22,119.7532,1756.699951171875,18180.0,3.319723650329756
2020-06-23,119.3285,1772.0999755859375,18180.0,3.3267348157951364
2020-06-24,119.9744,1765.800048828125,18180.0,3.4349432270741014
2020-06-25,120.2997,1762.0999755859375,18180.0,3.45457530148363
2020-06-26,120.533,1772.5,18180.0,3.4840275098677065
2020-06-27,120.533,1772.5,18180.0,3.5680747888086293
2020-06-28,120.533,1772.5,18180.0,3.517922198391464
2020-06-29,120.6658,1774.800048828125,18180.0,3.483966557042474
2020-06-30,120.4649,1793.0,18180.0,3.511517687485281
2020-07-01,120.0808,1773.199951171875,18331.4,3.4656134869143824
2020-07-02,119.8555,1784.0,18331.4,3.515089031904848
2020-07-03,119.8555,1784.0,18331.4,3.5175741323155423
2020-07-04,119.8555,1784.0,18331.4,3.477048421970851
2020-07-05,119.8555,1784.0,18331.4,3.5005037907452503
2020-07-06,119.2852,1788.5,18331.4,3.3658239898230398
2020-07-07,119.5717,1804.199951171875,18331.4,3.382099423173262
2020-07-08,119.5525,1815.5,18331.4,3.2973239234229927
2020-07-09,119.5129,1799.199951171875,18331.4,3.3547118432629177
2020-07-10,119.3509,1798.199951171875,18331.4,3.3540493774759503
2020-07-11,119.3509,1798.199951171875,18331.4,3.3544073491183592
2020-07-12,119.3509,1798.199951171875,18331.4,3.3219490266440284
2020-07-13,119.1891,1811.0,18331.4,3.3785591699237547
2020-07-14,119.3901,1810.5999755859373,18331.4,3.362683967613908
2020-07-15,119.0331,1811.4000244140625,18331.4,3.377167930531228
2020-07-16,118.9275,1798.699951171875,18331.4,3.3864969141148773
2020-07-17,119.124,1808.300048828125,18331.4,3.379186310092998
2020-07-18,119.124,1808.300048828125,18331.4,3.3608793001911943
2020-07-19,119.124,1808.300048828125,18331.4,3.343010724290589
2020-07-20,119.0483,1815.9000244140625,18331.4,3.3769948659906484
2020-07-21,118.4042,1842.4000244140625,18331.4,3.293537020036476
2020-07-22,118.1337,1864.0999755859373,18331.4,3.496724864704241
2020-07-23,118.0613,1889.0999755859373,18331.4,3.4551122974373296
2020-07-24,118.1329,1897.300048828125,18331.4,3.4796603384895
2020-07-25,118.1329,1897.300048828125,18331.4,3.371673804241281
2020-07-26,118.1329,1897.300048828125,18331.4,3.3180670691799383
2020-07-27,117.3869,1931.0,18331.4,3.0785313121541766
2020-07-28,117.3189,1944.699951171875,18331.4,3.086912876947273
2020-07-29,117.2126,1953.5,18331.4,3.049693244339584
2020-07-30,117.4008,1942.300048828125,18331.4,3.027558606253698
2020-07-31,117.2082,1962.800048828125,18331.4,2.958872508861416
2020-08-01,117.2082,1962.800048828125,18413.3,2.8043871222419376
2020-08-02,117.2082,1962.800048828125,18413.3,2.970133078967491
2020-08-03,117.8074,1966.0,18413.3,2.9059216902245018
2020-08-04,117.7833,2001.199951171875,18413.3,2.9050616718557487
2020-08-05,116.8736,2031.0999755859373,18413.3,2.8010991906288347
2020-08-06,117.0422,2051.5,18413.3,2.796756176429623
2020-08-07,117.6239,2010.0999755859373,18413.3,2.850251645491665
2020-08-08,117.6239,2010.0999755859373,18413.3,2.785075846375433
2020-08-09,117.6239,2010.0999755859373,18413.3,2.804026712302253
2020-08-10,117.5821,2024.4000244140625,18413.3,2.752634154938205
2020-08-11,117.3781,1932.5999755859373,18413.3,2.8740928391291045
2020-08-12,117.2559,1934.9000244140625,18413.3,2.8186811675406305
2020-08-13,117.1193,1956.699951171875,18413.3,2.737339963454237
2020-08-14,116.9395,1937.0,18413.3,2.71568059399165
2020-08-15,116.9395,1937.0,18413.3,2.6968281296050938
2020-08-16,116.9395,1937.0,18413.3,2.6701514011496985
2020-08-17,116.749,1985.0,18413.3,2.6204087295389877
2020-08-18,116.5593,1999.4000244140625,18413.3,2.6890056596788456
2020-08-19,116.567,1958.699951171875,18413.3,2.7533270102384657
2020-08-20,116.8126,1933.800048828125,18413.3,2.713625844878235
2020-08-21,117.0572,1934.5999755859373,18413.3,2.8157219933983977
2020-08-22,117.0572,1934.5999755859373,18413.3,2.768131402055272
2020-08-23,117.0572,1934.5999755859373,18413.3,2.7774657338541955
2020-08-24,116.912,1927.699951171875,18413.3,2.731313815650157
2020-08-25,116.8206,1911.800048828125,18413.3,2.8533796393356767
2020-08-26,116.6243,1940.699951171875,18413.3,2.8224873039513128
2020-08-27,116.649,1921.5999755859373,18413.3,2.867424158204517
2020-08-28,115.9374,1964.5999755859373,18413.3,2.806738801922693
2020-08-29,115.9374,1964.5999755859373,18413.3,2.804219020392378
2020-08-30,115.9374,1964.5999755859373,18413.3,2.7255000970484105
2020-08-31,115.7586,1967.5999755859373,18413.3,3.611131664550075
2020-09-01,115.5687,1968.199951171875,18605.0,3.5178216659869177
2020-09-02,116.0304,1934.4000244140625,18605.0,3.7596207424512937
2020-09-03,116.0685,1927.5999755859373,18605.0,4.2950707940835295
2020-09-04,116.0347,1923.9000244140625,18605.0,4.204542750148084
2020-09-05,116.0347,1923.9000244140625,18605.0,4.47764477187285
2020-09-06,116.0347,1923.9000244140625,18605.0,4.3902232545974105
2020-09-07,116.0347,1923.9000244140625,18605.0,4.35979537560076
2020-09-08,116.4618,1933.0,18605.0,4.489085648676791
2020-09-09,116.1291,1944.699951171875,18605.0,4.453724226562431
2020-09-10,115.8806,1954.199951171875,18605.0,4.408563811310593
2020-09-11,116.0866,1937.800048828125,18605.0,4.417274407251027
2020-09-12,116.0866,1937.800048828125,18605.0,4.388959649235011
2020-09-13,116.0866,1937.800048828125,18605.0,4.482088904924412
2020-09-14,115.6428,1953.0999755859373,18605.0,4.364655705123809
2020-09-15,115.5908,1956.300048828125,18605.0,4.441871562049715
2020-09-16,115.3537,1960.199951171875,18605.0,4.405006021809453
2020-09-17,115.4392,1940.0,18605.0,4.383327666346918
2020-09-18,115.2395,1952.0999755859373,18605.0,4.419110567262121
2020-09-19,115.2395,1952.0999755859373,18605.0,4.398112218908042
2020-09-20,115.2395,1952.0999755859373,18605.0,4.482582023050873
2020-09-21,116.378,1901.199951171875,18605.0,4.7350621481018855
2020-09-22,116.5438,1898.5999755859373,18605.0,4.680290454616359
2020-09-23,117.2526,1859.9000244140625,18605.0,4.857265474762978
2020-09-24,117.5473,1868.300048828125,18605.0,4.600565260856639
2020-09-25,117.8679,1857.699951171875,18605.0,4.584917652647318
2020-09-26,117.8679,1857.699951171875,18605.0,4.5781420615815
2020-09-27,117.8679,1857.699951171875,18605.0,4.562055207463339
2020-09-28,117.6178,1872.800048828125,18605.0,4.611841745201372
2020-09-29,117.526,1894.300048828125,18605.0,4.5717626930029
2020-09-30,116.946,1887.5,18605.0,4.597201318563768
2020-10-01,116.7227,1908.4000244140625,18759.9,4.665456537159695
2020-10-02,116.7321,1900.199951171875,18759.9,4.7361805626120566
2020-10-03,116.7321,1900.199951171875,18759.9,4.748660776032558
2020-10-04,116.7321,1900.199951171875,18759.9,4.686651771864595
2020-10-05,116.1767,1912.5,18759.9,4.659814513964161
2020-10-06,116.2681,1901.0999755859373,18759.9,4.781291471829029
2020-10-07,116.3447,1883.5999755859373,18759.9,4.745217919250922
2020-10-08,116.1657,1888.5999755859373,18759.9,4.643339754740803
2020-10-09,115.2757,1919.5,18759.9,4.558453197050399
2020-10-10,115.2757,1919.5,18759.9,4.501775060360122
2020-10-11,115.2757,1919.5,18759.9,4.473461448631358
2020-10-12,115.2757,1922.5,18759.9,4.405317605133661
2020-10-13,115.9107,1888.5,18759.9,4.4480640346668565
2020-10-14,115.6872,1901.300048828125,18759.9,4.44353155092986
2020-10-15,116.0964,1903.199951171875,18759.9,4.440349674974568
2020-10-16,115.7679,1900.800048828125,18759.9,4.534973878928772
2020-10-17,115.7679,1900.800048828125,18759.9,4.526249674941775
2020-10-18,115.7679,1900.800048828125,18759.9,4.462462267861484
2020-10-19,115.4031,1906.4000244140625,18759.9,4.411888168587861
2020-10-20,115.2485,1910.4000244140625,18759.9,4.433719118620667
2020-10-21,114.9108,1924.5999755859373,18759.9,4.188449165182308
2020-10-22,115.1158,1901.0999755859373,18759.9,4.095004329066871
2020-10-23,115.0126,1902.0,18759.9,4.164500186358799
2020-10-24,115.0126,1902.0,18759.9,4.134206962017026
2020-10-25,115.0126,1902.0,18759.9,4.170508034165251
2020-10-26,115.2797,1902.699951171875,18759.9,4.2077668653014655
2020-10-27,115.0131,1908.800048828125,18759.9,4.082579206712624
2020-10-28,115.8023,1876.199951171875,18759.9,4.214301997266037
2020-10-29,116.3069,1865.5999755859373,18759.9,4.205335811682105
2020-10-30,116.1354,1877.4000244140625,18759.9,4.210092155768227
2020-10-31,116.1354,1877.4000244140625,18759.9,4.163349425435846
2020-11-01,116.1354,1877.4000244140625,19002.4,4.15797489917835
2020-11-02,116.2361,1890.4000244140625,19002.4,4.246253142810411
2020-11-03,115.4802,1908.5,19002.4,4.171056958544402
2020-11-04,115.1677,1894.5999755859373,19002.4,4.144830764161714
2020-11-05,114.4556,1945.300048828125,19002.4,3.880797416087859
2020-11-06,113.9919,1950.300048828125,19002.4,3.827990404574539
2020-11-07,113.9919,1950.300048828125,19002.4,4.038998097472762
2020-11-08,113.9919,1950.300048828125,19002.4,3.9019777023825633
2020-11-09,114.0895,1853.199951171875,19002.4,3.948701243360677
2020-11-10,114.0757,1875.4000244140625,19002.4,3.9607557913970393
2020-11-11,114.0757,1860.699951171875,19002.4,3.902569924818936
2020-11-12,114.2843,1872.5999755859373,19002.4,3.8338774728886498
2020-11-13,114.2397,1885.699951171875,19002.4,3.816599682688581
2020-11-14,114.2397,1885.699951171875,19002.4,3.911718318855476
2020-11-15,114.2397,1885.699951171875,19002.4,3.9614233436126014
2020-11-16,113.8312,1887.300048828125,19002.4,3.8022197471081793
2020-11-17,113.682,1884.5,19002.4,3.646657449010681
2020-11-18,113.46,1873.5,19002.4,3.667692735462208
2020-11-19,113.694,1861.0999755859373,19002.4,3.680762571560018
2020-11-20,113.489,1872.5999755859373,19002.4,3.5159477687218166
2020-11-21,113.489,1872.5999755859373,19002.4,3.430906440676125
2020-11-22,113.489,1872.5999755859373,19002.4,3.499925335928192
2020-11-23,113.7548,1837.800048828125,19002.4,3.387480269242132
2020-11-24,113.4316,1804.800048828125,19002.4,3.2802362608536058
2020-11-25,113.1823,1805.699951171875,19002.4,3.3873645927891984
2020-11-26,113.1823,1805.699951171875,19002.4,3.7727317668633424
2020-11-27,113.1823,1781.9000244140625,19002.4,3.7554687274337097
2020-11-28,113.1823,1781.9000244140625,19002.4,3.634800605263158
2020-11-29,113.1823,1781.9000244140625,19002.4,3.5554004296115207
2020-11-30,113.2256,1775.699951171875,19002.4,3.311867313025284
2020-12-01,112.8063,1814.0999755859373,19119.4,3.525754711799073
2020-12-02,112.6115,1825.699951171875,19119.4,3.444212151908949
2020-12-03,112.0236,1836.800048828125,19119.4,3.4085840973139137
2020-12-04,111.7778,1835.9000244140625,19119.4,3.606337871508105
2020-12-05,111.7778,1835.9000244140625,19119.4,3.5123773388166484
2020-12-06,111.7778,1835.9000244140625,19119.4,3.47547588932798
2020-12-07,111.8385,1861.800048828125,19119.4,3.51939219910225
2020-12-08,111.8639,1870.800048828125,19119.4,3.699392673819852
2020-12-09,112.0305,1834.5999755859373,19119.4,3.636101727540268
2020-12-10,111.9788,1833.5999755859373,19119.4,3.715315578482064
2020-12-11,112.1417,1839.800048828125,19119.4,3.783038212070948
2020-12-12,112.1417,1839.800048828125,19119.4,3.657614089899037
2020-12-13,112.1417,1839.800048828125,19119.4,3.5799634150939506
2020-12-14,112.1708,1828.699951171875,19119.4,3.571443728664267
2020-12-15,111.8601,1852.300048828125,19119.4,3.546022004464761
2020-12-16,111.7157,1856.0999755859373,19119.4,3.2449745327046897
2020-12-17,111.2226,1887.199951171875,19119.4,3.135665505789088
2020-12-18,111.6071,1885.699951171875,19119.4,3.097501424212708
2020-12-19,111.6071,1885.699951171875,19119.4,3.0400456264105298
2020-12-20,111.6071,1885.699951171875,19119.4,3.118923652771408
2020-12-21,111.9415,1879.199951171875,19119.4,3.23889442383218
2020-12-22,112.1947,1866.5999755859373,19119.4,3.1343234336417662
2020-12-23,111.9807,1874.699951171875,19119.4,3.3233758524346007
2020-12-24,111.9807,1879.9000244140625,19119.4,3.2136334733199794
2020-12-25,111.9807,1879.9000244140625,19119.4,3.131965822379541
2020-12-26,111.9807,1879.9000244140625,19119.4,2.9815475771469866
2020-12-27,111.9807,1879.9000244140625,19119.4,2.9821907503530847
2020-12-28,111.9752,1877.199951171875,19119.4,2.891336643618318
2020-12-29,111.5172,1879.699951171875,19119.4,2.874309902806366
2020-12-30,111.3084,1891.0,19119.4,2.7694464105361534
2020-12-31,111.3169,1893.0999755859373,19119.4,2.7614023941380705
2021-01-01,111.3169,1893.0999755859373,19375.3,2.7577068512390177
2021-01-02,111.3169,1893.0999755859373,19375.3,2.5051310082287443
2021-01-03,111.3169,1893.0999755859373,19375.3,2.4352598865872497
2021-01-04,111.2075,1944.699951171875,19375.3,2.521798027009884
2021-01-05,110.9574,1952.699951171875,19375.3,2.38835471885601
2021-01-06,110.8502,1906.9000244140625,19375.3,2.2345822207733352
2021-01-07,111.3042,1912.300048828125,19375.3,2.181384187631503
2021-01-08,111.2847,1834.0999755859373,19375.3,2.2038613861969814
2021-01-09,111.2847,1834.0999755859373,19375.3,2.204171752055707
2021-01-10,111.2847,1834.0999755859373,19375.3,2.3447984876149297
2021-01-11,111.8257,1849.5999755859373,19375.3,2.56588331685872
2021-01-12,111.5501,1842.9000244140625,19375.3,2.646163668091426
2021-01-13,111.3622,1853.5999755859373,19375.3,2.4234262957119173
2021-01-14,111.1567,1850.300048828125,19375.3,2.306905845920685
2021-01-15,111.5106,1829.300048828125,19375.3,2.434172390547191
2021-01-16,111.5106,1829.300048828125,19375.3,2.434422639969249
2021-01-17,111.5106,1829.300048828125,19375.3,2.438653584219825
2021-01-18,111.5106,1829.300048828125,19375.3,2.392734394628494
2021-01-19,111.4527,1839.5,19375.3,2.4008138690737506
2021-01-20,111.4527,1865.9000244140625,19375.3,2.446894208976145
2021-01-21,111.1973,1865.300048828125,19375.3,2.84047992496292
2021-01-22,111.5516,1855.699951171875,19375.3,2.6336473529818245
2021-01-23,111.5516,1855.699951171875,19375.3,2.671990909815915
2021-01-24,111.5516,1855.699951171875,19375.3,2.606817156994045
2021-01-25,111.8676,1854.9000244140625,19375.3,2.651796007950973
2021-01-26,111.6572,1850.699951171875,19375.3,2.6273075576849827
2021-01-27,112.0782,1844.9000244140625,19375.3,2.842744341027581
2021-01-28,112.0059,1837.9000244140625,19375.3,2.6198336162966025
2021-01-29,111.9511,1847.300048828125,19375.3,2.5479004656741058
2021-01-30,111.9511,1847.300048828125,19375.3,2.616904004394534
2021-01-31,111.9511,1847.300048828125,19375.3,2.705530098245092
2021-02-01,112.4189,1860.800048828125,19641.4,2.6772198568577736
2021-02-02,112.2862,1830.5,19641.4,2.54315500067069
2021-02-03,112.2567,1832.199951171875,19641.4,2.48016602185237
2021-02-04,112.7469,1788.9000244140625,19641.4,2.4774160530381484
2021-02-05,112.2379,1810.9000244140625,19641.4,2.385156967912847
2021-02-06,112.2379,1810.9000244140625,19641.4,2.3934605423758524
2021-02-07,112.2379,1810.9000244140625,19641.4,2.452325075626213
2021-02-08,112.0428,1831.9000244140625,19641.4,2.1345507708205536
2021-02-09,111.7675,1835.300048828125,19641.4,2.17770838251538
2021-02-10,111.5834,1840.5999755859373,19641.4,2.236641941579624
2021-02-11,111.5272,1824.9000244140625,19641.4,2.145786321366153
2021-02-12,111.4889,1821.5999755859373,19641.4,2.151953748594687
2021-02-13,111.4889,1821.5999755859373,19641.4,2.1725791649362294
2021-02-14,111.4889,1821.5999755859373,19641.4,2.1828378528566583
2021-02-15,111.4889,1821.5999755859373,19641.4,2.219744374548092
2021-02-16,111.7879,1797.199951171875,19641.4,2.19256044100455
2021-02-17,112.0204,1771.0999755859375,19641.4,2.088527591639094
2021-02-18,112.1603,1773.4000244140625,19641.4,2.120116337888378
2021-02-19,111.7058,1775.800048828125,19641.4,1.9927484373983155
2021-02-20,111.7058,1775.800048828125,19641.4,2.0453481342208404
2021-02-21,111.7058,1775.800048828125,19641.4,1.9977739208424032
2021-02-22,111.918,1806.699951171875,19641.4,2.126889644122919
2021-02-23,111.8981,1804.4000244140625,19641.4,2.3892992759649028
2021-02-24,111.7212,1796.4000244140625,19641.4,2.3427443404988804
2021-02-25,111.9253,1774.4000244140625,19641.4,2.483582120107798
2021-02-26,112.8306,1728.0999755859375,19641.4,2.5235138714686283
2021-02-27,112.8306,1728.0999755859375,19641.4,2.506172072093602
2021-02-28,112.8306,1728.0999755859375,19641.4,2.564422298017141
2021-03-01,112.5263,1722.5,19874.5,2.34825975148663
2021-03-02,112.5342,1733.0999755859375,19874.5,2.428388193922415
2021-03-03,112.7617,1715.300048828125,19874.5,2.369625064983144
2021-03-04,112.7037,1700.199951171875,19874.5,2.4734417587261097
2021-03-05,113.7487,1698.0,19874.5,2.465203658968835
2021-03-06,113.7487,1698.0,19874.5,2.4404117996080608
2021-03-07,113.7487,1698.0,19874.5,2.3450384815964296
2021-03-08,114.2678,1677.699951171875,19874.5,2.2738429189175835
2021-03-09,113.928,1716.5999755859375,19874.5,2.1855358739909247
2021-03-10,113.5881,1721.5,19874.5,2.205865271554295
2021-03-11,112.9214,1722.300048828125,19874.5,2.1696355108216143
2021-03-12,113.0269,1719.5,19874.5,2.2368287274511927
2021-03-13,113.0269,1719.5,19874.5,2.10616152686062
2021-03-14,113.0269,1719.5,19874.5,2.181050973001781
2021-03-15,113.1928,1728.9000244140625,19874.5,2.297947203986664
2021-03-16,112.9839,1730.5999755859375,19874.5,2.2503511010554806
2021-03-17,113.1589,1726.800048828125,19874.5,2.1810062582990186
2021-03-18,112.7744,1732.199951171875,19874.5,2.2377990161948875
2021-03-19,112.9756,1741.4000244140625,19874.5,2.2248590025868484
2021-03-20,112.9756,1741.4000244140625,19874.5,2.2400213177549304
2021-03-21,112.9756,1741.4000244140625,19874.5,2.264446822112865
2021-03-22,113.0023,1737.800048828125,19874.5,2.3897428717145104
2021-03-23,113.2916,1724.699951171875,19874.5,2.3866038126390885
2021-03-24,113.6565,1732.9000244140625,19874.5,2.5075925059289315
2021-03-25,114.0016,1724.9000244140625,19874.5,2.5644314861241537
2021-03-26,113.7406,1732.199951171875,19874.5,2.3818318673203964
2021-03-27,113.7406,1732.199951171875,19874.5,2.3541338243044923
2021-03-28,113.7406,1732.199951171875,19874.5,2.370875516249761
2021-03-29,113.9314,1712.0999755859375,19874.5,2.284900793917563
2021-03-30,114.203,1683.9000244140625,19874.5,2.250602416121108
2021-03-31,113.8234,1713.800048828125,19874.5,2.234081700403846
2021-04-01,113.7389,1726.5,20174.1,2.21611321189386
2021-04-02,113.7315,1726.5,20174.1,2.2173773328646966
2021-04-03,113.7315,1726.5,20174.1,2.334907233849768
2021-04-04,113.7315,1726.5,20174.1,2.254749936068117
2021-04-05,113.394,1727.0,20174.1,2.2005866903949296
2021-04-06,113.1464,1741.5,20174.1,2.2366482877958327
2021-04-07,113.2436,1740.0999755859375,20174.1,2.3560281748525256
2021-04-08,113.0917,1756.800048828125,20174.1,2.273444288890083
2021-04-09,113.2028,1743.300048828125,20174.1,2.2779515473161984
2021-04-10,113.2028,1743.300048828125,20174.1,2.2312424742584525
2021-04-11,113.2028,1743.300048828125,20174.1,2.2094127987189047
2021-04-12,113.1815,1731.199951171875,20174.1,2.195705112014516
2021-04-13,113.0391,1746.199951171875,20174.1,2.1168312852458526
2021-04-14,112.7849,1734.9000244140625,20174.1,2.118361890328225
2021-04-15,112.6181,1765.4000244140625,20174.1,2.1119861954756844
2021-04-16,112.4814,1779.0,20174.1,2.1557602754252145
2021-04-17,112.4814,1779.0,20174.1,2.259269400218163
2021-04-18,112.4814,1779.0,20174.1,2.4043419300657303
2021-04-19,112.1835,1769.4000244140625,20174.1,2.450507989375564
2021-04-20,112.2354,1777.300048828125,20174.1,2.4062511032074774
2021-04-21,112.1771,1792.300048828125,20174.1,2.520814070586796
2021-04-22,112.2297,1781.199951171875,20174.1,2.633451013777667
2021-04-23,112.0889,1777.0,20174.1,2.649636571693774
2021-04-24,112.0889,1777.0,20174.1,2.759223558623685
2021-04-25,112.0889,1777.0,20174.1,2.794139825970116
2021-04-26,111.8109,1779.199951171875,20174.1,2.5324503395460845
2021-04-27,111.9097,1778.0,20174.1,2.4665628208970998
2021-04-28,111.7909,1773.199951171875,20174.1,2.485506565611285
2021-04-29,111.7464,1768.0999755859375,20174.1,2.5156412839955187
2021-04-30,112.0839,1767.300048828125,20174.1,2.3723051174474223
2021-05-01,112.0839,1767.300048828125,20457.2,2.347274113991052
2021-05-02,112.0839,1767.300048828125,20457.2,2.3990287036176827
2021-05-03,112.005,1791.4000244140625,20457.2,2.3062704840307866
2021-05-04,112.2896,1775.800048828125,20457.2,2.4516750084130687
2021-05-05,112.1514,1784.0999755859375,20457.2,2.2616888454546022
2021-05-06,111.8401,1815.5,20457.2,2.307513696177612
2021-05-07,111.0249,1831.0999755859373,20457.2,2.347734794320216
2021-05-08,111.0249,1831.0999755859373,20457.2,2.2719186493631613
2021-05-09,111.0249,1831.0999755859373,20457.2,2.2786206876281594
2021-05-10,110.7905,1837.5,20457.2,2.3896638016282905
2021-05-11,110.8921,1835.9000244140625,20457.2,2.358480955129154
2021-05-12,111.5636,1822.5999755859373,20457.2,2.6549848622186074
2021-05-13,111.5955,1823.800048828125,20457.2,2.6278883602676557
2021-05-14,111.1353,1837.9000244140625,20457.2,2.5218380720752767
2021-05-15,111.1353,1837.9000244140625,20457.2,2.7261302306925512
2021-05-16,111.1353,1837.9000244140625,20457.2,2.7385166582532685
2021-05-17,111.079,1867.5,20457.2,2.926749086043272
2021-05-18,110.8317,1867.800048828125,20457.2,2.903594699995956
2021-05-19,110.8807,1881.300048828125,20457.2,3.784393407088416
2021-05-20,110.8605,1881.800048828125,20457.2,3.316625327411576
2021-05-21,111.0576,1876.699951171875,20457.2,3.73095176121644
2021-05-22,111.0576,1876.699951171875,20457.2,3.9064229809490527
2021-05-23,111.0576,1876.699951171875,20457.2,4.287182295423458
2021-05-24,110.9118,1884.5999755859373,20457.2,3.647932137993092
2021-05-25,110.842,1898.0999755859373,20457.2,3.679567718251965
2021-05-26,110.8677,1901.300048828125,20457.2,3.529299409899836
2021-05-27,110.8688,1895.699951171875,20457.2,3.6566814512306864
2021-05-28,110.7576,1902.5,20457.2,4.009736872009843
2021-05-29,110.7576,1902.5,20457.2,4.19639155627735
2021-05-30,110.7576,1902.5,20457.2,4.06597259704203
2021-05-31,110.7576,1902.5,20457.2,3.787897129378528
2021-06-01,110.5046,1902.9000244140625,20472.1,3.837841214365514
2021-06-02,110.5799,1907.5,20472.1,3.71085862733709
2021-06-03,111.1782,1871.199951171875,20472.1,3.5534841035309364
2021-06-04,110.7521,1889.800048828125,20472.1,3.8022212171064274
2021-06-05,110.7521,1889.800048828125,20472.1,3.929815535099574
2021-06-06,110.7521,1889.800048828125,20472.1,3.875457246017453
2021-06-07,110.5155,1896.800048828125,20472.1,4.12205433072505
2021-06-08,110.649,1892.199951171875,20472.1,4.165157390760091
2021-06-09,110.5707,1893.199951171875,20472.1,3.877704062778419
2021-06-10,110.5456,1894.199951171875,20472.1,4.030572491731618
2021-06-11,111.0933,1877.4000244140625,20472.1,4.08542476684654
2021-06-12,111.0933,1877.4000244140625,20472.1,4.185500517374717
2021-06-13,111.0933,1877.4000244140625,20472.1,3.892274030818801
2021-06-14,110.9659,1864.0,20472.1,3.7702050057411047
2021-06-15,111.3507,1854.5,20472.1,3.813089284685933
2021-06-16,111.1165,1859.5,20472.1,3.996390232228153
2021-06-17,112.5772,1773.800048828125,20472.1,3.996580092384756
2021-06-18,113.0408,1767.9000244140625,20472.1,4.222920772443297
2021-06-19,113.0408,1767.9000244140625,20472.1,4.292478248898444
2021-06-20,113.0408,1767.9000244140625,20472.1,4.243344921419431
2021-06-21,112.8391,1781.800048828125,20472.1,4.959473072416374
2021-06-22,112.9174,1776.300048828125,20472.1,4.923136719125237
2021-06-23,112.3819,1782.300048828125,20472.1,4.685353170395457
2021-06-24,112.326,1775.5999755859375,20472.1,4.553330960935292
2021-06-25,111.9655,1776.5999755859375,20472.1,4.953484144893518
2021-06-26,111.9655,1776.5999755859375,20472.1,4.883491969538797
2021-06-27,111.9655,1776.5999755859375,20472.1,4.581458552541759
2021-06-28,112.0248,1779.5999755859375,20472.1,4.531093433646871
2021-06-29,112.2613,1762.800048828125,20472.1,4.345201694611048
2021-06-30,112.5533,1770.800048828125,20472.1,4.354214723269153
2021-07-01,112.74,1775.9000244140625,20629.1,4.57229527014133
2021-07-02,112.5425,1782.5999755859375,20629.1,4.520599738321647
2021-07-03,112.5425,1782.5999755859375,20629.1,4.406336266227147
2021-07-04,112.5425,1782.5999755859375,20629.1,4.303802809169397
2021-07-05,112.5425,1782.5999755859375,20629.1,4.4897422968390455
2021-07-06,112.9516,1793.5,20629.1,4.366441346459262
2021-07-07,113.1048,1801.5,20629.1,4.388663219212732
2021-07-08,113.0776,1799.5999755859375,20629.1,4.608414647719184
2021-07-09,112.8375,1810.0,20629.1,4.496197646063745
2021-07-10,112.8375,1810.0,20629.1,4.54973071341371
2021-07-11,112.8375,1810.0,20629.1,4.4718489891335205
2021-07-12,112.7611,1805.5,20629.1,4.621283569297386
2021-07-13,113.0063,1809.4000244140625,20629.1,4.70338193533349
2021-07-14,112.8801,1824.300048828125,20629.1,4.664247942683578
2021-07-15,113.0041,1828.4000244140625,20629.1,4.772441707999898
2021-07-16,113.0428,1814.5,20629.1,4.891918372969919
2021-07-17,113.0428,1814.5,20629.1,4.852438535296144
2021-07-18,113.0428,1814.5,20629.1,4.826922966527257
2021-07-19,113.5472,1808.699951171875,20629.1,4.984860243687142
2021-07-20,113.7502,1810.9000244140625,20629.1,5.16600799683601
2021-07-21,113.3926,1802.9000244140625,20629.1,4.74815106488338
2021-07-22,113.4695,1805.0,20629.1,4.6978252881062295
2021-07-23,113.4398,1801.4000244140625,20629.1,4.517203786327823
2021-07-24,113.4398,1801.4000244140625,20629.1,4.433064090424099
2021-07-25,113.4398,1801.4000244140625,20629.1,4.357092138927468
2021-07-26,113.2238,1798.699951171875,20629.1,4.241702313962707
2021-07-27,113.2227,1799.5,20629.1,4.058960224112173
2021-07-28,113.1807,1799.5,20629.1,4.005484935548834
2021-07-29,112.4834,1831.199951171875,20629.1,3.9776829479304094
2021-07-30,112.6714,1812.5999755859373,20629.1,3.8152335538294
2021-07-31,112.6714,1812.5999755859373,20629.1,3.825368643034304
2021-08-01,112.6714,1812.5999755859373,20843.2,3.889732655220104
2021-08-02,112.6691,1818.0999755859373,20843.2,3.90635859629985
2021-08-03,112.8228,1810.0999755859373,20843.2,3.989985979366158
2021-08-04,112.8953,1810.5,20843.2,3.8116373773251375
2021-08-05,112.7674,1805.0999755859373,20843.2,3.716829303299636
2021-08-06,113.3088,1760.0,20843.2,3.604691328981498
2021-08-07,113.3088,1760.0,20843.2,3.418694977131037
2021-08-08,113.3088,1760.0,20843.2,3.5203329270209456
2021-08-09,113.4521,1723.4000244140625,20843.2,3.355513655616069
2021-08-10,113.4973,1728.800048828125,20843.2,3.34812747876378
2021-08-11,113.282,1750.4000244140625,20843.2,3.290935792863497
2021-08-12,113.2691,1749.0,20843.2,3.4153228212101245
2021-08-13,113.0615,1775.199951171875,20843.2,3.1616153873865667
2021-08-14,113.0615,1775.199951171875,20843.2,3.1895212403234674
2021-08-15,113.0615,1775.199951171875,20843.2,3.162292035548971
2021-08-16,113.1698,1786.9000244140625,20843.2,3.260517679016121
2021-08-17,113.6174,1785.0,20843.2,3.3908440793378327
2021-08-18,113.6959,1781.5999755859375,20843.2,3.3597004549344485
2021-08-19,114.1106,1780.199951171875,20843.2,3.198644048367976
2021-08-20,114.5009,1781.0,20843.2,3.068348405979282
2021-08-21,114.5009,1781.0,20843.2,3.121601367309772
2021-08-22,114.5009,1781.0,20843.2,3.0923354207705653
2021-08-23,113.9418,1803.199951171875,20843.2,3.0373555057587804
2021-08-24,113.6795,1805.5999755859373,20843.2,3.1910218783289155
2021-08-25,113.6322,1788.199951171875,20843.2,3.1339101089990926
2021-08-26,113.7883,1792.199951171875,20843.2,3.291138555672953
2021-08-27,113.3404,1816.5999755859373,20843.2,3.0946884654534896
2021-08-28,113.3404,1816.5999755859373,20843.2,3.1097931336929263
2021-08-29,113.3404,1816.5999755859373,20843.2,3.1229291533621746
2021-08-30,113.246,1809.0,20843.2,3.193082904493057
2021-08-31,113.1076,1815.0,20843.2,3.1196128591556187
2021-09-01,112.8732,1813.0999755859373,20984.5,2.958867153724486
2021-09-02,112.7863,1808.699951171875,20984.5,2.946225616329328
2021-09-03,112.5476,1830.9000244140625,20984.5,2.908126097669808
2021-09-04,112.5476,1830.9000244140625,20984.5,2.913820159621645
2021-09-05,112.5476,1830.9000244140625,20984.5,2.821973597136952
2021-09-06,112.5476,1830.9000244140625,20984.5,2.8148987597913173
2021-09-07,112.9795,1795.9000244140625,20984.5,3.189089806911748
2021-09-08,113.2319,1790.699951171875,20984.5,3.221326229423993
2021-09-09,113.043,1797.4000244140625,20984.5,3.18882023249533
2021-09-10,112.9425,1789.5999755859375,20984.5,3.2929384070555408
2021-09-11,112.9425,1789.5999755859375,20984.5,3.2476822100308973
2021-09-12,112.9425,1789.5999755859375,20984.5,3.176220573573734
2021-09-13,113.0341,1792.0,20984.5,3.284651520945027
2021-09-14,113.0061,1804.699951171875,20984.5,3.1615014671231343
2021-09-15,112.9773,1792.4000244140625,20984.5,3.0742724968084705
2021-09-16,113.3036,1754.5999755859375,20984.5,3.1105135669060906
2021-09-17,113.5989,1749.4000244140625,20984.5,3.184305339921784
2021-09-18,113.5989,1749.4000244140625,20984.5,3.106985994741541
2021-09-19,113.5989,1749.4000244140625,20984.5,3.188215629373076
2021-09-20,113.9422,1761.800048828125,20984.5,3.537163060225567
2021-09-21,113.8179,1776.0,20984.5,3.7686178995761854
2021-09-22,113.6223,1776.699951171875,20984.5,3.4407775255383326
2021-09-23,113.513,1747.699951171875,20984.5,3.3353965258049088
2021-09-24,113.7597,1749.699951171875,20984.5,3.507533233146555
2021-09-25,113.7597,1749.699951171875,20984.5,3.52826534513803
2021-09-26,113.7597,1749.699951171875,20984.5,3.4939230794433187
2021-09-27,113.7432,1750.0,20984.5,3.5942556488238444
2021-09-28,114.2469,1735.800048828125,20984.5,3.717005830084715
2021-09-29,114.7092,1721.5,20984.5,3.643237918518374
2021-09-30,114.6403,1755.300048828125,20984.5,3.485200554767269
2021-10-01,114.3798,1757.0,21163.3,3.164492775348186
2021-10-02,114.3798,1757.0,21163.3,3.161310623871633
2021-10-03,114.3798,1757.0,21163.3,3.1174515715371443
2021-10-04,114.2739,1766.199951171875,21163.3,3.1057840944834862
2021-10-05,114.3654,1759.5999755859375,21163.3,3.0120621149250604
2021-10-06,114.7185,1760.5,21163.3,2.911754381326442
2021-10-07,114.5044,1757.9000244140625,21163.3,2.942313571250863
2021-10-08,114.5986,1756.300048828125,21163.3,2.9459840727146824
2021-10-09,114.5986,1756.300048828125,21163.3,2.902701626852177
2021-10-10,114.5986,1756.300048828125,21163.3,2.977955594065927
2021-10-11,114.5986,1754.5999755859375,21163.3,2.888759266202661
2021-10-12,114.7542,1758.300048828125,21163.3,2.949393415535415
2021-10-13,114.4705,1793.699951171875,21163.3,2.874447483400397
2021-10-14,114.2053,1796.699951171875,21163.3,2.848534058501885
2021-10-15,114.0905,1767.199951171875,21163.3,2.731990698704111
2021-10-16,114.0905,1767.199951171875,21163.3,2.7689432027718475
2021-10-17,114.0905,1767.199951171875,21163.3,2.7708075804247523
2021-10-18,113.9899,1764.800048828125,21163.3,2.7791137264499075
2021-10-19,113.647,1769.699951171875,21163.3,2.702376104283028
2021-10-20,113.5083,1784.0999755859375,21163.3,2.5987836085324494
2021-10-21,113.6188,1781.199951171875,21163.3,2.717993269237844
2021-10-22,113.67,1795.5,21163.3,2.751795383363227
2021-10-23,113.67,1795.5,21163.3,2.6961828488590034
2021-10-24,113.67,1795.5,21163.3,2.726213489164261
2021-10-25,113.605,1806.0,21163.3,2.6378466130330653
2021-10-26,113.674,1792.699951171875,21163.3,2.712034660988538
2021-10-27,113.6218,1797.9000244140625,21163.3,2.8462677550838835
2021-10-28,113.4389,1801.5999755859373,21163.3,2.707738438382872
2021-10-29,114.1349,1783.0,21163.3,2.6346119443717986
2021-10-30,114.1349,1783.0,21163.3,2.678287532687518
2021-10-31,114.1349,1783.0,21163.3,2.679938640079355
2021-11-01,114.2067,1795.0999755859375,21340.1,2.666059113351283
2021-11-02,114.2847,1788.699951171875,21340.1,2.580523510927649
2021-11-03,114.3593,1763.5999755859375,21340.1,2.5875957872540134
2021-11-04,114.3558,1793.0,21340.1,2.646347185639776
2021-11-05,114.0732,1816.4000244140625,21340.1,2.669557372423926
2021-11-06,114.0732,1816.4000244140625,21340.1,2.644904300772453
2021-11-07,114.0732,1816.4000244140625,21340.1,2.6165148836988767
2021-11-08,113.8256,1827.4000244140625,21340.1,2.50232624947246
2021-11-09,113.762,1830.199951171875,21340.1,2.5430310481812515
2021-11-10,114.1484,1847.5999755859373,21340.1,2.6434271422665505
2021-11-11,114.1484,1863.199951171875,21340.1,2.61158688623972
2021-11-12,114.5144,1867.9000244140625,21340.1,2.637795266880933
2021-11-13,114.5144,1867.9000244140625,21340.1,2.624361851491789
2021-11-14,114.5144,1867.9000244140625,21340.1,2.607831475482851
2021-11-15,114.5876,1866.0999755859373,21340.1,2.6669634402337725
2021-11-16,115.136,1853.5999755859373,21340.1,2.845122910372532
2021-11-17,115.0263,1869.699951171875,21340.1,2.822627835651281
2021-11-18,115.0678,1861.0,21340.1,3.000724711724764
2021-11-19,115.2187,1851.199951171875,21340.1,2.843626412215492
2021-11-20,115.2187,1851.199951171875,21340.1,2.773146709050849
2021-11-21,115.2187,1851.199951171875,21340.1,2.825755229516841
2021-11-22,115.6481,1806.0,21340.1,2.932124629922594
2021-11-23,116.0118,1783.5,21340.1,2.8230713507106766
2021-11-24,116.2711,1784.0999755859375,21340.1,2.8645499912901053
2021-11-25,116.2711,1784.0999755859375,21340.1,2.753932651520684
2021-11-26,116.5103,1785.300048828125,21340.1,3.0198226029455264
2021-11-27,116.5103,1785.300048828125,21340.1,2.998438368912804
2021-11-28,116.5103,1785.300048828125,21340.1,2.893480654229712
2021-11-29,116.581,1782.300048828125,21340.1,2.8384110432219103
2021-11-30,116.2071,1773.5999755859375,21340.1,2.835933444839092
2021-12-01,115.889,1781.5999755859375,21502.0,2.8387277118684677
2021-12-02,116.018,1760.699951171875,21502.0,2.8884361146259896
2021-12-03,116.2377,1782.0,21502.0,3.040792090993885
2021-12-04,116.2377,1782.0,21502.0,3.251943175136175
2021-12-05,116.2377,1782.0,21502.0,3.315380806599308
2021-12-06,116.1538,1777.5,21502.0,3.243712049676032
2021-12-07,115.8555,1782.5999755859375,21502.0,3.267766326139818
2021-12-08,115.4418,1783.4000244140625,21502.0,3.225105099783904
2021-12-09,115.7784,1774.5999755859375,21502.0,3.438683994958838
2021-12-10,115.5732,1782.9000244140625,21502.0,3.532605706386062
2021-12-11,115.5732,1782.9000244140625,21502.0,3.38291634841947
2021-12-12,115.5732,1782.9000244140625,21502.0,3.342338652722426
2021-12-13,115.842,1786.300048828125,21502.0,3.628434664399095
2021-12-14,116.2397,1770.4000244140625,21502.0,3.5034534234359365
2021-12-15,116.4219,1762.5999755859375,21502.0,3.4074445005040257
2021-12-16,115.7146,1796.5999755859375,21502.0,3.490334387111792
2021-12-17,115.791,1803.800048828125,21502.0,3.553992584984573
2021-12-18,115.791,1803.800048828125,21502.0,3.475012935981097
2021-12-19,115.791,1803.800048828125,21502.0,3.4861207517177286
2021-12-20,116.0092,1793.699951171875,21502.0,3.477041447055782
2021-12-21,116.1089,1787.9000244140625,21502.0,3.3524091482140057
2021-12-22,115.7485,1801.5999755859373,21502.0,3.359202238751519
2021-12-23,115.5337,1811.199951171875,21502.0,3.2486703190769046
2021-12-24,115.5337,1811.199951171875,21502.0,3.272696980355976
2021-12-25,115.5337,1811.199951171875,21502.0,3.2580288173127907
2021-12-26,115.5337,1811.199951171875,21502.0,3.2540686647977517
2021-12-27,115.4684,1808.0999755859373,21502.0,3.2541667445832534
2021-12-28,115.4192,1810.199951171875,21502.0,3.4729247102052296
2021-12-29,115.3678,1805.0999755859373,21502.0,3.5679172666544696
2021-12-30,115.283,1812.699951171875,21502.0,3.530949398147728
2021-12-31,115.283,1827.5,21502.0,3.584572445076893
2022-01-01,115.283,1827.5,21646.4,3.482025312124832
2022-01-02,115.283,1827.5,21646.4,3.4873310131573096
2022-01-03,115.4101,1799.4000244140625,21646.4,3.534289143552607
2022-01-04,115.3103,1814.0,21646.4,3.554945175394384
2022-01-05,115.137,1824.5999755859373,21646.4,3.785333258272954
2022-01-06,115.4046,1788.699951171875,21646.4,3.819676070929813
2022-01-07,115.0451,1797.0,21646.4,4.003157303805299
2022-01-08,115.0451,1797.0,21646.4,4.032548451365134
2022-01-09,115.0451,1797.0,21646.4,3.985548295736681
2022-01-10,115.2216,1798.4000244140625,21646.4,4.045734610915531
2022-01-11,114.8332,1818.5999755859373,21646.4,3.908057976211298
2022-01-12,114.355,1827.199951171875,21646.4,3.770038907782967
2022-01-13,114.177,1821.199951171875,21646.4,3.88318023072594
2022-01-14,114.3825,1816.5,21646.4,3.8124339914651375
2022-01-15,114.3825,1816.5,21646.4,3.796031608421348
2022-01-16,114.3825,1816.5,21646.4,3.781997171079501
2022-01-17,114.3825,1816.5,21646.4,3.910274519900935
2022-01-18,114.7373,1812.300048828125,21646.4,3.9267273631305937
2022-01-19,114.6109,1843.0999755859373,21646.4,4.008278338877269
2022-01-20,114.4642,1842.5,21646.4,4.119477821629482
2022-01-21,114.6125,1831.800048828125,21646.4,4.647773944428946
2022-01-22,114.6125,1831.800048828125,21646.4,4.891333732369098
2022-01-23,114.6125,1831.800048828125,21646.4,4.680213880376598
2022-01-24,115.2034,1841.699951171875,21646.4,4.748518928401864
2022-01-25,115.1654,1852.699951171875,21646.4,4.7005515377919815
2022-01-26,115.0922,1829.9000244140625,21646.4,4.727579272786231
2022-01-27,115.978,1793.300048828125,21646.4,4.736111830458462
2022-01-28,116.0393,1784.9000244140625,21646.4,4.644710670571862
2022-01-29,116.0393,1784.9000244140625,21646.4,4.571563834110969
2022-01-30,116.0393,1784.9000244140625,21646.4,4.610054048277304
2022-01-31,115.566,1795.0,21646.4,4.522839549237655
2022-02-01,115.3685,1800.300048828125,21724.7,4.488280150418081
2022-02-02,115.1538,1809.199951171875,21724.7,4.628981704848902
2022-02-03,114.9065,1803.0,21724.7,4.577705312047455
2022-02-04,115.1362,1806.5999755859373,21724.7,4.187491020193634
2022-02-05,115.1362,1806.5999755859373,21724.7,4.157758535870472
2022-02-06,115.1362,1806.5999755859373,21724.7,4.071466121487967
2022-02-07,115.0098,1820.5999755859373,21724.7,3.925932846658883
2022-02-08,115.0892,1826.5999755859373,21724.7,3.940451460226771
2022-02-09,114.8232,1835.199951171875,21724.7,3.878203344216724
2022-02-10,114.5527,1836.199951171875,21724.7,4.0107817131658585
2022-02-11,114.8413,1840.800048828125,21724.7,4.17641651318529
2022-02-12,114.8413,1840.800048828125,21724.7,4.180418784919471
2022-02-13,114.8413,1840.800048828125,21724.7,4.231657186992435
2022-02-14,115.1946,1868.0,21724.7,4.182242458471749
2022-02-15,114.93,1854.800048828125,21724.7,3.956876733782288
2022-02-16,114.6886,1870.199951171875,21724.7,4.017325646390406
2022-02-17,114.6755,1900.699951171875,21724.7,4.313798504448604
2022-02-18,114.7982,1898.5999755859373,21724.7,4.400001940697897
2022-02-19,114.7982,1898.5999755859373,21724.7,4.407217876088379
2022-02-20,114.7982,1898.5999755859373,21724.7,4.61299102754776
2022-02-21,114.7982,1898.5999755859373,21724.7,4.791912614572
2022-02-22,114.7002,1906.0999755859373,21724.7,4.67294956117603
2022-02-23,114.6668,1909.199951171875,21724.7,4.773729105275973
2022-02-24,115.9419,1925.0999755859373,21724.7,4.7223668978367055
2022-02-25,115.2577,1886.5,21724.7,4.54194382562134
2022-02-26,115.2577,1886.5,21724.7,4.535658499875664
2022-02-27,115.2577,1886.5,21724.7,4.735615870000911
2022-02-28,115.2224,1899.4000244140625,21724.7,4.237832198147606
2022-03-01,115.7962,1942.4000244140625,21787.2,4.150556463053418
2022-03-02,115.7623,1920.9000244140625,21787.2,4.195459092263834
2022-03-03,115.9495,1934.4000244140625,21787.2,4.33325060704631
2022-03-04,116.6503,1965.0999755859373,21787.2,4.626327711309326
2022-03-05,116.6503,1965.0999755859373,21787.2,4.586351994939897
2022-03-06,116.6503,1965.0999755859373,21787.2,4.733626011872002
2022-03-07,117.3278,1993.9000244140625,21787.2,4.797573901563693
2022-03-08,117.6176,2040.0999755859373,21787.2,4.705136841945202
2022-03-09,116.5961,1985.9000244140625,21787.2,4.3950840243538405
2022-03-10,116.7401,1998.0999755859373,21787.2,4.604035615034688
2022-03-11,117.0192,1982.699951171875,21787.2,4.685590012023827
2022-03-12,117.0192,1982.699951171875,21787.2,4.675989580108932
2022-03-13,117.0192,1982.699951171875,21787.2,4.787930305799943
2022-03-14,117.1506,1959.5999755859373,21787.2,4.655071931081153
2022-03-15,117.246,1928.5,21787.2,4.669810801461926
2022-03-16,116.8073,1908.0,21787.2,4.469716627298814
2022-03-17,116.0467,1942.0999755859373,21787.2,4.460744178440425
2022-03-18,116.1378,1928.199951171875,21787.2,4.359666547301267
2022-03-19,116.1378,1928.199951171875,21787.2,4.29995250164216
2022-03-20,116.1378,1928.199951171875,21787.2,4.400979456235176
2022-03-21,115.9398,1928.5999755859373,21787.2,4.378041467254969
2022-03-22,116.0824,1920.699951171875,21787.2,4.265818771414322
2022-03-23,116.005,1936.5999755859373,21787.2,4.18828062446166
2022-03-24,115.9599,1961.5999755859373,21787.2,4.092294664733366
2022-03-25,115.7921,1953.800048828125,21787.2,4.131350935587378
2022-03-26,115.7921,1953.800048828125,21787.2,4.080869086056579
2022-03-27,115.7921,1953.800048828125,21787.2,3.905596779087962
2022-03-28,116.1911,1939.5999755859373,21787.2,3.892179245021128
2022-03-29,115.5679,1912.0,21787.2,3.83739678779792
2022-03-30,115.0818,1933.5,21787.2,3.833966452588943
2022-03-31,115.2218,1949.199951171875,21787.2,3.9468980964367217
2022-04-01,115.4814,1919.0999755859373,21767.6,3.844815911688611
2022-04-02,115.4814,1919.0999755859373,21767.6,3.866666248423796
2022-04-03,115.4814,1919.0999755859373,21767.6,3.8021904226777625
2022-04-04,115.4112,1929.199951171875,21767.6,3.814381806670107
2022-04-05,115.73,1922.9000244140625,21767.6,3.9623866406090578
2022-04-06,115.9995,1918.4000244140625,21767.6,4.220727443210529
2022-04-07,116.3512,1933.800048828125,21767.6,4.15429413804449
2022-04-08,116.4176,1941.5999755859373,21767.6,4.274003714649066
2022-04-09,116.4176,1941.5999755859373,21767.6,4.211114363902451
2022-04-10,116.4176,1941.5999755859373,21767.6,4.282889792722522
2022-04-11,116.5401,1944.300048828125,21767.6,4.575099373156488
2022-04-12,116.3866,1972.0999755859373,21767.6,4.489478104670323
2022-04-13,116.2796,1981.0,21767.6,4.383578793116992
2022-04-14,116.7558,1970.9000244140625,21767.6,4.500711521324365
2022-04-15,116.7017,1970.9000244140625,21767.6,4.438968241516873
2022-04-16,116.7017,1970.9000244140625,21767.6,4.438742776104355
2022-04-17,116.7017,1970.9000244140625,21767.6,4.53955651393208
2022-04-18,116.8441,1982.9000244140625,21767.6,4.429907834922169
2022-04-19,117.1324,1955.699951171875,21767.6,4.352440205893568
2022-04-20,116.7306,1952.300048828125,21767.6,4.377649872014762
2022-04-21,117.1432,1944.9000244140625,21767.6,4.487282313034026
2022-04-22,118.0186,1931.0,21767.6,4.529661497935494
2022-04-23,118.0186,1931.0,21767.6,4.5703903851586665
2022-04-24,118.0186,1931.0,21767.6,4.584155302699489
2022-04-25,118.6271,1893.199951171875,21767.6,4.490097173152821
2022-04-26,118.9624,1901.4000244140625,21767.6,4.75634252312253
2022-04-27,119.4708,1885.9000244140625,21767.6,4.640632141542605
2022-04-28,120.0675,1888.699951171875,21767.6,4.594624113095648
2022-04-29,119.4933,1909.300048828125,21767.6,4.745174755133895
2022-04-30,119.4933,1909.300048828125,21767.6,4.919044832021175
2022-05-01,119.4933,1909.300048828125,21717.4,4.792740224290033
2022-05-02,119.8825,1861.800048828125,21717.4,4.785249993618248
2022-05-03,119.7043,1868.800048828125,21717.4,4.8659062518929925
2022-05-04,119.5592,1867.0,21717.4,4.601900713337889
2022-05-05,120.0068,1874.0,21717.4,4.9534170337405765
2022-05-06,119.8577,1881.199951171875,21717.4,5.013417517852044
2022-05-07,119.8577,1881.199951171875,21717.4,5.116785410559739
2022-05-08,119.8577,1881.199951171875,21717.4,5.293014790212999
2022-05-09,120.4972,1857.0999755859373,21717.4,6.044387499236151
2022-05-10,120.7742,1839.9000244140625,21717.4,5.841961774741852
2022-05-11,120.3925,1852.5999755859373,21717.4,6.477385662678567
2022-05-12,121.2796,1823.800048828125,21717.4,6.634544937010261
2022-05-13,120.8442,1807.4000244140625,21717.4,6.560414762677823
2022-05-14,120.8442,1807.4000244140625,21717.4,6.134922145548254
2022-05-15,120.8442,1807.4000244140625,21717.4,5.894076666666709
2022-05-16,120.6881,1813.5,21717.4,6.211043040578752
2022-05-17,119.8871,1818.199951171875,21717.4,6.054602327878305
2022-05-18,120.0274,1815.9000244140625,21717.4,6.473443087240541
2022-05-19,119.4278,1841.199951171875,21717.4,5.949164111209488
2022-05-20,119.3677,1841.800048828125,21717.4,6.127541034753317
2022-05-21,119.3677,1841.800048828125,21717.4,6.06204218172031
2022-05-22,119.3677,1841.800048828125,21717.4,5.917196897921199
2022-05-23,118.7169,1847.800048828125,21717.4,6.121469679938606
2022-05-24,118.6245,1865.0999755859373,21717.4,6.0393291872057056
2022-05-25,118.9598,1846.199951171875,21717.4,6.09077603493728
2022-05-26,118.7687,1847.4000244140625,21717.4,6.326534740667218
2022-05-27,118.2834,1851.300048828125,21717.4,6.470362228235316
2022-05-28,118.2834,1851.300048828125,21717.4,6.329337898220677
2022-05-29,118.2834,1851.300048828125,21717.4,6.258978208732846
2022-05-30,118.2834,1851.300048828125,21717.4,5.824644016841961
2022-05-31,118.0704,1842.699951171875,21717.4,5.852519247837122
2022-06-01,118.6954,1843.300048828125,21646.7,6.219200463682389
2022-06-02,118.0658,1866.5,21646.7,6.109057774599916
2022-06-03,118.2153,1845.4000244140625,21646.7,6.27948975526856
2022-06-04,118.2153,1845.4000244140625,21646.7,6.231920014627819
2022-06-05,118.2153,1845.4000244140625,21646.7,6.236279039435491
2022-06-06,118.3081,1839.199951171875,21646.7,6.025350830413533
2022-06-07,118.4414,1847.5,21646.7,6.101024220398102
2022-06-08,118.3951,1851.9000244140625,21646.7,5.953149052956664
2022-06-09,118.9226,1848.800048828125,21646.7,5.96017965534574
2022-06-10,119.9981,1871.5,21646.7,6.217393446927288
2022-06-11,119.9981,1871.5,21646.7,6.477503851447529
2022-06-12,119.9981,1871.5,21646.7,6.869535782855579
2022-06-13,121.1523,1828.0,21646.7,7.840224432654706
2022-06-14,121.6669,1809.5,21646.7,7.869402692694277
2022-06-15,121.6403,1815.300048828125,21646.7,7.640176970849219
2022-06-16,120.6714,1845.699951171875,21646.7,8.412376229838134
2022-06-17,121.2369,1835.5999755859373,21646.7,8.32405659180756
2022-06-18,121.2369,1835.5999755859373,21646.7,8.840705929016138
2022-06-19,121.2369,1835.5999755859373,21646.7,8.215920426751927
2022-06-20,121.2369,1835.5999755859373,21646.7,8.174144290312697
2022-06-21,120.6427,1834.5999755859373,21646.7,8.09631764613093
2022-06-22,120.5197,1834.300048828125,21646.7,7.91399926473747
2022-06-23,120.7622,1825.699951171875,21646.7,7.416763544573707
2022-06-24,120.4853,1826.5,21646.7,7.170100789422416
2022-06-25,120.4853,1826.5,21646.7,7.08467992941966
2022-06-26,120.4853,1826.5,21646.7,7.269334349583271
2022-06-27,120.1736,1820.9000244140625,21646.7,7.336563122419136
2022-06-28,120.62,1817.5,21646.7,7.549497782724919
2022-06-29,120.9616,1813.699951171875,21646.7,7.633094243602359
2022-06-30,120.9652,1804.0999755859373,21646.7,7.713199436442785
2022-07-01,121.5058,1798.9000244140625,21649.2,7.891102728899256
2022-07-02,121.5058,1798.9000244140625,21649.2,7.871817987771619
2022-07-03,121.5058,1798.9000244140625,21649.2,7.860960020353208
2022-07-04,121.5058,1798.9000244140625,21649.2,7.532276285733213
2022-07-05,122.6203,1761.800048828125,21649.2,7.585856420912631
2022-07-06,123.0073,1734.9000244140625,21649.2,7.42358665063903
2022-07-07,122.7257,1737.9000244140625,21649.2,7.153279519531516
2022-07-08,122.4662,1740.5999755859375,21649.2,7.19813921290122
2022-07-09,122.4662,1740.5999755859375,21649.2,7.086354049049282
2022-07-10,122.4662,1740.5999755859375,21649.2,7.3131237494391
2022-07-11,123.2974,1730.0,21649.2,7.630651484169154
2022-07-12,123.4524,1723.300048828125,21649.2,7.859117208092127
2022-07-13,123.2834,1734.199951171875,21649.2,7.524202149751161
2022-07-14,124.0622,1704.5,21649.2,7.304366423665044
2022-07-15,123.4765,1702.4000244140625,21649.2,7.216874666149053
2022-07-16,123.4765,1702.4000244140625,21649.2,6.974838426161033
2022-07-17,123.4765,1702.4000244140625,21649.2,7.0832243303217926
2022-07-18,122.7727,1709.199951171875,21649.2,6.5098583044433225
2022-07-19,122.4819,1710.0,21649.2,6.377925503057523
2022-07-20,122.5997,1699.5,21649.2,6.46976372254902
2022-07-21,122.9032,1712.699951171875,21649.2,6.407527102330097
2022-07-22,122.451,1727.0999755859375,21649.2,6.557457288118812
2022-07-23,122.451,1727.0999755859375,21649.2,6.533624776435644
2022-07-24,122.451,1727.0999755859375,21649.2,6.455220877352941
2022-07-25,122.4594,1719.0,21649.2,6.887094068828452
2022-07-26,122.7581,1717.699951171875,21649.2,6.880035122675027
2022-07-27,122.8169,1719.0999755859375,21649.2,6.394082995728155
2022-07-28,122.1161,1750.300048828125,21649.2,6.154374982803739
2022-07-29,121.7678,1762.9000244140625,21649.2,6.098243527222222
2022-07-30,121.7678,1762.9000244140625,21649.2,6.154374982803739
2022-07-31,121.7678,1762.9000244140625,21649.2,6.212994153867925
2022-08-01,121.4109,1769.0,21641.9,6.272228232666667
2022-08-02,121.9486,1771.0999755859375,21641.9,6.3313985589423085
2022-08-03,122.3888,1758.0,21641.9,6.331588485769231
2022-08-04,121.8333,1788.5,21641.9,6.331588485769231
2022-08-05,122.321,1772.9000244140625,21641.9,6.151271515
2022-08-06,122.321,1772.9000244140625,21641.9,6.267959906037736
2022-08-07,122.321,1772.9000244140625,21641.9,6.209380841495327
2022-08-08,121.8783,1786.800048828125,21641.9,6.040215254272727
2022-08-09,121.8614,1794.0,21641.9,6.209070437663551
2022-08-10,120.7543,1795.5999755859375,21641.9,5.932176339642857
2022-08-11,120.7163,1789.699951171875,21641.9,5.93300667
2022-08-12,121.018,1798.5999755859375,21641.9,5.829093640087719
2022-08-13,121.018,1798.5999755859375,21641.9,5.777654961826087
2022-08-14,121.018,1798.5999755859375,21641.9,5.829151908859649
2022-08-15,121.4315,1781.4000244140625,21641.9,5.9312867
2022-08-16,121.6807,1773.199951171875,21641.9,5.931998411696428
2022-08-17,122.0711,1760.300048828125,21641.9,6.09416747293578
2022-08-18,122.3627,1755.300048828125,21641.9,6.151333020925926
2022-08-19,123.0501,1747.5999755859375,21641.9,6.777799986632653
2022-08-20,123.0501,1747.5999755859375,21641.9,6.758060993794507
2022-08-21,123.0501,1747.5999755859375,21641.9,6.6434396626
2022-08-22,123.605,1734.0,21641.9,6.6419782812
2022-08-23,123.0547,1746.800048828125,21641.9,6.576018813861387
2022-08-24,123.109,1747.800048828125,21641.9,6.575953045049506
2022-08-25,123.0586,1757.699951171875,21641.9,6.511808536960784
2022-08-26,123.0656,1736.0999755859375,21641.9,6.976937718172269
2022-08-27,123.0656,1736.0999755859375,21641.9,7.028196983174603
2022-08-28,123.0656,1736.0999755859375,21641.9,7.202024513232104
2022-08-29,123.4686,1736.5999755859375,21641.9,6.897465192107996
2022-08-30,123.6848,1723.199951171875,21641.9,7.019941136257928
2022-08-31,123.535,1712.800048828125,21641.9,6.961212935115305
2022-09-01,124.4006,1696.5999755859375,21541.3,6.8966376204569055
2022-09-02,123.7743,1709.800048828125,21541.3,6.948301379811715
2022-09-03,123.7743,1709.800048828125,21541.3,6.976670183604226
2022-09-04,123.7743,1709.800048828125,21541.3,6.907066308862948
2022-09-05,123.7743,1709.800048828125,21541.3,6.896354884159615
2022-09-06,124.767,1700.4000244140625,21541.3,7.26929372327087
2022-09-07,124.8408,1715.300048828125,21541.3,7.048038821218373
2022-09-08,124.578,1708.0,21541.3,7.017542325058586
2022-09-09,123.7874,1716.199951171875,21541.3,6.584612971960256
2022-09-10,123.7874,1716.199951171875,21541.3,6.488328139443472
2022-09-11,123.7874,1716.199951171875,21541.3,6.476412477611563
2022-09-12,123.3332,1728.0999755859375,21541.3,6.445878423885223
2022-09-13,124.4242,1705.0,21541.3,6.979656344063639
2022-09-14,124.4509,1696.5,21541.3,6.890390523430775
2022-09-15,124.8843,1665.4000244140625,21541.3,7.176883427959892
2022-09-16,124.8794,1671.699951171875,21541.3,7.182620502023601
2022-09-17,124.8794,1671.699951171875,21541.3,7.0571119085908265
2022-09-18,124.8794,1671.699951171875,21541.3,7.421806619516285
2022-09-19,125.0104,1666.199951171875,21541.3,7.319976020001713
2022-09-20,125.1248,1659.699951171875,21541.3,7.509834527210399
2022-09-21,125.7399,1664.5999755859375,21541.3,7.695762158068484
2022-09-22,126.1667,1670.800048828125,21541.3,7.337048977582375
2022-09-23,127.2853,1645.300048828125,21541.3,7.329835388450065
2022-09-24,127.2853,1645.300048828125,21541.3,7.43177207934149
2022-09-25,127.2853,1645.300048828125,21541.3,7.490028651332365
2022-09-26,128.4539,1623.300048828125,21541.3,7.530187260594769
2022-09-27,128.4386,1626.699951171875,21541.3,7.589313897973445
2022-09-28,128.0884,1660.4000244140625,21541.3,7.511528113273215
2022-09-29,127.5437,1658.5,21541.3,7.455118355475081
2022-09-30,127.5148,1662.4000244140625,21541.3,7.508974764727255
2022-10-01,127.5148,1662.4000244140625,21464.1,7.55548796182099
2022-10-02,127.5148,1662.4000244140625,21464.1,7.676108193641985
2022-10-03,127.0813,1692.9000244140625,21464.1,7.49621014020417
2022-10-04,126.1819,1721.0999755859375,21464.1,7.296188189168666
2022-10-05,126.8616,1711.4000244140625,21464.1,7.357919749995741
2022-10-06,127.2493,1711.699951171875,21464.1,7.427600181906119
2022-10-07,127.3111,1700.5,21464.1,7.528854441086002
2022-10-08,127.3111,1700.5,21464.1,7.578219304719143
2022-10-09,127.3111,1700.5,21464.1,7.546085504577292
2022-10-10,127.3111,1667.300048828125,21464.1,7.714415017692107
2022-10-11,127.6641,1678.699951171875,21464.1,7.762583437148597
2022-10-12,128.1481,1670.300048828125,21464.1,7.727055548492117
2022-10-13,127.7286,1670.0,21464.1,7.713564708810158
2022-10-14,128.3325,1641.699951171875,21464.1,7.7514000593861345
2022-10-15,128.3325,1641.699951171875,21464.1,7.813902509732527
2022-10-16,128.3325,1641.699951171875,21464.1,7.725624931684699
2022-10-17,127.6448,1657.0,21464.1,7.621291204343085
2022-10-18,127.9153,1649.0,21464.1,7.709687301425652
2022-10-19,128.3968,1627.5,21464.1,7.822811994010303
2022-10-20,128.0052,1630.800048828125,21464.1,7.864696184506058
2022-10-21,127.6735,1651.0,21464.1,7.807990347793208
2022-10-22,127.6735,1651.0,21464.1,7.774438011147816
2022-10-23,127.6735,1651.0,21464.1,7.617007089590007
2022-10-24,128.0304,1648.699951171875,21464.1,7.708339884112562
2022-10-25,127.3771,1652.800048828125,21464.1,7.376612323940426
2022-10-26,126.4723,1664.0,21464.1,7.144217285198231
2022-10-27,126.7028,1660.699951171875,21464.1,7.31969817985957
2022-10-28,127.2135,1639.5999755859375,21464.1,7.174401932718977
2022-10-29,127.2135,1639.5999755859375,21464.1,7.024241029042666
2022-10-30,127.2135,1639.5999755859375,21464.1,7.103191607805487
2022-10-31,127.6219,1635.9000244140625,21464.1,7.147472683859811
2022-11-01,127.3987,1645.0,21409.4,7.13584355358057
2022-11-02,127.3115,1645.699951171875,21409.4,7.290995007693217
2022-11-03,128.1743,1627.300048828125,21409.4,7.248280750140513
2022-11-04,127.1468,1672.5,21409.4,6.868322322199696
2022-11-05,127.1468,1672.5,21409.4,6.867290332352718
2022-11-06,127.1468,1672.5,21409.4,7.064671300259271
2022-11-07,126.3062,1676.5,21409.4,7.130366920014958
2022-11-08,125.633,1712.0999755859375,21409.4,7.933630680622413
2022-11-09,125.9861,1710.0999755859375,21409.4,9.278929643816651
2022-11-10,124.7044,1750.300048828125,21409.4,8.109370429186589
2022-11-11,124.7044,1766.0,21409.4,8.31034151466895
2022-11-12,124.7044,1766.0,21409.4,8.364273812946077
2022-11-13,124.7044,1766.0,21409.4,8.483071664295043
2022-11-14,123.4277,1773.5999755859375,21409.4,8.356269695453898
2022-11-15,123.039,1773.800048828125,21409.4,8.229220512903483
2022-11-16,123.2817,1773.0,21409.4,8.356776287407069
2022-11-17,123.977,1760.800048828125,21409.4,8.373405510138747
2022-11-18,123.8524,1751.9000244140625,21409.4,8.346870000134942
2022-11-19,123.8524,1751.9000244140625,21409.4,8.334261024569804
2022-11-20,123.8524,1751.9000244140625,21409.4,8.611762946964362
2022-11-21,124.7009,1737.4000244140625,21409.4,8.839792578420855
2022-11-22,124.2365,1738.300048828125,21409.4,8.574971466458582
2022-11-23,123.7574,1744.9000244140625,21409.4,8.30326823281888
2022-11-24,123.7574,1744.9000244140625,21409.4,8.25375788889769
2022-11-25,123.3386,1753.300048828125,21409.4,8.284962931399646
2022-11-26,123.3386,1753.300048828125,21409.4,8.266105483786285
2022-11-27,123.3386,1753.300048828125,21409.4,8.270814352283294
2022-11-28,123.6032,1740.0999755859375,21409.4,8.4281741581719
2022-11-29,123.6615,1748.4000244140625,21409.4,8.28906116605009
2022-11-30,123.5175,1746.0,21409.4,7.967500956352926
2022-12-01,122.0045,1801.0999755859375,21293.1,8.066460645639376
2022-12-02,122.0102,1795.9000244140625,21293.1,8.000505245856647
2022-12-03,122.0102,1795.9000244140625,21293.1,8.165693871268074
2022-12-04,122.0102,1795.9000244140625,21293.1,8.043129341145871
2022-12-05,122.6384,1767.4000244140625,21293.1,8.119139148647415
2022-12-06,123.0191,1769.300048828125,21293.1,8.095713489355706
2022-12-07,122.7608,1785.5,21293.1,8.268978387073025
2022-12-08,122.4152,1788.699951171875,21293.1,8.069285948745367
2022-12-09,122.4201,1798.0999755859375,21293.1,8.123177543621516
2022-12-10,122.4201,1798.0999755859375,21293.1,8.126664958936706
2022-12-11,122.4201,1798.0999755859375,21293.1,8.155775308748934
2022-12-12,122.7714,1780.5,21293.1,8.144284108889671
2022-12-13,121.8493,1813.9000244140625,21293.1,7.949569052845791
2022-12-14,121.8226,1807.5,21293.1,8.002829764021516
2022-12-15,122.5519,1777.199951171875,21293.1,8.190024884211102
2022-12-16,122.6505,1790.0,21293.1,8.703160942730442
2022-12-17,122.6505,1790.0,21293.1,8.583349759530707
2022-12-18,122.6505,1790.0,21293.1,8.61552492260916
2022-12-19,122.5275,1787.699951171875,21293.1,8.802396642811752
2022-12-20,122.1357,1815.9000244140625,21293.1,8.578789451001018
2022-12-21,122.2828,1815.9000244140625,21293.1,8.612231317195072
2022-12-22,122.2419,1787.0,21293.1,8.609195964159802
2022-12-23,121.9743,1795.9000244140625,21293.1,8.604681710753649
2022-12-24,121.9743,1795.9000244140625,21293.1,8.60618589734535
2022-12-25,121.9743,1795.9000244140625,21293.1,8.605089450491876
2022-12-26,121.9743,1795.9000244140625,21293.1,8.554708591813844
2022-12-27,121.7539,1814.800048828125,21293.1,8.627203725645614
2022-12-28,122.0075,1807.9000244140625,21293.1,8.76297128491136
2022-12-29,121.6577,1819.5,21293.1,8.754569509140895
2022-12-30,121.4256,1819.699951171875,21293.1,8.75336463518179
2022-12-31,121.4256,1819.699951171875,21293.1,8.777332283435737
2023-01-01,121.4256,1819.699951171875,21274.0,8.760582917675949
2023-01-02,121.4256,1819.699951171875,21274.0,8.649614420759821
2023-01-03,122.0905,1839.699951171875,21274.0,8.641553345880022
2023-01-04,121.5008,1852.800048828125,21274.0,8.489403322473564
2023-01-05,122.1017,1834.800048828125,21274.0,8.543372953319315
2023-01-06,121.0852,1864.199951171875,21274.0,8.446779741738284
2023-01-07,121.0852,1864.199951171875,21274.0,8.456866957833444
2023-01-08,121.0852,1864.199951171875,21274.0,8.327675002475319
2023-01-09,120.1508,1872.699951171875,21274.0,8.217818380395471
2023-01-10,120.2483,1871.5999755859373,21274.0,8.116094713200392
2023-01-11,120.1614,1874.5999755859373,21274.0,7.90474064333219
2023-01-12,119.4218,1895.5,21274.0,7.678889423070203
2023-01-13,119.1673,1918.4000244140625,21274.0,7.387815770932152
2023-01-14,119.1673,1918.4000244140625,21274.0,7.066237130900725
2023-01-15,119.1673,1918.4000244140625,21274.0,7.067766047828666
2023-01-16,119.1673,1918.4000244140625,21274.0,7.010884810211985
2023-01-17,119.2121,1907.199951171875,21274.0,7.048089797968526
2023-01-18,119.0755,1904.4000244140625,21274.0,7.2475532165945395
2023-01-19,119.6107,1922.0999755859373,21274.0,7.102562730243252
2023-01-20,119.3486,1926.4000244140625,21274.0,6.677883399769763
2023-01-21,119.3486,1926.4000244140625,21274.0,6.719544625069284
2023-01-22,119.3486,1926.4000244140625,21274.0,6.726589434916293
2023-01-23,119.1434,1927.0999755859373,21274.0,6.670546281173055
2023-01-24,119.0958,1933.9000244140625,21274.0,6.846938405894354
2023-01-25,118.9686,1941.199951171875,21274.0,6.68359172038489
2023-01-26,119.021,1929.0999755859373,21274.0,6.7144781922965855
2023-01-27,118.9223,1928.5999755859373,21274.0,6.691954174874583
2023-01-28,118.9223,1928.5999755859373,21274.0,6.755411631858556
2023-01-29,118.9223,1928.5999755859373,21274.0,6.577926597698075
2023-01-30,118.8953,1922.9000244140625,21274.0,6.843149744401024
2023-01-31,118.9802,1929.5,21274.0,6.749710485484864
2023-02-01,118.6259,1927.800048828125,21240.2,6.5787776100049085
2023-02-02,118.3421,1916.300048828125,21240.2,6.620103468481169
2023-02-03,119.5095,1862.9000244140625,21240.2,6.571276208705029
2023-02-04,119.5095,1862.9000244140625,21240.2,6.568844814926209
2023-02-05,119.5095,1862.9000244140625,21240.2,6.700869619611509
2023-02-06,120.541,1866.199951171875,21240.2,6.76332681110527
2023-02-07,120.3475,1871.699951171875,21240.2,6.583065335916618
2023-02-08,120.1436,1877.4000244140625,21240.2,6.654730989127334
2023-02-09,119.9781,1866.199951171875,21240.2,7.041778850645057
2023-02-10,120.1419,1862.800048828125,21240.2,7.089882574119237
2023-02-11,120.1419,1862.800048828125,21240.2,7.024562907350183
2023-02-12,120.1419,1862.800048828125,21240.2,7.065095591295136
2023-02-13,119.9828,1851.9000244140625,21240.2,7.126901471987858
2023-02-14,119.9229,1854.0,21240.2,6.973755736421686
2023-02-15,120.4557,1834.199951171875,21240.2,6.546917334132576
2023-02-16,120.4651,1842.0,21240.2,6.801999950506531
2023-02-17,120.5526,1840.4000244140625,21240.2,6.568548728338551
2023-02-18,120.5526,1840.4000244140625,21240.2,6.5768856358137535
2023-02-19,120.5526,1840.4000244140625,21240.2,6.615079975927032
2023-02-20,120.5526,1840.4000244140625,21240.2,6.501951351044083
2023-02-21,120.6256,1833.0,21240.2,6.613835646946288
2023-02-22,120.8389,1832.0,21240.2,6.677867833471485
2023-02-23,121.0896,1818.0,21240.2,6.725673600934133
2023-02-24,121.5681,1808.800048828125,21240.2,6.934501239509089
2023-02-25,121.5681,1808.800048828125,21240.2,6.976709833888656
2023-02-26,121.5681,1808.800048828125,21240.2,6.8525442113175865
2023-02-27,121.3941,1817.0,21240.2,6.872376987220287
2023-02-28,121.3341,1828.9000244140625,21240.2,6.990332866998883
2023-03-01,120.6347,1837.699951171875,20942.3,6.821445414009795
2023-03-02,121.1302,1833.5,20942.3,6.902276155680173
2023-03-03,120.7742,1847.699951171875,20942.3,7.183831860757153
2023-03-04,120.7742,1847.699951171875,20942.3,7.251606827429248
2023-03-05,120.7742,1847.699951171875,20942.3,7.233594196227274
2023-03-06,120.485,1847.9000244140625,20942.3,7.244223857379768
2023-03-07,121.4623,1813.9000244140625,20942.3,7.314880741789732
2023-03-08,121.4511,1812.699951171875,20942.3,7.4938388503501026
2023-03-09,121.4458,1829.300048828125,20942.3,7.885387088852442
2023-03-10,121.2421,1862.0,20942.3,7.928269556169966
2023-03-11,121.2421,1862.0,20942.3,7.860221867953425
2023-03-12,121.2421,1862.0,20942.3,7.39483074237824
2023-03-13,120.8897,1911.699951171875,20942.3,6.99097681043648
2023-03-14,121.0141,1906.199951171875,20942.3,6.879557357952919
2023-03-15,122.1079,1926.5999755859373,20942.3,7.1496436880661225
2023-03-16,121.7221,1919.0,20942.3,7.041100161967963
2023-03-17,121.5643,1969.800048828125,20942.3,6.643098823702415
2023-03-18,121.5643,1969.800048828125,20942.3,6.86039055178636
2023-03-19,121.5643,1969.800048828125,20942.3,6.696634594692672
2023-03-20,121.0141,1979.199951171875,20942.3,6.794189368499456
2023-03-21,120.8958,1938.0,20942.3,6.68017258181685
2023-03-22,120.6217,1946.800048828125,20942.3,6.934043332531379
2023-03-23,119.7587,1993.800048828125,20942.3,6.704569091571353
2023-03-24,120.4598,1982.0999755859373,20942.3,7.008856301640909
2023-03-25,120.4598,1982.0999755859373,20942.3,7.085787396811551
2023-03-26,120.4598,1982.0999755859373,20942.3,6.959771362679628
2023-03-27,120.2541,1952.4000244140625,20942.3,7.177381300420454
2023-03-28,119.7138,1972.4000244140625,20942.3,7.115381620486783
2023-03-29,119.7258,1966.0999755859373,20942.3,6.9180934080844745
2023-03-30,119.4078,1980.300048828125,20942.3,6.98217820268824
2023-03-31,119.3602,1969.0,20942.3,6.908610892244435
2023-04-01,119.3602,1969.0,20758.3,6.9250801324954825
2023-04-02,119.3602,1969.0,20758.3,6.985606867818617
2023-04-03,119.3204,1983.9000244140625,20758.3,7.028580037454465
2023-04-04,119.142,2022.199951171875,20758.3,6.938004118488829
2023-04-05,119.2953,2020.9000244140625,20758.3,6.900014097934072
2023-04-06,119.3072,2011.9000244140625,20758.3,7.003778466493634
2023-04-07,119.3547,2011.9000244140625,20758.3,7.019410245892092
2023-04-08,119.3547,2011.9000244140625,20758.3,7.035276040467226
2023-04-09,119.3547,2011.9000244140625,20758.3,6.973952337009839
2023-04-10,119.7948,1989.0999755859373,20758.3,6.760767526002185
2023-04-11,119.5248,2004.800048828125,20758.3,6.716735050861919
2023-04-12,119.003,2010.9000244140625,20758.3,6.748567541133626
2023-04-13,118.3915,2041.300048828125,20758.3,6.604791540082135
2023-04-14,118.8567,2002.199951171875,20758.3,6.528186234930204
2023-04-15,118.8567,2002.199951171875,20758.3,6.553131163759021
2023-04-16,118.8567,2002.199951171875,20758.3,6.51220059741214
2023-04-17,119.2787,1994.199951171875,20758.3,6.671192369822265
2023-04-18,119.1049,2007.4000244140625,20758.3,6.529826093103855
2023-04-19,119.303,1995.199951171875,20758.3,6.916572249904268
2023-04-20,119.1199,2007.5999755859373,20758.3,7.030531175194592
2023-04-21,119.3117,1979.5,20758.3,7.289120685499396
2023-04-22,119.3117,1979.5,20758.3,7.159540144974683
2023-04-23,119.3117,1979.5,20758.3,7.214426360563353
2023-04-24,119.2039,1989.0999755859373,20758.3,7.249208066708254
2023-04-25,119.613,1994.0,20758.3,7.109222633698971
2023-04-26,119.3228,1985.699951171875,20758.3,7.1308530723362615
2023-04-27,119.4298,1989.9000244140625,20758.3,6.95829810862692
2023-04-28,119.2248,1990.0999755859373,20758.3,6.9947881453990295
2023-04-29,119.2248,1990.0999755859373,20758.3,7.00104602147045
2023-04-30,119.2248,1990.0999755859373,20758.3,7.0297775823939865
2023-05-01,119.4435,1983.4000244140625,20829.6,7.232147380629954
2023-05-02,119.6105,2014.300048828125,20829.6,7.12540536657936
2023-05-03,119.1233,2028.5999755859373,20829.6,7.044671156335516
2023-05-04,119.0465,2048.0,20829.6,7.118799107674071
2023-05-05,118.5548,2017.4000244140625,20829.6,6.936970777845075
2023-05-06,118.5548,2017.4000244140625,20829.6,7.120996006636872
2023-05-07,118.5548,2017.4000244140625,20829.6,7.185744467149041
2023-05-08,118.5759,2026.300048828125,20829.6,7.372130737449773
2023-05-09,118.8239,2036.199951171875,20829.6,7.403477252245602
2023-05-10,118.5864,2030.5,20829.6,7.402775487773925
2023-05-11,119.0303,2014.699951171875,20829.6,7.591891580170011
2023-05-12,119.3671,2014.5,20829.6,7.58591130214029
2023-05-13,119.3671,2014.5,20829.6,7.62022413003184
2023-05-14,119.3671,2014.5,20829.6,7.59220382208038
2023-05-15,119.1608,2018.0,20829.6,7.532607486103629
2023-05-16,119.1743,1988.4000244140625,20829.6,7.570661315200933
2023-05-17,119.607,1980.699951171875,20829.6,7.512326235616944
2023-05-18,120.0886,1956.5,20829.6,7.622027411648139
2023-05-19,119.7751,1978.699951171875,20829.6,7.596097231711904
2023-05-20,119.7751,1978.699951171875,20829.6,7.557428094952147
2023-05-21,119.7751,1978.699951171875,20829.6,7.658139964850211
2023-05-22,120.0875,1974.800048828125,20829.6,7.625370753845441
2023-05-23,120.3204,1972.4000244140625,20829.6,7.531922070560102
2023-05-24,120.4752,1962.800048828125,20829.6,7.757097547940472
2023-05-25,120.8413,1943.0999755859373,20829.6,7.736906650639276
2023-05-26,120.6304,1944.0999755859373,20829.6,7.6699317878779425
2023-05-27,120.6304,1944.0999755859373,20829.6,7.643699262599686
2023-05-28,120.6304,1944.0999755859373,20829.6,7.380863647802682
2023-05-29,120.6304,1944.0999755859373,20829.6,7.445645559018335
2023-05-30,120.5546,1958.0,20829.6,7.430174023202101
2023-05-31,120.9662,1963.9000244140625,20829.6,7.5506512579848275
2023-06-01,120.0491,1978.0,20798.9,7.620749085339834
2023-06-02,120.0049,1952.4000244140625,20798.9,7.491138137044914
2023-06-03,120.0049,1952.4000244140625,20798.9,7.520964866320918
2023-06-04,120.0049,1952.4000244140625,20798.9,7.514480226065869
2023-06-05,120.0048,1958.0,20798.9,7.886088478252494
2023-06-06,119.9718,1965.5,20798.9,7.583345252821772
2023-06-07,119.859,1942.699951171875,20798.9,7.833644001329604
2023-06-08,119.5712,1963.5999755859373,20798.9,7.790292660869752
2023-06-09,119.4322,1962.199951171875,20798.9,7.821362093876444
2023-06-10,119.4322,1962.199951171875,20798.9,8.156907874774154
2023-06-11,119.4322,1962.199951171875,20798.9,8.145420984172128
2023-06-12,119.6376,1955.300048828125,20798.9,8.157231327869335
2023-06-13,119.1899,1944.5999755859373,20798.9,8.146842514137258
2023-06-14,118.776,1955.300048828125,20798.9,8.412940097805151
2023-06-15,118.5521,1957.800048828125,20798.9,8.32237205364752
2023-06-16,118.4184,1958.4000244140625,20798.9,8.129800420398839
2023-06-17,118.4184,1958.4000244140625,20798.9,8.068833732549647
2023-06-18,118.4184,1958.4000244140625,20798.9,8.077240308088548
2023-06-19,118.4184,1958.4000244140625,20798.9,7.976238073736807
2023-06-20,118.938,1935.5,20798.9,7.683287727961427
2023-06-21,118.727,1933.300048828125,20798.9,7.334221282706014
2023-06-22,118.7552,1912.699951171875,20798.9,7.372736824318382
2023-06-23,119.152,1919.0999755859373,20798.9,7.221547523993746
2023-06-24,119.152,1919.0999755859373,20798.9,7.272973581916478
2023-06-25,119.152,1919.0999755859373,20798.9,7.249067997617168
2023-06-26,119.0761,1923.699951171875,20798.9,7.323358532763001
2023-06-27,118.8949,1914.0,20798.9,7.233396865593961
2023-06-28,119.3382,1912.300048828125,20798.9,7.414730201041478
2023-06-29,119.527,1909.199951171875,20798.9,7.330428017254861
2023-06-30,119.3606,1921.0999755859373,20798.9,7.210003357294747
2023-07-01,119.3606,1921.0999755859373,20792.2,7.181305840336613
2023-07-02,119.3606,1921.0999755859373,20792.2,7.160949708904985
2023-07-03,119.2119,1921.699951171875,20792.2,7.074461634600807
2023-07-04,119.2119,1921.699951171875,20792.2,7.151478919633149
2023-07-05,119.3483,1919.5999755859373,20792.2,7.2266465578359265
2023-07-06,119.8193,1908.699951171875,20792.2,7.389782465241307
2023-07-07,119.0761,1926.199951171875,20792.2,7.291917339739042
2023-07-08,119.0761,1926.199951171875,20792.2,7.301450079246987
2023-07-09,119.0761,1926.199951171875,20792.2,7.325971436738983
2023-07-10,118.9548,1925.0,20792.2,7.261268058010602
2023-07-11,118.7344,1931.300048828125,20792.2,7.229716362771223
2023-07-12,117.6385,1956.199951171875,20792.2,7.26814916822628
2023-07-13,117.1831,1959.199951171875,20792.2,6.837947810522215
2023-07-14,117.0463,1960.0999755859373,20792.2,7.082821236309973
2023-07-15,117.0463,1960.0999755859373,20792.2,7.104533232634107
2023-07-16,117.0463,1960.0999755859373,20792.2,7.134166157646139
2023-07-17,117.1267,1952.4000244140625,20792.2,7.150358041329776
2023-07-18,117.0264,1977.199951171875,20792.2,7.216074117106023
2023-07-19,117.3462,1977.5,20792.2,7.189254457559688
2023-07-20,117.5947,1968.300048828125,20792.2,7.19775040343142
2023-07-21,117.9418,1964.300048828125,20792.2,7.188221544468963
2023-07-22,117.9418,1964.300048828125,20792.2,7.253233980497079
2023-07-23,117.9418,1964.300048828125,20792.2,7.183708576943379
2023-07-24,117.8124,1960.300048828125,20792.2,7.371360236304822
2023-07-25,117.8565,1962.0999755859373,20792.2,7.355468727749413
2023-07-26,117.76,1968.9000244140625,20792.2,7.315336604386695
2023-07-27,117.8938,1945.4000244140625,20792.2,7.33768493101778
2023-07-28,117.788,1960.4000244140625,20792.2,7.306538931203555
2023-07-29,117.788,1960.4000244140625,20792.2,7.28661982237986
2023-07-30,117.788,1960.4000244140625,20792.2,7.32043525421796
2023-07-31,117.8241,1970.5,20792.2,7.342928160426436
2023-08-01,118.5738,1940.699951171875,20782.0,7.263699913488847
2023-08-02,119.1268,1937.4000244140625,20782.0,7.394547736459459
2023-08-03,119.3963,1932.0,20782.0,7.432354240732801
2023-08-04,118.821,1939.5999755859373,20782.0,7.461196237197468
2023-08-05,118.821,1939.5999755859373,20782.0,7.45663236090775
2023-08-06,118.821,1939.5999755859373,20782.0,7.461657884838551
2023-08-07,119.0809,1933.5,20782.0,7.44828284411996
2023-08-08,119.6407,1924.0999755859373,20782.0,7.305503534564496
2023-08-09,119.476,1915.4000244140625,20782.0,7.322194471503675
2023-08-10,119.1581,1914.4000244140625,20782.0,7.349729399597391
2023-08-11,119.6268,1912.9000244140625,20782.0,7.35915806357926
2023-08-12,119.6268,1912.9000244140625,20782.0,7.347418307149173
2023-08-13,119.6268,1912.9000244140625,20782.0,7.351228003701237
2023-08-14,120.0725,1910.5999755859373,20782.0,7.326210342170427
2023-08-15,120.2127,1902.5,20782.0,7.413581598632289
2023-08-16,120.3551,1896.0999755859373,20782.0,7.508774748625402
2023-08-17,120.5242,1884.0999755859373,20782.0,8.008922231048874
2023-08-18,120.4321,1886.0999755859373,20782.0,8.070623098926243
2023-08-19,120.4321,1886.0999755859373,20782.0,8.042823356371795
2023-08-20,120.4321,1886.0999755859373,20782.0,8.009954140187501
2023-08-21,120.4627,1893.300048828125,20782.0,8.043458857204046
2023-08-22,120.3554,1896.4000244140625,20782.0,8.104164903694217
2023-08-23,120.0307,1918.5,20782.0,7.96295860275808
2023-08-24,120.2354,1918.199951171875,20782.0,8.03937590221454
2023-08-25,120.5137,1911.0999755859373,20782.0,8.068687432873658
2023-08-26,120.5137,1911.0999755859373,20782.0,8.078533180982344
2023-08-27,120.5137,1911.0999755859373,20782.0,8.030993126431037
2023-08-28,120.3155,1917.9000244140625,20782.0,8.033522773498774
2023-08-29,120.2669,1936.5,20782.0,7.677990292887317
2023-08-30,119.7937,1944.300048828125,20782.0,7.793435631579698
2023-08-31,120.225,1938.199951171875,20782.0,8.091205148053401
2023-09-01,120.759,1939.800048828125,20753.6,8.147498317452497
2023-09-02,120.759,1939.800048828125,20753.6,8.123466027071018
2023-09-03,120.759,1939.800048828125,20753.6,8.116155060506989
2023-09-04,120.759,1939.800048828125,20753.6,8.154951945033302
2023-09-05,121.4345,1926.199951171875,20753.6,8.146204026422033
2023-09-06,121.8671,1918.0999755859373,20753.6,8.147573728230038
2023-09-07,121.9528,1917.5,20753.6,8.042956618833792
2023-09-08,121.9475,1918.4000244140625,20753.6,8.129910740330871
2023-09-09,121.9475,1918.4000244140625,20753.6,8.151554533893037
2023-09-10,121.9475,1918.4000244140625,20753.6,8.20541483148444
2023-09-11,121.3386,1923.300048828125,20753.6,8.446026491378603
2023-09-12,121.2913,1911.300048828125,20753.6,8.252778631723649
2023-09-13,121.0549,1909.0999755859373,20753.6,8.132682529872124
2023-09-14,121.2395,1910.0,20753.6,8.050531733693955
2023-09-15,121.199,1923.699951171875,20753.6,8.001184055231032
2023-09-16,121.199,1923.699951171875,20753.6,8.029446002358783
2023-09-17,121.199,1923.699951171875,20753.6,8.056471228259793
2023-09-18,121.1938,1931.5,20753.6,8.001113079970498
2023-09-19,121.1645,1932.0,20753.6,7.881073163848409
2023-09-20,120.9648,1945.5999755859373,20753.6,7.912225801170567
2023-09-21,121.5528,1919.199951171875,20753.6,8.069478096302513
2023-09-22,121.5306,1925.4000244140625,20753.6,8.050588120672126
2023-09-23,121.5306,1925.4000244140625,20753.6,8.061998058744182
2023-09-24,121.5306,1925.4000244140625,20753.6,8.13435472608952
2023-09-25,122.1143,1916.5999755859373,20753.6,8.109426634684121
2023-09-26,122.4742,1900.4000244140625,20753.6,8.125054715720863
2023-09-27,122.9895,1871.5999755859373,20753.6,8.093431863602031
2023-09-28,122.5342,1860.4000244140625,20753.6,7.901123745226063
2023-09-29,122.3077,1848.0999755859373,20753.6,7.891661378591939
2023-09-30,122.3077,1848.0999755859373,20753.6,7.896322592692444
2023-10-01,122.3077,1848.0999755859373,20737.5,7.649741971274738
2023-10-02,123.0545,1830.0,20737.5,7.818945810316595
2023-10-03,123.7848,1824.5999755859373,20737.5,7.825898600287783
2023-10-04,123.5946,1818.5,20737.5,7.787833601402324
2023-10-05,123.8993,1816.5999755859373,20737.5,7.903791194766721
2023-10-06,123.3563,1830.199951171875,20737.5,7.7765274046330655
2023-10-07,123.3563,1830.199951171875,20737.5,7.793463623377519
2023-10-08,123.3563,1830.199951171875,20737.5,7.806401169334462
2023-10-09,123.3563,1849.5,20737.5,7.95727682593462
2023-10-10,122.9282,1861.0,20737.5,8.003429877195407
2023-10-11,122.7697,1872.800048828125,20737.5,8.098532653534154
2023-10-12,123.2101,1869.300048828125,20737.5,8.166204959720671
2023-10-13,123.5954,1927.4000244140625,20737.5,8.118958439189203
2023-10-14,123.5954,1927.4000244140625,20737.5,8.117149841350559
2023-10-15,123.5954,1927.4000244140625,20737.5,8.074773349435063
2023-10-16,123.3185,1921.0999755859373,20737.5,7.786637401616868
2023-10-17,123.1202,1922.699951171875,20737.5,7.853672657176047
2023-10-18,123.8148,1955.300048828125,20737.5,7.915426161108409
2023-10-19,123.798,1968.4000244140625,20737.5,7.838200006251834
2023-10-20,123.612,1982.5,20737.5,7.657817073446058
2023-10-21,123.612,1982.5,20737.5,7.577014532280464
2023-10-22,123.612,1982.5,20737.5,7.520383893722437
2023-10-23,123.2846,1976.300048828125,20737.5,6.970624649233001
2023-10-24,123.6416,1975.0,20737.5,6.879062581772888
2023-10-25,123.7871,1984.0999755859373,20737.5,6.791892736443128
2023-10-26,124.0064,1987.199951171875,20737.5,6.827747639770575
2023-10-27,123.62,1988.5999755859373,20737.5,6.921657823312259
2023-10-28,123.62,1988.5999755859373,20737.5,6.880312344224205
2023-10-29,123.62,1988.5999755859373,20737.5,6.804302646910195
2023-10-30,123.4076,1996.199951171875,20737.5,6.765448670753305
2023-10-31,123.8364,1985.199951171875,20737.5,6.73295277456481
2023-11-01,123.7922,1978.800048828125,20749.7,6.618447631448553
2023-11-02,122.8818,1985.5999755859373,20749.7,6.708202245949754
2023-11-03,121.7564,1991.5,20749.7,6.726357807832851
2023-11-04,121.7564,1991.5,20749.7,6.665679726173641
2023-11-05,121.7564,1991.5,20749.7,6.610878006134491
2023-11-06,121.6484,1981.5999755859373,20749.7,6.546316015976661
2023-11-07,122.0777,1966.800048828125,20749.7,6.541277873653999
2023-11-08,122.0926,1951.5,20749.7,6.54988999766724
2023-11-09,122.1281,1964.199951171875,20749.7,6.31879830078362
2023-11-10,122.1281,1932.5999755859373,20749.7,6.2437040404871365
2023-11-11,122.1281,1932.5999755859373,20749.7,6.269878009478232
2023-11-12,122.1281,1932.5999755859373,20749.7,6.27946873059271
2023-11-13,122.4264,1945.5,20749.7,6.378710571840614
2023-11-14,121.35,1961.800048828125,20749.7,6.548534354602042
2023-11-15,121.0749,1960.0999755859373,20749.7,6.2056404777989815
2023-11-16,121.1754,1983.9000244140625,20749.7,6.469576943482109
2023-11-17,120.8477,1981.5999755859373,20749.7,6.428057191897639
2023-11-18,120.8477,1981.5999755859373,20749.7,6.446708421054177
2023-11-19,120.8477,1981.5999755859373,20749.7,6.317325262000298
2023-11-20,120.2533,1977.699951171875,20749.7,6.332419793168015
2023-11-21,120.2241,1999.300048828125,20749.7,6.665279552605588
2023-11-22,120.6802,1991.4000244140625,20749.7,6.364775750261001
2023-11-23,120.6802,1991.4000244140625,20749.7,6.38531686582027
2023-11-24,120.2105,2002.199951171875,20749.7,6.330957993639437
2023-11-25,120.2105,2002.199951171875,20749.7,6.305961157801898
2023-11-26,120.2105,2002.199951171875,20749.7,6.363827022262375
2023-11-27,120.173,2011.800048828125,20749.7,6.43676929249966
2023-11-28,119.5904,2039.699951171875,20749.7,6.379538873398281
2023-11-29,119.8159,2047.0999755859373,20749.7,6.409595755163612
2023-11-30,120.2434,2038.0999755859373,20749.7,6.418480666362098
2023-12-01,119.9424,2071.0,20779.9,6.298475978159621
2023-12-02,119.9424,2071.0,20779.9,6.167805756995945
2023-12-03,119.9424,2071.0,20779.9,6.116023665970689
2023-12-04,120.4727,2024.0999755859373,20779.9,5.909849710891447
2023-12-05,120.7913,2018.5,20779.9,5.734974154375775
2023-12-06,120.5334,2030.5,20779.9,5.787933147197065
2023-12-07,120.6013,2029.9000244140625,20779.9,5.75164412461053
2023-12-08,120.7607,1998.300048828125,20779.9,5.632970401525564
2023-12-09,120.7607,1998.300048828125,20779.9,5.681994452568471
2023-12-10,120.7607,1998.300048828125,20779.9,5.653180430386979
2023-12-11,120.9279,1978.0,20779.9,5.95218046414841
2023-12-12,120.6817,1977.800048828125,20779.9,5.930969984543905
2023-12-13,121.1571,1982.300048828125,20779.9,5.770881656329309
2023-12-14,119.5683,2030.199951171875,20779.9,5.709832399711566
2023-12-15,119.7382,2021.0999755859373,20779.9,5.888379650247589
2023-12-16,119.7382,2021.0999755859373,20779.9,5.829159671231975
2023-12-17,119.7382,2021.0999755859373,20779.9,5.9544234682529975
2023-12-18,119.9102,2026.300048828125,20779.9,5.83163014289778
2023-12-19,119.4632,2038.4000244140625,20779.9,5.888107242740706
2023-12-20,119.5435,2034.5,20779.9,5.738611158383993
2023-12-21,119.3168,2039.0999755859373,20779.9,5.63568345310552
2023-12-22,119.0625,2057.10009765625,20779.9,5.583980517355245
2023-12-23,119.0625,2057.10009765625,20779.9,5.587372886046866
2023-12-24,119.0625,2057.10009765625,20779.9,5.664828072903276
2023-12-25,119.0625,2057.10009765625,20779.9,5.566878549297803
2023-12-26,118.8875,2058.199951171875,20779.9,5.675025765771196
2023-12-27,118.4729,2081.89990234375,20779.9,5.532453038382671
2023-12-28,118.4104,2073.89990234375,20779.9,5.632194838473642
2023-12-29,118.4208,2062.39990234375,20779.9,5.696082475167282
2023-12-30,118.4208,2062.39990234375,20779.9,5.707615056025964
2023-12-31,118.4208,2062.39990234375,20779.9,5.710671070617124
2024-01-01,118.4208,2062.39990234375,20835.5,5.505533507454742
2024-01-02,119.2686,2064.39990234375,20835.5,5.470058431402064
2024-01-03,119.6958,2034.199951171875,20835.5,5.775376446102592
2024-01-04,119.6208,2042.300048828125,20835.5,5.642899337194844
2024-01-05,119.388,2042.4000244140625,20835.5,5.680363001931712
2024-01-06,119.388,2042.4000244140625,20835.5,5.798357566810008
2024-01-07,119.388,2042.4000244140625,20835.5,5.866261969824497
2024-01-08,119.2506,2026.5999755859373,20835.5,5.549628991839063
2024-01-09,119.6666,2026.4000244140625,20835.5,5.6458710451263086
2024-01-10,119.7614,2021.699951171875,20835.5,5.462444404585544
2024-01-11,119.8916,2014.300048828125,20835.5,5.469532526140744
2024-01-12,119.534,2046.699951171875,20835.5,5.8258222955937935
2024-01-13,119.534,2046.699951171875,20835.5,5.77588833932975
2024-01-14,119.534,2046.699951171875,20835.5,5.925132966707503
2024-01-15,119.534,2046.699951171875,20835.5,5.829145001746375
2024-01-16,120.5759,2026.0,20835.5,5.749256280392536
2024-01-17,121.0402,2002.5999755859373,20835.5,5.802403519582797
2024-01-18,120.8895,2018.5999755859373,20835.5,5.994709686648671
2024-01-19,120.6442,2026.5,20835.5,5.952935732859017
2024-01-20,120.6442,2026.5,20835.5,5.9475451513448325
2024-01-21,120.6442,2026.5,20835.5,5.966873521332849
2024-01-22,120.6178,2019.800048828125,20835.5,6.259583037371634
2024-01-23,121.1001,2023.699951171875,20835.5,6.283019036648272
2024-01-24,120.4916,2013.9000244140625,20835.5,6.293828799946049
2024-01-25,120.8311,2016.9000244140625,20835.5,6.324828228497911
2024-01-26,120.6173,2016.800048828125,20835.5,6.096892944762551
2024-01-27,120.6173,2016.800048828125,20835.5,6.090855192266524
2024-01-28,120.6173,2016.800048828125,20835.5,6.104054229021247
2024-01-29,120.8538,2025.199951171875,20835.5,5.938281489953636
2024-01-30,120.6025,2031.5,20835.5,5.973192506191659
2024-01-31,120.4331,2048.39990234375,20835.5,6.069241679568151
2024-02-01,120.3335,2053.0,20921.7,6.011558981340945
2024-02-02,120.902,2036.0999755859373,20921.7,5.97642917755696
2024-02-03,120.902,2036.0999755859373,20921.7,6.0054604408504
2024-02-04,120.902,2036.0999755859373,20921.7,6.056153096439212
2024-02-05,121.349,2025.699951171875,20921.7,6.031335930112732
2024-02-06,120.9588,2034.5,20921.7,5.981134019000814
2024-02-07,120.9049,2035.199951171875,20921.7,5.827092348515281
2024-02-08,121.0798,2032.199951171875,20921.7,5.749306025901706
2024-02-09,121.039,2023.300048828125,20921.7,5.565699521682571
2024-02-10,121.039,2023.300048828125,20921.7,5.5102951443993335
2024-02-11,121.039,2023.300048828125,20921.7,5.482518983488089
2024-02-12,120.9378,2018.199951171875,20921.7,5.30407863565267
2024-02-13,121.5202,1992.9000244140625,20921.7,5.344104175439507
2024-02-14,121.4002,1990.300048828125,20921.7,5.140236777814581
2024-02-15,121.2121,2002.0999755859373,20921.7,5.115459329856297
2024-02-16,121.1505,2011.5,20921.7,5.115304451638883
2024-02-17,121.1505,2011.5,20921.7,5.174637839077285
2024-02-18,121.1505,2011.5,20921.7,5.100162901694398
2024-02-19,121.1505,2011.5,20921.7,5.084554315445707
2024-02-20,121.0199,2027.5,20921.7,5.051720412159491
2024-02-21,121.0379,2022.300048828125,20921.7,5.106796236321189
2024-02-22,121.102,2019.699951171875,20921.7,5.136642838659553
2024-02-23,121.0369,2038.5999755859373,20921.7,5.194047834705381
2024-02-24,121.0369,2038.5999755859373,20921.7,5.099365878413149
2024-02-25,121.0369,2038.5999755859373,20921.7,5.045800580854994
2024-02-26,121.0592,2028.5,20921.7,4.848147539519431
2024-02-27,120.9647,2034.0,20921.7,4.705505215685798
2024-02-28,121.128,2033.0,20921.7,4.426863510096353
2024-02-29,121.1824,2045.699951171875,20921.7,4.490089904584761
2024-03-01,121.0111,2086.89990234375,20965.9,4.375502587946631
2024-03-02,121.0111,2086.89990234375,20965.9,4.362375098659021
2024-03-03,121.0111,2086.89990234375,20965.9,4.303924047735569
2024-03-04,120.872,2117.699951171875,20965.9,4.081052554352002
2024-03-05,120.8846,2133.5,20965.9,4.326439576734101
2024-03-06,120.4649,2150.300048828125,20965.9,4.142526578285162
2024-03-07,120.1909,2158.0,20965.9,4.092171198798756
2024-03-08,119.975,2178.60009765625,20965.9,4.045540924148307
2024-03-09,119.975,2178.60009765625,20965.9,4.036963875761977
2024-03-10,119.975,2178.60009765625,20965.9,4.025534731054545
2024-03-11,120.0394,2182.5,20965.9,3.863538462443402
2024-03-12,120.1668,2160.39990234375,20965.9,3.914148033472784
2024-03-13,119.9642,2175.39990234375,20965.9,3.8366564487628056
2024-03-14,120.241,2163.0,20965.9,3.9230580110444255
2024-03-15,120.4003,2157.300048828125,20965.9,4.03633404161116
2024-03-16,120.4003,2157.300048828125,20965.9,4.289051162955328
2024-03-17,120.4003,2157.300048828125,20965.9,4.113334434167325
2024-03-18,120.5752,2160.699951171875,20965.9,4.197424584231327
2024-03-19,120.9332,2156.300048828125,20965.9,4.577965073660197
2024-03-20,120.9289,2157.89990234375,20965.9,4.195154318808244
2024-03-21,120.8086,2182.39990234375,20965.9,4.297860236783405
2024-03-22,121.1842,2158.10009765625,20965.9,4.418728581814077
2024-03-23,121.1842,2158.10009765625,20965.9,4.3986867011645625
2024-03-24,121.1842,2158.10009765625,20965.9,4.214323173763789
2024-03-25,121.0295,2174.800048828125,20965.9,4.071447938216944
2024-03-26,121.0742,2175.60009765625,20965.9,4.0708112230141005
2024-03-27,121.0089,2190.60009765625,20965.9,4.121531906222087
2024-03-28,121.0635,2217.39990234375,20965.9,4.054329677745825
2024-03-29,121.0191,2217.39990234375,20965.9,4.087618176733232
2024-03-30,121.0191,2217.39990234375,20965.9,4.105073534866004
2024-03-31,121.0191,2217.39990234375,20965.9,3.993195016537612
2024-04-01,121.5151,2236.5,20955.5,4.11921730613626
2024-04-02,121.3035,2261.0,20955.5,4.378438640327715
2024-04-03,121.0198,2294.39990234375,20955.5,4.38462310462429
2024-04-04,120.7613,2288.800048828125,20955.5,4.305304543305391
2024-04-05,120.9646,2325.699951171875,20955.5,4.360619026525408
2024-04-06,120.9646,2325.699951171875,20955.5,4.299002341001463
2024-04-07,120.9646,2325.699951171875,20955.5,4.253053368672109
2024-04-08,120.7359,2331.699951171875,20955.5,4.1046857837762
2024-04-09,120.7048,2343.5,20955.5,4.265372672253464
2024-04-10,121.5727,2329.60009765625,20955.5,4.209055242510728
2024-04-11,121.6081,2354.800048828125,20955.5,4.245797957891844
2024-04-12,122.2885,2356.199951171875,20955.5,4.516757313283341
2024-04-13,122.2885,2356.199951171875,20955.5,4.808787341720761
2024-04-14,122.2885,2356.199951171875,20955.5,4.639580244420571
2024-04-15,122.425,2365.800048828125,20955.5,4.78180198316571
2024-04-16,123.1234,2390.800048828125,20955.5,4.784910314561623
2024-04-17,123.0207,2371.699951171875,20955.5,4.989470337393549
2024-04-18,123.0017,2382.300048828125,20955.5,4.850001893356883
2024-04-19,123.1075,2398.39990234375,20955.5,4.851100713072053
2024-04-20,123.1075,2398.39990234375,20955.5,4.712102597336918
2024-04-21,123.1075,2398.39990234375,20955.5,4.7374712802851855
2024-04-22,123.0609,2332.199951171875,20955.5,4.61766111008886
2024-04-23,122.7227,2327.699951171875,20955.5,4.6199129115611415
2024-04-24,122.89,2324.5,20955.5,4.7854717363879375
2024-04-25,122.8384,2329.800048828125,20955.5,4.778275281038506
2024-04-26,122.9471,2334.800048828125,20955.5,4.837366252351691
2024-04-27,122.9471,2334.800048828125,20955.5,4.8172793751272485
2024-04-28,122.9471,2334.800048828125,20955.5,4.8393586312875785
2024-04-29,122.5449,2345.39990234375,20955.5,4.825495438721916
2024-04-30,122.9853,2291.39990234375,20955.5,5.078053951100803
2024-05-01,123.0168,2299.89990234375,21021.7,5.188671063875759
2024-05-02,122.4384,2299.199951171875,21021.7,5.153401762075294
2024-05-03,122.1375,2299.0,21021.7,4.8944619788244905
2024-05-04,122.1375,2299.0,21021.7,4.841869338262112
2024-05-05,122.1375,2299.0,21021.7,4.828179271575714
2024-05-06,121.8913,2321.60009765625,21021.7,4.887581004926623
2024-05-07,122.093,2315.199951171875,21021.7,4.969795548432699
2024-05-08,122.1926,2313.60009765625,21021.7,5.039022118701668
2024-05-09,122.1634,2332.10009765625,21021.7,4.901693998815429
2024-05-10,122.014,2367.300048828125,21021.7,5.066619997740919
2024-05-11,122.014,2367.300048828125,21021.7,5.060008887530936
2024-05-12,122.014,2367.300048828125,21021.7,5.028406687267836
2024-05-13,122.0261,2336.10009765625,21021.7,4.95418857065382
2024-05-14,121.9256,2353.39990234375,21021.7,5.066298892150524
2024-05-15,121.3543,2388.699951171875,21021.7,4.771176414189122
2024-05-16,121.2236,2380.0,21021.7,4.836148904525918
2024-05-17,121.2354,2412.199951171875,21021.7,4.709233423574518
2024-05-18,121.2354,2412.199951171875,21021.7,4.7091379212739
2024-05-19,121.2354,2412.199951171875,21021.7,4.774417493381713
2024-05-20,121.2289,2433.89990234375,21021.7,4.373945522778979
2024-05-21,121.3793,2421.699951171875,21021.7,4.389816766766878
2024-05-22,121.5462,2389.199951171875,21021.7,4.443271075998887
2024-05-23,121.7477,2335.0,21021.7,4.508497962057312
2024-05-24,121.6172,2332.5,21021.7,4.5112347434391245
2024-05-25,121.6172,2332.5,21021.7,4.468553597511182
2024-05-26,121.6172,2332.5,21021.7,4.4915569582227945
2024-05-27,121.6172,2332.5,21021.7,4.420476897983012
2024-05-28,121.43,2355.199951171875,21021.7,4.4781262972611895
2024-05-29,122.1641,2340.300048828125,21021.7,4.531182458520182
2024-05-30,121.9601,2342.89990234375,21021.7,4.536852888241129
2024-05-31,122.098,2322.89990234375,21021.7,4.560585814643208
2024-06-01,122.098,2322.89990234375,21070.7,4.54422602068134
2024-06-02,122.098,2322.89990234375,21070.7,4.561344935624955
2024-06-03,122.3509,2346.60009765625,21070.7,4.514686976142319
2024-06-04,122.7256,2325.5,21070.7,4.408967145222915
2024-06-05,122.5339,2354.10009765625,21070.7,4.366057622018429
2024-06-06,122.3713,2370.300048828125,21070.7,4.395160553870896
2024-06-07,123.549,2305.199951171875,21070.7,4.526601647529255
2024-06-08,123.549,2305.199951171875,21070.7,4.550843071463498
2024-06-09,123.549,2305.199951171875,21070.7,4.521952897741557
2024-06-10,123.9125,2307.699951171875,21070.7,4.559445328783244
2024-06-11,124.0349,2307.5,21070.7,4.729597582250595
2024-06-12,123.8295,2336.0,21070.7,4.635587871972636
2024-06-13,124.0235,2300.199951171875,21070.7,4.758719345478601
2024-06-14,124.1694,2331.39990234375,21070.7,4.801224967027759
2024-06-15,124.1694,2331.39990234375,21070.7,4.761739452444873
2024-06-16,124.1694,2331.39990234375,21070.7,4.716354634529335
2024-06-17,124.239,2312.39990234375,21070.7,4.796790255186988
2024-06-18,123.9776,2330.39990234375,21070.7,4.883265931152973
2024-06-19,123.9776,2330.39990234375,21070.7,4.862991829326382
2024-06-20,124.192,2353.800048828125,21070.7,4.881296309790809
2024-06-21,124.1086,2316.39990234375,21070.7,4.926094338230694
2024-06-22,124.1086,2316.39990234375,21070.7,4.929824609075336
2024-06-23,124.1086,2316.39990234375,21070.7,5.014909092184286
2024-06-24,123.7125,2330.0,21070.7,5.163034174996496
2024-06-25,123.9417,2316.60009765625,21070.7,5.073364371924718
2024-06-26,124.26,2299.199951171875,21070.7,5.125310639060468
2024-06-27,124.3379,2324.5,21070.7,5.027556571598193
2024-06-28,124.2103,2327.699951171875,21070.7,5.139667697194111
2024-06-29,124.2103,2327.699951171875,21070.7,5.121948451460699
2024-06-30,124.2103,2327.699951171875,21070.7,4.999839551566705
2024-07-01,124.4667,2327.60009765625,21098.8,4.999613340930358
2024-07-02,124.2917,2323.0,21098.8,5.007990945371819
2024-07-03,123.7768,2359.800048828125,21098.8,5.1867888114321
2024-07-04,123.7768,2359.800048828125,21098.8,5.504312247014491
2024-07-05,123.4762,2388.5,21098.8,5.547312525047852
2024-07-06,123.4762,2388.5,21098.8,5.361059646645678
2024-07-07,123.4762,2388.5,21098.8,5.609409177264365
2024-07-08,123.3576,2355.199951171875,21098.8,5.491554215838828
2024-07-09,123.4071,2360.10009765625,21098.8,5.387228414226388
2024-07-10,123.1895,2372.199951171875,21098.8,5.38508085287686
2024-07-11,122.769,2415.0,21098.8,5.417682239750126
2024-07-12,122.4404,2414.0,21098.8,5.357816643010104
2024-07-13,122.4404,2414.0,21098.8,5.259216597961699
2024-07-14,122.4404,2414.0,21098.8,5.141670710756195
2024-07-15,122.6347,2422.89990234375,21098.8,4.843627809365249
2024-07-16,122.7264,2462.39990234375,21098.8,4.851667598240926
2024-07-17,122.518,2454.800048828125,21098.8,4.92962422790884
2024-07-18,122.7909,2451.800048828125,21098.8,4.949073165007682
2024-07-19,123.147,2395.5,21098.8,4.791433884525781
2024-07-20,123.147,2395.5,21098.8,4.7590095727508
2024-07-21,123.147,2395.5,21098.8,4.696545657757847
2024-07-22,123.2172,2392.0,21098.8,4.77991849394311
2024-07-23,123.3843,2404.60009765625,21098.8,4.859177291631488
2024-07-24,123.5575,2413.300048828125,21098.8,4.9325115276155245
2024-07-25,123.5286,2351.89990234375,21098.8,4.978982602342289
2024-07-26,123.672,2380.0,21098.8,4.824038296990193
2024-07-27,123.672,2380.0,21098.8,4.832506280663143
2024-07-28,123.672,2380.0,21098.8,4.8224413057114415
2024-07-29,124.1392,2377.300048828125,21098.8,4.876554498671003
2024-07-30,124.2855,2405.0,21098.8,4.918805517267022
2024-07-31,123.6373,2426.5,21098.8,5.022392123993648
2024-08-01,123.8693,2435.0,21191.9,5.009191592269108
2024-08-02,123.4681,2425.699951171875,21191.9,5.324043415630545
2024-08-03,123.4681,2425.699951171875,21191.9,5.432471682712586
2024-08-04,123.4681,2425.699951171875,21191.9,5.690773740695922
2024-08-05,123.5787,2401.699951171875,21191.9,6.132931087058704
2024-08-06,123.6532,2389.10009765625,21191.9,5.907276557824713
2024-08-07,123.5698,2390.5,21191.9,6.01179989664854
2024-08-08,123.4466,2422.199951171875,21191.9,5.4359359717467
2024-08-09,122.9276,2432.10009765625,21191.9,5.547862814928284
2024-08-10,122.9276,2432.10009765625,21191.9,5.541010675088623
2024-08-11,122.9276,2432.10009765625,21191.9,5.742301219719578
2024-08-12,123.2204,2462.39990234375,21191.9,5.609607667462845
2024-08-13,123.0146,2466.699951171875,21191.9,5.539068250590271
2024-08-14,122.4297,2439.39990234375,21191.9,5.692028596231847
2024-08-15,122.5844,2453.10009765625,21191.9,5.828193935480382
2024-08-16,122.3972,2498.60009765625,21191.9,5.75598597514535
2024-08-17,122.3972,2498.60009765625,21191.9,5.696973200657305
2024-08-18,122.3972,2498.60009765625,21191.9,5.767851504013648
2024-08-19,121.8788,2501.800048828125,21191.9,5.671828588134634
2024-08-20,121.7728,2511.300048828125,21191.9,5.706773729429319
2024-08-21,121.8535,2508.39990234375,21191.9,5.567122530027016
2024-08-22,122.3626,2478.89990234375,21191.9,5.6005537372052006
2024-08-23,121.4597,2508.39990234375,21191.9,5.333285687342499
2024-08-24,121.4597,2508.39990234375,21191.9,5.312784644390786
2024-08-25,121.4597,2508.39990234375,21191.9,5.343034913453107
2024-08-26,121.6943,2517.699951171875,21191.9,5.469299076902379
2024-08-27,121.8672,2516.0,21191.9,5.784137614200014
2024-08-28,121.8943,2501.0,21191.9,5.789389118760033
2024-08-29,122.2333,2525.699951171875,21191.9,5.78112541465632
2024-08-30,122.3262,2493.800048828125,21191.9,5.802072865380495
2024-08-31,122.3262,2493.800048828125,21191.9,5.828109086136718
2024-09-01,122.3262,2493.800048828125,21275.5,6.006472808817787
2024-09-02,122.3262,2493.800048828125,21275.5,5.817537560076797
2024-09-03,122.7811,2489.89990234375,21275.5,5.9905809620859625
2024-09-04,122.5144,2493.39990234375,21275.5,5.943134197916106
2024-09-05,122.4533,2511.39990234375,21275.5,6.109113964001184
2024-09-06,122.4991,2493.5,21275.5,6.342085701951117
2024-09-07,122.4991,2493.5,21275.5,6.292169610736903
2024-09-08,122.4991,2493.5,21275.5,6.20832685138856
2024-09-09,122.7156,2501.800048828125,21275.5,6.004861549559005
2024-09-10,123.0071,2512.300048828125,21275.5,5.944939921970287
2024-09-11,122.7754,2512.10009765625,21275.5,5.998532976842031
2024-09-12,122.4423,2551.199951171875,21275.5,5.910569138051937
2024-09-13,121.6551,2581.300048828125,21275.5,5.725478397995406
2024-09-14,121.6551,2581.300048828125,21275.5,5.773525565440747
2024-09-15,121.6551,2581.300048828125,21275.5,5.898902426788691
2024-09-16,121.4976,2580.39990234375,21275.5,5.978545243997859
2024-09-17,121.6031,2564.300048828125,21275.5,5.820474951870598
2024-09-18,121.5618,2570.699951171875,21275.5,5.7005459837760775
2024-09-19,121.3059,2588.0,21275.5,5.58519818583646
2024-09-20,121.4052,2619.89990234375,21275.5,5.533576406211392
2024-09-21,121.4052,2619.89990234375,21275.5,5.486101274905737
2024-09-22,121.4052,2619.89990234375,21275.5,5.501409011928912
2024-09-23,121.4303,2626.5,21275.5,5.473992885202812
2024-09-24,121.1291,2651.199951171875,21275.5,5.402861452443117
2024-09-25,121.4447,2659.199951171875,21275.5,5.498100447745965
2024-09-26,121.0785,2669.89990234375,21275.5,5.34463424996374
2024-09-27,121.1111,2644.300048828125,21275.5,5.275061665690468
2024-09-28,121.1111,2644.300048828125,21275.5,5.284976050417814
2024-09-29,121.1111,2644.300048828125,21275.5,5.304421848783209
2024-09-30,121.2864,2636.10009765625,21275.5,5.482989893558496
2024-10-01,121.6881,2667.300048828125,21336.7,5.723440030846873
2024-10-02,121.5724,2647.10009765625,21336.7,5.792649079856201
2024-10-03,122.1197,2657.10009765625,21336.7,5.80113305108764
2024-10-04,122.2197,2645.800048828125,21336.7,5.666025040369909
2024-10-05,122.2197,2645.800048828125,21336.7,5.671193183186498
2024-10-06,122.2197,2645.800048828125,21336.7,5.598193592366328
2024-10-07,122.4241,2644.800048828125,21336.7,5.648933276969365
2024-10-08,122.6625,2615.0,21336.7,5.658888812109555
2024-10-09,122.8821,2606.0,21336.7,5.7853060815145385
2024-10-10,123.0951,2620.60009765625,21336.7,5.798276447455353
2024-10-11,122.9805,2657.60009765625,21336.7,5.62118010384644
2024-10-12,122.9805,2657.60009765625,21336.7,5.557431192618145
2024-10-13,122.9805,2657.60009765625,21336.7,5.581166567709504
2024-10-14,122.9805,2647.800048828125,21336.7,5.326435857084457
2024-10-15,123.5124,2661.39990234375,21336.7,5.300752358934535
2024-10-16,123.9235,2674.0,21336.7,5.273140900938999
2024-10-17,124.1122,2691.0,21336.7,5.309666176661813
2024-10-18,123.9185,2713.699951171875,21336.7,5.231888896579359
2024-10-19,123.9185,2713.699951171875,21336.7,5.228478454733856
2024-10-20,123.9185,2713.699951171875,21336.7,5.147880413207438
2024-10-21,124.4757,2723.10009765625,21336.7,5.265882921664151
2024-10-22,124.4107,2744.199951171875,21336.7,5.279947790385823
2024-10-23,124.6931,2714.39990234375,21336.7,5.355269329695633
2024-10-24,124.5127,2734.89990234375,21336.7,5.266037912132981
2024-10-25,124.6105,2740.89990234375,21336.7,5.4234699407218985
2024-10-26,124.6105,2740.89990234375,21336.7,5.383256171108193
2024-10-27,124.6105,2740.89990234375,21336.7,5.311314661096545
2024-10-28,124.8076,2742.89990234375,21336.7,5.192711014489157
2024-10-29,124.8612,2768.39990234375,21336.7,5.027488844824807
2024-10-30,124.8153,2788.5,21336.7,5.059716341084088
2024-10-31,124.7988,2738.300048828125,21336.7,5.218868249382372
2024-11-01,124.8076,2738.60009765625,21454.8,5.278056516185574
2024-11-02,124.8076,2738.60009765625,21454.8,5.297768851279376
2024-11-03,124.8076,2738.60009765625,21454.8,5.361054526825227
2024-11-04,124.5903,2736.10009765625,21454.8,5.440341357669909
2024-11-05,124.5532,2740.300048828125,21454.8,5.321345474698467
2024-11-06,125.7035,2667.60009765625,21454.8,4.886438951251717
2024-11-07,124.775,2698.39990234375,21454.8,4.841522254977171
2024-11-08,125.5811,2687.5,21454.8,4.808908705766494
2024-11-09,125.5811,2687.5,21454.8,4.765867530640257
2024-11-10,125.5811,2687.5,21454.8,4.573377447239576
2024-11-11,125.5811,2611.199951171875,21454.8,4.2184220809089386
2024-11-12,126.7762,2600.0,21454.8,4.295447782574424
2024-11-13,126.9572,2580.800048828125,21454.8,4.278683085581771
2024-11-14,127.0015,2568.199951171875,21454.8,4.45272170650474
2024-11-15,126.8848,2565.699951171875,21454.8,4.307794428373377
2024-11-16,126.8848,2565.699951171875,21454.8,4.276188807737218
2024-11-17,126.8848,2565.699951171875,21454.8,4.314537681790818
2024-11-18,126.6045,2610.60009765625,21454.8,4.247012025653361
2024-11-19,126.3994,2627.10009765625,21454.8,4.242037038935449
2024-11-20,126.88,2648.199951171875,21454.8,4.221334432749185
2024-11-21,127.1047,2672.10009765625,21454.8,4.064120424090014
2024-11-22,127.4712,2709.89990234375,21454.8,4.01782153224564
2024-11-23,127.4712,2709.89990234375,21454.8,4.043804113172394
2024-11-24,127.4712,2709.89990234375,21454.8,4.048442413587794
2024-11-25,126.9948,2616.800048828125,21454.8,4.210410177252564
2024-11-26,127.4301,2620.300048828125,21454.8,4.271427220661433
2024-11-27,126.8205,2639.89990234375,21454.8,4.0761961243963
2024-11-28,126.8205,2639.89990234375,21454.8,4.093507239399026
2024-11-29,126.5798,2657.0,21454.8,4.0125179064739545
2024-11-30,126.5798,2657.0,21454.8,4.0037306423612735
2024-12-01,126.5798,2657.0,21487.6,3.9591681782705495
2024-12-02,127.1272,2634.89990234375,21487.6,3.9570705083382007
2024-12-03,126.9565,2644.699951171875,21487.6,3.94150956281784
2024-12-04,126.7574,2653.800048828125,21487.6,3.862899404407478
2024-12-05,126.4286,2626.60009765625,21487.6,3.935196547285069
2024-12-06,126.688,2638.60009765625,21487.6,3.8318571422414767
2024-12-07,126.688,2638.60009765625,21487.6,3.8387077292296654
2024-12-08,126.688,2638.60009765625,21487.6,3.815936608404617
2024-12-09,126.5981,2664.89990234375,21487.6,4.079692945117984
2024-12-10,126.957,2697.60009765625,21487.6,4.120092786289912
2024-12-11,126.8483,2733.800048828125,21487.6,3.9381301049754738
2024-12-12,126.9556,2687.5,21487.6,3.980014005099272
2024-12-13,127.3096,2656.0,21487.6,3.942496449103873
2024-12-14,127.3096,2656.0,21487.6,3.973282660168701
2024-12-15,127.3096,2656.0,21487.6,3.8779357674996975
2024-12-16,127.2687,2651.39990234375,21487.6,3.856261737539453
2024-12-17,127.5043,2644.39990234375,21487.6,3.874089183649867
2024-12-18,127.6418,2636.5,21487.6,4.127020891445125
2024-12-19,128.6366,2592.199951171875,21487.6,4.289828697233054
2024-12-20,127.893,2628.699951171875,21487.6,4.249103991187637
2024-12-21,127.893,2628.699951171875,21487.6,4.295863594495812
2024-12-22,127.893,2628.699951171875,21487.6,4.368223249325316
2024-12-23,128.3021,2612.300048828125,21487.6,4.298901278884774
2024-12-24,128.3377,2620.0,21487.6,4.157632872098669
2024-12-25,128.3377,2620.0,21487.6,4.132261167256193
2024-12-26,128.3329,2638.800048828125,21487.6,4.29612221465044
2024-12-27,128.45,2617.199951171875,21487.6,4.336622075255369
2024-12-28,128.45,2617.199951171875,21487.6,4.255124960049701
2024-12-29,128.45,2617.199951171875,21487.6,4.34516793762977
2024-12-30,128.8205,2606.10009765625,21487.6,4.370761501202127
2024-12-31,129.2775,2629.199951171875,21487.6,4.318635666864848
2025-01-01,129.2775,2629.199951171875,21539.2,4.225918353914919
2025-01-02,129.4598,2658.89990234375,21539.2,4.12996564606104
2025-01-03,129.4535,2645.0,21539.2,4.021046125582401
2025-01-04,129.4535,2645.0,21539.2,4.012781984061946
2025-01-05,129.4535,2645.0,21539.2,4.017693918164437
2025-01-06,128.538,2638.39990234375,21539.2,3.9122943973664186
2025-01-07,128.613,2656.699951171875,21539.2,4.150528352334422
2025-01-08,129.0785,2664.5,21539.2,4.227359520158637
2025-01-09,129.2827,2683.800048828125,21539.2,4.3566896491467375
2025-01-10,129.8664,2708.5,21539.2,4.258071156192118
2025-01-11,129.8664,2708.5,21539.2,4.232615723550513
2025-01-12,129.8664,2708.5,21539.2,4.254920567506827
2025-01-13,130.0413,2673.5,21539.2,4.294801045311889
2025-01-14,129.3812,2677.5,21539.2,4.186480081386186
2025-01-15,129.2092,2712.5,21539.2,3.9726487826579753
2025-01-16,129.436,2746.39990234375,21539.2,4.002785986963799
2025-01-17,129.4859,2744.300048828125,21539.2,3.848455851449615
2025-01-18,129.4859,2744.300048828125,21539.2,3.87856691076638
2025-01-19,129.4859,2744.300048828125,21539.2,4.041392933586281
2025-01-20,129.4859,2744.300048828125,21539.2,3.999894071602677
2025-01-21,128.4151,2755.0,21539.2,3.877299878561006
2025-01-22,128.3402,2767.60009765625,21539.2,3.9451488647937376
2025-01-23,128.2162,2763.10009765625,21539.2,3.945959518654639
2025-01-24,127.4611,2777.300048828125,21539.2,3.9420557706076513
2025-01-25,127.4611,2777.300048828125,21539.2,3.948198453131541
2025-01-26,127.4611,2777.300048828125,21539.2,4.040868970391968
2025-01-27,128.0912,2737.5,21539.2,4.068920568645347
2025-01-28,128.2817,2766.800048828125,21539.2,4.131826398105799
2025-01-29,128.3418,2769.10009765625,21539.2,4.061817027119076
2025-01-30,128.1004,2823.0,21539.2,3.9824043022406186
2025-01-31,128.4828,2812.5,21539.2,4.036678484865237
2025-02-01,128.4828,2812.5,21607.2,4.171170535244054
2025-02-02,128.4828,2812.5,21607.2,4.374840900988384
2025-02-03,129.109,2833.89990234375,21607.2,4.242917276603776
2025-02-04,128.1083,2853.300048828125,21607.2,4.446180282261816
2025-02-05,127.9751,2871.60009765625,21607.2,4.500563311049374
2025-02-06,128.2017,2856.0,21607.2,4.56710916852035
2025-02-07,128.4292,2867.300048828125,21607.2,4.576534082353576
2025-02-08,128.4292,2867.300048828125,21607.2,4.562577265674514
2025-02-09,128.4292,2867.300048828125,21607.2,4.571241483395912
2025-02-10,128.6382,2914.300048828125,21607.2,4.515223949277858
2025-02-11,128.4322,2912.5,21607.2,4.577850013103657
2025-02-12,128.3288,2909.0,21607.2,4.463650724660356
2025-02-13,127.8931,2925.89990234375,21607.2,4.518106575740043
2025-02-14,127.1491,2883.60009765625,21607.2,4.449530972487391
2025-02-15,127.1491,2883.60009765625,21607.2,4.466832542937891
2025-02-16,127.1491,2883.60009765625,21607.2,4.524515694055764
2025-02-17,127.1491,2883.60009765625,21607.2,4.535765125189209
2025-02-18,127.2906,2931.60009765625,21607.2,4.578464311952855
2025-02-19,127.7317,2919.39990234375,21607.2,4.5217035169668565
2025-02-20,127.1126,2940.0,21607.2,4.455722645533933
2025-02-21,127.1408,2937.60009765625,21607.2,4.573125721065073
2025-02-22,127.1408,2937.60009765625,21607.2,4.539082098205814
2025-02-23,127.1408,2937.60009765625,21607.2,4.5429355138588665
2025-02-24,127.1921,2947.89990234375,21607.2,4.854147233961284
2025-02-25,127.3752,2904.5,21607.2,4.935545350399078
2025-02-26,127.2822,2916.800048828125,21607.2,5.162483044338416
2025-02-27,127.9704,2883.199951171875,21607.2,5.149603085944849
2025-02-28,128.2805,2836.800048828125,21607.2,5.179227896960784
2025-03-01,128.2805,2836.800048828125,21684.1,5.10181179047885
2025-03-02,128.2805,2836.800048828125,21684.1,4.603230113940924
2025-03-03,127.75,2890.199951171875,21684.1,5.118041384887386
2025-03-04,127.9966,2909.60009765625,21684.1,5.046936292111154
2025-03-05,126.504,2915.300048828125,21684.1,4.884002549307353
2025-03-06,126.1099,2916.60009765625,21684.1,4.925406329696171
2025-03-07,125.9814,2904.699951171875,21684.1,5.089574109270427
2025-03-08,125.9814,2904.699951171875,21684.1,5.115131527800355
2025-03-09,125.9814,2904.699951171875,21684.1,5.465540463923987
2025-03-10,126.268,2891.0,21684.1,5.6588616917719925
2025-03-11,126.0457,2912.89990234375,21684.1,5.411383796223549
2025-03-12,125.8664,2939.10009765625,21684.1,5.358411013947196
2025-03-13,126.0031,2984.300048828125,21684.1,5.492308586804107
2025-03-14,125.6942,2994.5,21684.1,5.326230774344464
2025-03-15,125.6942,2994.5,21684.1,5.278940699542743
2025-03-16,125.6942,2994.5,21684.1,5.407689361534424
2025-03-17,125.3688,3000.0,21684.1,5.309564330132257
2025-03-18,125.488,3035.10009765625,21684.1,5.370832214793514
2025-03-19,125.8006,3035.89990234375,21684.1,5.129567486060037
2025-03-20,125.985,3040.0,21684.1,5.276302857699626
2025-03-21,126.2679,3018.199951171875,21684.1,5.296243031739148
2025-03-22,126.2679,3018.199951171875,21684.1,5.298384263979254
2025-03-23,126.2679,3018.199951171875,21684.1,5.1900467903151934
2025-03-24,126.1956,3013.10009765625,21684.1,5.0893288192528
2025-03-25,126.0535,3023.699951171875,21684.1,5.096516794734122
2025-03-26,126.2364,3020.89990234375,21684.1,5.159233961638261
2025-03-27,126.3626,3060.199951171875,21684.1,5.142631616998413
2025-03-28,126.4187,3086.5,21684.1,5.33402546064702
2025-03-29,126.4187,3086.5,21684.1,5.467591999940541
2025-03-30,126.4187,3086.5,21684.1,5.487923415544936
2025-03-31,126.7075,3122.800048828125,21684.1,5.473639618244949
2025-04-01,126.4338,3118.89990234375,21770.9,5.326841777293477
2025-04-02,126.3811,3139.89990234375,21770.9,5.520281297814379
2025-04-03,124.7316,3097.0,21770.9,5.486909513085353
2025-04-04,125.8129,3012.0,21770.9,5.434852941034082
2025-04-05,125.8129,3012.0,21770.9,5.458817913804262
2025-04-06,125.8129,3012.0,21770.9,5.860136830882482
2025-04-07,126.8282,2951.300048828125,21770.9,5.833570293904398
2025-04-08,126.8668,2968.39990234375,21770.9,6.027233418839509
2025-04-09,126.628,3056.5,21770.9,5.559164119882585
2025-04-10,125.089,3155.199951171875,21770.9,5.775317777891954
2025-04-11,124.0163,3222.199951171875,21770.9,5.556189166553736
2025-04-12,124.0163,3222.199951171875,21770.9,5.406039323840693
2025-04-13,124.0163,3222.199951171875,21770.9,5.518217973705204
2025-04-14,123.6598,3204.800048828125,21770.9,5.476578025479675
2025-04-15,123.776,3218.699951171875,21770.9,5.558395983858502
2025-04-16,123.2724,3326.60009765625,21770.9,5.543756233447849
2025-04-17,123.1298,3308.699951171875,21770.9,5.49791294646306
2025-04-18,122.9865,3308.699951171875,21770.9,5.512733335451505
2025-04-19,122.9865,3308.699951171875,21770.9,5.4551040354807245
2025-04-20,122.9865,3308.699951171875,21770.9,5.462461660191149
2025-04-21,122.3145,3406.199951171875,21770.9,5.364785197017899
2025-04-22,122.4175,3400.800048828125,21770.9,5.039084704476186
2025-04-23,123.0252,3276.300048828125,21770.9,5.030528111222174
2025-04-24,122.9251,3332.0,21770.9,5.027773863495558
2025-04-25,122.8858,3282.39990234375,21770.9,5.013149871083241
2025-04-26,122.8858,3282.39990234375,21770.9,5.03397697639551
2025-04-27,122.8858,3282.39990234375,21770.9,5.080170883578108
2025-04-28,122.7176,3332.5,21770.9,5.025285618784143
2025-04-29,122.5944,3318.800048828125,21770.9,5.093615270909562
2025-04-30,122.5921,3305.0,21770.9,5.117725127208386
2025-05-01,123.1405,3210.0,21836.2,5.025011237788902
2025-05-02,122.4962,3231.89990234375,21836.2,5.018338755149138
2025-05-03,122.4962,3231.89990234375,21836.2,5.0815633660471
2025-05-04,122.4962,3231.89990234375,21836.2,5.166034277174556
2025-05-05,122.2613,3311.300048828125,21836.2,5.145703848725501
2025-05-06,122.0417,3411.39990234375,21836.2,5.071861960856508
2025-05-07,122.117,3381.39990234375,21836.2,5.068582701172235
2025-05-08,122.7568,3296.60009765625,21836.2,4.696724077079444
2025-05-09,122.5191,3335.39990234375,21836.2,4.6588340344756
2025-05-10,122.5191,3335.39990234375,21836.2,4.516566944375167
2025-05-11,122.5191,3335.39990234375,21836.2,4.5771569519772655
2025-05-12,123.4863,3220.0,21836.2,4.601263751808839
2025-05-13,122.9583,3240.300048828125,21836.2,4.512384659210604
2025-05-14,122.6746,3181.39990234375,21836.2,4.576568329845355
2025-05-15,122.8174,3220.699951171875,21836.2,4.626269724380835
2025-05-16,123.0737,3182.0,21836.2,4.655452076750647
2025-05-17,123.0737,3182.0,21836.2,4.696845253055707
2025-05-18,123.0737,3182.0,21836.2,4.567837414867316
2025-05-19,122.4186,3228.89990234375,21836.2,4.609582344171535
2025-05-20,122.3199,3280.300048828125,21836.2,4.5788887555385225
2025-05-21,121.7496,3309.300048828125,21836.2,4.48363747684582
2025-05-22,122.0429,3292.300048828125,21836.2,4.3947878700776
2025-05-23,121.3837,3363.60009765625,21836.2,4.584303521697213
2025-05-24,121.3837,3363.60009765625,21836.2,4.569575501998761
2025-05-25,121.3837,3363.60009765625,21836.2,4.5280131962940295
2025-05-26,121.3837,3363.60009765625,21836.2,4.51823948777022
2025-05-27,121.6099,3299.10009765625,21836.2,4.50923017708186
2025-05-28,121.9888,3293.60009765625,21836.2,4.550496198563668
2025-05-29,121.5617,3317.10009765625,21836.2,4.645073882023639
2025-05-30,121.7674,3288.89990234375,21836.2,4.766177836810279
2025-05-31,121.7674,3288.89990234375,21836.2,4.74093178937764
2025-06-01,121.7674,3288.89990234375,21942.7,4.702170087099312
2025-06-02,121.1881,3370.60009765625,21942.7,4.678063339674671
2025-06-03,121.4592,3350.199951171875,21942.7,4.697988845430259
2025-06-04,121.0539,3373.5,21942.7,4.740077373202738
2025-06-05,120.9596,3350.699951171875,21942.7,4.922274705286664
2025-06-06,121.161,3322.699951171875,21942.7,4.812291203454
2025-06-07,121.161,3322.699951171875,21942.7,4.756687544366715
2025-06-08,121.161,3322.699951171875,21942.7,4.754841269295588
2025-06-09,120.9103,3332.10009765625,21942.7,4.564083935973088
2025-06-10,121.0485,3320.89990234375,21942.7,4.5356778383529095
2025-06-11,120.587,3321.300048828125,21942.7,4.603100611808361
2025-06-12,120.1723,3380.89990234375,21942.7,4.750867813939732
2025-06-13,120.3245,3431.199951171875,21942.7,4.762887234523892
2025-06-14,120.3245,3431.199951171875,21942.7,4.812617125458771
2025-06-15,120.3245,3431.199951171875,21942.7,4.790403415486876
2025-06-16,120.1565,3396.39990234375,21942.7,4.754655742976099
2025-06-17,120.5048,3386.60009765625,21942.7,4.847427212421074
2025-06-18,120.7305,3389.800048828125,21942.7,4.838153067447877
2025-06-19,120.7305,3389.800048828125,21942.7,4.851603550051649
2025-06-20,121.0408,3368.10009765625,21942.7,4.946395485262812
2025-06-21,121.0408,3368.10009765625,21942.7,5.030174279486538
2025-06-22,121.0408,3368.10009765625,21942.7,5.10010678975532
2025-06-23,121.1694,3377.699951171875,21942.7,4.867921222268388
2025-06-24,120.3645,3317.39990234375,21942.7,4.837823981132608
2025-06-25,120.3336,3327.10009765625,21942.7,4.825543141379
2025-06-26,119.6451,3333.5,21942.7,4.872004933502816
2025-06-27,119.659,3273.699951171875,21942.7,4.865250263669008
2025-06-28,119.659,3273.699951171875,21942.7,4.836963997132735
2025-06-29,119.659,3273.699951171875,21942.7,4.778799333340643
2025-06-30,119.4088,3294.39990234375,21942.7,4.826321467809805
2025-07-01,119.3436,3336.699951171875,22025.5,4.9152286325584935
2025-07-02,119.3037,3348.0,22025.5,4.760586701019392
2025-07-03,119.2382,3331.60009765625,22025.5,4.739458664539154
2025-07-04,119.2382,3332.5,22025.5,4.829782878904969
2025-07-05,119.2382,3332.5,22025.5,4.824946620931804
2025-07-06,119.2382,3332.5,22025.5,4.768366419389416
2025-07-07,119.6201,3332.199951171875,22025.5,4.807774427994871
2025-07-08,119.8371,3307.0,22025.5,4.765756911081122
2025-07-09,119.7311,3311.60009765625,22025.5,4.644581337509763
2025-07-10,119.8343,3317.39990234375,22025.5,4.450576421840936
2025-07-11,119.9214,3356.0,22025.5,4.397906281297866
2025-07-12,119.9214,3356.0,22025.5,4.413315164369065
2025-07-13,119.9214,3356.0,22025.5,4.350149368556019
2025-07-14,120.2209,3351.5,22025.5,4.3163371167120514
2025-07-15,120.5105,3329.800048828125,22025.5,4.350290982826654
2025-07-16,120.4175,3352.5,22025.5,4.275036326702207
2025-07-17,120.6384,3340.10009765625,22025.5,4.207698397030515
2025-07-18,120.356,3353.0,22025.5,4.240851395960853
2025-07-19,120.356,3353.0,22025.5,4.246212791382352
2025-07-20,120.356,3353.0,22025.5,4.214281589401023
2025-07-21,119.9961,3401.89990234375,22025.5,4.192405567322631
2025-07-22,119.681,3439.199951171875,22025.5,4.133022890308148
2025-07-23,119.5697,3394.10009765625,22025.5,4.2404045062481694
2025-07-24,119.5664,3371.0,22025.5,4.267738067298512
2025-07-25,119.9857,3334.0,22025.5,4.277332654244057
2025-07-26,119.9857,3334.0,22025.5,4.271409851315563
2025-07-27,119.9857,3334.0,22025.5,4.201823676546965
2025-07-28,120.6149,3309.10009765625,22025.5,4.27475254084795
2025-07-29,120.9674,3323.39990234375,22025.5,4.285906905960944
2025-07-30,121.4042,3295.800048828125,22025.5,4.302326015226136
2025-07-31,121.721,3293.199951171875,22025.5,4.38768649469101
2025-08-01,121.2122,3347.699951171875,22092.5,4.508811273983685
2025-08-02,121.2122,3347.699951171875,22092.5,4.575084602506765
2025-08-03,121.2122,3347.699951171875,22092.5,4.483988296093725
2025-08-04,120.9859,3374.39990234375,22092.5,4.397218595567631
2025-08-05,120.9082,3381.89990234375,22092.5,4.461920342716162
2025-08-06,120.5082,3380.0,22092.5,4.416459192955587
2025-08-07,120.5043,3400.300048828125,22092.5,4.28093506289644
2025-08-08,120.3329,3439.10009765625,22092.5,4.2838542317602295
2025-08-09,120.3329,3439.10009765625,22092.5,4.249576530857873
2025-08-10,120.3329,3439.10009765625,22092.5,4.190641020829614
2025-08-11,120.6892,3353.10009765625,22092.5,4.228920378880806
2025-08-12,120.2736,3348.89990234375,22092.5,4.10895830665778
2025-08-13,120.13,3358.699951171875,22092.5,4.013267432530113
2025-08-14,120.6446,3335.199951171875,22092.5,4.178884373550877
2025-08-15,120.3377,3336.0,22092.5,4.240329566980107
2025-08-16,120.3377,3336.0,22092.5,4.245932528705411
2025-08-17,120.3377,3336.0,22092.5,4.236058428562909
2025-08-18,120.5622,3331.699951171875,22092.5,4.30569511407608
2025-08-19,120.7224,3313.39990234375,22092.5,4.464634024041059
2025-08-20,120.7757,3343.39990234375,22092.5,4.357183166330395
2025-08-21,121.0843,3336.89990234375,22092.5,4.43895690226407
2025-08-22,120.2774,3374.39990234375,22092.5,4.188879948825332
2025-08-23,120.2774,3374.39990234375,22092.5,4.235801293159545
2025-08-24,120.2774,3374.39990234375,22092.5,4.286272387055115
2025-08-25,120.4214,3373.800048828125,22092.5,4.482024901882574
2025-08-26,120.5274,3388.60009765625,22092.5,4.372364415195562
2025-08-27,120.7274,3404.60009765625,22092.5,4.3994014565683655
2025-08-28,120.2595,3431.800048828125,22092.5,4.35018339026613
2025-08-29,120.2082,3473.699951171875,22092.5,4.507017587180872
2025-08-30,120.2082,3473.699951171875,22092.5,4.496323717627195
2025-08-31,120.2082,3473.699951171875,22092.5,4.528006117686954
2025-09-01,120.2082,3473.699951171875,22176.1,4.529276257576402
2025-09-02,120.6837,3549.39990234375,22176.1,4.442213024081832
2025-09-03,120.5052,3593.199951171875,22176.1,4.412601867827156
2025-09-04,120.7629,3565.800048828125,22176.1,4.4846119924876655
2025-09-05,120.1282,3613.199951171875,22176.1,4.481026942343407
2025-09-06,120.1282,3613.199951171875,22176.1,4.510726363149669
2025-09-07,120.1282,3613.199951171875,22176.1,4.458448912617052
2025-09-08,120.0971,3638.10009765625,22176.1,4.413470391947024
2025-09-09,120.1569,3643.300048828125,22176.1,4.422305644960965
2025-09-10,120.1223,3643.60009765625,22176.1,4.347587902376495
2025-09-11,119.9534,3636.89990234375,22176.1,4.291171121968701
2025-09-12,120.0611,3649.39990234375,22176.1,4.2255354809115575
2025-09-13,120.0611,3649.39990234375,22176.1,4.234290280600317
2025-09-14,120.0611,3649.39990234375,22176.1,4.282745612044465
2025-09-15,119.5644,3682.199951171875,22176.1,4.307027993565468
2025-09-16,119.1348,3688.89990234375,22176.1,4.278059893358673
2025-09-17,119.1582,3681.800048828125,22176.1,4.250899616153833
2025-09-18,119.6616,3643.699951171875,22176.1,4.236858610912951
2025-09-19,119.7858,3671.5,22176.1,4.318325507685115
2025-09-20,119.7858,3671.5,22176.1,4.305283138955506
2025-09-21,119.7858,3671.5,22176.1,4.341365775569763
2025-09-22,119.8152,3740.699951171875,22176.1,4.485097861722028
2025-09-23,119.6202,3780.60009765625,22176.1,4.525902814596202
2025-09-24,120.1707,3732.10009765625,22176.1,4.496223297317247
2025-09-25,120.5419,3736.89990234375,22176.1,4.717878209515097
2025-09-26,120.4349,3775.300048828125,22176.1,4.6474191638060285
2025-09-27,120.4349,3775.300048828125,22176.1,4.666829358877179
2025-09-28,120.4349,3775.300048828125,22176.1,4.566644130327151
2025-09-29,120.115,3820.89990234375,22176.1,4.501598648301424
2025-09-30,120.1368,3840.800048828125,22176.1,4.536108198901452
2025-10-01,120.1502,3867.5,22249.8,4.373915542847788
2025-10-02,120.4296,3839.699951171875,22249.8,4.297877927418173
2025-10-03,120.0881,3880.800048828125,22249.8,4.25731143324593
2025-10-04,120.0881,3880.800048828125,22249.8,4.27632009222777
2025-10-05,120.0881,3880.800048828125,22249.8,4.266724129818518
2025-10-06,120.2722,3948.5,22249.8,4.197511548083932
2025-10-07,120.4884,3976.60009765625,22249.8,4.328643455371849
2025-10-08,120.7766,4043.300048828125,22249.8,4.270119636524364
2025-10-09,121.0902,3946.300048828125,22249.8,4.365258433775252
2025-10-10,121.1163,3975.89990234375,22249.8,4.83164287040477
2025-10-11,121.1163,3975.89990234375,22249.8,4.910299871462935
2025-10-12,121.1163,3975.89990234375,22249.8,4.6667181014368735
2025-10-13,121.1163,4108.60009765625,22249.8,4.620712936628985
2025-10-14,121.1822,4138.7001953125,22249.8,4.750892979753261
2025-10-15,120.8642,4176.89990234375,22249.8,4.869368541575084
2025-10-16,120.6698,4280.2001953125,22249.8,5.00309544160133
2025-10-17,120.7028,4189.89990234375,22249.8,5.1034573202221605
2025-10-18,120.7028,4189.89990234375,22249.8,5.052532493470108
2025-10-19,120.7028,4189.89990234375,22249.8,5.001350368030217
2025-10-20,120.6209,4336.39990234375,22249.8,4.921812375942068
2025-10-21,120.8895,4087.699951171875,22249.8,5.032144425870758
2025-10-22,120.8958,4044.39990234375,22249.8,5.0896544692491466
2025-10-23,120.9531,4125.5,22249.8,4.982370689860889
2025-10-24,120.9345,4118.39990234375,22249.8,4.92840961711426
2025-10-25,120.9345,4118.39990234375,22249.8,4.898092479369783
2025-10-26,120.9345,4118.39990234375,22249.8,4.76339526465839
2025-10-27,120.7988,4001.89990234375,22249.8,4.7884497762734215
2025-10-28,120.6361,3966.199951171875,22249.8,4.881773338254242
2025-10-29,120.5312,3983.699951171875,22249.8,4.97459992952759
2025-10-30,121.2832,4001.300048828125,22249.8,5.08250074815627
2025-10-31,121.3859,3982.199951171875,22249.8,5.022762765189202
2025-11-01,121.3859,3982.199951171875,22279.8,5.000682954258542
2025-11-02,121.3859,3982.199951171875,22279.8,4.984244049990823
2025-11-03,121.4512,4000.300048828125,22279.8,5.242384392805521
2025-11-04,121.8271,3947.699951171875,22279.8,5.506805452721815
2025-11-05,121.8482,3980.300048828125,22279.8,5.362621242448576
2025-11-06,121.6948,3979.89990234375,22279.8,5.492978569603766
2025-11-07,121.388,3999.39990234375,22279.8,5.336487315445025
2025-11-08,121.388,3999.39990234375,22279.8,5.39258507922156
2025-11-09,121.388,3999.39990234375,22279.8,5.260936877357625
2025-11-10,121.2984,4111.7998046875,22279.8,5.200067862646495
2025-11-11,121.2984,4106.7998046875,22279.8,5.370203648462316
2025-11-12,121.0458,4204.39990234375,22279.8,5.421425281837467
2025-11-13,120.7725,4186.89990234375,22279.8,5.565294528368815
2025-11-14,120.9666,4087.60009765625,22279.8,5.804102726326517
2025-11-15,120.9666,4087.60009765625,22279.8,5.740541608125778
2025-11-16,120.9666,4087.60009765625,22279.8,5.822112281357665
2025-11-17,121.1146,4068.300048828125,22279.8,5.9428207388805365
2025-11-18,121.2127,4061.300048828125,22279.8,5.860814928443888
2025-11-19,121.4978,4077.699951171875,22279.8,5.962194770515423
2025-11-20,121.6889,4056.5,22279.8,6.266438007883086
2025-11-21,121.8653,4076.699951171875,22279.8,6.432037849517504
2025-11-22,121.8653,4076.699951171875,22279.8,6.451050137267804
2025-11-23,121.8653,4076.699951171875,22279.8,6.311365035601808
2025-11-24,121.9171,4091.89990234375,22279.8,6.14979101720178
2025-11-25,121.6335,4139.2001953125,22279.8,6.191767593899203
2025-11-26,121.2437,4165.2001953125,22279.8,6.023083482544498
2025-11-27,121.2437,4165.2001953125,22279.8,6.000806767035856
2025-11-28,121.0527,4218.2998046875,22279.8,6.029451959575788
2025-11-29,121.0527,4218.2998046875,22279.8,6.051975408153509
2025-11-30,121.0527,4218.2998046875,22279.8,6.079558089418331
2025-12-01,120.9862,4239.2998046875,22355.3,6.365741799003315
2025-12-02,121.1467,4186.60009765625,22355.3,6.03792256393232
2025-12-03,120.7336,4199.2998046875,22355.3,5.869515038717702
2025-12-04,120.6766,4211.7998046875,22355.3,5.984914665409943
2025-12-05,120.6863,4212.89990234375,22355.3,6.168715926708661
2025-12-06,120.6863,4212.89990234375,22355.3,6.167806658411026
2025-12-07,120.6863,4212.89990234375,22355.3,6.115280535410664
2025-12-08,120.776,4187.2001953125,22355.3,6.074553886320254
2025-12-09,120.6832,4206.7001953125,22355.3,5.932401628364791
2025-12-10,120.6752,4196.39990234375,22355.3,5.986935210985966
2025-12-11,119.98,4285.5,22355.3,5.990862039433086
2025-12-12,120.1442,4300.10009765625,22355.3,6.136713249653
2025-12-13,120.1442,4300.10009765625,22355.3,6.119933722627346
2025-12-14,120.1442,4300.10009765625,22355.3,6.2499749834316365
2025-12-15,119.9561,4306.7001953125,22355.3,6.375272232478374
2025-12-16,119.8902,4304.5,22355.3,6.3095824076850295
2025-12-17,120.155,4347.5,22355.3,6.463491895972854
2025-12-18,120.0528,4339.5,22355.3,6.530113023627411
2025-12-19,120.1652,4361.39990234375,22355.3,6.305956873004118
2025-12-20,120.1652,4361.39990234375,22355.3,6.293466642491527
2025-12-21,120.1652,4361.39990234375,22355.3,6.292591160389999
2025-12-22,119.9912,4444.60009765625,22355.3,6.294029893854715
2025-12-23,119.7057,4482.7998046875,22355.3,6.378185672768491
2025-12-24,119.4372,4480.60009765625,22355.3,6.377660151728039
2025-12-25,119.4372,4480.60009765625,22355.3,6.42989931180658
2025-12-26,119.4723,4529.10009765625,22355.3,6.3990654746076014
2025-12-27,119.4723,4529.10009765625,22355.3,6.344729266164372
2025-12-28,119.4723,4529.10009765625,22355.3,6.334182520294018
2025-12-29,119.5899,4325.10009765625,22355.3,6.381854690026634
2025-12-30,119.4939,4370.10009765625,22355.3,6.326192976676842
2025-12-31,119.7456,4325.60009765625,22355.3,6.37440773220384
2026-01-01,119.7456,4325.60009765625,22420.1,6.284312817236878
2026-01-02,119.6059,4314.39990234375,22420.1,6.161006877693497
2026-01-03,119.6059,4314.39990234375,22420.1,6.117854829617977
2026-01-04,119.6059,4314.39990234375,22420.1,6.053652246392123
2026-01-05,119.6192,4436.89990234375,22420.1,5.89854328874288
2026-01-06,119.7807,4482.2001953125,22420.1,5.8819631319669305
2026-01-07,119.8719,4449.2998046875,22420.1,6.0408288654136655
2026-01-08,120.0904,4449.7001953125,22420.1,6.083317222056931
2026-01-09,120.2215,4490.2998046875,22420.1,6.10984841060877
2026-01-10,120.2215,4490.2998046875,22420.1,6.113507603621423
2026-01-11,120.2215,4490.2998046875,22420.1,6.079748843084311
2026-01-12,119.9958,4604.2998046875,22420.1,6.0826185745788335
2026-01-13,120.1401,4589.2001953125,22420.1,5.816580213178767
2026-01-14,119.9537,4626.2998046875,22420.1,5.753873768352409
2026-01-15,119.9951,4616.2998046875,22420.1,5.837952054656605
2026-01-16,120.0838,4588.39990234375,22420.1,5.842805348364266
2026-01-17,120.0838,4588.39990234375,22420.1,5.8544918577072576
2026-01-18,120.0838,4588.39990234375,22420.1,5.953553369240865
2026-01-19,120.0838,4588.39990234375,22420.1,6.028942064274201
2026-01-20,119.4455,4759.60009765625,22420.1,6.320616152777118
2026-01-21,119.3431,4831.7998046875,22420.1,6.247337317766392
2026-01-22,119.1962,4908.7998046875,22420.1,6.250093492700208
2026-01-23,118.8976,4976.2001953125,22420.1,6.246117288850753
2026-01-24,118.8976,4976.2001953125,22420.1,6.263295979275704
2026-01-25,118.8976,4976.2001953125,22420.1,6.463879817398155
2026-01-26,118.0525,5079.7001953125,22420.1,6.321013263348756
2026-01-27,117.4523,5079.89990234375,22420.1,6.224690275008945
2026-01-28,117.5117,5301.60009765625,22420.1,6.225777621179906
2026-01-29,117.4396,5318.39990234375,22420.1,6.534029068676405
2026-01-30,117.8996,4713.89990234375,22420.1,6.5970544323151445
2026-01-31,117.8996,4713.89990234375,22420.1,7.02970628799329
2026-02-01,117.8996,4713.89990234375,22620.3,7.226800161472566
2026-02-02,118.3609,4622.5,22620.3,7.0653321907685775
2026-02-03,117.9764,4903.7001953125,22620.3,7.297077178823737
2026-02-04,118.2602,4920.39990234375,22620.3,7.548882589883714
2026-02-05,118.5034,4861.39990234375,22620.3,8.645448872360214
2026-02-06,118.2407,4951.2001953125,22620.3,7.819239879367245
2026-02-07,118.2407,4951.2001953125,22620.3,7.900608237589132
2026-02-08,118.2407,4951.2001953125,22620.3,7.790494657819696
2026-02-09,117.6392,5050.89990234375,22620.3,7.8011297672162385
2026-02-10,117.5216,5003.7998046875,22620.3,7.951130698573579
2026-02-11,117.4601,5071.60009765625,22620.3,8.13149886789318
2026-02-12,117.5376,4923.7001953125,22620.3,8.166247115148005
2026-02-13,117.5258,5022.0,22620.3,7.884044622856055
2026-02-14,117.5258,5022.0,22620.3,7.739114692071296
2026-02-15,117.5258,5022.0,22620.3,7.891644737780856
2026-02-16,117.5258,5022.0,22620.3,7.86124198415106
2026-02-17,117.7375,4882.89990234375,22620.3,7.974744829578951
2026-02-18,117.8426,4986.5,22620.3,8.100996746174252
2026-02-19,118.2354,4975.89990234375,22620.3,8.067173236693929
2026-02-20,117.9917,5059.2998046875,22620.3,7.955025493378481
2026-02-21,117.9917,5059.2998046875,22620.3,7.955555912288366
2026-02-22,117.9917,5059.2998046875,22620.3,8.012478120473968
2026-02-23,117.9395,5204.7001953125,22620.3,8.330063970763863
2026-02-24,117.9463,5155.7998046875,22620.3,8.384145071406534
2026-02-25,117.769,5206.39990234375,22620.3,7.901222256799226
2026-02-26,117.9042,5176.5,22620.3,7.964514264623265
2026-02-27,117.8223,5230.5,22620.3,8.161389952011742
2026-02-28,117.8223,5230.5,22620.3,8.049962925770728
2026-03-01,117.8223,5230.5,22676.1,8.168363081333062
2026-03-02,118.667,5294.39990234375,22676.1,7.878347885211767
2026-03-03,119.4341,5107.39990234375,22676.1,7.948935690708772
2026-03-04,119.0705,5120.2001953125,22676.1,7.5495959225051905
2026-03-05,119.5683,5065.2998046875,22676.1,7.715624824364668
2026-03-06,119.491,5146.10009765625,22676.1,7.983251485266473
2026-03-07,119.491,5146.10009765625,22676.1,8.0592191429213
2026-03-08,119.491,5146.10009765625,22676.1,8.17903313496799
2026-03-09,119.5151,5091.5,22676.1,7.938592179012696
2026-03-10,118.7255,5229.7001953125,22676.1,7.801944888665853
2026-03-11,119.2885,5167.39990234375,22676.1,7.765164921995021
2026-03-12,119.8227,5115.7998046875,22676.1,7.733966903755439
2026-03-13,120.5518,5052.5,22676.1,7.686816948164972
2026-03-14,120.5518,5052.5,22676.1,7.661461644172693
2026-03-15,120.5518,5052.5,22676.1,7.504835045333366
2026-03-16,120.097,4994.0,22676.1,7.26771408655088
2026-03-17,119.8328,5001.0,22676.1,7.351526588977005
2026-03-18,119.9276,4889.89990234375,22676.1,7.597098947465048
2026-03-19,120.1802,4600.7001953125,22676.1,7.739838936826812
2026-03-20,120.2757,4570.39990234375,22676.1,7.688303819097257
2026-03-21,120.2757,4570.39990234375,22676.1,7.850252002626965
2026-03-22,120.2757,4570.39990234375,22676.1,7.947813344944635
2026-03-23,119.9371,4404.10009765625,22676.1,7.671726518480591
2026-03-24,120.1295,4399.2998046875,22676.1,7.683495806040998
2026-03-25,120.1282,4549.7998046875,22676.1,7.615119565157806
2026-03-26,120.389,4375.5,22676.1,7.872902702172589
2026-03-27,120.8851,4492.0,22676.1,8.112614534775597
2026-03-28,120.8851,4492.0,22676.1,8.101533007253584
2026-03-29,120.8851,4492.0,22676.1,8.145545237480398
2026-03-30,121.2851,4526.0,22676.1,8.064850064264052
2026-03-31,121.035,4647.60009765625,22676.1,7.920220579412758
2026-04-01,120.1198,4783.2001953125,22799.9,7.9219114575970595
2026-04-02,120.503,4651.5,22799.9,8.072852206124566
2026-04-03,120.6565,4651.5,22799.9,8.057288702802431
2026-04-04,120.6565,4651.5,22799.9,8.01863007857623
2026-04-05,120.6565,4651.5,22799.9,7.870213161532575
2026-04-06,120.4302,4656.7998046875,22799.9,7.899645586924146
2026-04-07,120.32,4657.10009765625,22799.9,7.583125919772547
2026-04-08,119.0596,4749.5,22799.9,7.686693476896478
2026-04-09,118.8998,4792.2001953125,22799.9,7.628025928344885
2026-04-10,118.8552,4761.89990234375,22799.9,7.525905267100326
2026-04-11,118.8552,4761.89990234375,22799.9,7.514720499392833
2026-04-12,118.8552,4761.89990234375,22799.9,7.727286703858398
2026-04-13,118.9916,4742.39990234375,22799.9,7.392919640688059
2026-04-14,118.3581,4825.0,22799.9,7.447018405861101
2026-04-15,118.3623,4800.0,22799.9,7.407133976587567
2026-04-16,118.3616,4785.39990234375,22799.9,7.338510837913556
2026-04-17,118.0795,4857.60009765625,22799.9,7.2011437711603214
2026-04-18,118.0795,4857.60009765625,22799.9,7.38070530622001
2026-04-19,118.0795,4857.60009765625,22799.9,7.577351468295217
2026-04-20,118.2374,4806.60009765625,22799.9,7.41649145225783
2026-04-21,118.4331,4698.39990234375,22799.9,7.399669987059399
2026-04-22,118.6004,4732.5,22799.9,7.291201634127417
2026-04-23,118.7155,4705.10009765625,22799.9,7.308506784525008
2026-04-24,118.7294,4722.2998046875,22799.9,7.396998515408216
2026-04-25,118.7294,4722.2998046875,22799.9,7.398421043148929
2026-04-26,118.7294,4722.2998046875,22799.9,7.307057458827593
2026-04-27,118.5458,4675.39990234375,22799.9,7.417973276223775
2026-04-28,118.7717,4591.5,22799.9,7.497284833825886
2026-04-29,119.0975,4545.2001953125,22799.9,7.551368370609445
2026-04-30,118.671,4614.7001953125,22799.9,7.513421029371627
2026-05-01,118.3926,4629.89990234375,23055.6,7.3851195871612445
2026-05-02,118.3926,4629.89990234375,23055.6,7.342076747600035
2026-05-03,118.3926,4629.89990234375,23055.6,7.340522714061935
2026-05-04,118.8264,4519.5,23055.6,7.2464463129343235
2026-05-05,118.6207,4555.7998046875,23055.6,7.154483239384538
2026-05-06,118.0982,4681.89990234375,23055.6,7.095665747014716
2026-05-07,118.0116,4699.7998046875,23055.6,7.210424339845637
2026-05-08,118.0392,4720.39990234375,23055.6,7.171395645686705
2026-05-09,118.0392,4720.39990234375,23055.6,7.136668196960298
2026-05-10,118.0392,4720.39990234375,23055.6,7.009052883464781
2026-05-11,118.0562,4718.7001953125,23055.6,7.042608186405731
2026-05-12,118.5238,4677.60009765625,23055.6,7.164148759357992
2026-05-13,118.4737,4697.7001953125,23055.6,7.24767837168645
2026-05-14,118.6696,4678.10009765625,23055.6,7.115884745116525
2026-05-15,119.2825,4555.7998046875,23055.6,7.280482579828782
2026-05-16,119.2825,4555.7998046875,23055.6,7.380259583337464
2026-05-17,119.2825,4555.7998046875,23055.6,7.443393086943558
2026-05-18,119.0574,4552.5,23055.6,7.466153284854905
2026-05-19,119.451,4506.2998046875,23055.6,7.495708764597603
2026-05-20,119.1624,4531.2998046875,23055.6,7.421415080885156
2026-05-21,119.369,4539.7998046875,23055.6,7.403978807967181
2026-05-22,119.2868,4521.0,23055.6,7.5856235819588145
2026-05-23,119.2868,4521.0,23055.6,7.469741952745116
2026-05-24,119.2868,4521.0,23055.6,7.459067737568327
2026-05-25,119.2868,4521.0,23055.6,7.428647613366122
2026-05-26,119.1696,4500.39990234375,23055.6,7.541543570285205
2026-05-27,119.1829,4447.5,23055.6,7.6656089588154845
2026-05-28,119.0318,4499.2998046875,23055.6,7.741368197195649
2026-05-29,118.8783,4560.5,23055.6,7.736996917657311
2026-05-30,118.8783,4560.5,23055.6,7.62510435487674
2026-05-31,118.8783,4560.5,23055.6,7.631423876232181
2026-06-01,119.1653,4475.2001953125,23155.2,7.787067135010613
2026-06-02,119.0359,4489.10009765625,23155.2,8.256550752726618
2026-06-03,119.3848,4436.7001953125,23155.2,8.479987759727493
2026-06-04,119.3615,4475.7998046875,23155.2,8.574577874405497
2026-06-05,120.0831,4337.10009765625,23155.2,9.016531679624148
2026-06-06,120.0831,4337.10009765625,23155.2,9.017958846330073
2026-06-07,120.0831,4337.10009765625,23155.2,8.661826035020479
2026-06-08,120.034,4335.89990234375,23155.2,8.681959799042552
2026-06-09,119.9617,4260.0,23155.2,8.853364412680028
2026-06-10,119.9134,4108.2001953125,23155.2,8.922434784279769
2026-06-11,120.1174,4090.300048828125,23155.2,8.65508536251392
2026-06-12,119.5073,4215.0,23155.2,8.675718446548562
2026-06-13,119.5073,4215.0,23155.2,8.558273159279286
2026-06-14,119.5073,4215.0,23155.2,8.397911506768152
2026-06-15,119.3158,4328.0,23155.2,8.298703209816672
2026-06-16,119.256,4330.89990234375,23155.2,8.354888208230737
2026-06-17,119.3871,4358.89990234375,23155.2,8.486888216049923
2026-06-18,120.3958,4224.10009765625,23155.2,8.668725145895301
2026-06-19,120.3958,4224.10009765625,23155.2,8.626357608512746
2026-06-20,120.3958,4224.10009765625,23155.2,8.52677978678556
2026-06-21,120.3958,4224.10009765625,23155.2,8.653009313495954
2026-06-22,120.5463,4181.89990234375,23155.2,8.572772413796516
2026-06-23,121.0552,4129.89990234375,23155.2,8.747232743342334
2026-06-24,121.412,3990.300048828125,23155.2,8.937539432356088
2026-06-25,121.0559,4030.5,23155.2,9.11889918220236
2026-06-26,120.8866,4078.699951171875,23155.2,9.057950676232002
2026-06-27,120.8866,4078.699951171875,23155.2,9.088667999979345
2026-06-28,120.8866,4078.699951171875,23155.2,9.1379441562508
2026-06-29,120.9525,4022.300048828125,23155.2,9.019285941101993
2026-06-30,120.9248,4022.89990234375,23155.2,9.165464036614727
2026-07-01,121.1455,4068.300048828125,23155.2,8.981581867334384
2026-07-02,120.6902,4112.7001953125,23155.2,8.733476793665005
2026-07-03,120.6902,4112.7001953125,23155.2,8.575118502894764
2026-07-04,120.6902,4112.7001953125,23155.2,8.511545030961077
2026-07-05,120.6902,4112.7001953125,23155.2,8.461536012777122
2026-07-06,120.835,4155.10009765625,23155.2,8.43741563140906
2026-07-07,120.8145,4145.2998046875,23155.2,8.527038461776204
2026-07-08,121.1307,4070.89990234375,23155.2,8.653669046008044
2026-07-09,120.753,4130.60009765625,23155.2,8.569954783984377
2026-07-10,120.5046,4104.10009765625,23155.2,8.45618066248701
2026-07-11,120.5046,4104.10009765625,23155.2,8.500129070367308
2026-07-12,120.5046,4104.10009765625,23155.2,8.488470370848738
2026-07-13,120.7413,3997.0,23155.2,8.646002181326692
2026-07-14,120.4728,4061.10009765625,23155.2,8.345581294228985
2026-07-15,120.3088,4044.0,23155.2,8.35920847903202
2026-07-16,120.331,3985.60009765625,23155.2,8.4800882349128
2026-07-17,120.5315,4012.699951171875,23155.2,8.482762996126947
2026-07-18,120.5315,4012.699951171875,23155.2,8.397191638934224
2026-07-19,120.5315,4012.699951171875,23155.2,8.397370080127924
2026-07-20,120.5401,4010.300048828125,23155.2,8.330179960956668
2026-07-21,120.5779,4071.10009765625,23155.2,8.219290396989429
2026-07-22,120.5736,4146.89990234375,23155.2,8.26019980566666
2026-07-23,120.9075,4046.60009765625,23155.2,8.380094597442064
2026-07-24,120.7105,4067.60009765625,23155.2,8.478283839235289
2026-07-25,120.7105,4067.60009765625,23155.2,8.447715970543593
2026-07-26,120.7105,4067.60009765625,23155.2,8.307050926536713
2026-07-27,120.7739,4074.5,23155.2,8.509633078973039
2026-07-28,120.6247,4036.300048828125,23155.2,8.475862965222408
2026-07-29,120.7892,4034.699951171875,23155.2,8.485664382531235
2026-07-30,119.6753,4100.10009765625,23155.2,8.391359178965784
2026-07-31,119.7034,4049.10009765625,23155.2,8.579716435681588
2026-08-01,119.7034,4049.10009765625,23155.2,8.587667631250104
2026-08-02,119.7034,4049.10009765625,23155.2,8.479336615959026
2026-08-03,120.7739,4033.699951171875,23155.2,8.496640115362439
2026-08-04,119.5977,4095.39990234375,23155.2,8.439655513322291
2026-08-05,119.3881,4245.7998046875,23155.2,8.374628698798704
2026-08-06,119.5113,4242.0,23155.2,8.439188984577711
2026-08-07,119.0649,4340.7001953125,23155.2,8.38443824780434
2026-08-08,119.0649,4340.7001953125,23155.2,8.344270908051238
2026-08-09,119.0649,4340.7001953125,23155.2,8.355928111709247
2026-08-10,119.0649,4361.7998046875,23155.2,8.455374282152947
2026-08-11,119.0649,4383.0,23155.2,8.468909615458747
2026-08-12,119.0649,4408.89990234375,23155.2,8.485168105805304
2026-08-13,119.0649,4408.89990234375,23155.2,8.44415674823303
2026-08-14,119.0649,4408.89990234375,23155.2,8.44415674823303
2026-08-15,119.0649,4408.89990234375,23155.2,8.44415674823303
2026-08-16,119.0649,4408.89990234375,23155.2,8.44415674823303
2026-08-17,119.0649,4408.89990234375,23155.2,8.44415674823303
2026-08-18,119.0649,4408.89990234375,23155.2,8.44415674823303
2026-08-19,119.0649,4408.89990234375,23155.2,8.44415674823303
2026-08-20,119.0649,4408.89990234375,23155.2,8.44415674823303
2026-08-21,119.0649,4408.89990234375,23155.2,8.44415674823303
