date,btc_close,btc_high,btc_low,btc_open,btc_volume,ema_5,ema_8,ema_13,ema_21,rsi_14,macd,macd_signal,macd_hist,bb_mid,bb_upper,bb_lower,bb_width,atr_14,log_return,realized_vol_14,days_since_last_halving,days_until_next_halving,halving_cycle_phase,halving_phase_sin,halving_phase_cos,next_halving_is_projected,dxy,gold_price,m2_money_supply,usdt_dominance,google_trends_bitcoin,n_transactions,avg_block_size_mb,avg_tx_per_block,avg_confirmation_time_min,median_confirmation_time_min,avg_mining_difficulty,avg_hashrate,miners_revenue_usd,avg_transaction_fees_btc,avg_transaction_fees_usd,cost_per_transaction_usd,sent_coins_usd,output_volume_btc,active_addresses,coins_in_circulation,market_price_usd,avg_transaction_value_btc,avg_fee_to_reward_ratio,sopr,mvrv,cpi_headline,core_pce,ppi,nonfarm_payrolls,unemployment_rate,avg_hourly_earnings,retail_sales,gdp_nominal,fomc_rate_upper,fomc_rate_lower,fomc_rate_changed,sp500_close,sp500_volume,dowjones_close,dowjones_volume,oil_close,oil_volume,eth_close,eth_volume_usd,eth_price_is_backfilled,fear_greed_value,value_classification,sentiment_positive_total,sentiment_negative_total,sentiment_balance_total,social_volume_total,pct_positive,pct_negative,sentiment_balance_normalized
2025-08-21,112419.03125,114802.6484375,111986.234375,114275.6875,57817883700.0,114387.99075073191,115287.91962213688,115999.92889918076,116313.79070878348,40.29561227283234,-357.29456157832465,388.8313633488232,-746.1259249271479,116485.333984375,122034.37184526504,110936.29612348496,0.0952744465090237,2824.28569209566,-0.0163723278465066,0.3562866134974679,488.0,970.0,0.3347050754458162,0.8616838357835789,-0.507445531214236,True,121.0843,3336.89990234375,22092.5,4.43895690226407,763.1642223441348,447767.0,1.598563134228188,3005.1476510067114,9.16053294389799,5.283333333333333,129435235580344.48,958704808.5807632,55379284.1129266,3.0897044099999995,364752.8629266,119.0110311476968,14001832264.62955,604109.254676697,536698.0,19909256.25,114263.31,1.3491598413386805,2949.194771839455,1.0064483543869662,2.150092222239416,322.169,126.121,262.358,158542.0,4.3,36.47,727176.0,31098.027,4.5,4.25,False,6370.169921875,4013560000.0,44785.5,407540000.0,63.52000045776367,250166.0,4225.29,0.0,False,50.0,Neutral,625.631809592247,489.197961688042,136.433847904205,3283.0,0.5611904397509595,0.4388095602490404,0.0415576752678053
2025-08-22,116874.0859375,117377.3984375,111678.9453125,112433.734375,82528088240.0,115216.6891463213,115640.4010255509,116124.80847608352,116364.7266386668,51.318931026972535,-253.58572757399816,260.34794516425893,-513.9336727382571,116702.692578125,121930.11612082504,111475.26903542496,0.0895853116533813,3029.5833658745414,0.0388639264247782,0.4146315673987574,489.0,969.0,0.3353909465020576,0.8594890275733451,-0.5111541954058731,True,120.2774,3374.39990234375,22092.5,4.188879948825332,838.2295556894595,459717.0,1.6326628493150686,3148.746575342466,11.076473324633753,5.104166666666667,129460543109965.77,939585701.641628,53263914.816695295,3.47826203,401414.8166953,114.06062117717347,15328705213.824976,698681.1002906404,559414.0,19909690.625,112432.68,1.519806968832217,3464.582277171842,1.0189602051826108,2.2309603181709265,322.169,126.121,262.358,158542.0,4.3,36.47,727176.0,31098.027,4.5,4.25,False,6466.91015625,5046860000.0,45631.73828125,484720000.0,63.65999984741211,223169.0,4829.76,0.0,False,50.0,Neutral,803.767758488655,628.096385121346,175.67137336731,4172.0,0.5613435898060859,0.438656410193914,0.0421072323507454
2025-08-23,115374.328125,116996.25,114536.109375,116866.3671875,55377142586.0,115269.23547254756,115581.27371431736,116017.59699735732,116274.69041015164,48.09935874329173,-289.08130161536974,150.4620958083332,-439.5433974237029,116760.525390625,121896.9920605105,111624.0587207395,0.0879829317776934,2988.9088843835025,-0.012915297318543,0.4199348656314224,490.0,968.0,0.336076817558299,0.8572782574716484,-0.5148533667622016,True,120.2774,3374.39990234375,22092.5,4.235801293159545,713.120666780585,467080.0,1.585786625,3072.894736842105,9.342434413293738,3.625,129699156960680.48,980001769.6141684,55282142.914973006,2.73088837,316111.6649729999,118.35690441674448,8101157832.036867,523652.2546548707,487009.0,19910146.875,116866.95,1.121118983161066,2670.8341733908865,1.0066289715578325,2.201272176719621,322.169,126.121,262.358,158542.0,4.3,36.47,727176.0,31098.027,4.5,4.25,False,6466.91015625,5046860000.0,45631.73828125,484720000.0,63.65999984741211,223169.0,4776.65,0.0,False,60.0,Greed,580.151334643364,547.510287106037,32.641047537327,3204.0,0.5144728910285556,0.4855271089714442,0.0101875928643342
2025-08-24,113458.4296875,115615.0859375,111060.546875,115387.390625,73961489632.0,114665.63354419835,115109.53059724683,115652.00166737771,116018.66670809238,44.277782934472576,-466.4320534812141,27.083265950423737,-493.51531943163786,116679.852734375,121976.18289418476,111383.52257456526,0.0907839705945977,3100.739611391824,-0.0167453578315027,0.4042677416029033,491.0,967.0,0.3367626886145404,0.855051566535525,-0.5185429765845302,True,120.2774,3374.39990234375,22092.5,4.286272387055115,700.6097778896975,525890.0,1.5772542865853665,3206.6463414634145,5.058595543094411,1.2583333333333333,129699156960680.44,1057370330.3731812,61885477.45943765,2.273317749999999,266039.9594377,111.9037825834641,11032407922.931696,583494.5676123779,443678.0,19910631.25,115372.47,1.1095372941344728,2260.752603232212,1.0030266533943608,2.167328504514984,322.169,126.121,262.358,158542.0,4.3,36.47,727176.0,31098.027,4.5,4.25,False,6466.91015625,5046860000.0,45631.73828125,484720000.0,63.65999984741211,223169.0,4778.21,0.0,False,53.0,Neutral,726.203283786774,730.07468432188,-3.871400535107,4068.0,0.4986707892930173,0.5013292107069827,-0.000951671714628
2025-08-25,110124.3515625,113637.84375,109324.28125,113456.8984375,85706860190.0,113151.87288363226,114001.71303396978,114862.3373666809,115482.81987667488,38.53932423593949,-866.0329539062368,-151.5399780209084,-714.4929758853284,116478.998046875,122443.22506756985,110514.77102618015,0.1024086250861228,3187.36981772098,-0.0298263155288318,0.4259844234686632,492.0,966.0,0.3374485596707819,0.852808996117683,-0.5222229563517383,True,120.4214,3373.800048828125,22092.5,4.482024901882574,800.6968890167972,482127.0,1.5999791347517731,3419.340425531915,7.622816439829237,3.883333333333333,129699156960680.52,909080588.918406,51120833.63289729,2.84742787,326427.3828973001,103.33077361974672,11581188386.265312,671005.1794498428,525919.0,19911140.625,113468.36,1.3917602197135668,3078.577629705353,1.0034140338296615,2.101608862718138,322.169,126.121,262.358,158542.0,4.3,36.47,727176.0,31098.027,4.5,4.25,False,6439.31982421875,4059070000.0,45282.46875,393960000.0,64.80000305175781,185270.0,4376.08,0.0,False,47.0,Neutral,900.522781789303,751.723132550716,148.799649238586,4679.0,0.5450295104218866,0.4549704895781133,0.0318015920578298
2025-08-26,111802.65625,112397.015625,108762.0390625,110124.1015625,69396320317.0,112702.13400575484,113513.03374864317,114425.24006429792,115148.25954697716,42.57390485824914,-1035.3594056192233,-328.3038635405714,-707.0555420786518,116317.730859375,122612.41790794337,110023.04381080664,0.1082326314666242,3219.3417280623385,0.015125123339528,0.4297690522348245,493.0,965.0,0.3381344307270233,0.8505505878657351,-0.5258932377215478,True,120.5274,3388.60009765625,22092.5,4.372364415195562,813.2077779076847,456605.0,1.6423185999999994,3044.0333333333333,7.562041243765512,3.725,129699156960680.48,967107009.4876657,56297907.75003928,3.186427219999998,367907.7500393,114.80933956692895,12519504863.175749,699871.7370252023,528702.0,19911600.0,110138.68,1.5327728277728063,2983.9211601354286,1.0042890513798657,2.1348985660008872,322.169,126.121,262.358,158542.0,4.3,36.47,727176.0,31098.027,4.5,4.25,False,6465.93994140625,4867680000.0,45418.0703125,490980000.0,63.25,199101.0,4601.18,0.0,False,48.0,Neutral,809.328724861145,684.023044288158,125.305680572987,4112.0,0.5419545090318433,0.4580454909681568,0.0304731713455707
2025-08-27,111222.0625,112619.4140625,110398.265625,111795.7109375,62137056409.0,112208.77683716988,113003.92902672246,113967.64326939824,114791.3325427065,41.5575685761362,-1202.5387833929854,-503.15084751105417,-699.3879358819312,116003.9890625,122666.00038336014,109341.97774163986,0.1148583143510835,3148.0422073078857,-0.0052065534692693,0.394215981786153,494.0,964.0,0.3388203017832647,0.848276383721423,-0.5295537525317945,True,120.7274,3404.60009765625,22092.5,4.3994014565683655,663.0771112170352,499276.0,1.587194126666667,3328.5066666666667,9.266404260183991,3.533333333333333,129699156960680.48,967107009.4876657,54198229.94353496,3.649184339999998,415229.94353500014,106.64303510389172,10326963402.219948,610384.5115604041,526965.0,19912043.75,111803.49,1.2225392599692435,3825.1128404814303,1.0069167493404378,2.1218251202374474,322.169,126.121,262.358,158542.0,4.3,36.47,727176.0,31098.027,4.5,4.25,False,6481.39990234375,4143680000.0,45565.23046875,430980000.0,64.1500015258789,193476.0,4507.29,0.0,False,51.0,Neutral,787.338503420353,521.052078127861,266.286425292492,3693.0,0.6017610601328987,0.3982389398671014,0.0721057203608156
2025-08-28,112544.8046875,113450.078125,110900.921875,111219.0546875,58860155962.0,112320.78612061328,112901.90139578414,113764.38061484136,114587.10273768772,44.79119484774044,-1214.297736396431,-645.3802252881295,-568.9175111083015,115796.79296875,122624.82901461975,108968.75692288025,0.117931349751844,3105.264638928751,0.0118226403333176,0.3576699466346429,495.0,963.0,0.3395061728395062,0.8459864259198412,-0.533204432801691,True,120.2595,3431.800048828125,22092.5,4.35018339026613,625.5444445443728,575612.0,1.5770443710691824,3620.201257861635,7.9482741623815185,3.433333333333333,129699156960680.44,1025133430.0569257,57745298.99455071,3.3040221899999995,378705.2445507,98.72645160138056,10466099084.99234,643223.426013164,547915.0,19912534.375,111252.32,1.117460070348019,3774.978864459399,1.0157422959002906,2.142789122023943,322.169,126.121,262.358,158542.0,4.3,36.47,727176.0,31098.027,4.5,4.25,False,6501.85986328125,4283760000.0,45636.8984375,540880000.0,64.5999984741211,208931.0,4511.97,0.0,False,48.0,Neutral,798.269004821777,565.508544206619,232.760460615158,3821.0,0.5853366668123349,0.414663333187665,0.0609161111267097
2025-08-29,108410.8359375,112619.0546875,107559.625,112550.5234375,77843379644.0,111017.46939290884,111903.88684949875,112999.58851807832,114025.62393767068,37.7594394572012,-1539.4477253718503,-824.1937253048739,-715.2540000669767,115392.316796875,122962.89973020788,107821.73386354212,0.131214679512144,3244.8478566838403,-0.037423359714663,0.3971784728340918,496.0,962.0,0.3401920438957476,0.84368075698865,-0.5368452107330927,True,120.2082,3473.699951171875,22092.5,4.507017587180872,700.6097778896975,596157.0,1.5111002727272735,3613.072727272727,7.770515123851158,3.05,129699156960680.44,1063817710.4364324,58475677.66527168,3.4954331800000005,389240.1652717001,96.43500160836658,23005469326.788795,830138.1786032679,597526.0,19913009.375,112572.88,1.392482481298161,3968.2866188602175,1.04962757981338,2.0585239707912053,322.169,126.121,262.358,158542.0,4.3,36.47,727176.0,31098.027,4.5,4.25,False,6460.259765625,4234840000.0,45544.87890625,494870000.0,64.01000213623047,0.0,4360.2,0.0,False,50.0,Neutral,791.84304523468,683.963184773922,107.879860460758,4188.0,0.5365494664093298,0.4634505335906702,0.0257592790020912
2025-08-30,108808.0703125,108929.3515625,107444.4453125,108409.40625,51486264208.0,110281.00303277255,111215.9276190546,112400.8002029957,113551.30088083696,38.754410054159166,-1744.9630916588794,-1008.3475985756752,-736.6154930832043,114867.382421875,122744.84567380024,106989.91916994976,0.1371575304640192,3119.137741920709,0.0036574608046354,0.3987576703284142,497.0,961.0,0.340877914951989,0.8413594197472877,-0.5404760187117532,True,120.2082,3473.699951171875,22092.5,4.496323717627195,650.5662223261477,628513.0,1.4566713734177217,3977.930379746836,6.048933043671518,0.0583333333333333,129699156960680.44,1018686049.9936746,54713066.34255501,3.2329491200000007,358535.09255500004,86.32735078173864,9170965525.438211,548501.2291975999,495905.0,19913543.75,108370.55,0.8726967130315522,4118.649925707994,1.0039842991325263,2.063022252855391,322.169,126.43,262.358,158542.0,4.3,36.47,727176.0,31098.027,4.5,4.25,False,6460.259765625,4234840000.0,45544.87890625,494870000.0,64.01000213623047,0.0,4374.16,0.0,False,39.0,Fear,625.216193556786,497.404597759247,127.811595797539,3119.0,0.5569255427951353,0.4430744572048646,0.0409783891624042
2025-08-31,108236.7109375,109491.0,108104.65625,108818.4609375,47986191770.0,109599.57233434838,110553.87946759802,111805.9303079249,113068.1563405336,37.81796536925079,-1931.6723106397692,-1193.012540988494,-738.6597696512754,114342.645703125,122528.46629905686,106156.82510719314,0.1431805350592502,2995.3667424978016,-0.0052649106927603,0.3977600284212191,498.0,960.0,0.3415637860082304,0.8390224573061748,-0.5440967893085827,True,120.2082,3473.699951171875,22092.5,4.528006117686954,625.5444445443728,472908.0,1.3953556818181816,3582.6363636363635,7.342367035022957,2.575,129699156960680.56,851054168.3491462,46665914.96970029,2.9831014600000003,328571.2197002999,95.02924226473326,4626001308.177331,503516.4100451941,446532.0,19914018.75,108790.79,1.0647238152985234,3329.709884975333,1.0031199941714202,2.054653984489101,322.169,126.43,262.358,158542.0,4.3,36.47,727176.0,31098.027,4.5,4.25,False,6460.259765625,4234840000.0,45544.87890625,494870000.0,64.01000213623047,0.0,4392.83,0.0,False,48.0,Neutral,580.502073049545,474.769484400749,105.732588648796,3101.0,0.5500973365113065,0.4499026634886933,0.0340962878583669
2025-09-01,109250.59375,109890.5859375,107271.1796875,108228.75,66870372995.0,109483.2461395656,110264.2604192429,111440.88222822134,112721.10519593964,40.56259607438632,-1975.0615619992896,-1349.4223451906532,-625.6392168086363,113796.530078125,121799.9318412993,105793.12831495068,0.1406616134548164,2968.5124216051017,0.0093236720989763,0.4041569243848338,499.0,959.0,0.3422496570644718,0.8366699130659124,-0.5477074552808995,True,120.2082,3473.699951171875,22176.1,4.529276257576402,675.5880001079227,598757.0,1.6122321863354034,3718.987577639752,37.72997828745872,6.883333333333334,129699156960680.44,1038028190.1834284,58509888.881842114,9.44095697,1061076.3818421,93.82463832600574,9872635249.510498,614437.9792047982,521197.0,19914431.25,108234.82,1.0261892206768326,10858.45355894697,1.006337636101032,2.066472278033613,322.169,126.43,262.358,158542.0,4.3,36.47,727176.0,31098.027,4.5,4.25,False,6460.259765625,4234840000.0,45544.87890625,494870000.0,64.01000213623047,0.0,4314.59,0.0,False,46.0,Fear,764.818613052368,563.932459890842,200.886153161526,3898.0,0.5755920944306593,0.4244079055693406,0.051535698604804
2025-09-02,111200.5859375,111748.015625,108454.03125,109243.0703125,74776999491.0,110055.69273887709,110472.33275663336,111406.55418668973,112582.87617244512,45.54129740374894,-1830.993233298068,-1445.7365228121362,-385.25671048593176,113189.35625,119877.42793262246,106501.28456737752,0.1181749221693708,2991.760418276166,0.0176913822811821,0.3929288483457347,500.0,958.0,0.3429355281207133,0.8343018307164776,-0.5513079495736788,True,120.6837,3549.39990234375,22176.1,4.442213024081832,663.0771112170352,592659.0,1.5512578404907982,3635.9447852760736,7.998764493481191,3.533333333333333,129699156960680.44,1050922950.3099302,61013436.12510861,4.966634959999998,568811.1251085999,96.62724212955747,11472795453.89586,634897.7967018404,544795.0,19914953.125,109250.51,1.0712699827419143,5525.193367318118,1.0066474959968037,2.106133166120609,322.169,126.43,262.358,158542.0,4.3,36.47,727176.0,31098.027,4.5,4.25,False,6415.5400390625,4784000000.0,45295.80859375,533180000.0,65.58999633789062,320218.0,4326.68,0.0,False,49.0,Neutral,736.090700984001,531.368316948414,204.722384035587,3781.0,0.580760948140772,0.419239051859228,0.0541450367721732
2025-09-03,111723.2109375,112600.2265625,110582.9609375,111190.6953125,61119643565.0,110611.53213841809,110750.30568571483,111451.79086537693,112504.7247874501,46.82685223472848,-1655.562283651263,-1487.7016749799616,-167.8606086713014,112857.537890625,119109.868114247,106605.207667003,0.1108004009387726,2922.1536473278684,0.0046888305764054,0.3871369602864419,501.0,957.0,0.3436213991769547,0.8319182542364116,-0.5548982053207968,True,120.5052,3593.199951171875,22176.1,4.412601867827156,625.5444445443728,411173.0,1.553846927007299,3001.262773722628,19.695728144623573,7.116666666666666,129699156960680.52,883291068.6654017,49232179.806125626,6.27562614,708711.0561256002,118.77256845736542,10987680372.68799,649861.8140678566,541497.0,19915443.75,111202.95,1.5805070227564957,5918.950820944031,1.006375268798603,2.117352868701102,322.169,126.43,262.358,158542.0,4.3,36.47,727176.0,31098.027,4.5,4.25,False,6448.259765625,4465360000.0,45271.23046875,479210000.0,63.970001220703125,298737.0,4450.66,0.0,False,55.0,Greed,791.824488639832,499.517179310322,292.30730932951,3731.0,0.6131796938735478,0.3868203061264522,0.0783455666924443
2025-09-04,110723.6015625,112208.328125,109347.2265625,111718.1484375,60131132901.0,110648.88861311204,110744.37143611154,111347.7638221088,112342.80449427284,44.65553426226276,-1578.9904950829514,-1505.9594390005595,-73.03105608239184,112523.800390625,118460.17069563484,106587.43008561515,0.1055131498296681,2917.792784125878,-0.0089874616977683,0.3810200930417681,502.0,956.0,0.3443072702331962,0.8295192278920024,-0.558478155846275,True,120.7629,3565.800048828125,22176.1,4.4846119924876655,625.5444445443728,395181.0,1.5226124428571424,2822.7214285714285,23.351683835838287,6.808333333333334,129699156960680.52,902633208.8551546,50416444.85079042,4.856591310000002,545663.6007904,125.31522369373012,10787959326.746689,741396.2704583535,540435.0,19915871.875,111737.55,1.876092905423979,4277.094270770867,1.0100574155941744,2.0988399671512,322.169,126.43,262.358,158542.0,4.3,36.47,727176.0,31098.027,4.5,4.25,False,6502.080078125,4670770000.0,45621.2890625,457490000.0,63.47999954223633,251689.0,4299.99,0.0,False,51.0,Neutral,713.012208402157,577.029708385468,135.982500016689,3951.0,0.5527046827886428,0.4472953172113572,0.0344172361469726
2025-09-05,110650.984375,113357.4921875,110233.3984375,110723.015625,60241647677.0,110649.58720040804,110723.61875586452,111248.22390109324,112189.00266524804,44.4941263081236,-1506.7969834401883,-1506.1269478884856,-0.6700355517027674,112181.78203125,117685.5354473845,106678.0286151155,0.0981220536254512,2932.528567402601,-0.0006560571512495,0.311833000934825,503.0,955.0,0.3449931412894376,0.8271047962364638,-0.5620477346655155,True,120.1282,3613.199951171875,22176.1,4.481026942343407,638.0553334352602,416432.0,1.563669027972029,2912.111888111888,19.796318248837743,6.85,134709652731984.95,957592801.73997,54223984.82193413,5.84579367,798578.5719341001,121.57135418548276,12937939673.7636,827999.3999852549,587857.0,19916321.875,110732.71,1.9883183808767213,6132.962617183753,1.024785063526373,2.09099108963154,322.169,126.43,262.358,158472.0,4.3,36.62,727176.0,31098.027,4.5,4.25,False,6481.5,5066120000.0,45400.859375,558920000.0,61.869998931884766,294540.0,4308.16,0.0,False,48.0,Neutral,758.626217782497,643.989502549171,114.636715233326,4230.0,0.5408653323827779,0.4591346676172221,0.0271008783057508
2025-09-06,110224.6953125,111275.015625,110024.0859375,110650.5703125,21500719036.0,110507.95657110536,110612.74687956132,111102.00553129424,112010.42926954366,43.50011909048473,-1467.0696048489335,-1498.3154792805751,31.2458744316416,111820.363671875,116790.06151181142,106850.6658319386,0.0888871700421126,2812.4143616952724,-0.0038599957441809,0.3078923028149952,504.0,954.0,0.345679012345679,0.8246750041091069,-0.5656068754865384,True,120.1282,3613.199951171875,22176.1,4.510726363149669,562.9900000899355,441035.0,1.514811757142857,3150.25,7.27027306334556,3.075,136039872848260.48,946761026.3534616,51557818.35938023,3.459256969999997,404443.3593802001,111.29131964232494,3437337619.624412,467470.5709756828,481276.0,19916756.25,110657.04,1.0599398482562217,3459.682404730648,1.0053546924044283,2.081547548704114,322.169,126.43,262.358,158472.0,4.3,36.62,727176.0,31098.027,4.5,4.25,False,6481.5,5066120000.0,45400.859375,558920000.0,61.869998931884766,294540.0,4273.16,0.0,False,48.0,Neutral,535.485942780972,479.257409632206,56.228533148766,3025.0,0.5277057903434637,0.4722942096565363,0.0185879448425672
2025-09-07,111167.6171875,111591.078125,110211.625,110221.328125,24618007520.0,110727.84344323692,110736.05139243658,111111.37862503792,111933.80998935788,46.3549020875362,-1344.006584814793,-1467.4537003874188,123.44711557262552,111566.12890625,116080.57846022256,107051.67935227744,0.0809286760817181,2710.05998764561,0.0085181600553794,0.3038236956053269,505.0,953.0,0.3463648834019204,0.8222298966345076,-0.5691555122112117,True,120.1282,3613.199951171875,22176.1,4.458448912617052,550.479111199048,586276.0,1.5456429415584405,3806.987012987013,5.10961774108807,1.475,136039872848260.44,1041437128.988808,53775093.15064921,3.233411279999997,358999.4006492001,91.72316989037452,2596166281.3931866,472277.0471062763,458587.0,19917206.25,110231.14,0.8055541197427087,3913.944547253089,1.0069734166264488,2.1007955085878978,322.169,126.43,262.358,158472.0,4.3,36.62,727176.0,31098.027,4.5,4.25,False,6481.5,5066120000.0,45400.859375,558920000.0,61.869998931884766,294540.0,4307.69,0.0,False,44.0,Fear,555.019516408443,440.351070284843,114.6684461236,2913.0,0.5576008813483927,0.4423991186516073,0.0393643824660487
2025-09-08,112071.4296875,112869.234375,110630.609375,111163.015625,40212813407.0,111175.70552465795,111032.8021246729,111248.52877681822,111946.32087100716,49.01417165900659,-1160.1743715707853,-1405.9978346240923,245.82346305330705,111528.14140625,116010.44167520826,107045.84113729172,0.0803797178441472,2676.386059956638,0.0080973060130383,0.2634209947228279,506.0,952.0,0.3470507544581618,0.8197695192216701,-0.572693578936478,True,120.0971,3638.10009765625,22176.1,4.413470391947024,600.5226667625979,567934.0,1.5250316499999996,3549.5875,6.1438788654089445,2.166666666666667,136039872848260.42,1082012601.5468135,59163170.85825197,3.990562090000001,462264.6082519997,99.5305874584924,7661404614.42701,715120.6199971415,511832.0,19917675.0,111175.46,1.2591614870691692,4437.486771153564,1.0082819026367686,2.114485395928852,322.169,126.43,262.358,158472.0,4.3,36.62,727176.0,31098.027,4.5,4.25,False,6495.14990234375,5211500000.0,45514.94921875,472240000.0,62.2599983215332,237288.0,4306.69,0.0,False,51.0,Neutral,751.983707010746,493.182408094406,258.80129891634,3693.0,0.6039223986971749,0.396077601302825,0.0700788786667587
2025-09-09,111530.546875,113225.4375,110776.703125,112077.578125,45984480722.0,111293.985974772,111143.41206919005,111288.81707655848,111908.5232350065,47.496751834987045,-1046.0722707776586,-1334.0127218548057,287.94045107714715,111390.931640625,115683.20092435632,107098.66235689368,0.0770667633444209,2660.125225316878,-0.0048379166926996,0.253433917611235,507.0,951.0,0.3477366255144033,0.8172939175631806,-0.5762210099555803,True,120.1569,3643.300048828125,22176.1,4.422305644960965,600.5226667625979,619514.0,1.458394335329342,3709.6646706586826,7.257848268451135,2.6666666666666665,136039872848260.4,1129350652.8644862,59621353.915624365,4.616437449999996,518603.9156243999,95.08654228340372,10652209784.065067,780937.4586881245,549610.0,19918175.0,112078.8,1.260564666316055,5388.713356607274,1.0058647471370563,2.1019000165432096,322.169,126.43,262.358,158472.0,4.3,36.62,727176.0,31098.027,4.5,4.25,False,6512.60986328125,4798350000.0,45711.33984375,449650000.0,62.630001068115234,268529.0,4310.63,0.0,False,48.0,Neutral,680.387286901474,563.805165886879,116.582121014595,3821.0,0.5468505176804936,0.4531494823195063,0.0305108927020662
2025-09-10,113955.359375,114275.25,110940.078125,111531.25,56377473784.0,112181.11044151468,111768.28924825892,111669.75169062156,112094.5992477332,54.32381025010972,-751.3226502613543,-1217.4747075361154,466.1520572747611,111467.748046875,115890.49474552405,107045.00134822595,0.079354733115971,2708.342843151387,0.0215082708918205,0.2743829555907436,508.0,950.0,0.3484224965706447,0.814803137634362,-0.5797377397592803,True,120.1223,3643.60009765625,22176.1,4.347587902376495,700.6097778896975,643239.0,1.526476305882353,3783.758823529412,6.5376817576164985,0.3833333333333333,136039872848260.4,1149638389.1434891,61107717.83874749,4.036303750000002,461436.5887474999,93.7896642397205,11031790195.23848,718427.2933867492,542027.0,19918696.875,111523.15,1.116890134750457,4857.226229468969,1.0097846643032349,2.145924375428194,322.169,126.43,262.358,158472.0,4.3,36.62,727176.0,31098.027,4.5,4.25,False,6532.0400390625,5253010000.0,45490.921875,579920000.0,63.66999816894531,260684.0,4349.56,0.0,False,49.0,Neutral,619.124320864677,539.325130581856,79.799190282822,3518.0,0.5344422409554328,0.4655577590445671,0.0226831126443496
2025-09-11,115507.5390625,115522.546875,113453.8359375,113961.4296875,45685065332.0,113289.91998184312,112599.2336514236,112218.00702946133,112404.86650362107,58.08134736096614,-388.0107770618488,-1051.581921441262,663.5711443794132,111399.420703125,115501.05886767368,107297.78253857631,0.0736384110197371,2662.654849890574,0.0135290138245721,0.2762762978393632,509.0,949.0,0.3491083676268861,0.8122972256924175,-0.5832437030370767,True,119.9534,3636.89990234375,22176.1,4.291171121968701,575.500888980823,598468.0,1.5002413133333337,3989.786666666667,7.011396752923022,3.075,136039872848260.44,1014386813.9501374,55434703.508697584,3.96406988,471484.7586976001,90.11501736748882,12917697920.895584,628815.5797930686,537753.0,19919228.125,113969.34,1.0507087760633294,5090.106426274359,1.0135233451764547,2.171828406012249,322.169,126.43,262.358,158472.0,4.3,36.62,727176.0,31098.027,4.5,4.25,False,6587.47021484375,5426460000.0,46108.0,448340000.0,62.369998931884766,222661.0,4459.55,0.0,False,54.0,Neutral,593.778607785702,417.014045059681,176.764562726021,3317.0,0.5874385870477138,0.4125614129522863,0.0532904922297319
2025-09-12,116101.578125,116769.3828125,114794.484375,115507.7890625,54785725894.0,114227.13936289542,113377.53242332944,112772.80290025256,112740.9311964737,59.45601446469234,-51.55521584214876,-851.5765803214393,800.0213644792906,111435.783203125,115695.63914424447,107175.92726200553,0.0764540046055875,2613.529391862676,0.0051296803193492,0.1722758388086483,510.0,948.0,0.3497942386831276,0.8097762282755726,-0.5867388346784178,True,120.0611,3649.39990234375,22176.1,4.2255354809115575,600.5226667625979,396513.0,1.6223316,3304.275,13.660747646848945,7.158333333333333,136039872848260.56,811509451.1601102,45996051.3087754,4.835016370000001,581832.5587754002,110.46307528891072,13838292752.335754,574095.4367425097,543345.0,19919696.875,115517.68,1.447860314144832,5015.738673499895,1.0143992874018324,2.1834524058125826,322.169,126.43,262.358,158472.0,4.3,36.62,727176.0,31098.027,4.5,4.25,False,6584.2900390625,4641640000.0,45834.21875,421730000.0,62.689998626708984,313265.0,4713.54,0.0,False,57.0,Greed,654.447734355927,459.726717233658,194.721017122269,3453.0,0.5873835407213214,0.4126164592786785,0.0563918381471963
2025-09-13,115950.5078125,116334.6328125,115248.2734375,116093.5625,34549454947.0,114801.59551276364,113949.30473203404,113226.76074485936,113032.71088883972,58.92677562358399,200.58589939656667,-641.1440843778382,841.7299837744049,111560.387109375,116198.36277632664,106922.41144242336,0.0831473569987618,2504.4458192296274,-0.001302038145722,0.175114334704162,511.0,947.0,0.350480109739369,0.8072401922022118,-0.5902230697739086,True,120.0611,3649.39990234375,22176.1,4.234290280600317,562.9900000899355,533108.0,1.5886562978723398,3780.90780141844,10.652530396330334,3.7666666666666666,136039872848260.48,953523605.1131293,56615798.65069372,4.261324429999999,519236.1506937,95.73457243561909,5789043918.79074,506300.8318205934,526152.0,19920071.875,116105.02,0.94971531438394,4889.252689551616,1.01035923888099,2.178678922337634,322.169,126.43,262.358,158472.0,4.3,36.62,727176.0,31098.027,4.5,4.25,False,6584.2900390625,4641640000.0,45834.21875,421730000.0,62.689998626708984,313265.0,4669.82,0.0,False,52.0,Neutral,537.826982617378,354.03925716877,183.787725448608,2855.0,0.6030354762013845,0.3969645237986154,0.0643739843953092
2025-09-14,115407.65625,116181.5,115222.3984375,115950.2890625,32798036057.0,115003.6157585091,114273.38284713756,113538.31724559372,113248.61501258158,56.96455745800561,352.54207986110123,-442.4068515300504,794.9489313911515,111824.55234375,116713.20737764088,106935.89730985912,0.0874343770027012,2394.0640866060826,-0.0046927460797969,0.1742369069885698,512.0,946.0,0.3511659807956104,0.8046891645700069,-0.5936963436165195,True,120.0611,3649.39990234375,22176.1,4.282745612044465,588.0117778717105,534198.0,1.6307628496732034,3491.4901960784314,7.639875022410858,2.083333333333333,136039872848260.44,1034674550.2291404,58590040.977576114,3.1299257199999992,368009.7275761001,100.42618274086004,3898286436.661168,393489.8531307072,494770.0,19920528.125,115965.47,0.736599263064832,3355.349427506588,1.007447763143963,2.1673601179200923,322.169,126.43,262.358,158472.0,4.3,36.62,727176.0,31098.027,4.5,4.25,False,6584.2900390625,4641640000.0,45834.21875,421730000.0,62.689998626708984,313265.0,4606.55,0.0,False,55.0,Greed,648.309255123138,493.195595085621,155.113660037518,3283.0,0.5679426197835032,0.4320573802164968,0.0472475358018635
2025-09-15,115444.875,116747.8828125,114461.0625,115399.6328125,52937859416.0,115150.7021723394,114533.71443666256,113810.68263908036,113448.27501143778,57.070107834317575,470.5475109388936,-259.8159790362616,730.3634899751551,112006.66328125,117156.2769002178,106857.0496622822,0.091951915504117,2386.403817027077,0.0003224461098256,0.1734192668700246,513.0,945.0,0.3518518518518518,0.802123192755044,-0.597158591702786,True,119.5644,3682.199951171875,22176.1,4.307027993565468,600.5226667625979,535154.0,1.4895045950920245,3283.153374233129,10.475074446841482,1.933333333333333,136039872848260.42,1102300337.8258162,60079253.51947369,4.411655770000001,510972.2694737,110.84814928426351,12687401399.611538,746401.2310722882,549560.0,19920990.625,115384.69,1.3947410111337826,4551.46889948116,1.0113469334389662,2.1656665085615017,323.291,126.43,262.11,158472.0,4.3,36.62,731700.0,31098.027,4.5,4.25,False,6615.27978515625,5045020000.0,45883.44921875,401500000.0,63.29999923706055,205560.0,4525.68,0.0,False,53.0,Neutral,757.427634000778,471.582993865013,285.844640135765,3680.0,0.6162905485333929,0.3837094514666071,0.0776751739499361
2025-09-16,116843.1875,117005.2734375,114813.09375,115423.7578125,45781744593.0,115714.8639482263,115046.93067295976,114243.89761921173,113756.9034194889,60.945630521468345,669.1858400062483,-74.01561522775961,743.2014552340079,112287.71953125,117853.77242425024,106721.66663824976,0.0991391207557863,2372.530664918,0.0120396147406812,0.1629187544344471,514.0,944.0,0.3525377229080932,0.7995423244109431,-0.6006097497340067,True,119.1348,3688.89990234375,22176.1,4.278059893358673,537.9682223081606,536633.0,1.57668418125,3353.95625,7.323459456264376,3.9416666666666655,136039872848260.42,1082012601.5468135,59237319.60654769,4.1760888000000005,490850.8565477003,109.48504143125768,11014563418.224216,626967.7823163777,546260.0,19921500.0,115402.4,1.1683362415587146,4446.6354901150335,1.0129085902854764,2.1888797241350617,323.291,126.43,262.11,158472.0,4.3,36.62,731700.0,31098.027,4.5,4.25,False,6606.759765625,5359510000.0,45757.8984375,443400000.0,64.5199966430664,234250.0,4502.61,0.0,False,52.0,Neutral,703.504109799862,439.478700995445,264.025408804417,3528.0,0.6154984162100843,0.3845015837899155,0.0748371340148574
2025-09-17,116468.5078125,117328.609375,114794.9765625,116840.5078125,60528025996.0,115966.07856965088,115362.83670396871,114561.69907539577,114003.41290976264,59.39829304813056,787.2991331216181,98.24733444211594,689.0517986795021,112483.9046875,118356.2773524434,106611.5320225566,0.1044126745289981,2384.037961173857,-0.0032118407874519,0.1663076657683156,515.0,943.0,0.3532235939643347,0.7969466074679739,-0.6040497536174377,True,119.1582,3681.800048828125,22176.1,4.250899616153833,575.500888980823,362913.0,1.5138621484374994,2835.2578125,15.747789515623213,8.225,136039872848260.52,865610081.2374508,58799712.10291436,4.5074941200000005,653712.1029144007,127.56644574475816,12962249455.147718,601936.1926088387,517428.0,19922000.0,116797.5,1.6586239473615954,4034.724183508634,1.020449422002396,2.181807025941312,323.291,126.43,262.11,158472.0,4.3,36.62,731700.0,31098.027,4.5,4.25,False,6600.35009765625,5805340000.0,46018.3203125,509830000.0,64.05000305175781,165427.0,4592.17,0.0,False,53.0,Neutral,781.625827133656,494.644191324711,286.981635808945,3905.0,0.612429827410502,0.3875701725894979,0.0734908158281549
2025-09-18,117137.203125,117911.7890625,116188.796875,116461.265625,49457272032.0,116356.45342143392,115757.14035308675,114929.62822533924,114288.30292932969,61.28736298771893,924.2091839029308,263.43970433427893,660.7694795686518,112920.223046875,118815.06354724008,107025.38254650994,0.1044071706786839,2336.8204059114387,0.0057250067751224,0.1530418542721949,516.0,942.0,0.3539094650205761,0.7943360901321637,-0.6074785394674836,True,119.6616,3643.699951171875,22176.1,4.236858610912951,600.5226667625979,448521.0,1.484959367088608,2838.740506329114,9.707646430695108,4.291666666666666,138473205347661.56,1087599379.141188,60565164.56275341,3.687311720000001,443633.3127534,130.2756820020508,13510976822.137203,710660.2158870158,536964.0,19922400.0,116453.08,1.5844524913817095,3285.3680577933487,1.0125041424196215,2.188425256780357,323.291,126.43,262.11,158472.0,4.3,36.62,731700.0,31098.027,4.25,4.0,True,6631.9599609375,5292400000.0,46142.421875,489090000.0,63.56999969482422,82321.0,4589.01,0.0,False,52.0,Neutral,709.376269578934,407.820334911346,301.555934667587,3429.0,0.6349609967733354,0.3650390032266645,0.087942821425368
2025-09-19,115688.859375,117479.7578125,115141.8203125,117137.671875,38828473971.0,116133.92207262262,115741.96680240084,115038.08981814791,114415.62624257244,55.28728291547853,905.4052016500792,391.832803797439,513.57239785264,113264.2625,118947.97367813165,107580.55132186836,0.10036195093985,2336.900198346336,-0.0124415833621796,0.1736061291109328,517.0,941.0,0.3545953360768175,0.7917108208844047,-0.6108960436068825,True,119.7858,3671.5,22176.1,4.318325507685115,550.479111199048,478312.0,1.513931482142857,2847.095238095238,9.877981137466463,4.2125,142342602928675.62,1188749380.7897809,65203654.13159877,3.674187479999999,448216.6315988001,128.92289010651118,11918810025.118149,723340.8229278914,553195.0,19922893.75,117128.97,1.512278226195227,3287.9659330226027,1.0229253499911994,2.1584515968726663,323.291,126.43,262.11,158472.0,4.3,36.62,731700.0,31098.027,4.25,4.0,False,6664.35986328125,9125960000.0,46315.26953125,972580000.0,62.68000030517578,87165.0,4470.77,0.0,False,53.0,Neutral,624.693284094334,532.062359213829,92.630924880505,3599.0,0.5400391065374849,0.459960893462515,0.0257379619006682
2025-09-20,115721.9609375,116191.1484375,115473.5234375,115691.125,22864449614.0,115996.6016942484,115737.52105464508,115135.78569234109,114534.3839421113,55.39476435564326,882.9953094103694,490.06530492002514,392.9300044903442,113638.525,118898.2884349636,108378.7615650364,0.092570075772518,2221.2376841787404,0.0002860848311332,0.1701415851422076,518.0,940.0,0.355281207133059,0.7890708484795511,-0.6143022025678903,True,119.7858,3671.5,22176.1,4.305283138955506,475.4137778537233,498549.0,1.4853958169934636,3258.4901960784314,10.505808906494368,3.3,142342602928675.6,1082611043.2192645,56549857.186625816,3.289423399999999,383200.9366258,111.59893193656866,6506869820.089035,520248.8931067267,535837.0,19923450.0,115691.4,1.0435260989526138,3378.336449610671,1.0072308222608108,2.1600824520314994,323.291,126.43,262.11,158472.0,4.3,36.62,731700.0,31098.027,4.25,4.0,False,6664.35986328125,9125960000.0,46315.26953125,972580000.0,62.68000030517578,87165.0,4483.22,0.0,False,48.0,Neutral,524.390931904316,428.388988494873,96.001943409443,2874.0,0.5503799153162362,0.4496200846837637,0.0334035989594443
2025-09-21,115306.09375,115901.0859375,115252.578125,115730.2265625,22495852193.0,115766.43237949896,115641.6483202795,115160.1154148638,114604.53937919208,53.64989803305644,822.2004864657647,556.4923412291731,265.7081452365916,113941.3,118820.96068664407,109061.63931335592,0.0856521855840519,2108.899836201688,-0.0036001483649767,0.1713066391019277,519.0,939.0,0.3559670781893004,0.7864162219455163,-0.617696953093457,True,119.7858,3671.5,22176.1,4.341365775569763,512.9464445263857,513490.0,1.4102535925925928,3169.6913580246915,21.251066905778966,2.275,142342602928675.6,1146294045.7615745,59677110.55222099,3.004029839999999,350235.5522210002,115.65264262459908,3521336291.7833223,444820.5811998699,467555.0,19923915.625,115751.15,0.8662692188745057,3013.5918452785786,1.007396142713726,2.151199242305393,323.291,126.43,262.11,158472.0,4.3,36.62,731700.0,31098.027,4.25,4.0,False,6664.35986328125,9125960000.0,46315.26953125,972580000.0,62.68000030517578,87165.0,4448.03,0.0,False,49.0,Neutral,486.048042058945,445.182277441025,40.86576461792,2852.0,0.5219418138360568,0.4780581861639433,0.0143288094733239
2025-09-22,112748.5078125,115431.3125,112037.6484375,115309.21875,70684158591.0,114760.45752383264,114998.7282074396,114815.60004309755,114435.80923676552,44.38942407033026,561.1754593842052,557.4289648601796,3.746494524025593,114018.69609375,118762.53656553576,109274.85562196423,0.0832116246599628,2200.66870950871,-0.0224305333197482,0.210328138827977,520.0,938.0,0.3566529492455418,0.7837469905823596,-0.6210802321384047,True,119.8152,3740.699951171875,22176.1,4.485097861722028,638.0553334352602,456797.0,1.5695040333333343,3045.313333333333,8.783328466130447,3.9416666666666655,142342602928675.56,1061383375.7051616,54197851.96025491,3.3842320399999988,384289.4602549,117.5028823174024,15430507426.449469,724557.0679832932,515742.0,19924403.125,115317.03,1.5861686219114688,3238.9156807319337,0.998675326506302,2.1030843290113816,323.291,126.43,262.11,158472.0,4.3,36.62,731700.0,31098.027,4.25,4.0,False,6693.75,5642620000.0,46381.5390625,627450000.0,62.63999938964844,223779.0,4201.73,0.0,False,45.0,Fear,782.654968321323,604.810980498791,177.843987822533,4045.0,0.5640894963850351,0.4359105036149648,0.0439663752342479
2025-09-23,112014.5,113351.9140625,111535.5703125,112757.4765625,47211853279.0,113845.13834922176,114335.56638356412,114415.44289408362,114215.69021524138,42.14126511879509,291.7201800823095,504.2872079046056,-212.5670278222961,114033.260546875,118749.13327220248,109317.38782154753,0.08271047767487,2173.2169266866595,-0.0065314166152441,0.2116924194097413,521.0,937.0,0.3573388203017832,0.7810632039613734,-0.6244519768705948,True,119.6202,3780.60009765625,22176.1,4.525902814596202,638.0553334352602,495947.0,1.531009361111111,3444.0763888888887,7.262737365995347,2.55,142342602928675.56,1018928040.676955,51049596.047497146,2.7933159900000017,315002.29749710014,102.9335716265995,13380103763.332315,689481.1988843825,506650.0,19924871.875,112752.31,1.390231615241916,3060.248396313288,1.0134443153403128,2.0884207525288683,323.291,126.43,262.11,158472.0,4.3,36.62,731700.0,31098.027,4.25,4.0,False,6656.919921875,5633620000.0,46292.78125,541530000.0,63.40999984741211,265948.0,4167.66,0.0,False,43.0,Fear,730.437969446182,504.592286288738,225.845683157444,3721.0,0.5914332592698516,0.4085667407301485,0.0606948893193883
2025-09-24,113328.6328125,113986.2734375,111229.640625,112007.6640625,48044595085.0,113672.96983698118,114111.80336777213,114260.18431100024,114135.04863317398,47.28852323878935,182.1151550727518,439.8527973382349,-257.7376422654831,114163.512109375,118631.89842301366,109695.12579573636,0.0782804633648216,2214.889489959041,0.0116635256971231,0.1887359543447768,522.0,936.0,0.3580246913580246,0.7783649119241601,-0.6278121246720983,True,120.1707,3732.10009765625,22176.1,4.496223297317247,562.9900000899355,522936.0,1.4356310065359468,3417.8823529411766,7.545706518498511,2.7666666666666666,142342602928675.6,1082611043.2192645,55101523.83746149,2.8783002099999995,325898.8374615002,105.35261335601216,11030120453.67821,670588.1639552381,502339.0,19925337.5,112010.28,1.2823522648187122,3092.913273496475,1.014327070891621,2.1098438050041244,323.291,126.43,262.11,158472.0,4.3,36.62,731700.0,31098.027,4.25,4.0,False,6637.97021484375,5459180000.0,46121.28125,421040000.0,64.98999786376953,282721.0,4154.4,0.0,False,44.0,Fear,652.631404578686,450.402206361294,202.229198217392,3223.0,0.5916695539517861,0.4083304460482138,0.0627456401543257
2025-09-25,109049.2890625,113541.0859375,108713.3984375,113330.1640625,75528654284.0,112131.74291215412,112986.80018882274,113515.77070407163,113672.7068540218,36.0435747744813,-247.2052651492413,302.44118484073965,-549.646449989981,114083.42734375,118863.4277197094,109303.42696779058,0.0837983305244954,2401.517919247681,-0.0384918796436155,0.2559370091855923,523.0,935.0,0.3587105624142661,0.7756521645817079,-0.6311606131403568,True,120.5419,3736.89990234375,22176.1,4.717878209515097,625.5444445443728,431725.0,1.472751425531915,3061.8794326241136,12.713984001129154,5.3,142342602928675.53,997700373.1628518,50173577.36223641,3.278709529999999,369139.8622364001,115.54555482377258,14251956295.883837,772546.74568175,542099.0,19925800.0,113316.86,1.789441764275291,3176.3114253032863,1.010548290125428,2.031242470311528,323.291,126.43,262.11,158472.0,4.3,36.62,731700.0,31098.027,4.25,4.0,False,6604.72021484375,5874670000.0,45947.3203125,509180000.0,64.9800033569336,258353.0,3875.47,0.0,False,44.0,Fear,742.009912610054,562.988057553768,179.021855056286,3820.0,0.5685908557519873,0.4314091442480126,0.0468643599623785
2025-09-26,109712.828125,110359.1953125,108728.9765625,109041.296875,57738288949.0,111325.43798310276,112259.25084130658,112972.49319277571,113312.71787865616,38.48615369755219,-527.818372700378,136.38927333251613,-664.2076460328941,114057.833984375,118929.43031441064,109186.23765433936,0.0854232657215462,2346.425121444276,0.0060663254305588,0.2569291378498332,524.0,934.0,0.3593964334705075,0.7729250123134604,-0.6344973800893405,True,120.4349,3775.300048828125,22176.1,4.6474191638060285,588.0117778717105,419078.0,1.510291954545455,3174.833333333333,19.6727348043287,6.791666666666666,142342602928675.5,934017370.6205422,49131500.76535409,4.05417458,462875.7653541,109.84187269944776,16962966523.57071,933690.1283560653,553168.0,19926240.625,109036.72,2.227962642649018,3948.20119416858,1.0036420895060876,2.0392977420667635,323.291,126.43,262.11,158472.0,4.3,36.62,731700.0,31098.027,4.25,4.0,False,6643.7001953125,5103110000.0,46247.2890625,434270000.0,65.72000122070312,284990.0,4033.81,0.0,False,28.0,Fear,718.549961030483,503.509052276611,215.040908753872,3689.0,0.5879830296296149,0.412016970370385,0.0582924664553732
2025-09-27,109681.9453125,109778.5,109144.296875,109707.140625,26308042910.0,110777.60709290185,111686.51627934955,112502.4149241649,112982.64764536924,38.41262219982087,-744.1205089845898,-39.71268313090506,-704.4078258536848,113983.550390625,119080.79069253195,108886.31008871803,0.0894381739196325,2224.1235502696845,-0.0002815273328539,0.2572873776865626,525.0,933.0,0.360082304526749,0.7701835057663796,-0.6378223635507061,True,120.4349,3775.300048828125,22176.1,4.666829358877179,512.9464445263857,526116.0,1.4457490129032258,3394.296774193549,6.886903515613763,1.8666666666666667,142342602928675.6,1096762821.5620005,57571424.46552212,2.56598488,290799.4655221,104.37339344826532,5814233429.462753,504349.9417246972,484214.0,19926653.125,109698.86,0.9586287847636208,2657.4685796466447,1.0034687645153584,2.0384097258593883,323.291,126.43,262.11,158472.0,4.3,36.62,731700.0,31098.027,4.25,4.0,False,6643.7001953125,5103110000.0,46247.2890625,434270000.0,65.72000122070312,284990.0,4021.06,0.0,False,33.0,Fear,634.540313065052,442.102964520454,192.437348544598,3019.0,0.5893691311462793,0.4106308688537208,0.0637420829892673
2025-09-28,112122.640625,112375.484375,109236.9453125,109681.9453125,33371048505.0,111225.95160360124,111783.43280060522,112448.16145285562,112904.46518897204,47.02667520004543,-710.4086477088713,-173.85187604649832,-536.556771662373,113986.1109375,119079.356769457,108892.865105543,0.0893660778504793,2289.438944000421,0.022008506441889,0.2893108836958704,526.0,932.0,0.3607681755829904,0.7674276958540073,-0.6411355017749442,True,120.4349,3775.300048828125,22176.1,4.566644130327151,562.9900000899355,635424.0,1.3946476242424253,3851.0545454545454,4.523312152482207,0.4166666666666667,142342602928675.62,1167521713.2756777,57694137.5158762,2.1953073500000007,242668.76587620008,90.61858971818398,4533682940.126207,455219.77514842927,458537.0,19927137.5,109688.85,0.716403181416549,2672.6729010497243,1.005593929371326,2.0843982136269275,323.291,126.43,262.11,158472.0,4.3,36.62,731700.0,31098.027,4.25,4.0,False,6643.7001953125,5103110000.0,46247.2890625,434270000.0,65.72000122070312,284990.0,4144.88,0.0,False,37.0,Fear,558.854101479053,408.974925041199,149.879176437855,2729.0,0.5774306061974253,0.4225693938025748,0.0549209147811854
2025-09-29,114400.3828125,114473.5703125,111589.953125,112117.875,60000147466.0,112284.09533990084,112364.97724769296,112727.05021851911,113040.45770020183,53.55537854765277,-494.2001642568503,-237.92153368856876,-256.2786305682815,114129.602734375,119091.5740245933,109167.63144415672,0.0869532736702286,2331.880247107534,0.0201111474090779,0.3107419195013611,527.0,931.0,0.3614540466392318,0.7646576337555172,-0.6444367332325287,True,120.115,3820.89990234375,22176.1,4.501598648301424,625.5444445443728,444460.0,1.4245063214285718,3174.714285714286,12.639360112654408,4.741666666666667,142342602928675.53,990624483.991484,52005476.55065172,3.32714931,384507.8006517,112.83388598176128,12421806232.98834,695379.6972354824,521335.0,19927653.125,112177.12,1.5645495595452512,3286.1603894967657,1.0119740440066214,2.122720877587773,323.291,126.43,262.11,158472.0,4.3,36.62,731700.0,31098.027,4.25,4.0,False,6661.2099609375,5358760000.0,46316.0703125,479740000.0,63.45000076293945,294292.0,4217.47,0.0,False,50.0,Neutral,738.678715705872,484.401010155678,254.277705550194,3683.0,0.6039497672038828,0.3960502327961171,0.0690409192370877
2025-09-30,114056.0859375,114836.6171875,112740.5625,114396.5234375,58986330258.0,112874.7588724339,112740.7791787612,112916.9124640878,113132.78753995625,52.50206115403671,-346.6394203641539,-259.66511102368577,-86.97430934046815,114134.6390625,119096.07014494158,109173.20798005845,0.0869399706030471,2315.0355642784248,-0.0030141158842399,0.3028903208837517,528.0,930.0,0.3621399176954732,0.761873370914766,-0.6477259966150589,True,120.1368,3840.800048828125,22176.1,4.536108198901452,588.0117778717105,555361.0,1.4217678447204969,3449.447204968944,6.854071165709346,3.6,142342602928675.6,1139218156.5902066,59806339.233965605,3.1584596399999985,369839.2339656,104.30343717337232,18752461459.12848,775226.6309429874,561370.0,19928090.625,114404.31,1.3958967787492953,3434.3230073129225,1.017625083762029,2.1128072133352527,323.291,126.714,262.11,158472.0,4.3,36.62,731700.0,31098.027,4.25,4.0,False,6688.4599609375,6057210000.0,46397.890625,584780000.0,62.369998931884766,271649.0,4147.69,0.0,False,50.0,Neutral,704.274872124195,457.065407216549,247.209464907646,3512.0,0.606432829940239,0.393567170059761,0.0703899387550244
2025-10-01,118648.9296875,118648.9296875,113981.3984375,114057.59375,71328680132.0,114799.48247745595,114053.70151403648,113735.77206743242,113634.25500791476,62.965903536442,139.30185385790537,-179.87171804736755,319.1735719052729,114291.70859375,119621.3790884854,108962.0380990146,0.0932643419249198,2483.0709704013943,0.039478652767795,0.3683633496266336,529.0,929.0,0.3628257887517147,0.7590749590393387,-0.6510032308363962,True,120.1502,3867.5,22249.8,4.373915542847788,675.5880001079227,473880.0,1.5156468013245037,3138.2781456953644,11.031479116097026,5.766666666666667,143468018096518.75,1076906913.283782,58814143.62506912,3.63458238,445924.8750690998,116.890009947311,17914942537.91964,848503.9048079305,577245.0,19928596.875,114034.76,1.7905459289438896,3592.9262380294786,1.0390563086920137,2.186155026712077,323.291,126.714,262.11,158472.0,4.3,36.62,731700.0,31098.027,4.25,4.0,False,6711.2001953125,6037950000.0,46441.1015625,552790000.0,61.779998779296875,274339.0,4348.55,0.0,False,49.0,Neutral,824.609618246555,485.313059687614,339.296558558941,3921.0,0.6295101475355909,0.3704898524644092,0.0865331697421425
2025-10-02,120681.2578125,121086.40625,118383.15625,118652.3828125,71415163912.0,116760.07425580398,115526.49180258394,114727.9843167278,114274.89162651342,66.48442305760088,680.5606301987427,-7.785248398145512,688.3458785968883,114520.692578125,120528.19016054698,108513.19499570304,0.1049154951333133,2498.798043944152,0.016983874858595,0.3765346275163807,530.0,928.0,0.3635116598079561,0.756262450099586,-0.6542683750338014,True,120.4296,3839.699951171875,22249.8,4.297877927418173,713.120666780585,381586.0,1.4516989411764705,2805.779411764706,24.285713580660552,8.254166666666666,150839487445891.56,1019764936.475331,52703238.64085598,4.140828319999999,499207.3908560001,136.05365048198234,18501831007.64977,880778.7601960052,595776.0,19929065.625,118617.71,2.308205123343113,3614.399349255699,1.021516997863941,2.221772196583208,323.291,126.714,262.11,158472.0,4.3,36.62,731700.0,31098.027,4.25,4.0,False,6715.35009765625,5416130000.0,46519.71875,442010000.0,60.47999954223633,290507.0,4487.42,0.0,False,64.0,Greed,869.692699730396,551.819493591785,317.873206138611,4362.0,0.6118081180139994,0.3881918819860006,0.0728732705498879
2025-10-03,122266.53125,123944.703125,119344.3125,120656.984375,83941392228.0,118595.559920536,117024.2783464542,115804.91959290954,115001.40431955764,68.96157647782795,1223.3286564749287,238.43753257646932,984.8911238984592,114836.49375,121755.37207005091,107917.61542994906,0.1204996442178632,2648.911799733856,0.0130505072164265,0.3712993140469501,531.0,927.0,0.3641975308641975,0.7534358963276608,-0.6575213685690635,True,120.0881,3880.800048828125,22249.8,4.25731143324593,713.120666780585,387726.0,1.5830318898305091,3285.813559322034,29.036955144677524,9.233333333333334,150839487445891.5,884796047.8241848,45203497.90500219,5.13219673,623247.9050022,116.58619206605228,23124603287.08565,1005100.3447185644,595427.0,19929506.25,120627.96,2.592295447606208,5345.81234670652,1.0192594791789586,2.249202943238196,323.291,126.714,262.11,158472.0,4.3,36.62,731700.0,31098.027,4.25,4.0,False,6715.7900390625,5713110000.0,46758.28125,425050000.0,60.880001068115234,240044.0,4515.56,0.0,False,63.0,Greed,882.467961370945,606.130905807018,276.337055563927,4557.0,0.5928178375171673,0.4071821624828327,0.0606401263032536
2025-10-04,122425.4296875,122857.640625,121577.5703125,122267.46875,36769171735.0,119872.18317619068,118224.53420001992,116750.70674927962,115676.31571664332,69.20724801127663,1647.3088526289212,520.2117965869597,1127.0970560419614,115187.382421875,122895.06733059471,107479.69751315526,0.1338286320369753,2551.13740778858,0.0012987632223538,0.3710546724516704,532.0,926.0,0.3648834019204389,0.7505953502165483,-0.6607621510296252,True,120.0881,3880.800048828125,22249.8,4.27632009222777,613.0335556534853,422031.0,1.4648617089552236,3149.4850746268658,34.92697143363002,7.0,150839487445891.56,1004768393.2918702,54672826.381599,3.968791010000001,492482.6315990001,122.03265578972052,8476077417.44032,588084.5208626719,544104.0,19929859.375,122282.99,1.393462851929531,3801.5766012475706,1.0170113158211294,2.247639041410611,323.291,126.714,262.11,158472.0,4.3,36.62,731700.0,31098.027,4.25,4.0,False,6715.7900390625,5713110000.0,46758.28125,425050000.0,60.880001068115234,240044.0,4490.21,0.0,False,71.0,Greed,673.229402720928,600.56110304594,72.668299674988,3615.0,0.5285244313511502,0.4714755686488497,0.0201018809612691
2025-10-05,123513.4765625,125559.2109375,122191.9609375,122419.671875,73689317763.0,121085.9476382938,119399.8547250155,117716.81672259682,116388.78488444848,70.90541358547065,2047.5100806398116,825.6714533975301,1221.8386272422813,115590.8125,124152.56780760323,107029.05719239677,0.1481390280495387,2609.4311643751103,0.0088481646940848,0.3693147553426912,533.0,925.0,0.3655692729766804,0.7477408645190904,-0.6639906622297058,True,120.0881,3880.800048828125,22249.8,4.266724129818518,763.1642223441348,525372.0,1.456114885906041,3525.986577181208,9.553186377712434,2.7666666666666666,150839487445891.6,1117242467.1678262,61639031.92476243,2.6933604700000013,340594.4247624002,111.28690033809512,7752284226.2383795,638647.3380841969,497949.0,19930278.125,122433.34,1.2156097738063636,2903.010779674269,1.0119144657904318,2.266766621760195,323.291,126.714,262.11,158472.0,4.3,36.62,731700.0,31098.027,4.25,4.0,False,6715.7900390625,5713110000.0,46758.28125,425050000.0,60.880001068115234,240044.0,4516.39,0.0,False,74.0,Greed,955.373801350594,682.465026497841,272.908774852753,4614.0,0.5833136845373432,0.4166863154626568,0.0591479789451133
2025-10-06,124752.53125,126198.0703125,123196.046875,123510.453125,72568881188.0,122308.1421755292,120589.33839723429,118721.91879794012,117149.12546313496,72.74851508507922,2436.566572464435,1147.850477210911,1288.716095253524,115986.2796875,125472.37053158083,106500.18884341916,0.1635726375505631,2637.473469598317,0.0099817529287131,0.3376662318247862,534.0,924.0,0.3662551440329218,0.7448724922470058,-0.6672068422114197,True,120.2722,3948.5,22249.8,4.197511548083932,813.2077779076847,431274.0,1.5358988617886178,3506.292682926829,19.34442641386264,7.083333333333333,150839487445891.5,922287405.7828364,48326772.4491213,4.413891120000001,550428.6991212999,112.05584489007288,16874408670.71981,799146.4684620671,550307.0,19930743.75,123519.47,1.852990137272516,4912.092712890363,1.0172605740629803,2.287145426879909,323.291,126.714,262.11,158548.0,4.4,36.7,731700.0,31098.027,4.25,4.0,False,6740.27978515625,5604460000.0,46694.96875,500000000.0,61.689998626708984,224682.0,4685.48,0.0,False,71.0,Greed,944.67961037159,721.252197921276,223.427412450314,5035.0,0.5670577905224305,0.4329422094775694,0.0443748584806979
2025-10-07,121451.3828125,125184.0234375,120681.96875,124752.140625,76149412513.0,122022.55572118612,120780.90382284886,119111.84222859154,117540.2397676227,61.55950980601831,2450.2762952903868,1408.3356408268064,1041.9406544635804,116235.4234375,126031.51797266844,106439.32890233156,0.1685560949573313,2770.65784230558,-0.0268179837651983,0.3747275521697981,535.0,923.0,0.3669410150891632,0.7419902866699069,-0.6704106312458876,True,120.4884,3976.60009765625,22249.8,4.328643455371849,738.1424445623599,430492.0,1.6251317028985517,3119.5072463768115,19.05035740295836,6.166666666666666,150839487445891.56,1034761479.658792,54530174.10223743,4.043981910000001,500174.10223739984,125.2755089855253,19430972127.380543,771697.5502499844,561921.0,19931128.125,124776.68,1.7925944041933053,3948.656925552488,1.0415231673593306,2.219347428097428,323.291,126.714,262.11,158548.0,4.4,36.7,731700.0,31098.027,4.25,4.0,False,6714.58984375,5546150000.0,46602.98046875,411280000.0,61.72999954223633,245121.0,4449.49,0.0,False,70.0,Greed,916.095223367214,622.637712299824,293.45751106739,4506.0,0.5953568693647857,0.4046431306352143,0.0651259456430071
2025-10-08,123354.8671875,124167.09375,121119.1796875,121448.3515625,65354305286.0,122466.65954329076,121352.89568166024,119717.98865129276,118068.84226033882,64.91078396317016,2584.9390619455958,1643.6563250505642,941.2827368950312,116546.306640625,126844.66398597218,106247.94929527782,0.1767255890330794,2790.461858033753,0.0155512593053872,0.3769612293286679,536.0,922.0,0.3676268861454047,0.7390943013143082,-0.6736019698343485,True,120.7766,4043.300048828125,22249.8,4.270119636524364,675.5880001079227,427474.0,1.4909487499999998,2888.337837837838,12.545487748854589,5.941666666666666,150839487445891.6,1109744195.5760958,58604481.531066805,3.3791308699999987,425919.03106680006,134.30367159778623,19009027532.640343,872410.8157620439,546778.0,19931559.375,121425.01,2.040851176357028,3106.7472508861388,1.0185092131310147,2.248606081441407,323.291,126.714,262.11,158548.0,4.4,36.7,731700.0,31098.027,4.25,4.0,False,6753.72021484375,5383130000.0,46601.78125,423510000.0,62.54999923706055,273318.0,4528.2,0.0,False,60.0,Greed,791.244280636311,544.603791892529,246.640488743782,3934.0,0.5923160701489343,0.4076839298510657,0.0626945828021814
2025-10-09,121705.5859375,123739.34375,119812.03125,123337.0703125,74653009425.0,122212.96834136052,121431.27129406908,120001.93112075092,118399.45532189892,60.0276101539644,2529.419488106272,1820.8089576617056,708.6105304445664,116847.14296875,127388.6866106576,106305.5993268424,0.1804330576525412,2871.6654753170565,-0.0134604023670505,0.3095471183021379,537.0,921.0,0.3683127572016461,0.7361845899626352,-0.6767807987092619,True,121.0902,3946.300048828125,22249.8,4.365258433775252,638.0553334352602,367782.0,1.4891704833333328,3064.85,18.3355692536698,8.55,150839487445891.5,899792591.007645,46140046.75896492,3.796606820000001,462171.7589649,125.45488022514674,15183418026.848043,713397.5826106608,543331.0,19932021.875,123341.25,1.9397294663976508,3683.967958324671,1.0218836972159164,2.212553431308937,323.291,126.714,262.11,158548.0,4.4,36.7,731700.0,31098.027,4.25,4.0,False,6735.10986328125,5385020000.0,46358.421875,493080000.0,61.5099983215332,259171.0,4369.6,0.0,False,70.0,Greed,797.94796359539,603.494865775108,194.453097820282,4127.0,0.5693760365193159,0.4306239634806841,0.0471173001745292
2025-10-10,113214.3671875,122509.6640625,104582.4140625,121704.7421875,153125018868.0,119213.434623407,119605.2926037204,119032.27913028652,117928.0836733172,42.35932642649693,1779.7337736953486,1812.5939208684345,-32.86014717308581,116721.76328125,127378.6740623771,106064.85250012288,0.1826036633022493,3947.0643699372663,-0.0723218218469904,0.5136555721166324,538.0,920.0,0.3689986282578875,0.7332612066522228,-0.6799470588354113,True,121.1163,3975.89990234375,22249.8,4.83164287040477,763.1642223441348,418155.0,1.5446489621212114,3167.840909090909,16.648001768749786,7.833333333333333,150839487445891.53,989771850.1084098,50087834.21199739,4.02978368,478990.4619973998,119.7829374562002,15376547532.03535,750438.8877122811,584389.0,19932396.875,121684.39,1.7946428661914389,3998.820467836226,1.003017715578406,2.070562788244427,323.291,126.714,262.11,158548.0,4.4,36.7,731700.0,31098.027,4.25,4.0,False,6552.509765625,6596610000.0,45479.6015625,658100000.0,58.900001525878906,339103.0,3831.8,0.0,False,64.0,Greed,914.574421584606,797.028939425945,117.545482158661,5041.0,0.5343378275704193,0.4656621724295807,0.0233178897358978
2025-10-11,110807.8828125,113429.7265625,109760.5625,113236.4296875,110236934340.0,116411.58401977136,117650.31265011584,117857.36537060274,117280.79268597018,38.86768464181548,980.121041336999,1646.0993449621476,-665.9783036251486,116496.852734375,127464.88731367416,105528.81815507586,0.1882975260165595,3927.214347977462,-0.0214851600334071,0.5277980012584159,539.0,919.0,0.3696844993141289,0.7303242056743137,-0.6831006914109974,True,121.1163,3975.89990234375,22249.8,4.910299871462935,1251.0888890887456,444087.0,1.5295576258503405,3021.0,32.9811072146837,7.733333333333333,150839487445891.6,1102245923.9843652,53304513.956858695,3.5996094699999994,418045.2068587,116.57477202455232,13979800173.011082,853963.0722223375,546781.0,19932809.375,113139.0,1.9229634558596345,3482.790255408981,0.9990361202023146,2.0194789962614186,323.291,126.714,262.11,158548.0,4.4,36.7,731700.0,31098.027,4.25,4.0,False,6552.509765625,6596610000.0,45479.6015625,658100000.0,58.900001525878906,339103.0,3753.2,0.0,False,27.0,Fear,762.006688773632,1056.30458343029,-294.297894656658,4974.0,0.4190738408886538,0.5809261591113463,-0.0591672486241773
2025-10-12,115169.765625,115805.0625,109715.5390625,110811.515625,93710414091.0,115997.64455484756,117099.07997786788,117473.42254980236,117088.8811349729,47.34058833158682,690.4308224939741,1454.9656404685131,-764.534817974539,116617.915625,127464.52472989274,105771.30652010725,0.18601960164974,4081.664997229072,0.0386093463438996,0.5528037641388442,540.0,918.0,0.3703703703703703,0.7273736415730488,-0.6862416378687335,True,121.1163,3975.89990234375,22249.8,4.6667181014368735,1138.4908890707584,463487.0,1.4769286068965517,3196.462068965517,20.70603764744315,7.466666666666667,150839487445891.6,1087249380.8009045,52631008.27803633,2.43852623,275602.0280363001,113.27777873491254,5559262421.031401,694611.9285249826,465507.0,19933268.75,110787.57,1.498665396278607,2427.047501990713,1.0040514297934018,2.0951257451651712,323.291,126.714,262.11,158548.0,4.4,36.7,731700.0,31098.027,4.25,4.0,False,6552.509765625,6596610000.0,45479.6015625,658100000.0,58.900001525878906,339103.0,4156.67,0.0,False,24.0,Extreme Fear,687.593476593494,719.717477083206,-32.124000489712,3886.0,0.4885867439581189,0.511413256041881,-0.008266598170281
2025-10-13,115271.078125,116020.484375,113821.1875,115161.6796875,71582026739.0,115755.45574489838,116692.85734389724,117158.80191768774,116923.62631588444,47.5225199234539,463.6793026312662,1256.7083729010635,-793.0290702697976,116780.74453125,127432.4030024022,106129.0860600978,0.1824214859034721,3947.210131355567,0.000879292966289,0.5436767450426567,541.0,917.0,0.3710562414266118,0.7244095691444549,-0.6893698398769308,True,121.1163,4108.60009765625,22249.8,4.620712936628985,925.8057779256716,491572.0,1.4778943815789476,3234.0263157894738,45.34385018811207,8.191666666666666,150839487445891.6,1139737281.943017,55772581.81280702,2.870619130000001,333894.312807,112.61114068332238,9071959222.90638,844768.301867324,504968.0,19933721.875,115105.0,1.7185037021378842,2942.899356641812,1.0025590253081638,2.09746317757528,323.291,126.714,262.11,158548.0,4.4,36.7,731700.0,31098.027,4.25,4.0,False,6654.72021484375,5303960000.0,46067.578125,414070000.0,59.4900016784668,339103.0,4245.28,0.0,False,38.0,Fear,741.523011028767,573.870921552181,167.652089476585,3828.0,0.563726951038779,0.4362730489612211,0.0437962616187526
2025-10-14,113118.6640625,115502.8828125,110029.484375,115264.8828125,92212917403.0,114876.52518409892,115898.59217025344,116581.63936694663,116577.72065648584,44.04123865171193,109.03833703933924,1027.1743657287188,-918.1360286893796,116770.24609375,127436.63439957848,106103.85778792152,0.1826901742977381,4056.223581794455,-0.0188491634455942,0.5525246618918815,542.0,916.0,0.3717421124828532,0.7214320434354276,-0.6924852393405821,True,121.1822,4138.7001953125,22249.8,4.750892979753261,825.718666798572,562791.0,1.4224675680473382,3330.124260355029,24.853910678315685,8.2,150839487445891.66,1267207899.0024335,62702029.02424291,2.728828290000002,315279.0242428998,106.21845570519132,19576688920.433247,1186614.214565393,524219.0,19934196.875,115216.47,2.108445612252849,2829.831826719395,1.013416946474945,2.056829337301677,323.291,126.714,262.11,158548.0,4.4,36.7,731700.0,31098.027,4.25,4.0,False,6644.31005859375,5666920000.0,46270.4609375,515330000.0,58.70000076293945,259200.0,4128.21,0.0,False,38.0,Fear,590.978356301785,605.524349212646,-14.545992910862,4161.0,0.4939214542333161,0.5060785457666839,-0.0034957925765109
2025-10-15,110783.1640625,113622.3828125,110235.8359375,113113.96875,72574132855.0,113512.07147689928,114761.83036853044,115753.2857520257,116050.94278430533,40.56853509107852,-356.3645657695888,750.4665794290573,-1106.831145198646,116856.93984375,127284.61451238384,106429.26517511618,0.1784690696603338,4008.389531309137,-0.0208625782908984,0.5142418203897576,543.0,915.0,0.3724279835390947,0.7184411197427074,-0.695587778402442,True,120.8642,4176.89990234375,22249.8,4.869368541575084,750.6533334532473,480244.0,1.4411117222222225,3335.027777777778,25.582631850952176,7.429166666666667,150839487445891.6,1079751109.2091742,56483930.76401499,2.9678847700000013,353243.26401499985,102.49065212400176,21854225093.273422,884969.5849917204,542831.0,19934725.0,113092.61,1.8427499041981168,3003.384427906997,1.0411426097700518,2.005891025806165,323.291,126.714,262.11,158548.0,4.4,36.7,731700.0,31098.027,4.25,4.0,False,6671.06005859375,5633060000.0,46253.30859375,488700000.0,58.27000045776367,224919.0,3987.91,0.0,False,34.0,Fear,742.858807563782,578.991309225559,163.867498338223,3987.0,0.5619841448954299,0.4380158551045701,0.0411004510504697
2025-10-16,108186.0390625,111990.8125,107537.03125,110782.171875,87306423067.0,111736.7273387662,113300.5434116348,114672.25051066488,115335.95153686848,37.06821673423925,-924.113397705136,415.5505840022187,-1339.6639817073549,116780.600390625,127448.08694006556,106113.11384118444,0.182692784824849,4040.203225501342,-0.0237224847831796,0.5075663445614649,544.0,914.0,0.3731138545953361,0.7154368536118549,-0.6986773994440991,True,120.6698,4280.2001953125,22249.8,5.00309544160133,812.3755992779637,497400.0,1.488770189542484,3250.9803921568628,46.74039064984943,8.25,147821025461003.97,1124278123.987008,53836990.62783982,3.168048689999999,349646.8778397999,107.04200525664442,13182320922.085176,855280.5148967869,556999.0,19935175.0,110784.88,1.719502442494545,3230.387787455249,0.9954756655824426,1.9578568178170297,324.245,126.714,262.054,158548.0,4.4,36.7,732192.0,31098.027,4.25,4.0,False,6629.06982421875,6048180000.0,45952.23828125,481610000.0,57.459999084472656,203866.0,3896.82,0.0,False,28.0,Fear,849.652339041233,705.651415705681,144.000923335552,4495.0,0.546293504691945,0.4537064953080549,0.0320358005195888
2025-10-17,106467.7890625,109235.8046875,103598.4296875,108179.1328125,99703051669.0,109980.4145800108,111782.15355627151,113500.18458949849,114529.75494828953,34.92143223854349,-1495.468027880226,33.34686162572973,-1528.8148895059558,116619.892578125,127821.15343425138,105418.63172199862,0.192098631005384,4154.286923679818,-0.0160098398053488,0.4955848999104437,545.0,913.0,0.3737997256515775,0.7124193008362173,-0.7017540450870484,True,120.7028,4189.89990234375,22249.8,5.1034573202221605,955.7359991505456,480068.0,1.4164826163522013,3019.2955974842766,25.580465038358422,8.741666666666667,146716052770107.6,1159633832.2093213,55014779.83872864,3.67513419,399373.58872860007,112.38147927573998,16097643605.953632,1023520.4925027348,591614.0,19935671.875,108192.62,2.1320323214684898,3484.999495695378,1.0052144285982516,1.92928303157762,324.245,126.714,262.054,158548.0,4.4,36.7,732192.0,31098.027,4.25,4.0,False,6664.009765625,5358120000.0,46190.609375,492870000.0,57.540000915527344,108748.0,3832.08,0.0,False,22.0,Extreme Fear,900.453737676144,904.208039879799,-3.754302203655,5265.0,0.4989598321828649,0.5010401678171351,-0.0007130678449487
2025-10-18,107198.265625,107490.984375,106387.453125,106483.734375,37779905278.0,109053.0315950072,110763.51179376672,112599.91045171296,113863.25591889957,36.602418122886384,-1867.796539095696,-346.88181851855546,-1520.9147205771403,116373.673828125,128190.73079988036,104556.61685636964,0.2030881484279384,3936.375804131259,0.0068375803497059,0.4998820036517526,546.0,912.0,0.3744855967078189,0.7093885174558929,-0.7048176581937561,True,120.7028,4189.89990234375,22249.8,5.052532493470108,716.8019993629092,564018.0,1.466007151515151,3418.2909090909093,46.24053074653044,11.325,146716052770107.62,1203393599.4625034,55526576.457383774,2.554556979999999,273670.20738379983,98.44823473255067,5298430674.653136,548182.5855496809,481991.0,19936168.75,106466.05,0.971923920069361,2779.838644413135,1.004043065654033,1.9381495183779995,324.245,126.714,262.054,158548.0,4.4,36.7,732192.0,31098.027,4.25,4.0,False,6664.009765625,5358120000.0,46190.609375,492870000.0,57.540000915527344,108748.0,3890.62,0.0,False,23.0,Extreme Fear,605.323310375214,529.305024981499,76.018285393715,3427.0,0.5334992010268349,0.4665007989731652,0.0221821667329194
2025-10-19,108666.7109375,109488.9921875,106157.7890625,107204.3125,47657008953.0,108924.2580425048,110297.55604792968,112038.0248068254,113390.8427387723,39.95982667222829,-2021.080543875956,-681.7215635900357,-1339.3589802859206,116086.990234375,128374.45169467117,103799.52877407883,0.2116940310966501,3893.149184193312,0.013605430464268,0.5053416324892617,547.0,911.0,0.3751714677640603,0.7063445597566914,-0.7078681818687189,True,120.7028,4189.89990234375,22249.8,5.001350368030217,692.9085993841455,443253.0,1.5296120215827338,3188.8705035971225,130.83775090446034,10.8,146716052770107.53,1013767941.3653816,47138834.98135011,2.231859960000001,241178.7313501,106.34746968740224,5022667331.842184,606437.5784970373,443995.0,19936665.625,107209.72,1.3681522256973722,2267.837044539196,1.0015087725680163,1.965929731213064,324.245,126.714,262.054,158548.0,4.4,36.7,732192.0,31098.027,4.25,4.0,False,6664.009765625,5358120000.0,46190.609375,492870000.0,57.540000915527344,108748.0,3984.04,0.0,False,29.0,Fear,582.11160159111,534.96914088726,47.14246070385,3331.0,0.5211007400410731,0.4788992599589269,0.0141526450626988
2025-10-20,110588.9296875,111711.03125,107485.015625,108667.4453125,63507793085.0,109479.14859083654,110362.30574561196,111831.01121835037,113136.12337047482,44.13076652318112,-1964.8032052408237,-938.3378919201932,-1026.4653133206302,115913.632421875,128417.66257048745,103409.60227326254,0.2157473609851729,3916.9253585366473,0.0175344907383394,0.5147527383545606,548.0,910.0,0.3758573388203017,0.7032874842690868,-0.710905559459524,True,120.6209,4336.39990234375,22249.8,4.921812375942068,740.6953993416728,424653.0,1.4800193557046974,2850.020134228188,92.16596147029271,9.0,146716052770107.56,1086700886.7873514,57476921.76238207,2.930852719999999,374453.0123820998,121.4409776699368,11951029124.0078,666590.8677033669,507550.0,19937100.0,108688.24,1.5697307394587272,2766.5468189907065,1.0048513845351907,2.000241242040893,324.245,126.714,262.054,158548.0,4.4,36.7,732192.0,31098.027,4.25,4.0,False,6735.1298828125,4672170000.0,46706.578125,444010000.0,57.52000045776367,108146.0,3980.4,0.0,False,29.0,Fear,761.13449037075,514.1974619627,246.937028408051,3817.0,0.5968128446700619,0.4031871553299382,0.0646940079664791
2025-10-21,108476.890625,113996.34375,107534.75,110587.6328125,101194375480.0,109145.06260222438,109943.3246076982,111351.85113358602,112712.55675724984,40.77872454954094,-2066.8021021193854,-1164.0307339600315,-902.7713681593536,115405.03046875,128263.08889454335,102546.97204295664,0.2228335866047906,4098.687386498315,-0.019282830173496,0.5086703539004973,549.0,909.0,0.3765432098765432,0.7002173477671687,-0.7139297345578989,True,120.8895,4087.699951171875,22249.8,5.032144425870758,740.6953993416728,429039.0,1.4864268866666663,2860.26,32.49490095961427,8.408333333333333,146716052770107.56,1093994181.3295484,53878170.125397824,2.9522500000000003,332576.3753977999,121.1665717452758,14951638311.044374,850814.3175211211,538842.0,19937565.625,110576.7,1.983069878312044,2648.3496969588864,1.0103589161269688,1.9642552693241937,324.245,126.714,262.054,158548.0,4.4,36.7,732192.0,31098.027,4.25,4.0,False,6735.35009765625,5245020000.0,46924.73828125,430490000.0,57.81999969482422,314207.0,3874.71,0.0,False,34.0,Fear,738.209588885307,548.230943500996,189.978645384312,4015.0,0.5738388757978214,0.4261611242021785,0.0473172217644612
2025-10-22,107688.5859375,109115.1328125,106778.0,108491.53125,80807013218.0,108659.5703806496,109442.27156987636,110828.52753414518,112255.83213727256,39.5705844802582,-2186.047171871891,-1368.4340215424036,-817.6131503294873,114755.396875,127802.52102582667,101708.27272417332,0.2273901621383187,3972.86205978415,-0.0072935622708187,0.491985967886382,550.0,908.0,0.3772290809327846,0.697134207267588,-0.7169406510007587,True,120.8958,4044.39990234375,22249.8,5.0896544692491466,692.9085993841455,489141.0,1.453998516339869,3197.0,37.33434933924413,8.1,146716052770107.6,1115874064.956139,54748141.490670696,2.89572835,317578.9906706998,108.83327069625976,15261276545.14424,741174.0523794979,507518.0,19938034.375,108448.06,1.5152564442144452,2837.373120731915,1.0213592237697977,1.9422693938130509,324.245,126.714,262.054,158548.0,4.4,36.7,732192.0,31098.027,4.25,4.0,False,6699.39990234375,5710010000.0,46590.41015625,458450000.0,58.5,378637.0,3807.08,0.0,False,25.0,Extreme Fear,754.632309854031,593.125408291817,161.506901562214,3944.0,0.5599168898785473,0.4400831101214527,0.0409500257510684
2025-10-23,110069.7265625,111288.59375,107548.4296875,107679.4375,54944076060.0,109129.6224412664,109581.70601268162,110720.12739533871,112057.09526683867,44.8824734564807,-2064.61203795296,-1507.6696248245148,-556.9424131284454,114145.556640625,126850.14052397029,101440.97275727971,0.222603213953291,3956.240774263853,0.0218704444247777,0.5168528981154744,551.0,907.0,0.3779149519890261,0.6940381200284971,-0.719938252871251,True,120.9531,4125.5,22249.8,4.982370689860889,669.015199405382,426260.0,1.477101007042254,3001.830985915493,38.90894004071029,9.833333333333334,146716052770107.56,1035647824.9919724,48853931.9317649,2.682201329999999,293713.18176489987,114.61064123249872,12186213034.972124,697241.3937912646,527286.0,19938512.5,107614.03,1.6357185609516836,2562.7042882438327,1.0111225821228609,1.983850582920296,324.245,126.714,262.054,158548.0,4.4,36.7,732192.0,31098.027,4.25,4.0,False,6738.43994140625,5565750000.0,46734.609375,407570000.0,61.790000915527344,735186.0,3857.32,0.0,False,27.0,Fear,681.14423596859,505.217946231365,175.926289737225,3745.0,0.5741452704649572,0.4258547295350428,0.0469763123463885
2025-10-24,111033.921875,111842.53125,109770.1484375,110069.3515625,48160816980.0,109764.3889191776,109904.42064875238,110764.95517814747,111964.07950394426,46.91725875983004,-1869.0263435668603,-1579.9409685729838,-289.0853749938765,113575.98125,125726.9465230075,101425.0159769925,0.2139706853381467,3821.679491280721,0.0087217142852619,0.3767116799618444,552.0,906.0,0.3786008230452675,0.6909291435484877,-0.7229224844997929,True,120.9345,4118.39990234375,22249.8,4.92840961711426,621.2283994478546,571212.0,1.4150972122905032,3191.128491620112,107.36664303883624,8.566666666666666,146716052770107.66,1305499723.053261,67896489.5775563,2.90537255,330208.32755630004,107.14684228330252,12416172617.763529,667454.3568794368,546753.0,19938987.5,110082.72,1.1684879814839968,2778.036985029027,1.0070095931149898,2.0002399703642184,324.245,126.714,262.054,158548.0,4.4,36.7,732192.0,31098.027,4.25,4.0,False,6791.68994140625,5058220000.0,47207.12109375,403500000.0,61.5,373744.0,3936.35,0.0,False,30.0,Fear,730.634000778198,463.2003428936,267.433657884598,3906.0,0.6120061838152812,0.3879938161847188,0.0684673983319503
2025-10-25,111641.7265625,111947.703125,110704.40625,111032.6171875,24707667305.0,110390.16813361844,110290.48862958518,110890.208233055,111934.77469108568,48.21508296503783,-1646.0043988932302,-1593.1536546370332,-52.85074425619701,112982.39375,124214.48032345693,101750.30717654308,0.1988289714999408,3637.509304403527,0.005459116892619,0.3611558479510066,553.0,905.0,0.3792866941015089,0.6878073355655224,-0.7258932904651046,True,120.9345,4118.39990234375,22249.8,4.898092479369783,525.6547995328001,504399.0,1.5449332874999997,3152.49375,53.491733262160565,10.391666666666666,146716052770107.6,1166927126.751518,58063431.45133141,2.170093290000001,250806.45133139985,111.73457669286626,4877663200.916018,517473.0644614445,461245.0,19939534.375,111020.53,1.0259200840236489,2178.7641564233786,1.0064964044106948,2.010123020095332,324.245,126.714,262.054,158548.0,4.4,36.7,732192.0,31098.027,4.25,4.0,False,6791.68994140625,5058220000.0,47207.12109375,403500000.0,61.5,373744.0,3954.8,0.0,False,37.0,Fear,629.668842434883,439.073946833611,190.594895601273,3494.0,0.5891678042252455,0.4108321957747543,0.054549197367279
2025-10-26,114472.4453125,115260.90625,111268.484375,111639.0546875,41708524143.0,111750.92719324562,111219.81233689956,111401.95638726144,112165.47202030515,53.871590476144426,-1226.7018992327648,-1519.8633035561795,293.1614043234149,112468.389453125,122284.15561423576,102652.62329201424,0.174551555487541,3662.860202303275,0.0250392677448033,0.3259168430671465,554.0,904.0,0.3799725651577503,0.6846727540558618,-0.7288506155952408,True,120.9345,4118.39990234375,22249.8,4.76339526465839,597.334999469091,521328.0,1.4508121632653062,3546.4489795918366,49.80039423699024,9.166666666666666,146716052770107.56,1072114297.7029574,52688113.772418,2.03701929,231520.0224179998,99.6009651798477,6847085319.891039,579911.0066858289,433092.0,19940037.5,111637.64,1.1123726457927234,2290.7988463674287,1.0139721716788817,2.061141989497095,324.245,126.714,262.054,158548.0,4.4,36.7,732192.0,31098.027,4.25,4.0,False,6791.68994140625,5058220000.0,47207.12109375,403500000.0,61.5,373744.0,4159.76,0.0,False,40.0,Fear,651.231562554836,428.546521425247,222.685041129589,3530.0,0.6031161145208503,0.3968838854791497,0.0630835810565407
2025-10-27,114119.328125,116273.3125,113882.2890625,114479.8515625,61761358733.0,112540.39417049708,111864.14917869966,111790.15234979552,112343.09530255014,53.09250498176642,-912.3779284249176,-1398.3662285299274,485.9883001050098,112101.78671875,121010.71172711664,103192.86171038334,0.158943497140114,3572.014719103041,-0.0030895028553826,0.3260978530474385,555.0,903.0,0.3806584362139917,0.6815254572329892,-0.731794404968612,True,120.7988,4001.89990234375,22249.8,4.7884497762734215,645.1217994266183,507349.0,1.5485159931972787,3451.3537414965986,35.951784719986094,9.766666666666667,146716052770107.56,1072114297.7029574,55381422.5990335,2.8215763299999983,333297.5990335,105.5503468683218,16107727421.004858,761327.3711046356,522563.0,19940475.0,114531.59,1.5005989390037937,3053.338026296896,1.0153029625592072,2.0506486983041583,324.245,126.714,262.054,158548.0,4.4,36.7,732192.0,31098.027,4.25,4.0,False,6875.16015625,5290650000.0,47544.58984375,426790000.0,61.310001373291016,272191.0,4120.9,0.0,False,51.0,Neutral,759.645370185375,546.452992975712,213.192377209663,4125.0,0.5816142119241631,0.4183857880758369,0.0516830005356758
2025-10-28,112956.1640625,116078.984375,112291.6796875,114129.0859375,64528066504.0,112678.98413449808,112106.81915287752,111956.72545161046,112398.82882618194,50.50168072267544,-748.5032562429697,-1268.393634072536,519.8903778295662,111581.8515625,118773.86434127192,104389.83878372808,0.1289100813091181,3587.392573988539,-0.0102448240868119,0.3154509085723038,556.0,902.0,0.3813443072702332,0.6783655035465279,-0.7347246039150082,True,120.6361,3966.199951171875,22249.8,4.881773338254242,645.1217994266183,524707.0,1.4871308271604926,3238.932098765432,51.06706168536067,8.708333333333332,146716052770107.6,1181513715.835912,59559818.98605979,2.9358787200000016,338631.4860597999,110.63462596812056,14459499246.59532,736003.6645435995,504390.0,19940934.375,114121.46,1.4026945791529355,2983.258078698437,1.0259031823098348,2.0269852854220023,324.245,126.714,262.054,158548.0,4.4,36.7,732192.0,31098.027,4.25,4.0,False,6890.89013671875,5695930000.0,47706.37109375,603670000.0,60.150001525878906,307568.0,3980.2,0.0,False,50.0,Neutral,833.465708315372,571.055811882019,262.409896433353,4202.0,0.5934161181084908,0.4065838818915092,0.0624488092416356
2025-10-29,110055.3046875,113642.7265625,109368.71875,112921.328125,62192043469.0,111804.42431883204,111650.9270494603,111685.0939138804,112185.78117721084,44.64980983240128,-842.9890528953692,-1183.3127178371026,340.32366494173334,110999.3375,116403.97239401068,105594.7026059893,0.09738139011885,3636.4365195965006,-0.0260168054657663,0.3258994021567527,557.0,901.0,0.3820301783264746,0.6751929516811576,-0.7376411580166103,True,120.5312,3983.699951171875,22249.8,4.97459992952759,597.334999469091,392028.0,1.494957926829268,3187.2195121951218,27.25772285717514,10.283333333333331,152059512438753.47,929747081.658896,46366755.927553706,2.60840325,305037.17755370005,109.82152085749136,13004147601.963224,677013.4469705233,517043.0,19941440.625,112923.91,1.7269517661251832,2579.0701171517367,1.0194663373080035,1.974857071418472,324.245,126.714,262.054,158548.0,4.4,36.7,732192.0,31098.027,4.25,4.0,False,6890.58984375,6280130000.0,47632.0,683470000.0,60.47999954223633,276875.0,3903.96,0.0,False,51.0,Neutral,785.866897523403,591.709370195866,194.157527327538,4213.0,0.570470699836092,0.429529300163908,0.0460853376044476
2025-10-30,108305.546875,111612.3515625,106376.6875,110059.1953125,69673964814.0,110638.13183755473,110907.50923291357,111202.30147975463,111833.03260428258,41.52425781388862,-1046.9914934020053,-1156.0484729500831,109.05697954807783,110753.896484375,116180.79242133298,105327.00054741702,0.0979991875540668,3750.667058375322,-0.0160266389546195,0.3125800693238759,558.0,900.0,0.382716049382716,0.6720078605555225,-0.7405440131090044,True,121.2832,4001.300048828125,22249.8,5.08250074815627,645.1217994266183,554058.0,1.4591251374999998,3462.8625,356.99932966238055,8.925,155973032196072.0,1240553837.666823,59014847.6573424,2.8674976,324285.1573424002,98.9522879178507,14514069160.323538,803129.0048938744,540811.0,19941825.0,110068.52,1.4495395877216364,3044.5352794952337,1.0173735170996008,1.9325248327320044,324.245,126.714,262.054,158548.0,4.4,36.7,732192.0,31098.027,4.0,3.75,True,6822.33984375,6052700000.0,47522.12109375,593890000.0,60.56999969482422,247917.0,3804.33,0.0,False,34.0,Fear,933.247850835323,847.334256947041,85.913593888283,5168.0,0.5241251424219026,0.4758748575780974,0.0166241474242033
2025-10-31,109556.1640625,111031.8203125,108288.2734375,108304.4140625,60090359560.0,110277.4759125365,110607.210306155,110967.1389915754,111626.0445550296,44.513921163323374,-1095.1266042729983,-1143.864099214666,48.73749494166759,110691.310546875,116144.39284502808,105238.22824872192,0.0985277393719866,3678.7299024199424,0.0114809611962851,0.3042585651085178,559.0,899.0,0.3834019204389575,0.6688102893211383,-0.7434331152821855,True,121.3859,3982.199951171875,22249.8,5.022762765189202,597.334999469091,460063.0,1.5636110357142858,3286.1642857142856,84.44545646929626,10.416666666666666,155973032196072.0,1085484607.9584696,49097139.10761869,3.4729746400000003,384982.8576187003,105.70936865140293,15203643065.771168,831320.2267989283,572374.0,19942343.75,108303.21,1.8069704079635365,3607.4682077992593,1.005458961810002,1.9596274069163768,324.245,126.954,262.054,158548.0,4.4,36.7,732192.0,31422.526,4.0,3.75,False,6840.2001953125,6398280000.0,47562.87109375,704620000.0,60.97999954223633,278598.0,3847.89,0.0,False,29.0,Fear,979.8043602705,621.499702036381,358.304658234119,4781.0,0.6118790199401405,0.3881209800598595,0.0749434549747163
2025-11-01,110064.015625,110574.8984375,109372.953125,109558.625,25871668762.0,110206.32248335768,110486.50037700943,110838.12136777892,111484.04192502692,45.72737827009246,-1079.8468473568355,-1131.0606488431,51.21380148626463,110436.023046875,115468.13071440456,105403.91537934545,0.0911316349266518,3501.8167174256605,0.004624825172493,0.3034882450156473,560.0,898.0,0.3840877914951989,0.6656002973612941,-0.7463084108815583,True,121.3859,3982.199951171875,22279.8,5.000682954258542,525.6547995328001,391320.0,1.6664064637681164,2835.6521739130435,51.481798220335456,9.766666666666667,155973032196072.0,1069977684.9876348,48497027.14215949,2.469086779999999,277120.8921594999,122.10278195426652,7076005652.664974,600344.905206227,498680.0,19942787.5,109552.54,1.534153391613582,2236.074124749469,1.0113898634023892,1.9663440701835693,324.245,126.954,262.054,158548.0,4.4,36.7,732192.0,31422.526,4.0,3.75,False,6840.2001953125,6398280000.0,47562.87109375,704620000.0,60.97999954223633,278598.0,3873.0,0.0,False,33.0,Fear,671.513967633247,463.336555600166,208.177412033081,3501.0,0.5917201903559698,0.4082798096440302,0.0594622713604915
2025-11-02,110639.625,111167.3125,109523.453125,110064.4296875,34284209459.0,110350.7566555718,110520.52807100731,110809.7647438105,111407.27675002448,47.13847198252274,-1009.6520238771628,-1106.7789238499126,97.12689997274992,110204.450390625,114697.04521551554,105711.85556573448,0.0815320036344505,3369.1054786809705,0.0052161412333197,0.2973522702849214,561.0,897.0,0.3847736625514403,0.6623779442899478,-0.749169846508936,True,121.3859,3982.199951171875,22279.8,4.984244049990823,525.6547995328001,408092.0,1.513470980645161,2632.851612903226,34.10108416297766,7.308333333333334,155973032196072.0,1201786530.2397344,57248581.06084638,2.0890156399999995,239331.06084640004,134.83960416434206,3304825232.249682,518590.9455469936,446508.0,19943193.75,110047.16,1.2707696929785284,1706.0526125376273,1.0034952969725448,1.97277646963442,324.245,126.954,262.054,158548.0,4.4,36.7,732192.0,31422.526,4.0,3.75,False,6840.2001953125,6398280000.0,47562.87109375,704620000.0,60.97999954223633,278598.0,3905.53,0.0,False,37.0,Fear,591.700721681118,449.81344294548,141.887278735638,3228.0,0.5681158660893044,0.4318841339106957,0.0439551668945594
2025-11-03,106547.5234375,110764.9140625,105336.359375,110646.90625,72852006359.0,109083.01224954789,109637.63815245016,110200.8731286233,110965.4809943404,39.31294094971936,-1269.585525864546,-1139.3402442528393,-130.2452816117068,109875.893359375,114431.80723032008,105319.97948842992,0.082928360928887,3516.2089935966155,-0.0376871829010099,0.342832138549233,562.0,896.0,0.3854595336076817,0.6591432899506215,-0.7520173690235292,True,121.4512,4000.300048828125,22279.8,5.242384392805521,669.015199405382,447703.0,1.5669393309859152,3152.8380281690143,36.92518017844216,9.266666666666666,155973032196072.0,1100991530.929305,50213843.6104412,3.1251668300000013,345812.3604412,107.88490781915826,14288895727.776064,892146.3155463724,547702.0,19943693.75,110601.99,1.9927190917781927,3083.23800917749,1.0053937880185777,1.9020882532144816,324.245,126.954,262.054,158548.0,4.4,36.7,732192.0,31422.526,4.0,3.75,False,6851.97021484375,6065720000.0,47336.6796875,571740000.0,61.04999923706055,0.0,3603.82,0.0,False,42.0,Fear,899.236299693584,789.947074592113,109.289225101471,5158.0,0.5323497219914581,0.4676502780085418,0.0211882949014096
2025-11-04,101590.5234375,107264.8828125,98962.0625,106541.421875,110967184773.0,106585.51597886524,107849.39043801678,108970.82317274854,110113.21212553674,32.314610552657854,-1854.1991182949569,-1282.3120190612628,-571.887099233694,109416.261328125,115259.68589592632,103572.83676032364,0.1068108980671104,3858.1098020897134,-0.0476408575376077,0.4061669628884947,563.0,895.0,0.3861454046639231,0.6558963944152877,-0.7548509255429349,True,121.8271,3947.699951171875,22279.8,5.506805452721815,907.9491991930184,375984.0,1.5164099389312984,2870.106870229008,62.750765708183096,9.0,155973032196072.0,1015703454.5897112,44261372.2975437,3.95545963,426528.5475437001,113.71375209717444,17542018755.260174,1183435.9396975115,582796.0,19944121.875,106533.38,3.147569948980573,3623.202379302872,0.9956124917440607,1.8116855886218344,324.245,126.954,262.054,158548.0,4.4,36.7,732192.0,31422.526,4.0,3.75,False,6771.5498046875,5739510000.0,47085.23828125,514650000.0,60.560001373291016,219300.0,3286.57,0.0,False,21.0,Extreme Fear,1174.24907541275,1259.760186851025,-85.511111438274,7228.0,0.4824341031145575,0.5175658968854426,-0.011830535616806
2025-11-05,103891.8359375,104534.703125,98989.9140625,101579.234375,77584934804.0,105687.62263174352,106969.9338823464,108245.25356771304,109547.63247207884,37.84641071243076,-2107.518752041928,-1447.353365657396,-660.1653863845318,109201.551171875,115530.68964784188,102872.41269590812,0.1159166405247355,3978.586892119021,0.0224000613217487,0.4284963940825224,564.0,894.0,0.3868312757201646,0.6526373179832545,-0.7576704634441179,True,121.8482,3980.300048828125,22279.8,5.362621242448576,860.162399235491,396072.0,1.5664302391304348,2870.086956521739,519.4686607462445,9.366666666666667,155973032196072.0,1069977684.9876348,48614915.985910416,4.18353984,441790.9859103998,115.45127595291795,13419921893.468369,956066.0221673755,550413.0,19944531.25,101523.49,2.4138692514678537,3599.328227209462,0.9982392599220864,1.857055734420492,324.245,126.954,262.054,158408.0,4.4,36.85,732192.0,31422.526,4.0,3.75,False,6796.2900390625,5939600000.0,47311.0,469010000.0,59.599998474121094,292518.0,3424.22,0.0,False,23.0,Extreme Fear,1025.583799183369,931.260941445827,94.322857737541,5625.0,0.5241007515259524,0.4758992484740476,0.0167685080422295
2025-11-06,101301.2890625,104147.3046875,100336.8671875,103893.6640625,63932752861.0,104225.51144199568,105710.23503349164,107253.25863839692,108797.96488938988,34.43472718186345,-2488.6245548118604,-1655.607603488289,-833.0169513235714,108943.226171875,116108.66252016315,101777.78982358683,0.1315444126279785,3966.576221253376,-0.0252511824918507,0.4205293066415614,565.0,893.0,0.387517146776406,0.6493661211800473,-0.7604759303643871,True,121.6948,3979.89990234375,22279.8,5.492978569603766,740.6953993416728,416278.0,1.4547643857142858,2973.4142857142856,169.05193707372973,9.191666666666666,155973032196072.0,1085484607.9584696,47273620.26287099,3.328510879999999,346370.2628709999,109.58441378537051,15636906418.271948,853294.6176951507,534781.0,19944975.0,103883.58,2.049819153775003,3050.037621101318,0.999039456530355,1.8097201631689648,324.245,126.954,262.054,158408.0,4.4,36.85,732192.0,31422.526,4.0,3.75,False,6720.31982421875,6051900000.0,46912.30078125,552150000.0,59.43000030517578,277768.0,3315.2,0.0,False,27.0,Fear,918.94022744894,680.768342196941,238.171885251999,4894.0,0.5744422733525525,0.4255577266474474,0.048666098335104
2025-11-07,103372.40625,104052.9140625,99257.0546875,101286.2421875,92168030081.0,103941.1430446638,105190.71752604903,106698.8511543402,108304.73228580898,39.15701501359504,-2593.6340029386047,-1843.212883378352,-750.4211195602525,108751.933203125,116307.18662930328,101196.67977694672,0.1389447194849716,4025.8107322352794,0.020238925968734,0.4356360001637073,566.0,892.0,0.3882030178326474,0.6460828647562824,-0.7632672742023696,True,121.388,3999.39990234375,22279.8,5.336487315445025,716.8019993629092,476245.0,1.5706490211267612,3353.8380281690143,50.41515640595078,11.383333333333333,155973032196072.0,1100991530.929305,46148651.64133788,3.3736862800000003,346307.8913379,96.13040713685054,21461779028.83144,955703.895702736,569444.0,19945400.0,101282.56,2.006748408282997,3573.8292635723224,1.0327510515828204,1.8428465053331915,324.245,126.954,262.054,158408.0,4.4,36.85,732192.0,31422.526,4.0,3.75,False,6728.7998046875,5926070000.0,46987.1015625,591090000.0,59.75,259446.0,3434.86,0.0,False,24.0,Extreme Fear,848.691275238991,630.20328694582,218.487988293171,4506.0,0.5738686833665791,0.4261313166334208,0.048488235306962
2025-11-08,102282.1171875,103373.5625,101458.0390625,103371.703125,51446691095.0,103388.1344256092,104544.36189526036,106067.88915907731,107757.22182232632,37.620880646819806,-2733.3239059958723,-2021.2350879018563,-712.088818094016,108432.703515625,116523.65899442064,100341.74803682936,0.1492345983539873,3875.075925468473,-0.0106032122142002,0.4324059439198701,567.0,891.0,0.3888888888888889,0.6427876096865395,-0.7660444431189779,True,121.388,3999.39990234375,22279.8,5.39258507922156,573.4415994903273,351420.0,1.4899085166666672,2928.5,66.97038867129011,10.366666666666667,155973032196072.0,930415378.2501172,38668844.67289409,2.610205710000001,267282.1728940999,110.03598165412922,4367137226.846394,600933.5096022733,470481.0,19945843.75,103328.81,1.710015108992867,2429.043380866406,1.005960952623171,1.8227583856026048,324.245,126.954,262.054,158408.0,4.4,36.85,732192.0,31422.526,4.0,3.75,False,6728.7998046875,5926070000.0,46987.1015625,591090000.0,59.75,259446.0,3399.77,0.0,False,20.0,Extreme Fear,633.208749711514,448.019829392433,185.18892031908,3302.0,0.5856381915434355,0.4143618084565644,0.056083864421284
2025-11-09,104719.640625,105418.3671875,101468.875,102278.984375,59679243013.0,103831.96982540617,104583.3127240914,105875.28222563773,107481.07807711484,43.00424718119393,-2617.1722577530454,-2140.422521872094,-476.74973588095145,108139.2390625,116326.09643372618,99952.3816912738,0.1514132602041803,3880.391372756439,0.02355183969968,0.4294400933236137,568.0,890.0,0.3895747599451303,0.6394804171682309,-0.7688073855383709,True,121.388,3999.39990234375,22279.8,5.260936877357625,549.5481995115637,466347.0,1.4927761560283688,3307.425531914894,110.65727848726156,10.866666666666667,155973032196072.0,1093238069.4438877,45526140.89176192,2.2947250500000003,236109.64176189995,97.62288787482694,3067078992.712991,537873.2641358406,442498.0,19946218.75,102280.42,1.1533756283107657,2418.5889897525067,1.0039289014349655,1.8641651761462623,324.245,126.954,262.054,158408.0,4.4,36.85,732192.0,31422.526,4.0,3.75,False,6728.7998046875,5926070000.0,46987.1015625,591090000.0,59.75,259446.0,3583.05,0.0,False,22.0,Extreme Fear,774.801323950291,467.97923129797,306.822092652321,3787.0,0.6234417819608666,0.3765582180391335,0.0810198290605547
2025-11-10,105996.59375,106564.6953125,104350.6484375,104723.7734375,69585887229.0,104553.5111336041,104897.37517429332,105892.61244340378,107346.12495646803,45.65044055493197,-2394.479722716598,-2191.233962040995,-203.24576067560335,108015.22421875,116255.51466340016,99774.93377409985,0.152576463257848,3761.366765773836,0.0121202693364623,0.4395950735028259,569.0,889.0,0.3902606310013717,0.6361613486204625,-0.7715560501489146,True,121.2984,4111.7998046875,22279.8,5.200067862646495,645.1217994266183,449593.0,1.5237032857142856,3211.3785714285714,33.58581040835746,10.845833333333331,155973032196072.0,1085484607.9584696,48089956.88308448,3.8599020100000008,412831.8830845002,104.49340941959169,11484375771.963436,778893.0625922807,526898.0,19946659.375,104712.19,1.732440368493906,3859.5652157237896,1.010486437267539,1.8875443600732529,324.245,126.954,262.054,158408.0,4.4,36.85,732192.0,31422.526,4.0,3.75,False,6832.43017578125,5366050000.0,47368.62890625,490070000.0,60.130001068115234,222879.0,3567.63,0.0,False,29.0,Fear,792.926303446293,500.512424945831,292.413878500462,4083.0,0.6130373909802292,0.3869626090197708,0.0716174084007989
2025-11-11,102997.46875,107428.2578125,102457.328125,105996.859375,71130078574.0,104034.8303390694,104475.17374667258,105479.02048720323,106950.79257406184,40.853022437238806,-2431.964434893569,-2239.3800566115096,-192.58437828205933,107780.668359375,116321.68006774534,99239.65665100468,0.1584887501326655,3847.764117325705,-0.0287025464768418,0.4552779755522551,570.0,888.0,0.3909465020576131,0.6328304656828949,-0.7742903859041325,True,121.2984,4106.7998046875,22279.8,5.370203648462316,621.2283994478546,481949.0,1.5022041830065362,3149.9934640522874,136.6091045589372,9.783333333333331,155973032196072.0,1186279607.2688992,52980490.17789942,2.6898941500000006,288740.1778994,102.2728179933236,10951056954.68874,953805.8634306658,506473.0,19947096.875,105962.29,1.979059741654544,2626.5902699497315,1.003975687470822,1.8318881974218435,324.245,126.954,262.054,158408.0,4.4,36.85,732192.0,31422.526,4.0,3.75,False,6846.60986328125,4983490000.0,47927.9609375,454970000.0,61.040000915527344,264427.0,3416.81,0.0,False,26.0,Fear,732.328636884689,586.351668715477,145.976968169212,4078.0,0.555349642953367,0.4446503570466331,0.0357962158335488
2025-11-12,101663.1875,105297.234375,100836.6171875,103011.4375,64347179408.0,103244.28272604628,103850.28791407868,104933.90148903136,106470.1012036926,38.894672852388766,-2540.0564950334083,-2299.515344295889,-240.5411507375188,107360.34140625,116247.43997272948,98473.24283977052,0.1655564512942599,3891.5393366238695,-0.0130391466426769,0.4444250464432924,571.0,887.0,0.3916323731138545,0.6294878302145986,-0.7770103420236545,True,121.0458,4204.39990234375,22279.8,5.421425281837467,645.1217994266183,451023.0,1.518468042553192,3198.744680851064,34.03933802303936,9.25,155027936004971.75,1086613750.3494294,46339949.39854222,2.60791945,270793.1485422,102.12098374423935,10604955346.718937,826944.9627268527,504920.0,19947575.0,103017.87,1.8334873448290947,2635.6079326834742,1.004854160228242,1.8085099031300795,324.245,126.954,262.054,158408.0,4.4,36.85,732192.0,31422.526,4.0,3.75,False,6850.919921875,5293610000.0,48254.8203125,497550000.0,58.4900016784668,329517.0,3413.97,0.0,False,24.0,Extreme Fear,764.524065673351,659.780884683132,104.743180990219,4318.0,0.5367699280143635,0.4632300719856364,0.0242573369592911
2025-11-13,99697.4921875,104005.4921875,97988.71875,101674.1484375,101546815416.0,102062.01921319752,102927.4444192834,104185.84301738402,105854.40947494782,36.14566636004172,-2752.6050970514334,-2390.133294846998,-362.4718022044353,106793.519921875,116128.86088996602,97458.178953784,0.1748297270268888,4043.341772400736,-0.0195247429765854,0.4470658785358233,572.0,886.0,0.392318244170096,0.6261335042929037,-0.7797158679941613,True,120.7725,4186.89990234375,22279.8,5.565294528368815,716.8019993629092,451023.0,1.518468042553192,3198.744680851064,34.03933802303936,9.25,155027936004971.75,1086613750.3494294,48630916.473970026,2.60791945,301578.97397005,99.10680523417952,13088012217.04704,926634.13988167,504920.0,19948015.625,101659.07,1.8334873448290947,2635.6079326834742,0.9956970982500724,1.7800126434105843,324.245,126.954,262.054,158408.0,4.4,36.85,732192.0,31422.526,4.0,3.75,False,6737.490234375,5473720000.0,47457.21875,608110000.0,58.689998626708984,247349.0,3231.75,0.0,False,15.0,Extreme Fear,933.479171335697,818.224787890911,115.254383444786,5167.0,0.532897791558247,0.467102208441753,0.0223058609337693
2025-11-14,94397.7890625,99804.4296875,94000.734375,99694.703125,114346441890.0,99507.27582963168,101031.96545110932,102787.54959525772,104812.89852836163,29.991092916681797,-3310.5314009452995,-2574.212916066658,-736.3184848786409,105931.323046875,116486.81225578907,95375.83383796092,0.199289292445507,4169.081310979255,-0.0546228711365914,0.4992169545957028,573.0,885.0,0.3930041152263374,0.6227675502122492,-0.7824069135703198,True,120.9666,4087.60009765625,22279.8,5.804102726326517,979.6293991293091,451023.0,1.518468042553192,3198.744680851064,34.03933802303936,9.25,155027936004971.75,1086613750.3494294,46392333.27877709,2.60791945,347914.52877710015,91.8370914479938,24377100196.130707,926634.13988167,504920.0,19948484.375,99675.15,1.8334873448290947,2635.6079326834742,0.9890066492466212,1.6842606972655323,324.245,126.954,262.054,158408.0,4.4,36.85,732192.0,31422.526,4.0,3.75,False,6734.10986328125,5042660000.0,47147.48046875,552330000.0,60.09000015258789,334116.0,3111.07,0.0,False,16.0,Extreme Fear,1067.771063327789,1114.037117362022,-46.266054034233,6344.0,0.4893973140160275,0.5106026859839725,-0.0072928836750052
2025-11-15,95549.1484375,96728.46875,94420.46875,94420.46875,38500716654.0,98187.90003225446,99813.56167030724,101753.49228700664,103970.7394291924,32.67318589912438,-3618.079963529424,-2782.986325559212,-835.0936379702125,104985.158203125,115708.19190504924,94262.12450120076,0.2042771356533526,4037.7669093021655,0.0121231064987472,0.5070597277755234,574.0,884.0,0.3936899862825789,0.6193900304830235,-0.7850834287757189,True,120.9666,4087.60009765625,22279.8,5.740541608125778,716.8019993629092,451023.0,1.518468042553192,3198.744680851064,34.03933802303936,9.25,155027936004971.75,1086613750.3494294,44397206.72613286,2.60791945,253544.22613287,89.46738713832016,5644973418.0668,926634.13988167,504920.0,19948934.375,94399.23,1.8334873448290947,2635.6079326834742,1.0012308002097492,1.7025099652616345,324.245,126.954,260.591,158408.0,4.4,36.85,731051.0,31422.526,4.0,3.75,False,6734.10986328125,5042660000.0,47147.48046875,552330000.0,60.09000015258789,334116.0,3165.62,0.0,False,10.0,Extreme Fear,717.178239524364,666.098460674286,51.079778850079,4119.0,0.5184633265501916,0.4815366734498085,0.0124010145302449
2025-11-16,94177.078125,96564.1875,92971.1640625,95556.8671875,71086235862.0,96850.95939650298,98561.00977135009,100671.14740671996,103080.40658335671,31.142036088462703,-3927.258036482468,-3011.8406677438634,-915.4173687386046,103988.045703125,114842.76346454312,93133.32794170688,0.2087685692720337,4005.999518459154,-0.0144639384619225,0.5002793549845814,575.0,883.0,0.3943758573388203,0.6160010078304068,-0.7877453639037955,True,120.9666,4087.60009765625,22279.8,5.822112281357665,740.6953993416728,581852.0,1.5470192012578614,3659.446540880503,88.26343006847128,14.433333333333334,152271405447596.38,1203542966.8475492,51839181.95550078,2.6074946200000007,268297.5805008,81.9593105372511,4776084095.964514,724172.4253684953,454407.0,19949381.25,95534.16,1.244599013784425,3011.4187361898817,0.9971056255550564,1.6785525812642024,324.245,126.954,260.591,158408.0,4.4,36.85,731051.0,31422.526,4.0,3.75,False,6734.10986328125,5042660000.0,47147.48046875,552330000.0,60.09000015258789,334116.0,3094.39,0.0,False,10.0,Extreme Fear,772.091842889786,708.390728652477,63.701114237309,4630.0,0.5215136319271052,0.4784863680728948,0.013758340008058
2025-11-17,92093.875,95928.3671875,91214.7578125,94180.875,94186165724.0,95265.26459766866,97123.86871105005,99445.82277718856,102081.63098486976,28.925631765559046,-4290.917937953011,-3267.656121785693,-1023.2618161673176,102944.93125,114174.12870495432,91715.73379504569,0.2181593074783723,4056.543079640643,-0.0223683827163435,0.4836085936494311,576.0,882.0,0.3950617283950617,0.612600545193203,-0.7903926695187592,True,121.1146,4068.300048828125,22279.8,5.9428207388805365,907.9491991930184,415543.0,1.6296327983870966,3351.153225806452,55.2142690312397,13.983333333333333,152271405447596.47,938612125.0886546,37623941.963384494,4.475642680000001,434113.83838449005,88.9911419413375,19283577618.702053,1063425.4073312867,515090.0,19949878.125,94187.75,2.5591224189344706,4794.632282799183,0.9943622324226782,1.6392867114437717,324.245,126.954,260.591,158408.0,4.4,36.85,731051.0,31422.526,4.0,3.75,False,6672.41015625,5204220000.0,46590.23828125,503830000.0,59.90999984741211,189638.0,3029.26,0.0,False,14.0,Extreme Fear,999.113084614277,932.230719208717,66.88236540556,5744.0,0.5173149817430667,0.4826850182569334,0.0116438658435863
2025-11-18,92948.875,93745.078125,89300.4609375,92094.53125,101333569062.0,94493.13473177912,96196.0923308167,98517.68738044734,101251.38044079069,31.09325065671611,-4458.732186250985,-3505.871334678752,-952.8608515722336,102089.609765625,113639.80130508004,90539.41822616998,0.2262755547008495,4084.2626587734544,0.0092411735633055,0.4464550054563411,577.0,881.0,0.3957475994513031,0.6091887057226724,-0.7930252964565099,True,121.2127,4061.300048828125,22279.8,5.860814928443888,1170.7765989594184,317239.0,1.5420716992481205,2385.2556390977443,59.59318120841159,9.25,152271405447596.44,1006737198.683799,39760940.62876144,3.725786330000001,349565.62876143004,121.98965023535663,21605870788.45369,1343194.8854013595,517212.0,19950278.125,92093.24,4.234015633012837,2789.065066092269,1.004220542352208,1.654516965238705,324.245,126.954,260.591,158408.0,4.4,36.85,731051.0,31422.526,4.0,3.75,False,6617.31982421875,5159390000.0,46091.73828125,596360000.0,60.7400016784668,105325.0,3120.73,0.0,False,11.0,Extreme Fear,982.140285789967,1062.434425115585,-80.294139325619,5810.0,0.480364097507091,0.519635902492909,-0.0138199895569051
2025-11-19,91465.9921875,92946.1640625,88526.828125,92946.1640625,80350354656.0,93484.0872170194,95144.95896563522,97510.30235288345,100361.79969049152,29.417530360854258,-4657.691469119745,-3736.235361566951,-921.4561075527944,101247.63203125,113332.66181398748,89162.60224851251,0.2387222207628017,4108.390102789636,-0.0160823776998089,0.4192899132146709,578.0,880.0,0.3964334705075445,0.6057655527813596,-0.7956431958255497,True,121.4978,4077.699951171875,22279.8,5.962194770515423,1146.8831989806547,361791.0,1.5538528248175183,2640.810218978102,27.70567258926973,9.35,152271405447596.44,1037015009.17053,41686318.65990569,3.329479060000001,315009.2849056798,109.02631001332723,17471565470.769844,1173095.750588857,535320.0,19950681.25,92979.11,3.242468028748247,2733.931127982426,0.9902757396819426,1.628739580213074,324.245,126.954,260.591,158408.0,4.4,36.85,731051.0,31422.526,4.0,3.75,False,6642.16015625,5021610000.0,46138.76953125,555370000.0,59.439998626708984,79622.0,3024.7,0.0,False,15.0,Extreme Fear,813.05537968874,818.731931626797,-5.676551938057,5008.0,0.4982606336320018,0.5017393663679982,-0.001133496792743
2025-11-20,86631.8984375,93025.0703125,86040.796875,91459.3515625,97970645638.0,91200.02429051294,93253.16773716072,95956.2446506858,99113.62684931049,24.737178668192783,-5146.117856334648,-4018.2118605204905,-1127.905995814157,100101.41875,113176.42185381558,87026.41564618441,0.2612351206823547,4313.810340983234,-0.0542991431316111,0.4734445418396768,579.0,879.0,0.397119341563786,0.6023311499419145,-0.798246319007893,True,121.6889,4056.5,22279.8,6.266438007883086,1146.8831989806547,361895.0,1.6422474045801525,2762.557251908397,127.17932643557629,9.766666666666667,152271405447596.47,991598293.4404336,37391178.738754086,3.17346516,286397.4887541,103.32051766052057,15177174553.160692,1105598.272907236,545087.0,19951125.0,91453.07,3.055025001470692,2771.93238321854,0.9938833473218182,1.5515619978194948,324.245,126.954,260.591,158408.0,4.4,36.85,731051.0,31422.526,4.0,3.75,False,6538.759765625,5596080000.0,45752.26171875,721440000.0,59.13999938964844,324282.0,2832.25,0.0,False,11.0,Extreme Fear,988.753838777542,1085.779516518116,-97.025677740574,6005.0,0.4766150596005369,0.523384940399463,-0.016157481721994
2025-11-21,85090.6875,87380.8046875,80659.8125,86528.7734375,129157506112.0,89163.5786936753,91439.2832400139,94404.02220058785,97838.81418119134,23.45586508544541,-5593.088486843946,-4333.187185785182,-1259.901301058764,98852.75234375,112670.55142637312,85034.9532611269,0.2795632646539405,4485.751901448717,-0.0179504904722895,0.4413721929923773,580.0,878.0,0.3978052126200274,0.5988855609859148,-0.8008346176599673,True,121.8653,4076.699951171875,22279.8,6.432037849517504,1672.5379985134548,413267.0,1.5499346754966894,2736.8675496688743,38.94413702946782,7.583333333333333,152271405447596.4,1142987345.8740876,41307351.470361225,3.63853668,310773.34536122007,98.53288807501772,21796370449.69496,1495590.690445274,603204.0,19951537.5,86467.17,3.618945356017475,3109.1891284665853,0.9753609981092874,1.5202473672522108,324.245,126.954,260.591,158408.0,4.4,36.85,731051.0,31422.526,4.0,3.75,False,6602.990234375,5929930000.0,46245.41015625,790560000.0,58.060001373291016,345014.0,2763.03,0.0,False,14.0,Extreme Fear,1109.326146245003,1492.148565709591,-382.822419464588,7602.0,0.4264220371419721,0.573577962858028,-0.0503581188456443
2025-11-22,84648.359375,85503.0078125,83490.8984375,85098.5625,40793099246.0,87658.5055874502,89930.18904778859,93010.35608264671,96639.68192608304,23.086269998023624,-5914.825686110853,-4649.514885850316,-1265.3108002605368,97553.1890625,111590.59835056668,83515.77977443332,0.2877898595211119,4309.063149559523,-0.0052118723936807,0.4433573568368931,581.0,877.0,0.3984910836762688,0.5954288499026783,-0.8034080437135129,True,121.8653,4076.699951171875,22279.8,6.451050137267804,1146.8831989806547,472342.0,1.4938893846153851,3303.090909090909,52.24669593639719,10.933333333333334,152271405447596.4,1082431724.900626,38587770.65295698,2.94749949,252226.90295697,80.30352417976412,58388673977.72743,1436027.9327477976,485120.0,19951990.625,85096.82,3.040229182981394,3087.4382681491247,1.0236554279207264,1.5063202250156789,324.245,126.954,260.591,158408.0,4.4,36.85,731051.0,31422.526,4.0,3.75,False,6602.990234375,5929930000.0,46245.41015625,790560000.0,58.060001373291016,345014.0,2768.93,0.0,False,11.0,Extreme Fear,706.962248504162,788.749451518059,-81.787203013897,4407.0,0.4726594359686154,0.5273405640313845,-0.018558475837054
2025-11-23,86805.0078125,88038.46875,84641.7734375,84648.609375,58083435576.0,87374.00632913347,89235.70432883556,92123.87775834004,95745.62064303004,28.963538590931847,-5927.453238258866,-4905.102556332026,-1022.3506819268396,96566.06328125,110716.52606629296,82415.60049620704,0.2930732040681732,4243.894018340985,0.0251585865790003,0.4471884751124909,582.0,876.0,0.3991769547325103,0.591961080888076,-0.8059665493764743,True,121.8653,4076.699951171875,22279.8,6.311365035601808,979.6293991293091,317173.0,1.5849713661971827,2233.612676056338,77.54572472853302,6.933333333333334,152271405447596.44,1074862272.2789433,39803642.23436507,2.32061272,207485.98436509,122.0648609089782,17954745701.83514,919047.246587074,442816.0,19952437.5,84677.63,2.897621318923975,1653.339956467892,1.098418254995392,1.5408129016405956,324.245,126.954,260.591,158408.0,4.4,36.85,731051.0,31422.526,4.0,3.75,False,6602.990234375,5929930000.0,46245.41015625,790560000.0,58.060001373291016,345014.0,2801.12,0.0,False,13.0,Extreme Fear,600.126575350761,657.195633769035,-57.069058418274,3786.0,0.4773053168056954,0.5226946831943047,-0.0150737079815832
2025-11-24,88270.5625,89206.3359375,85272.1953125,86798.7734375,74433896110.0,87672.85838608898,89021.22836687209,91573.40415000576,95066.06990275458,32.72562440686659,-5752.886949477281,-5074.659434961077,-678.2275145162039,95900.065234375,110306.3369042734,81493.79356447658,0.3004434175240695,4221.768775959486,0.0167423578108394,0.455146861300484,583.0,875.0,0.3998628257887517,0.5884823183433411,-0.8085100871338876,True,121.9171,4091.89990234375,22279.8,6.14979101720178,1003.5227991080728,400125.0,1.5760912867132868,2798.076923076923,61.45037733983198,8.325,152271405447596.4,1082431724.900626,40374787.09911496,2.583558169999999,228921.47411494004,99.32492422757386,14112416699.0278,861686.3903758163,503446.0,19952881.25,86786.92,2.1535429937539927,2268.673382856012,0.9994798046910623,1.5674035927405892,324.245,126.954,260.591,158408.0,4.4,36.85,731051.0,31422.526,4.0,3.75,False,6705.1201171875,6039740000.0,46448.26953125,743580000.0,58.84000015258789,238138.0,2952.86,0.0,False,19.0,Extreme Fear,704.128211140633,626.372422814369,77.755788326263,4166.0,0.529220500292108,0.470779499707892,0.0186643754983828
2025-11-25,87341.890625,88457.3359375,86131.4296875,88269.9609375,64837343545.0,87562.53579905932,88648.04220201164,90968.90221786208,94363.87178659507,31.5841618183546,-5624.640611264069,-5184.655670221675,-439.984941042394,95072.56796875,109447.23186749358,80697.9040700064,0.3023935127842236,4086.3500241052375,-0.0105764769567544,0.4470061056913484,584.0,874.0,0.4005486968449931,0.5849926268738703,-0.8110386097487645,True,121.6335,4139.2001953125,22279.8,6.191767593899203,931.842599171782,350825.0,1.578018591304348,3050.6521739130435,46.26600952323019,13.916666666666666,152271405447596.53,870487051.4935104,32874235.57422186,3.1396815599999983,281332.44922188,90.59482729185264,11012928544.071535,784418.1586211621,513166.0,19953328.125,88276.26,2.235924345816752,3002.304229262744,0.9975395375164646,1.5507097680723907,324.245,126.954,260.591,158408.0,4.4,36.85,731051.0,31422.526,4.0,3.75,False,6765.8798828125,5003330000.0,47112.44921875,648860000.0,57.95000076293945,334442.0,2958.86,0.0,False,20.0,Extreme Fear,656.515010654926,558.763099253178,97.751911401749,3726.0,0.5402179182710448,0.4597820817289551,0.0262350808915053
2025-11-26,90518.3671875,90581.15625,86316.8984375,87345.5859375,66496301869.0,88547.81292853956,89063.6699765646,90904.5400706675,94014.28045940462,39.37355917663016,-5206.670100712247,-5189.058556319789,-17.61154439245729,94533.421875,108732.2155861265,80334.6281638735,0.3003973288918143,4099.057723276292,0.0357225879133364,0.5082794237628943,585.0,873.0,0.4012345679012346,0.5814920712880268,-0.8135520702629675,True,121.2437,4165.2001953125,22279.8,6.023083482544498,907.9491991930184,477042.0,1.604467841463415,2908.792682926829,105.09378269825508,8.675,152271405447596.38,1241390229.9559624,48827581.66636605,2.897206990000001,260534.79136603,98.6517432429726,9204012840.881037,830747.6217916952,535443.0,19953687.5,87330.85,1.7414559342609146,2545.4063810095627,1.01808261350225,1.6019179596137352,324.245,126.954,260.591,158408.0,4.4,36.85,731051.0,31422.526,4.0,3.75,False,6812.60986328125,4485000000.0,47427.12109375,454980000.0,58.650001525878906,228285.0,3025.65,0.0,False,15.0,Extreme Fear,762.329386591911,611.707858264446,150.621528327465,4177.0,0.5548098419061454,0.4451901580938546,0.0360597386467476
2025-11-27,91285.375,91897.578125,90089.515625,90517.765625,57040622845.0,89460.33361902638,89557.3822039947,90958.94506057216,93766.19814491329,41.11687812292252,-4758.679247280335,-5102.982694511898,344.30344723156304,93929.0703125,107561.42058321636,80296.72004178363,0.2902690343971644,3935.415207327985,0.0084378061084954,0.5109778579198305,586.0,872.0,0.401920438957476,0.5779807165959343,-0.8160504219980835,True,121.2437,4165.2001953125,22279.8,6.000806767035856,836.2689992567274,403825.0,1.548441972027972,2823.951048951049,78.9866104828647,8.375,149321976585489.47,1061465507.6302311,45073841.77706884,2.9220422,276938.6520688502,103.6785658225006,9062460320.883312,726306.7502340522,525809.0,19954200.0,90517.55,1.7985680684307612,2481.145310950596,0.9983553814421332,1.6180110246025807,324.245,126.954,260.591,158408.0,4.4,36.85,731051.0,31422.526,4.0,3.75,False,6812.60986328125,4485000000.0,47427.12109375,454980000.0,58.650001525878906,228285.0,3015.39,0.0,False,22.0,Extreme Fear,656.704620838165,491.044719815254,165.659901022911,3557.0,0.572167282156137,0.4278327178438629,0.046572926911136
2025-11-28,90919.265625,92969.0859375,90257.1171875,91285.3828125,60895830289.0,89946.64428768426,89860.0229642181,90953.27656977614,93507.38609764844,40.51797272051753,-4382.664605733618,-4958.919076756243,576.2544710226248,93360.927734375,106464.35788730992,80257.49758144007,0.2807047974119546,3848.0261746617007,-0.0040186667744196,0.4365046097714297,587.0,871.0,0.4026063100137174,0.5744586280082709,-0.8185336185562907,True,121.0527,4218.2998046875,22279.8,6.029451959575788,788.4821992992001,511691.0,1.5340384133333331,3411.273333333333,56.06600796503848,11.475,149301205959700.0,1113270480.6428328,43668909.077361286,2.869712909999998,263890.32736129995,84.46466800777026,9697972473.083769,824214.7451379896,543603.0,19954646.875,91305.47,1.6107665468769037,3092.138282149873,0.9962166337830836,1.6124043653578792,324.245,126.954,260.591,158408.0,4.4,36.85,731051.0,31422.526,4.0,3.75,False,6849.08984375,2558540000.0,47716.421875,272500000.0,58.54999923706055,153758.0,3031.24,0.0,False,25.0,Extreme Fear,690.114339530468,446.007665216923,244.106674313545,3523.0,0.6074297801175942,0.3925702198824058,0.0692894335264107
2025-11-29,90851.7578125,91187.6171875,90260.1875,90918.7421875,37921773455.0,90248.34879595618,90080.40848605851,90938.77389016526,93265.96534445311,40.40111448824899,-4043.506582661576,-4775.83657793731,732.3299952757343,92667.53359375,104660.81333394436,80674.25385355564,0.2588453425937141,3639.412139864437,-0.0007427786269465,0.429133768914782,588.0,870.0,0.4032921810699588,0.5709258709350585,-0.8210016138212184,True,121.0527,4218.2998046875,22279.8,6.051975408153509,669.015199405382,400703.0,1.5935075328467156,2924.8394160583944,44.41705661017586,9.741666666666667,149301205959700.0,1016787038.987121,40823502.876211286,2.23100245,209612.2512112799,98.42728259903676,3552877104.767845,560614.5579326514,475990.0,19955115.625,90915.26,1.399077516097088,2057.4485769092967,0.999054243095574,1.609812435967487,324.245,126.954,260.591,158408.0,4.4,36.85,731051.0,31422.526,4.0,3.75,False,6849.08984375,2558540000.0,47716.421875,272500000.0,58.54999923706055,153758.0,2989.99,0.0,False,28.0,Fear,541.082005441189,368.556309342384,172.525696098804,2739.0,0.5948320301019057,0.4051679698980943,0.062988571047391
2025-11-30,90394.3125,91965.046875,90394.3125,90838.2109375,38497902869.0,90297.00336397078,90150.16493360107,90860.99369157024,93004.90599495736,39.56833652040507,-3768.1960016773664,-4574.3084626853215,806.1124610079551,91887.41953125,102132.4823769444,81642.3566855556,0.2229916325424756,3491.64944237412,-0.0050477925731327,0.4251158481668361,589.0,869.0,0.4039780521262002,0.5673825109844465,-0.8234543619588061,True,121.0527,4218.2998046875,22279.8,6.079558089418331,692.9085993841455,517534.0,1.6096999101796403,3099.005988023952,27.484460110531,7.35,149301205959700.0,1239441135.1156871,50114996.21209714,2.1331353199999987,200152.4620971399,93.1484729190002,3541872047.362618,610748.1697219306,450764.0,19955543.75,90830.82,1.1801121660063505,2066.9602344293285,0.9975059344538904,1.605936798624271,324.245,127.243,260.591,158408.0,4.4,36.85,731051.0,31422.526,4.0,3.75,False,6849.08984375,2558540000.0,47716.421875,272500000.0,58.54999923706055,153758.0,2992.52,0.0,False,28.0,Fear,442.501760184765,481.228127837181,-38.726367652416,2930.0,0.4790380455614878,0.5209619544385122,-0.0132171903250566
2025-12-01,86321.5703125,90398.15625,83862.25,90389.109375,87962894424.0,88971.85901348053,89299.36612891193,90212.50463741734,92397.33002382488,33.03867180028212,-3834.445538636428,-4426.335877875543,591.8903392391148,91053.624609375,100140.42753080142,81966.82168794857,0.1995923382602132,3709.09635720454,-0.046101838054076,0.4704436924681143,590.0,868.0,0.4046639231824417,0.5638286139614951,-0.8258918174181528,True,120.9862,4239.2998046875,22355.3,6.365741799003315,1218.5633989169455,402123.0,1.5683729624060156,3023.4812030075186,35.68541901321478,9.816666666666666,149301205959700.0,987099826.1699784,37889948.70496328,4.100509060000001,367595.5799632802,90.37145294539609,13435643673.40069,857329.0188231936,557926.0,19956065.625,90376.43,2.132006920328341,3901.262536737377,0.9900815717911914,1.533958697259218,324.245,127.243,260.591,158408.0,4.4,36.85,731051.0,31422.526,4.0,3.75,False,6812.6298828125,4549370000.0,47289.328125,482190000.0,59.31999969482422,232770.0,2799.71,0.0,False,24.0,Extreme Fear,790.144807517529,933.037283718586,-142.892476201057,5170.0,0.458538196013123,0.5414618039868769,-0.0276387768280574
2025-12-02,91350.203125,92316.6328125,86202.1953125,86322.5390625,78546798211.0,89764.64038398702,89755.10768359818,90375.0329927863,92302.13666938624,45.0878909355579,-3441.5085635914147,-4229.370415018717,787.8618514273021,90537.975390625,98138.73285399824,82937.21792725175,0.1679020859607224,3880.906438832787,0.0566209938703037,0.5627889616651507,591.0,867.0,0.4053497942386831,0.5602642458669526,-0.828313934932363,True,121.1467,4186.60009765625,22355.3,6.03792256393232,1027.4161990868363,412650.0,1.5904132362204724,3249.212598425197,39.11625667466815,11.583333333333334,149301205959700.0,942569006.9442656,37209087.67503768,3.900622880000001,356590.80003768014,85.34351014476796,10845653512.26919,921558.1286885767,546016.0,19956481.25,86316.42,2.2332682144397835,3954.603642009337,0.9930781432360444,1.6233866164835693,324.245,127.243,260.591,158408.0,4.4,36.85,731051.0,31422.526,4.0,3.75,False,6829.3701171875,4582290000.0,47474.4609375,510900000.0,58.63999938964844,255513.0,2996.39,0.0,False,23.0,Extreme Fear,704.36673861742,578.782683432102,125.584055185318,4158.0,0.5489358655458566,0.4510641344541434,0.0302029954750644
2025-12-03,93527.8046875,94060.7734375,91056.390625,91345.09375,77650204986.0,91019.02848515802,90593.48479557635,90825.428949174,92413.56103466931,49.33917639449438,-2920.7206828456983,-3967.6404685841135,1046.9197857384152,90229.491015625,96678.5426906789,83780.43934057109,0.1429477569354155,3818.297608380445,0.0235582620118316,0.569788610033466,592.0,866.0,0.4060356652949246,0.556689472896028,-0.8307206695193894,True,120.7336,4199.2998046875,22355.3,5.869515038717702,931.842599171782,429624.0,1.510216265151515,3254.7272727272725,52.085590442751815,10.875,149301205959700.0,979678022.9656932,40366905.18062656,3.564625080000001,341036.4306265701,89.94648961341784,12509377018.149723,900909.3132386192,542787.0,19956893.75,91320.47,2.0969715687173416,3629.64252067132,1.0052774378776077,1.6594397707736588,324.245,127.243,260.591,158408.0,4.4,36.85,731051.0,31422.526,4.0,3.75,False,6849.72021484375,4736780000.0,47882.8984375,490380000.0,58.95000076293945,260974.0,3189.8,0.0,False,28.0,Fear,742.563613951206,491.803217589855,250.760396361351,3786.0,0.6015745036053367,0.3984254963946633,0.0662335965032622
2025-12-04,92141.625,94038.2421875,90976.1015625,93454.2578125,64538402681.0,91393.22732343868,90937.51595211496,91013.45695643486,92388.83957697212,46.85254656928369,-2589.989860377187,-3692.110346942728,1102.120486565541,90116.6828125,96333.4818638561,83899.88376114391,0.1379722124102368,3764.286395281842,-0.0149319728659321,0.4914360163797214,593.0,865.0,0.406721536351166,0.5531043614371651,-0.8331119764828651,True,120.6766,4211.7998046875,22355.3,5.984914665409943,812.3755992779637,414109.0,1.5589369924242424,3137.189393939394,89.8692317983018,10.654166666666669,149301205959700.0,979678022.9656932,38650213.12878416,3.227200399999999,299625.6287841499,93.33342943230926,8105660617.511551,646466.9202319597,540083.0,19957290.625,93468.15,1.5611032849611084,3210.2712887182133,1.00087049591476,1.6346860768202705,324.245,127.243,260.591,158408.0,4.4,36.85,731051.0,31422.526,4.0,3.75,False,6857.1201171875,4872440000.0,47850.94140625,498740000.0,59.66999816894531,264993.0,3134.26,0.0,False,26.0,Fear,599.626299262047,559.950672507286,39.675626754761,3615.0,0.5171078021212436,0.4828921978787565,0.0109752771105839
2025-12-05,89387.7578125,92702.640625,88152.140625,92133.6484375,63256398633.0,90724.73748645913,90593.12525442276,90781.21422158704,92116.01396202012,42.29229653235195,-2521.036429122614,-3457.895563378705,936.8591342560912,89808.61328125,95478.52123150256,84138.70533099743,0.1262664624938891,3820.444509904568,-0.0303430599756753,0.5109498105199574,594.0,864.0,0.4074074074074074,0.5495089780708062,-0.8354878114129363,True,120.6863,4212.89990234375,22355.3,6.168715926708661,692.9085993841455,356330.0,1.572362966386555,2994.36974789916,51.7928031197977,9.783333333333331,149301205959700.0,883194581.309981,35290934.7860603,3.57261113,325994.1610603099,96.77366089274096,10280986733.847937,709404.1136714809,534245.0,19957718.75,92141.99,1.9908627218350432,3291.539317810966,0.9842093141516016,1.5845510954223283,324.245,127.243,260.591,158408.0,4.4,36.85,731051.0,31422.526,4.0,3.75,False,6870.39990234375,4944560000.0,47954.98828125,456100000.0,60.08000183105469,255075.0,3022.29,0.0,False,28.0,Fear,631.668076872826,509.676672279835,121.991404592991,3513.0,0.5534419616349741,0.446558038365026,0.0347257058334731
2025-12-06,89272.375,90267.4609375,88951.6640625,89389.359375,37994042405.0,90240.61665763942,90299.62519788436,90565.66576136032,91857.5013291092,42.10737120496177,-2447.4876525941363,-3255.813981221792,808.3263286276556,89563.378125,94848.98076547202,84277.77548452799,0.1180304439409401,3641.541107411384,-0.0012916460625568,0.5094589282119193,595.0,863.0,0.4080932784636488,0.5459033895681571,-0.8378481301870865,True,120.6863,4212.89990234375,22355.3,6.167806658411026,621.2283994478546,527061.0,1.4321202453987731,3233.5030674846626,55.1523506220467,9.575,149301205959700.0,1209753922.2985451,47551994.39825927,2.405767989999999,220547.52325927003,86.76674573256759,3044783369.686914,496616.0412433778,465393.0,19958075.0,89343.14,0.9422363658919514,2444.5241388405234,1.0000799741200912,1.5825974776524672,324.245,127.243,260.591,158449.0,4.5,37.0,731051.0,31422.526,4.0,3.75,False,6870.39990234375,4944560000.0,47954.98828125,456100000.0,60.08000183105469,255075.0,3039.38,0.0,False,23.0,Extreme Fear,464.915155231953,619.283904850483,-154.36874961853,3021.0,0.4288097752054901,0.57119022479451,-0.0510985599531711
2025-12-07,90405.640625,91740.84375,87799.5625,89277.8125,47394898960.0,90295.62464675962,90323.18418168784,90542.80502759456,91725.513992372,44.66653606715114,-2271.5694142587745,-3058.9650678291887,787.3956535704142,89478.96640625,94647.02747941564,84310.90533308435,0.1155145456129154,3662.951117596285,0.0126145722260143,0.4986032875532219,596.0,862.0,0.4087791495198902,0.542287662889948,-0.8401928889709541,True,120.6863,4212.89990234375,22355.3,6.115280535410664,621.2283994478546,543191.0,1.5193290999999998,3394.94375,111.17618214243151,8.591666666666667,149301205959700.0,1187488512.6856885,46180600.13295656,1.9910294699999995,179975.13295658008,82.68920888146583,2501885859.6408043,453417.24045780726,438543.0,19958584.375,89230.51,0.8347289267638957,2116.925119300282,0.99796785783764,1.5985004613781386,324.245,127.243,260.591,158449.0,4.5,37.0,731051.0,31422.526,4.0,3.75,False,6870.39990234375,4944560000.0,47954.98828125,456100000.0,60.08000183105469,255075.0,3060.7,0.0,False,20.0,Extreme Fear,453.224124670029,595.16463637352,-142.656886994839,3081.0,0.4323054018805936,0.5676945981194065,-0.0463021379405514
2025-12-08,90640.203125,92267.1171875,89644.890625,90424.5859375,57394099056.0,90410.4841395064,90393.6328357572,90556.71904150964,91626.84936806544,45.20643947073876,-2089.143365258031,-2865.000727314957,775.8573620569264,89363.5328125,94303.3552947682,84423.7103302318,0.1105556668766171,3588.613649375122,0.0025911959798138,0.4927766885074474,597.0,861.0,0.4094650205761317,0.5386618651851878,-0.8425220442191496,True,120.776,4187.2001953125,22355.3,6.074553886320254,716.8019993629092,580273.0,1.5358437364864868,3920.763513513513,103.48448903831864,8.933333333333334,149301205959700.0,1098426874.2342618,42346198.7392924,2.6104669300000003,237670.6142923801,72.97633827404066,13483240526.988363,784830.4224788058,477476.0,19959084.375,90455.3,1.352519283990132,3256.817482399291,0.9972906818928172,1.6096177386431436,324.245,127.243,260.591,158449.0,4.5,37.0,731051.0,31422.526,4.0,3.75,False,6846.509765625,4757130000.0,47739.3203125,505490000.0,58.880001068115234,263009.0,3125.21,0.0,False,20.0,Extreme Fear,648.762856900692,624.24305075407,24.519806146622,3811.0,0.509630672567653,0.4903693274323469,0.0064339559555554
2025-12-09,92691.7109375,94601.5703125,89586.9765625,90639.703125,66861721440.0,91170.89307217096,90904.31685836671,90861.71788379396,91723.65496528675,49.81826779457337,-1758.7560271206166,-2643.751787276089,884.9957601554725,89424.81875,94502.94696147878,84346.69053852123,0.1135731284102552,3690.4693708483273,0.0223811926981977,0.4980682968658891,598.0,860.0,0.4101508916323731,0.5350260637899191,-0.8448355526760609,True,120.6832,4206.7001953125,22355.3,5.932401628364791,692.9085993841455,448961.0,1.5718987906976756,3480.3178294573645,23.22567876315756,10.9,149301205959700.0,957412613.3528364,38202403.79200807,2.98038128,274053.7920080701,82.16047768796913,9695891171.237087,776613.5305286378,507794.0,19959546.875,90643.57,1.729801765695991,3220.725721439418,1.0021189820811227,1.6469894512126808,324.245,127.243,260.591,158449.0,4.5,37.0,731051.0,31422.526,4.0,3.75,False,6840.509765625,4508050000.0,47560.2890625,425470000.0,58.25,260206.0,3318.52,0.0,False,22.0,Extreme Fear,747.791369199753,553.604897797108,194.186471402645,4181.0,0.574606972652056,0.4253930273479441,0.0464449823971884
2025-12-10,92020.9453125,94477.15625,91640.1328125,92695.234375,65420694513.0,91454.2438189473,91152.45651484076,91027.32180218054,91750.68136048796,48.38432892195147,-1533.3711137409118,-2421.675652569053,888.3045388281416,89694.27109375,94720.04596615623,84668.49622134374,0.1120645680291716,3629.508947037733,-0.0072628328466358,0.469327358706237,599.0,859.0,0.4108367626886145,0.5313803262259663,-0.8471333713766597,True,120.6752,4196.39990234375,22355.3,5.986935210985966,645.1217994266183,550483.0,1.5262322000000006,3551.503225806452,43.37268735404699,8.433333333333334,149301205959700.0,1150379496.6642606,46194650.58886004,2.68940365,252628.71386003995,83.58844136344563,11784957025.173037,914869.043547844,511694.0,19959950.0,92703.59,1.6619387765795566,3010.474384351181,1.018030522091317,1.6325770870501284,324.245,127.243,260.591,158449.0,4.5,37.0,731051.0,31422.526,4.0,3.75,False,6886.68017578125,5526570000.0,48057.75,545610000.0,58.459999084472656,256508.0,3324.49,0.0,False,26.0,Fear,655.302613079548,501.459576010704,153.843037068844,3648.0,0.5664972621511063,0.4335027378488937,0.0421718851614155
2025-12-11,92511.3359375,93554.265625,89335.296875,92011.3046875,64532834621.0,91806.60785846488,91454.42971987616,91239.32382151188,91819.83177657996,49.52812215540347,-1300.1936974036507,-2197.379261535973,897.1855641323223,90065.303515625,94743.74305171688,85386.86397953313,0.1038899410421735,3671.613218677895,0.0053149701081481,0.4682403111283834,600.0,858.0,0.411522633744856,0.5277247201996818,-0.8494154576472973,True,119.98,4285.5,22355.3,5.990862039433086,669.015199405382,472857.0,1.5479402125,2955.35625,63.88777612941637,9.179166666666667,148347367796634.94,1179902024.3226545,45569903.27880048,2.64744661,239800.1538004801,96.3714257773502,10736904008.783625,774147.1403805193,513356.0,19960446.875,91985.09,1.6371696736656522,2488.29102471201,0.9980509445755882,1.6416453987249755,324.245,127.243,260.591,158449.0,4.5,37.0,731051.0,31422.526,3.75,3.5,True,6901.0,5021060000.0,48704.01171875,493950000.0,57.599998474121094,286808.0,3237.75,0.0,False,29.0,Fear,647.862864613533,611.142524421215,36.720340192318,3689.0,0.5145830750654969,0.4854169249345029,0.0099540092687226
2025-12-12,90270.4140625,92747.9296875,89532.6015625,92513.6640625,80275884583.0,91294.54325980991,91191.31512934814,91100.90814165304,91678.97562075451,44.6580546001637,-1281.4508148328168,-2014.1935721953416,732.742757362525,90346.40625,94268.95764604567,86423.85485395431,0.0868335899314354,3639.021426272331,-0.0245214214521475,0.4857285854732499,601.0,857.0,0.4122085048010974,0.5240593136006898,-0.8516817691064978,True,120.1442,4300.10009765625,22355.3,6.136713249653,645.1217994266183,417151.0,1.597767144827586,2876.903448275862,42.03266034940142,8.1,148195306640204.4,1068190154.384884,45186891.408350185,2.83746043,270797.65835019003,104.13333719341507,10803224575.612886,702636.2816303715,537832.0,19960934.375,92497.93,1.6843691651952686,2499.9177960173943,0.9941338803094396,1.6020026597826391,324.245,127.243,260.591,158449.0,4.5,37.0,731051.0,31422.526,3.75,3.5,False,6827.41015625,4910160000.0,48458.05078125,495830000.0,57.439998626708984,212806.0,3085.39,0.0,False,29.0,Fear,644.480994522572,468.354616880417,176.126377642155,3356.0,0.5791340499160099,0.4208659500839901,0.052481042205648
2025-12-13,90298.7109375,90647.5703125,89800.9921875,90257.796875,64237748110.0,90962.5991523733,90992.95864227077,90986.30854105976,91553.49701318592,44.73195616941263,-1249.9054915669694,-1861.3359560696676,611.430464502698,90521.09140625,94073.28624392636,86968.89656857363,0.0784832525214361,3439.5611904671646,0.000313418755633,0.4857444087882981,602.0,856.0,0.4128943758573388,0.5203841745006235,-0.8539322636657457,True,120.1442,4300.10009765625,22355.3,6.119933722627346,525.6547995328001,495923.0,1.586394188811189,3467.993006993007,80.93034848587875,10.616666666666667,148195306640204.4,1053456497.083023,41126223.45601717,2.1866254999999994,198376.5810171601,81.57666581244405,4017753379.585289,548959.8812530475,463369.0,19961387.5,90269.59,1.106945798547451,2392.1357450432083,1.000294590835205,1.6004071227927794,324.245,127.243,260.591,158449.0,4.5,37.0,731051.0,31422.526,3.75,3.5,False,6827.41015625,4910160000.0,48458.05078125,495830000.0,57.439998626708984,212806.0,3115.31,0.0,False,23.0,Extreme Fear,538.727596998215,410.194482862949,128.533114135265,2780.0,0.5677258527665789,0.4322741472334211,0.0462349331421816
2025-12-14,88175.1796875,90498.109375,87634.9375,90296.4375,50465972205.0,90033.45933074887,90366.7855412106,90584.71870483694,91246.37725630538,40.37469712675575,-1380.3450617539493,-1765.137777206524,384.7927154525746,90516.322265625,94081.47186234233,86951.17266890767,0.0787736290534474,3398.390525076653,-0.0237976710179162,0.4999687541628113,603.0,855.0,0.4135802469135802,0.516699371151863,-0.8561668995302664,True,120.1442,4300.10009765625,22355.3,6.2499749834316365,525.6547995328001,416686.0,1.4492614218749995,3255.359375,32.991796801720405,11.4375,148195306640204.47,942954067.3190696,36576336.1609944,1.9304611599999992,175373.66099440004,86.05872757965442,2848683491.374594,544168.6116616606,429658.0,19961843.75,90280.87,1.3059440721830362,1997.8969184738007,0.9975086733284594,1.5625992937931457,324.245,127.243,260.591,158449.0,4.5,37.0,731051.0,31422.526,3.75,3.5,False,6827.41015625,4910160000.0,48458.05078125,495830000.0,57.439998626708984,212806.0,3063.63,0.0,False,21.0,Extreme Fear,487.049286723137,505.206884562969,-18.157597839832,2940.0,0.4908503477401923,0.5091496522598076,-0.0061760536870176
2025-12-15,86419.78125,89983.921875,85304.078125,88171.078125,45559514323.0,88828.89997049925,89489.67347649713,89989.72763986024,90807.5958011867,37.15295630240303,-1606.8426623362757,-1733.4787542324743,126.63609189619864,90470.216796875,94226.92316758828,86713.51042616172,0.0830484661962927,3489.922898285464,-0.0201089147130883,0.4504270061331603,604.0,854.0,0.4142661179698216,0.5130049719862664,-0.8583856351998035,True,119.9561,4306.7001953125,22355.3,6.375272232478374,669.015199405382,423355.0,1.5291941940298508,3159.365671641791,66.01228693681176,10.683333333333334,148195306640204.44,987155039.2246507,38200148.6397923,2.778680069999999,249389.26479232995,87.65985501711265,8379084323.59204,720504.6651691098,507663.0,19962243.75,88166.45,1.701892419291398,2763.8686223900227,0.9811502306224597,1.5334507834438562,324.245,127.243,260.591,158449.0,4.5,37.0,731051.0,31422.526,3.75,3.5,False,6816.509765625,4975600000.0,48416.55859375,516630000.0,56.81999969482422,229310.0,2965.5,0.0,False,16.0,Extreme Fear,714.80409604311,709.366810262203,5.437285780907,4151.0,0.5019089302262931,0.4980910697737068,0.0013098737125769
2025-12-16,87843.984375,88170.09375,85381.6875,86424.40625,41262178223.0,88500.5947719995,89123.96478727556,89683.19288773736,90538.17658062428,41.24911387127143,-1652.3748048171838,-1717.2579643494164,64.88315953223264,90336.49765625,94272.11544877668,86400.87986372331,0.087132397085009,3439.814566265073,0.0163457369350781,0.3424965787251484,605.0,853.0,0.4149519890260631,0.5093010456138986,-0.8605884294693891,True,119.8902,4304.5,22355.3,6.3095824076850295,669.015199405382,443734.0,1.4862120272108836,3018.598639455782,43.902090796779646,9.066666666666666,148195306640204.4,1082923811.686744,42372123.497608654,2.72140663,241660.9976086701,90.2219845661676,10531766894.152073,780076.6131121261,507318.0,19962653.125,86422.9,1.7579825145517949,2530.748809861689,0.9968689839761592,1.5583000660090016,325.063,127.243,261.914,158449.0,4.5,37.0,734718.0,31422.526,3.75,3.5,False,6800.259765625,4983180000.0,48114.26171875,457400000.0,55.27000045776367,230933.0,2962.42,0.0,False,11.0,Extreme Fear,666.509648680687,549.711856603622,116.797792077065,3741.0,0.548016661261783,0.451983338738217,0.0312210083071545
2025-12-17,86143.7578125,90264.5703125,85316.265625,87847.6171875,44243392914.0,87714.98245216634,88461.69657065877,89177.5593055606,90138.68396534026,38.0599315377999,-1804.8482626889308,-1734.7760240173195,-70.07223867161133,90079.416796875,94406.32289977644,85752.51069397354,0.0960686970844501,3547.5638606389966,-0.0195448330408544,0.3193030543613332,606.0,852.0,0.4156378600823045,0.5055876608217591,-0.8627752414301084,True,120.155,4347.5,22355.3,6.463491895972854,740.6953993416728,446512.0,1.5104421594202893,3235.5942028985505,37.397361129659366,10.954166666666666,148195306640204.44,1016622353.828372,39521708.66966769,2.81297801,247352.41966768005,86.79070261781173,12489831561.278055,882040.6829878592,511367.0,19963112.5,87835.39,1.975401966773254,2794.560947093379,0.9937305038983854,1.529104503632707,325.063,127.243,261.914,158449.0,4.5,37.0,734718.0,31422.526,3.75,3.5,False,6721.43017578125,5122120000.0,47885.96875,534260000.0,55.939998626708984,125608.0,2833.51,0.0,False,16.0,Extreme Fear,744.458178639412,605.406615555286,139.051563084126,4099.0,0.5515057373457471,0.4484942626542529,0.0339232893593866
2025-12-18,85462.5078125,89412.6640625,84436.3125,86144.3671875,52667115348.0,86964.15757227756,87795.21017995682,88646.83766369481,89713.57704235478,36.831178119513794,-1958.0841825293028,-1779.4376557197163,-178.64652680958648,89806.57890625,94576.03755886976,85037.12025363024,0.1062162418545892,3649.62012505764,-0.0079397284977681,0.3157098726317076,607.0,851.0,0.4163237311385459,0.5018648865725021,-0.864946030469861,True,120.0528,4339.5,22355.3,6.530113023627411,692.9085993841455,463881.0,1.5438726319444445,3221.395833333333,36.07393475095577,9.904166666666669,148195306640204.4,1060823325.7339536,39870185.26024819,2.7416777500000014,240529.0102482,84.94693826034974,9848892393.375822,829422.6159665472,518421.0,19963543.75,86132.82,1.7880073035251436,2798.503118925581,0.9981214484919596,1.5183951212093736,325.063,127.243,261.914,158449.0,4.5,37.0,734718.0,31422.526,3.75,3.5,False,6774.759765625,5101190000.0,47951.8515625,521430000.0,56.150001525878906,85735.0,2827.77,0.0,False,17.0,Extreme Fear,658.561345994473,593.775770902634,64.785575091839,4000.0,0.5258658687895305,0.4741341312104695,0.0161963937729597
2025-12-19,88103.3828125,89339.1171875,85107.6640625,85476.1328125,46733310561.0,87343.89931901838,87863.69298718864,88569.20125638128,89567.19574873161,44.33381927320146,-1845.1583740563365,-1792.5817993870403,-52.57657466929595,89669.16015625,94470.09306923462,84868.22724326538,0.1070810277383865,3691.1796250535226,0.0304331549684077,0.3328097503729857,608.0,850.0,0.4170096021947874,0.4981327920031579,-0.8671007562741129,True,120.1652,4361.39990234375,22355.3,6.305956873004118,621.2283994478546,434180.0,1.5370681862068964,2994.344827586207,34.97948392039285,9.191666666666666,148195306640204.4,1068190154.384884,41624840.89061918,3.281081109999999,298903.39061919006,91.78170949598514,8969389739.72798,847888.2618509758,556166.0,19963993.75,85458.35,1.952849651874743,3117.798683725118,0.9984094667858217,1.5669393446155329,325.063,127.243,261.914,158449.0,4.5,37.0,734718.0,31422.526,3.75,3.5,False,6834.5,8554470000.0,48134.890625,1227520000.0,56.65999984741211,209264.0,2978.41,0.0,False,16.0,Extreme Fear,609.81654292345,498.492514669895,111.324028253555,3552.0,0.5502224661482472,0.4497775338517528,0.0313412241704828
2025-12-20,88344.0,88497.203125,87924.875,88101.671875,14688196659.0,87677.26621267892,87970.4278789245,88537.0296483268,89455.99613521056,44.97507950199881,-1716.461758454374,-1777.357791200507,60.896032746133415,89566.64453125,94389.88998626608,84743.39907623391,0.1077018231565714,3468.4045179068426,0.0027273551221506,0.3333545374733826,609.0,849.0,0.4176954732510288,0.4943914464238469,-0.8692393788266478,True,120.1652,4361.39990234375,22355.3,6.293466642491527,501.7613995540364,440896.0,1.491643278911564,2999.292517006803,64.29128459631738,8.966666666666667,148195306640204.4,1082923811.686744,40764665.21079847,2.1886668800000004,193302.71079848,92.45868688034928,4973933952.339513,707389.3081901616,488594.0,19964446.875,88098.82,1.6044357585239186,2090.6927982725183,0.9892593996891512,1.5699331395911071,325.063,127.243,261.914,158449.0,4.5,37.0,734718.0,31422.526,3.75,3.5,False,6834.5,8554470000.0,48134.890625,1227520000.0,56.65999984741211,209264.0,2976.55,0.0,False,20.0,Extreme Fear,561.875975012779,502.606491327286,59.269483685493,3014.0,0.5278395772404195,0.4721604227595805,0.0196647258412385
2025-12-21,88621.75,89027.953125,87613.203125,88344.703125,19845522660.0,87992.09414178596,88115.16612805238,88549.1325557087,89380.15557746415,45.75193322460213,-1573.9135637980653,-1736.668945720019,162.7553819219538,89681.653515625,94283.7202613402,85079.5867699098,0.1026311751692534,3321.7149094849256,0.0031390280669266,0.3261237789190713,610.0,848.0,0.4183813443072702,0.4906409193164942,-0.8713618584103079,True,120.1652,4361.39990234375,22355.3,6.292591160389999,501.7613995540364,441101.0,1.4662638695652173,3196.3840579710145,31.76112986038472,10.133333333333333,148195306640204.44,1016622353.828372,38282066.66061573,1.87931674,166069.7856157399,86.7875308843456,2519189997.1456137,530873.9261365845,436144.0,19964918.75,88337.41,1.2035201147505548,1913.5212619085464,1.0020741195630898,1.5740329131051052,325.063,127.243,261.914,158449.0,4.5,37.0,734718.0,31422.526,3.75,3.5,False,6834.5,8554470000.0,48134.890625,1227520000.0,56.65999984741211,209264.0,3001.19,0.0,False,20.0,Extreme Fear,448.068550169468,434.91016805172,13.158382117748,2647.0,0.5074511320863181,0.4925488679136818,0.0049710548234786
2025-12-22,88490.015625,90501.9296875,87908.0703125,88621.3984375,38047472118.0,88158.06796952398,88198.46601626297,88540.68727989317,89299.23376360377,45.42436750375547,-1454.802893468499,-1680.2957352697151,225.49284180121617,89538.644140625,94099.97466012902,84977.31362112096,0.101885181829205,3269.7252284502883,-0.001487584958889,0.3253781287722474,611.0,847.0,0.4190672153635116,0.4868812803335387,-0.8734681556077325,True,119.9912,4444.60009765625,22355.3,6.294029893854715,525.6547995328001,427277.0,1.4905679568345314,3073.935251798561,50.2387671553201,11.716666666666669,148195306640204.44,1023989182.4793022,40642087.56592057,2.550064770000001,234928.19092058,91.5591230373372,8820610202.54576,736001.7052159702,497545.0,19965337.5,88615.72,1.7225399570207856,2469.838993116666,1.0014377701657549,1.5730377244463174,325.063,127.243,261.914,158449.0,4.5,37.0,734718.0,31422.526,3.75,3.5,False,6878.490234375,4465030000.0,48362.6796875,427050000.0,58.0099983215332,221576.0,3008.28,0.0,False,25.0,Extreme Fear,637.753751039505,539.244219481945,98.50953155756,3508.0,0.5418477915955611,0.4581522084044389,0.0280813944006727
2025-12-23,87414.0,88898.3828125,86606.9765625,88490.03125,43683011533.0,87910.04531301599,88024.1402348712,88379.73195419415,89127.84887600344,42.73309606367997,-1430.7396216323104,-1630.3845125422342,199.6448909099238,89232.95390625,93477.05884521402,84988.84896728597,0.0951241610453234,3199.845301418125,-0.0122342749529535,0.3004543090234868,612.0,846.0,0.419753086419753,0.4831125992966386,-0.8755582313020908,True,119.7057,4482.7998046875,22355.3,6.378185672768491,525.6547995328001,431004.0,1.47643055862069,2972.441379310345,46.02894578118644,9.733333333333333,148195306640204.4,1068190154.384884,40027962.17182731,2.5518431299999995,224068.42182732,92.87144010688372,12185261277.52939,799108.3672970335,520980.0,19965771.875,88485.37,1.8540625314313408,2412.673062563093,0.9983778092314456,1.5534926720508595,325.063,127.243,261.914,158449.0,4.5,37.0,734718.0,31422.526,3.75,3.5,False,6909.7900390625,3820560000.0,48442.41015625,418920000.0,58.380001068115234,183633.0,2963.54,0.0,False,24.0,Extreme Fear,551.527052760124,520.459291696548,31.067761063576,3210.0,0.5144907447861765,0.4855092552138234,0.0096784302378741
2025-12-24,87611.9609375,87956.8828125,86411.796875,87404.3203125,25550297986.0,87810.68385451066,87932.54483545538,88270.05038038071,88990.04088159403,43.39752667061525,-1379.7901501466113,-1580.26564006311,200.47548991649865,89006.470703125,93076.91319371302,84936.02821253698,0.0914639679212694,3081.648203995402,0.0022620761040624,0.3016507356184891,613.0,845.0,0.4204389574759945,0.4793349461953754,-0.8776320466778071,True,119.4372,4480.60009765625,22355.3,6.377660151728039,549.5481995115637,501255.0,1.588491088050315,3152.5471698113206,275.5794735902092,8.7,148195306640204.38,1171325755.4979067,45269766.07983647,2.7367379600000006,242509.82983650992,86.5822058586954,11504123666.75912,765373.1877687671,513917.0,19966225.0,87424.67,1.526913821844704,2685.2196351163234,0.9934096661631726,1.5586263806194096,325.063,127.243,261.914,158449.0,4.5,37.0,734718.0,31422.526,3.75,3.5,False,6932.0498046875,1798270000.0,48731.16015625,206740000.0,58.349998474121094,111762.0,2945.61,0.0,False,24.0,Extreme Fear,614.553368091583,418.216032266617,196.337335824966,3249.0,0.595053811507617,0.4049461884923829,0.0604300818174718
2025-12-25,87234.7421875,88501.7890625,86949.2578125,87608.3203125,19953216347.0,87618.70329884044,87777.47758035419,88122.14920996918,88830.46827304002,42.38829623377838,-1354.239892998041,-1535.0604906500962,180.8205976520553,88898.819921875,93040.06949398432,84757.57034976567,0.09316770629236,2972.425564424302,-0.0043148578556266,0.2977252758486053,614.0,844.0,0.4211248285322359,0.4755483911859552,-0.8796895632212819,True,119.4372,4480.60009765625,22355.3,6.42989931180658,501.7613995540364,464027.0,1.5509371304347832,3362.514492753623,32.52729935037937,10.083333333333332,148246540322167.56,1016973817.768314,40816647.87350074,2.087749729999999,189035.3735007299,83.7835158990343,3024468762.636112,480561.1219562487,431619.0,19966740.625,87607.78,1.0356318101236537,2149.062253502002,1.001983648869006,1.5515779428765888,325.063,127.243,261.914,158449.0,4.5,37.0,734718.0,31422.526,3.75,3.5,False,6932.0498046875,1798270000.0,48731.16015625,206740000.0,58.349998474121094,111762.0,2902.31,0.0,False,23.0,Extreme Fear,450.584531605244,366.251629471779,84.332902133465,2404.0,0.5516216752832475,0.4483783247167525,0.0350802421520237
2025-12-26,87301.4296875,89459.4296875,86628.140625,87235.5078125,42455674908.0,87512.94542839364,87671.68915971991,88004.90356390216,88691.46476526365,42.64224921888236,-1313.4691514371953,-1490.742222807516,177.27307137032085,88800.27265625,92997.51821873614,84603.02709376387,0.0945322674567422,2962.3443857154234,0.000764168281323,0.2764925002601146,615.0,843.0,0.4218106995884774,0.4717530045899034,-0.881730742721608,True,119.4723,4529.10009765625,22355.3,6.3990654746076014,549.5481995115637,517078.0,1.472723487179487,3314.602564102564,34.87312989755959,9.675,148258433855480.38,1149714808.6043208,45337497.94168463,2.36586472,219151.0666846402,84.22316458360666,9450221823.643654,778018.1002545459,477921.0,19967153.125,87223.66,1.5046435939153202,2499.436457762092,0.9869329244651996,1.5547999122682277,325.063,127.243,261.914,158449.0,4.5,37.0,734718.0,31422.526,3.75,3.5,False,6929.93994140625,2586550000.0,48710.96875,288770000.0,56.7400016784668,166669.0,2926.3,0.0,False,20.0,Extreme Fear,503.346434295177,458.447378218174,44.899056077003,2921.0,0.523341310524588,0.476658689475412,0.0153711249835683
2025-12-27,87802.15625,87874.78125,87182.9765625,87301.4296875,13741199310.0,87609.34903559576,87700.68184644883,87975.93966191614,88610.61853660332,44.61633127601254,-1226.6139540441072,-1437.9165690548346,211.3026150107273,88670.0984375,92818.9158335372,84521.28104146279,0.0935787253909849,2800.162978700036,0.005719219565876,0.2793389517057085,616.0,842.0,0.4224965706447188,0.4679488568927616,-0.8837555472712789,True,119.4723,4529.10009765625,22355.3,6.344729266164372,477.8679995752728,470913.0,1.5765772720588236,3462.595588235294,38.27908298148343,11.833333333333334,148258433855480.44,1002315474.1678696,37966099.35216447,2.1186321800000014,185874.35216445988,79.78870602115546,3357464428.844272,461134.1801909063,457336.0,19967640.625,87300.34,0.9792343388076062,2305.4949097854087,0.9995527671725448,1.561130488616242,325.063,127.243,261.914,158449.0,4.5,37.0,734718.0,31422.526,3.75,3.5,False,6929.93994140625,2586550000.0,48710.96875,288770000.0,56.7400016784668,166669.0,2946.75,0.0,False,23.0,Extreme Fear,538.353644967079,407.799202501774,130.554442465305,2993.0,0.5689922578653989,0.4310077421346011,0.0436199273188456
2025-12-28,87835.8359375,87986.890625,87394.953125,87799.34375,15156557929.0,87684.84466956384,87730.71608890465,87955.92484414241,88540.18375486664,44.75406032841641,-1141.899804900866,-1378.713216224041,236.81341132317493,88529.880078125,92586.88740541418,84472.87275083583,0.0916528368435377,2642.4325873643197,0.0003835125589097,0.2523494826529007,617.0,841.0,0.4231824417009602,0.4641360187427758,-0.8857639392668939,True,119.4723,4529.10009765625,22355.3,6.334182520294018,477.8679995752728,543992.0,1.489781883870967,3509.625806451613,59.82114581619791,12.416666666666666,148258433855480.38,1142344841.882498,44392018.14136716,2.13680788,192571.26636714,78.41671873254236,2110737904.6223104,513980.9929712676,435884.0,19968065.625,87790.37,0.9448318963721296,2359.8212633629755,0.9950928283364948,1.5623713813655935,325.063,127.243,261.914,158449.0,4.5,37.0,734718.0,31422.526,3.75,3.5,False,6929.93994140625,2586550000.0,48710.96875,288770000.0,56.7400016784668,166669.0,2948.75,0.0,False,24.0,Extreme Fear,490.438869535923,402.42748862505,88.011380910873,2704.0,0.5492858646237657,0.4507141353762341,0.0325485876149678
2025-12-29,87138.140625,90299.15625,86717.9140625,87835.7890625,48411625849.0,87502.60998804256,87599.0326524814,87839.09852712209,88412.72528851512,42.40167076740466,-1118.1718234649888,-1326.6049376722308,208.43311420724197,88252.2015625,91843.29318945156,84661.10993554846,0.081382482552763,2709.4904159454395,-0.0079748888825797,0.2323895178913923,618.0,840.0,0.4238683127572016,0.4603145609495857,-0.8877558814098558,True,119.5899,4325.10009765625,22355.3,6.381854690026634,525.6547995328001,547262.0,1.564140298701299,3553.6493506493507,62.90061575831388,10.741666666666667,148258433855480.38,1134974875.1606758,44333071.48601913,2.744817419999999,247993.3610191301,78.00105827420606,17986843413.77039,1036168.8939725592,516338.0,19968550.0,87835.12,1.8933689786109007,3061.311526336518,0.9985193515691508,1.55184373281198,325.063,127.243,261.914,158449.0,4.5,37.0,734718.0,31422.526,3.75,3.5,False,6905.740234375,3541750000.0,48461.9296875,321850000.0,58.08000183105469,178590.0,2936.11,0.0,False,24.0,Extreme Fear,623.057744264603,511.77052718401,111.287217080593,3617.0,0.5490326245302888,0.4509673754697111,0.0307678233565366
2025-12-30,88430.1328125,89297.9375,86735.546875,87134.3515625,35586356225.0,87811.7842628617,87783.72157692998,87923.5319964618,88414.30779069556,47.86645277123363,-983.7739219301438,-1258.0387345238134,274.2648125936696,88072.6609375,91199.42970694783,84945.89216805216,0.0710042988633379,2698.983288020765,0.0147180978087909,0.2294210731364826,619.0,839.0,0.424554183813443,0.4564845544829109,-0.8897313367070637,True,119.4939,4370.10009765625,22355.3,6.326192976676842,501.7613995540364,369499.0,1.5496367563025215,3105.0336134453783,46.87463715657702,12.133333333333333,148258433855480.5,877026039.8968855,32980772.1386752,2.9727451299999994,261659.6386752,89.2580822645669,12213235203.81842,858830.5541154279,539847.0,19969031.25,87123.05,2.324310902371665,2931.495188297048,0.9942845852581436,1.575194732866138,325.063,127.243,261.914,158449.0,4.5,37.0,734718.0,31422.526,3.75,3.5,False,6896.240234375,3309930000.0,48367.05859375,282570000.0,57.95000076293945,143802.0,2970.38,0.0,False,23.0,Extreme Fear,530.032857656479,467.315995037556,62.716862618923,3165.0,0.531441788121334,0.4685582118786658,0.0198157543819661
2025-12-31,87508.828125,89080.2890625,87130.5625,88429.5859375,33830210616.0,87710.79888357448,87722.63414316776,87864.28858625298,88331.9914574505,44.6157362606135,-940.7597129278583,-1194.5829302046225,253.82321727676413,87822.535546875,90153.29378887966,85491.77730487035,0.0530788191775815,2645.464950483568,-0.0104730993492998,0.2111426961448933,620.0,838.0,0.4252400548696845,0.4526460704712298,-0.8916902684716002,True,119.7456,4325.60009765625,22355.3,6.37440773220384,430.0811996177455,408137.0,1.5246401353383454,3068.6992481203006,92.573176789757,10.566666666666666,148258433855480.44,980205574.0024016,39763257.030322805,3.1552870900000007,290497.6553227902,92.70596484718013,17317990785.43975,974765.5469619614,547272.0,19969406.25,88423.54,2.3883292790459123,2981.718561436342,0.9928945686870182,1.5599368640000817,325.063,127.469,261.914,158449.0,4.5,37.0,734718.0,31422.526,3.75,3.5,False,6845.5,3261830000.0,48063.2890625,336060000.0,57.41999816894531,157160.0,2968.61,0.0,False,21.0,Extreme Fear,500.261549592018,427.310930848122,72.950618743896,2814.0,0.5393234061392596,0.4606765938607404,0.0259241715507803
2026-01-01,88731.984375,88803.2265625,87399.40625,87508.046875,18849043990.0,88051.19404738299,87946.93419468604,87988.24512750257,88368.35444995499,49.51749663633062,-798.7644954710559,-1115.419243257909,316.65474778685325,87745.6140625,89824.11104305036,85667.11708194963,0.0473755184861975,2556.776047770456,0.01388073366055,0.21421972722488,621.0,837.0,0.4259259259259259,0.4487991802004623,-0.8936326403234122,True,119.7456,4325.60009765625,22420.1,6.284312817236878,477.8679995752728,469099.0,1.4417101920529802,3106.615894039735,81.6422840884242,11.108333333333333,148258433855480.4,1112864974.9952078,45043745.663201086,2.23460679,209186.28820105,89.60880111086792,5461748379.32022,604552.2074690476,441382.0,19969831.25,87493.87,1.2887518572178742,2178.5283875490804,0.9985467870858572,1.5805666838787138,325.063,127.469,261.914,158449.0,4.5,37.0,734718.0,31422.526,3.75,3.5,False,6845.5,3261830000.0,48063.2890625,336060000.0,57.41999816894531,157160.0,2999.94,0.0,False,20.0,Extreme Fear,638.182565271854,395.495572566986,242.686992704868,2840.0,0.6173900191080103,0.3826099808919896,0.085453166445376
2026-01-02,89944.6953125,90884.4609375,88298.6171875,88733.0625,46398906171.0,88682.36113575533,88390.8811097558,88267.73801107364,88511.65816473181,53.87614035892733,-581.671478284421,-1008.6696902632116,426.99821197879055,87727.91328125,89719.05679845843,85736.76976404157,0.0453936140216843,2558.852312215424,0.0135745701301948,0.1644026505080031,622.0,836.0,0.4266117969821673,0.4449439551126427,-0.8955584161899873,True,119.6059,4314.39990234375,22420.1,6.161006877693497,525.6547995328001,458965.0,1.4830104027777784,3187.2569444444443,57.85150270706831,11.183333333333334,148258433855480.4,1061275207.9424502,43248637.866295256,2.68624645,258159.7412952801,88.69204918163936,8968206910.814333,814803.9986425253,518434.0,19970309.375,88735.0,1.7753074823625443,2739.6535823831705,1.0003706639002188,1.6028335346054856,325.063,127.469,261.914,158449.0,4.5,37.0,734718.0,31422.526,3.75,3.5,False,6858.47021484375,4184120000.0,48382.390625,465060000.0,57.31999969482422,189503.0,3121.63,0.0,False,28.0,Fear,750.841089308262,391.14585018158,359.695239126682,3226.0,0.657486581802489,0.3425134181975111,0.1114988341992194
2026-01-03,90603.1875,90679.5703125,89328.0703125,89945.0546875,20774828592.0,89322.63659050356,88882.50475203228,88601.37365234885,88701.79719521073,56.09292260087389,-352.42633045119874,-877.421018300809,524.9946878496103,87849.313671875,90215.94542905963,85482.68191469037,0.0538793453987406,2472.612861342893,0.0072944096271482,0.1670107219726809,623.0,835.0,0.4272976680384088,0.4410804668045943,-0.8974675603070237,True,119.6059,4314.39990234375,22420.1,6.117854829617977,525.6547995328001,501272.0,1.4732106709677415,3234.0129032258064,86.48002665281027,11.016666666666667,148258433855480.38,1142344841.882498,46119804.59737659,2.6202714900000004,250185.84737659004,87.8061034208287,2473500733.0217514,610858.5306733281,473968.0,19970740.625,89944.05,1.2186168999531752,2719.2474291899266,1.0007919490549166,1.6144428345714437,325.063,127.469,261.914,158449.0,4.5,37.0,734718.0,31422.526,3.75,3.5,False,6858.47021484375,4184120000.0,48382.390625,465060000.0,57.31999969482422,189503.0,3125.88,0.0,False,29.0,Fear,542.654818534851,363.314543485641,179.34027504921,2817.0,0.5989770088081375,0.4010229911918624,0.0636635694175399
2026-01-04,91413.4921875,91712.5859375,90595.1015625,90603.0,26770491368.0,90019.58845616905,89444.94640435844,89003.10487165616,88948.31492178248,58.72197196927615,-104.162363995536,-722.7692874397545,618.6069234442185,88098.99921875,90852.65481781444,85345.34361968558,0.0625127555019573,2375.817969461258,0.0089036899476068,0.170854445839767,624.0,834.0,0.4279835390946502,0.437208787026601,-0.899360037219093,True,119.6059,4314.39990234375,22420.1,6.053652246392123,525.6547995328001,474589.0,1.498825937931034,3273.027586206897,69.42570925831821,10.366666666666667,148258433855480.4,1068645174.6642728,42701072.62988973,2.3961678399999995,222194.50488973,88.29413123422529,2506209767.970672,658470.036999193,460281.0,19971225.0,90590.94,1.3874532216279625,2469.5180094211223,1.0021799264589442,1.6278233718322608,325.063,127.469,261.914,158449.0,4.5,37.0,734718.0,31422.526,3.75,3.5,False,6858.47021484375,4184120000.0,48382.390625,465060000.0,57.31999969482422,189503.0,3143.54,0.0,False,25.0,Extreme Fear,396.984884142876,349.008941888809,47.975942254066,2589.0,0.5321557233987277,0.4678442766012722,0.0185306845322773
2026-01-05,93882.5546875,94762.0703125,91414.625,91414.625,53376407252.0,91307.2438666127,90431.08157838992,89700.16913106243,89396.88217321134,65.50063086362476,288.49572783151234,-520.5162843855012,809.0120122170135,88400.927734375,92172.81001529614,84629.04545345386,0.0853358076117663,2445.3008377140254,0.0266514983813646,0.2097227598670205,625.0,833.0,0.4286694101508916,0.4333289876810719,-0.9012358117803004,True,119.6192,4436.89990234375,22420.1,5.89854328874288,597.334999469091,409625.0,1.5822985378787884,3103.219696969697,163.26011799687234,11.125,148258433855480.47,972835607.2805792,39260031.2528147,2.7874633699999984,261568.75281471005,94.37348711155028,11806112633.600658,847703.8857780426,519989.0,19971687.5,91467.97,2.0694632548746843,2729.113985716554,1.0078397304724198,1.6729656061920013,325.063,127.469,261.914,158432.0,4.4,37.02,734718.0,31422.526,3.75,3.5,False,6902.0498046875,5771930000.0,48977.1796875,578580000.0,58.31999969482422,301483.0,3223.67,0.0,False,26.0,Fear,689.025742173195,475.657261490822,213.368480682373,4088.0,0.5915993794067268,0.4084006205932732,0.0521938553528309
2026-01-06,93729.03125,94395.296875,91286.546875,93876.9453125,52430605257.0,92114.5063277418,91163.95928319216,90275.72086233924,89790.71390746484,64.78819137837127,580.5992494586098,-300.29317761667903,880.8924270752889,88780.19140625,93084.30836027797,84476.07445222205,0.0969612001472875,2492.6900635915954,-0.0016366097114998,0.1926567311260647,626.0,832.0,0.429355281207133,0.4294411408212094,-0.9030948491549368,True,119.7807,4482.2001953125,22420.1,5.8819631319669305,573.4415994903273,424895.0,1.6353218923076929,3268.423076923077,76.10213982221674,11.666666666666668,148258433855480.47,958095673.836934,39870766.30093992,2.764380860000001,268116.3009399199,89.80852995911711,11114364069.907026,758263.2373222283,517888.0,19972090.625,93882.39,1.78458969232923,2857.2632597026777,1.0044699485580173,1.6656981847227377,325.063,127.469,261.914,158432.0,4.4,37.02,734718.0,31422.526,3.75,3.5,False,6944.81982421875,5509680000.0,49462.078125,541220000.0,57.130001068115234,292067.0,3296.58,0.0,False,44.0,Fear,630.386550962925,454.880111813545,175.50643914938,3510.0,0.5808586705779649,0.419141329422035,0.0500018345154928
2026-01-07,91308.0546875,93738.7890625,90601.8046875,93727.46875,43461295053.0,91845.68911432788,91195.98048414943,90423.19712307648,89928.65397837713,54.68671373446643,609.7124337880086,-118.29205533574152,728.0044891237501,89072.46875,93219.00327030355,84925.93422969645,0.0931047399604842,2538.711085835053,-0.0261689672501516,0.2500673732636739,627.0,831.0,0.4300411522633744,0.4255453186496674,-0.9049371148181252,True,119.8719,4449.2998046875,22420.1,6.0408288654136655,525.6547995328001,425191.0,1.6063948979591844,2892.4557823129253,60.75232437784759,9.65,148258433855480.4,1083385108.1079175,43059881.47202776,2.598904729999999,241528.34702774,99.68049713534168,9963351045.469955,802197.7068646976,485087.0,19972496.875,93738.8,1.886676121706945,2384.9503503112105,1.0033036354656029,1.6234736025512655,325.063,127.469,261.914,158432.0,4.4,37.02,734718.0,31422.526,3.75,3.5,False,6920.93017578125,5214480000.0,48996.078125,506140000.0,55.9900016784668,383128.0,3167.6,0.0,False,42.0,Fear,585.6530559659,429.832093596458,155.820962369442,3291.0,0.5767224229899354,0.4232775770100646,0.0473476032723919
2026-01-08,91027.125,91485.8515625,89233.875,91309.640625,42386697030.0,91572.83440955191,91158.45704322736,90509.47253406556,90028.51498034284,53.6415552603662,603.1632734046289,25.999010412332566,577.1642629922962,89218.655859375,93427.02960680515,85010.28211194482,0.094338425229435,2518.230048453978,-0.0030814668927555,0.2491386856391869,628.0,830.0,0.4307270233196159,0.4216415935172138,-0.9067625745564628,True,120.0904,4449.7001953125,22420.1,6.083317222056931,477.8679995752728,334415.0,1.6113041893939395,2533.446969696969,31.876032340190264,8.333333333333332,147108446165922.8,965289669.1289088,38242426.304593824,2.52742997,230473.17959381,113.43020452503768,9338603708.545889,652362.4516715948,476585.0,19972971.875,91272.61,1.9507571480693,2015.3974473268604,0.9957145329146472,1.6216948371778772,325.063,127.469,261.914,158432.0,4.4,37.02,734718.0,31422.526,3.75,3.5,False,6921.4599609375,5333200000.0,49266.109375,515070000.0,57.7599983215332,334134.0,3104.03,0.0,False,28.0,Fear,561.134446680546,423.601933956146,137.5325127244,3065.0,0.5698321476837673,0.4301678523162326,0.0448719454239478
2026-01-09,90513.1015625,91910.671875,89625.3828125,91026.2734375,38305906684.0,91219.59012720129,91015.04471417682,90509.99096669909,90072.56830599348,51.69477498202015,550.1537906437879,130.82996645862366,419.3238241851643,89327.1109375,93552.34247440974,85101.87940059025,0.0946013252318445,2501.5914066001224,-0.0056629301495069,0.2529194780371719,629.0,829.0,0.4314128943758573,0.417730037921385,-0.9085711944686548,True,120.2215,4490.2998046875,22420.1,6.10984841060877,477.8679995752728,355655.0,1.623150232394367,2504.612676056338,256.5678413147905,9.6,146472570619931.56,1033929118.9983668,43360680.846190974,2.61101839,251071.47119097007,111.8814963558864,12518853021.095198,746111.0372672776,512937.0,19973368.75,91030.38,2.097850549738588,2059.350138047211,0.994470502264836,1.6124074298017157,325.063,127.469,261.914,158432.0,4.4,37.02,734718.0,31422.526,3.75,3.5,False,6966.27978515625,5163900000.0,49504.0703125,444480000.0,59.119998931884766,360309.0,3085.57,0.0,False,27.0,Fear,556.602328956127,383.284300148487,173.31802880764,2943.0,0.5922015610397352,0.4077984389602648,0.0588916169920625
2026-01-10,90386.6484375,90713.03125,90283.3984375,90510.1015625,12385895282.0,90941.94289730086,90875.40109713752,90492.37060538492,90101.12104522134,51.202465973585525,492.2651569634327,203.11700455958547,289.14815240384723,89415.355859375,93652.26398365072,85178.44773509928,0.0947691385568979,2353.5943641643994,-0.0013980466595052,0.2530504267666175,630.0,828.0,0.4320987654320987,0.4138107245051393,-0.9103629409661466,True,120.2215,4490.2998046875,22420.1,6.113507603621423,406.18779963898186,488786.0,1.4948080987654335,3017.1975308641977,56.99085431817199,8.525,146472570619931.6,1179552938.575601,47192741.628271244,2.0357587600000007,185457.25327122,94.92293692541418,8121569827.731763,512914.0259219831,451552.0,19973812.5,90495.68,1.049363168998259,1920.823115373371,1.0000748879527372,1.6100132123879032,325.063,127.469,261.914,158432.0,4.4,37.02,734718.0,31422.526,3.75,3.5,False,6966.27978515625,5163900000.0,49504.0703125,444480000.0,59.119998931884766,360309.0,3082.8,0.0,False,25.0,Extreme Fear,448.302882373333,321.758209109306,126.544673264027,2447.0,0.5821653467911123,0.4178346532088877,0.0517142105696881
2026-01-11,90827.4609375,91155.2265625,90212.0234375,90385.359375,17165568977.0,90903.78224403392,90864.74772832918,90540.24065282996,90167.1519445194,52.88685441735247,476.4654849123035,257.7867006301291,218.67878428217443,89532.228125,93790.56257398592,85273.89367601408,0.0951240584125899,2252.8521327955136,0.0048651109011003,0.2532453116950032,631.0,827.0,0.4327846364883402,0.4098837260555083,-0.9121377807737452,True,120.2215,4490.2998046875,22420.1,6.079748843084311,406.18779963898186,290317.0,1.7343026721311483,2379.647540983606,17.561379290340536,8.925,146472570619931.47,888305299.4211321,34774842.27136028,1.9199271000000004,174273.52136028995,119.78231475029116,4985913693.124658,481215.7677787689,412668.0,19974318.75,90378.79,1.6575528397536792,1454.9186307143589,0.994572397893642,1.61585640170226,325.063,127.469,261.914,158432.0,4.4,37.02,734718.0,31422.526,3.75,3.5,False,6966.27978515625,5163900000.0,49504.0703125,444480000.0,59.119998931884766,360309.0,3119.7,0.0,False,29.0,Fear,375.880326390266,295.284377813339,80.595948576927,2199.0,0.5600418556519305,0.4399581443480695,0.0366511817084706
2026-01-12,91192.9921875,92395.5234375,90055.0234375,90825.859375,41346275358.0,91000.1855585226,90937.69094147826,90633.49087206852,90260.41014842672,54.29567903648123,487.81620641170593,303.7926017864445,184.02360462526144,89721.177734375,93918.69369431672,85523.66177443328,0.0935680084888926,2259.1126947386915,0.0040163809626806,0.2467817045882341,632.0,826.0,0.4334705075445816,0.4059491155022464,-0.9138956809302382,True,119.9958,4604.2998046875,22420.1,6.0826185745788335,525.6547995328001,411249.0,1.5561016971830988,2896.11971830986,37.07778276657418,9.183333333333334,146472570619931.56,1033929118.9983668,41898399.34618774,2.3735584100000007,219227.47118774,99.59968275739476,10984133269.750414,625218.6308940707,469584.0,19974712.5,90818.26,1.520292160939165,2151.8024484314847,0.9986618634366666,1.6235117369511671,325.063,127.469,261.914,158432.0,4.4,37.02,734718.0,31422.526,3.75,3.5,False,6977.27001953125,5019040000.0,49590.19921875,516430000.0,59.5,309700.0,3091.45,0.0,False,27.0,Fear,636.092004537582,439.159363150597,196.932641386986,3605.0,0.591575164331293,0.4084248356687071,0.054627639774476
2026-01-13,95321.78125,96011.625,90941.9296875,91185.3359375,54980674354.0,92440.71745568176,91911.93323226088,91303.24664034446,90720.53479402432,66.48618160016471,820.5121532398771,407.13651207713104,413.3756411627461,90106.66875,94866.96095447196,85346.37654552804,0.1056590432319574,2459.8685960073567,0.0442802850314782,0.3205073985681806,633.0,825.0,0.434156378600823,0.4020069659164738,-0.915636608789006,True,120.1401,4589.2001953125,22420.1,5.816580213178767,525.6547995328001,336329.0,1.4818057111111114,2491.3259259259257,25.414913298411648,7.783333333333333,146472570619931.53,982960782.146335,39887018.4843792,2.951372239999998,275265.3593791801,117.28923259166888,14002042935.92521,1006580.5513855662,489392.0,19975143.75,91193.7,2.9928449565323425,2321.048967119388,1.008380753377358,1.6956457102183624,325.063,127.469,261.914,158432.0,4.4,37.02,734718.0,31422.526,3.75,3.5,False,6963.740234375,5091730000.0,49191.98828125,549950000.0,61.150001525878906,411190.0,3321.87,0.0,False,26.0,Fear,661.439986765385,495.908903539181,165.531083226204,3551.0,0.5715130435657321,0.428486956434268,0.0466153430656727
2026-01-14,96929.328125,97860.6015625,94583.046875,95322.90625,60592490863.0,93936.92101212117,93026.90987509178,92106.97256672382,91284.97055138572,69.85728692849071,1200.0581625412597,565.7208421699568,634.3373203713029,90591.398046875,96044.3216052434,85138.47448850659,0.1203850183556474,2518.274745399688,0.016723797821879,0.3127749954289455,634.0,824.0,0.4348422496570645,0.3980573505093221,-0.9173605320186272,True,119.9537,4626.2998046875,22420.1,5.753873768352409,597.334999469091,324327.0,1.7229626693548394,2615.5403225806454,30.57494758119193,9.4,146472570619931.47,902867681.3788556,38606951.33265132,3.07288284,303391.95765132,115.9977505675695,13059243547.161377,1068823.7305893258,501548.0,19975565.625,95333.81,3.2955126480044084,2548.717266000765,1.0089183181354495,1.725258285011508,325.063,127.469,261.914,158432.0,4.4,37.02,734718.0,31422.526,3.75,3.5,False,6926.60009765625,5530830000.0,49149.62890625,530670000.0,62.02000045776367,410261.0,3353.02,0.0,False,48.0,Neutral,692.711014688015,531.34790033102,161.363114356995,3818.0,0.5659131322753717,0.4340868677246284,0.0422637806068609
2026-01-15,95551.1875,97150.171875,95103.2421875,96931.2890625,53086363027.0,94475.00984141412,93587.86045840471,92599.00327147756,91672.8084558052,63.92110431887571,1373.8102491729223,727.33872357055,646.4715256023724,91003.8859375,96653.49658545548,85354.27528954452,0.1241619649480803,2484.6072412639965,-0.0143200382747562,0.3288556642416161,635.0,823.0,0.4355281207133059,0.3941003426305727,-0.9190674186034804,True,119.9951,4616.2998046875,22420.1,5.837952054656605,573.4415994903273,374223.0,1.538970330935252,2692.251798561151,55.56684245855708,9.491666666666667,146472570619931.53,1012085546.0617816,43945622.19613658,3.252281839999999,322003.44613658,113.07597866430092,13357960101.245293,1033477.6358341476,516730.0,19975953.125,96931.94,2.761662526980297,2742.0500518971617,1.0052198854867826,1.698251329285832,326.031,127.469,261.333,158432.0,4.4,37.02,734717.0,31422.526,3.75,3.5,False,6944.47021484375,5114050000.0,49442.44140625,541520000.0,59.189998626708984,113642.0,3319.07,0.0,False,61.0,Greed,657.71610635519,483.42112493515,174.29498142004,3308.0,0.576368983782501,0.423631016217499,0.0526889302962636
2026-01-16,95525.1171875,95801.890625,94259.2734375,95554.1015625,33248170537.0,94825.04562344274,94018.36195375922,93017.01954519509,92023.01834050471,63.81063898326308,1492.2051610732742,880.312011071095,611.8931500021793,91390.033984375,97172.38881321027,85607.6791555397,0.1265423498983248,2417.322237423711,-0.0002728785518896,0.3266531748799188,636.0,822.0,0.4362139917695473,0.3901360157672949,-0.9207572368443384,True,120.0838,4588.39990234375,22420.1,5.842805348364266,525.6547995328001,361943.0,1.5353596384615382,2784.1769230769232,33.35343254060629,8.091666666666667,146472570619931.5,946554827.2520258,39642363.47762159,3.31762974,318138.4776215698,108.00144795485566,9372781612.330635,789177.0023771004,517080.0,19976387.5,95559.97,2.1803902890153988,2904.670279580725,1.002495410195321,1.6967501163466352,326.031,127.469,261.333,158432.0,4.4,37.02,734717.0,31422.526,3.75,3.5,False,6940.009765625,5356550000.0,49359.328125,992970000.0,59.439998626708984,113794.0,3295.39,0.0,False,49.0,Neutral,571.855019450188,419.455501556396,152.399517893791,3108.0,0.576867699204405,0.4231323007955951,0.0490345939169211
2026-01-17,95099.921875,95598.4765625,95005.6171875,95525.15625,16021715122.0,94916.6710406285,94258.70860292384,93314.5770208815,92302.73684364064,61.930822265177966,1534.0408060257032,1011.0577700620166,522.9830359636866,91753.23828125,97508.08662019746,85998.38994230254,0.1254418578951338,2287.003461536304,-0.0044610720579804,0.3291325181518809,637.0,821.0,0.4368998628257887,0.3861644435424833,-0.9224299553589552,True,120.0838,4588.39990234375,22420.1,5.8544918577072576,453.9745995965092,357391.0,1.471329959731544,2398.5973154362414,31.54239160732188,8.0,146472570619931.56,1084897455.850399,47584024.47027049,2.3392041300000006,234880.72027049016,126.20217286556678,2998686754.598215,547386.4993803301,451781.0,19976793.75,95527.94,1.5316180300576403,1764.126856286344,1.0057392538453858,1.6895599397740113,326.031,127.469,261.333,158432.0,4.4,37.02,734717.0,31422.526,3.75,3.5,False,6940.009765625,5356550000.0,49359.328125,992970000.0,59.439998626708984,113794.0,3309.37,0.0,False,50.0,Neutral,461.946220934391,394.915925681591,67.0302952528,2625.0,0.5391138151670742,0.4608861848329257,0.0255353505724952
2026-01-18,93634.4296875,95491.5078125,93588.8671875,95101.1796875,20809781232.0,94489.25725625234,94119.97995505184,93360.27025896986,92423.79982944606,55.82643557523632,1432.4307145380008,1095.3323589572135,337.09835558078726,92078.052734375,97457.18381899814,86698.92164975186,0.1168385065687857,2259.548973212282,-0.0155299936581246,0.3412094276922526,638.0,820.0,0.4375857338820302,0.3821856997136868,-0.924085543082652,True,120.0838,4588.39990234375,22420.1,5.953553369240865,477.8679995752728,332526.0,1.4977083857142863,2375.1857142857143,30.04441889825722,7.420833333333333,146472570619931.53,1019366737.0406432,44190394.54358933,1.86424165,183366.4185893401,126.6505248930669,2353607702.805856,472194.2863559476,411852.0,19977259.375,95097.89,1.4200221527217347,1379.8044198879952,1.00300657825691,1.6743922801666509,326.031,127.469,261.333,158432.0,4.4,37.02,734717.0,31422.526,3.75,3.5,False,6940.009765625,5356550000.0,49359.328125,992970000.0,59.439998626708984,113794.0,3282.99,0.0,False,49.0,Neutral,508.899060964584,344.998927474022,163.900133490562,2499.0,0.5959717294745367,0.4040282705254632,0.0655862879113893
2026-01-19,92553.59375,93660.828125,92089.25,93655.671875,39195241508.0,93844.03608750156,93771.894131707,93245.03075768844,92435.59927676916,51.773206009967225,1250.277141126964,1126.3213153911638,123.95582573580032,92284.22578125,97383.4551619842,87184.99640051581,0.1105113975344253,2210.408198339976,-0.0116102857616082,0.3178262587220299,639.0,819.0,0.4382716049382716,0.3781998581716426,-0.9257239692688904,True,120.0838,4588.39990234375,22420.1,6.028942064274201,549.5481995115637,354595.0,1.82520424,2363.9666666666667,66.4056775980593,7.766666666666667,146472570619931.56,1092178646.8292608,47264334.37584556,2.2826795899999985,219521.8758455799,125.46976332787068,5014634720.103577,564963.6094110864,460095.0,19977696.875,93665.1,1.593264454972818,1646.9365451435249,0.9989372302761056,1.6436868798008475,326.031,127.469,261.333,158432.0,4.4,37.02,734717.0,31422.526,3.75,3.5,False,6940.009765625,5356550000.0,49359.328125,992970000.0,59.439998626708984,113794.0,3188.41,0.0,False,44.0,Fear,551.344454169273,491.338159382343,60.00629478693,3317.0,0.5287749570228926,0.4712250429771075,0.0180905320430901
2026-01-20,88310.90625,92798.4296875,87814.9296875,92553.6015625,53072968031.0,91999.65947500104,92558.34126910544,92540.15582801867,92060.62718342648,39.61462692920964,754.868049239376,1052.0306621608063,-297.1626129214303,92324.3296875,97275.9024344274,87372.75694057258,0.1072647429705155,2408.4861841728352,-0.0469242550548211,0.3950412444736854,640.0,818.0,0.438957475994513,0.374206992938901,-0.9273452034898468,True,119.4455,4759.60009765625,22420.1,6.320616152777118,573.4415994903273,383148.0,1.6571958872180452,2880.812030075188,32.86078025137785,9.841666666666669,146472570619931.53,968398400.1886111,38654976.78246953,2.74208451,249454.90746953,98.40980249918414,9822935837.808208,855542.7916943477,466340.0,19978165.625,92553.06,2.232930334216406,2472.5962047526373,0.9905626849104904,1.5689223614895769,326.031,127.469,261.333,158432.0,4.4,37.02,734717.0,31422.526,3.75,3.5,False,6796.85986328125,5769500000.0,48488.58984375,676030000.0,60.34000015258789,499595.0,2938.14,0.0,False,32.0,Fear,704.581107854843,569.399028241634,135.182079613209,3844.0,0.5530550185921312,0.4469449814078687,0.0351670342386079
2026-01-21,89376.9609375,90430.40625,87231.5703125,88326.5078125,56330422434.0,91125.42662916736,91851.367862082,92088.27084365886,91816.6575247059,43.22270234002863,443.1659375127638,930.2577172311978,-487.09177971843405,92356.578515625,97217.2062233982,87495.95080785181,0.1052578557130257,2464.9397379819184,0.0119993277601487,0.3834929915269023,641.0,817.0,0.4396433470507545,0.3702071781684516,-0.9289492156369756,True,119.3431,4831.7998046875,22420.1,6.247337317766392,573.4415994903273,428195.0,1.6046807080291965,3125.5109489051097,50.39575646684542,10.683333333333334,146472570619931.53,997523164.104058,49726716.48496711,2.6855125300000005,266747.73496707017,93.29047744871708,13390535599.00566,801480.8111622838,503455.0,19978581.25,88324.94,1.8717659271179807,2296.9553280026944,0.993163819095139,1.5933664347912715,326.031,127.469,261.333,158432.0,4.4,37.02,734717.0,31422.526,3.75,3.5,False,6875.6201171875,5835520000.0,49077.23046875,600840000.0,60.619998931884766,333062.0,2978.8,0.0,False,24.0,Extreme Fear,665.640081048012,538.640730261803,126.999350786209,3868.0,0.5527282962551237,0.4472717037448764,0.0328333378454521
2026-01-22,89462.453125,90258.9609375,88438.4453125,89378.5234375,35549685694.0,90571.10212777826,91320.49792050823,91713.1540267076,91602.63894291443,43.51418643975197,200.72444684359647,784.3510631536776,-583.6266163100811,92332.46640625,97247.9464964022,87416.98631609778,0.1064734926179656,2418.9094441974958,0.0009560777691027,0.3835875638394033,642.0,816.0,0.4403292181069959,0.3662004881423483,-0.9305359759215684,True,119.1962,4908.7998046875,22420.1,6.250093492700208,501.7613995540364,464040.0,1.642816602484472,2882.2360248447203,48.36902822317777,8.166666666666666,145428122097676.8,1163912656.954194,46464034.7438881,2.286620749999999,206150.36888809,98.65164035807076,10568754612.948172,772841.5469608168,478520.0,19979009.375,89374.74,1.6654632078286715,2058.840083650133,0.997345023433836,1.5900557424434003,326.031,127.469,261.333,158432.0,4.4,37.02,734717.0,31422.526,3.75,3.5,False,6913.35009765625,5307580000.0,49384.01171875,455130000.0,59.36000061035156,324349.0,2950.21,0.0,False,20.0,Extreme Fear,577.806378424168,449.882177948952,127.924200475216,5456.0,0.5622387977767707,0.4377612022232293,0.0234465176824076
2026-01-23,89503.875,91100.25,88486.359375,89462.046875,38997586037.0,90215.35975185216,90916.80393817308,91397.54273717794,91411.84222083131,43.665092175325405,11.794261027665923,629.8397027284752,-618.0454417008093,92277.50078125,97297.86637631472,87257.13518618526,0.1088101769675329,2432.8366713976743,0.0004629013309221,0.3828783142851924,643.0,815.0,0.4410150891632373,0.3621869972703256,-0.9321054548753082,True,118.8976,4976.2001953125,22420.1,6.246117288850753,501.7613995540364,436563.0,1.581108514285714,3118.307142857143,28.18536774614975,9.016666666666666,141668107417558.16,985930374.4704596,42235350.8541458,2.5137265200000005,230285.22914578,91.51081145515997,6994781333.942334,914813.6504101042,500192.0,19979537.5,89461.76,2.095490571601588,2380.3285271324035,0.9471388759300196,1.597227656500748,326.031,127.469,261.333,158432.0,4.4,37.02,734717.0,31422.526,3.75,3.5,False,6915.60986328125,4871930000.0,49098.7109375,461030000.0,61.06999969482422,283419.0,2953.73,0.0,False,24.0,Extreme Fear,562.524013519287,435.689554035664,126.834459483624,8369.0,0.5635307230867912,0.4364692769132088,0.0151552705799526
2026-01-24,89110.734375,89811.609375,89044.2890625,89506.1484375,14558687712.0,89847.15129290146,90515.45514635684,91070.8558282954,91202.650598483,42.50443630405906,-167.72401715892192,470.3269587509959,-638.0509759099177,92162.362890625,97368.35336331074,86956.37241793924,0.1129743272503556,2313.8712171906977,-0.0044021176235583,0.383316860236241,644.0,814.0,0.4417009602194787,0.3581667800884212,-0.9336576233508151,True,118.8976,4976.2001953125,22420.1,6.263295979275704,430.0811996177455,289144.0,1.5035057244897958,2950.4489795918366,29.37849652508981,11.441666666666666,141668107417558.0,690151262.1293219,28729263.387003347,2.01546836,184188.38700335007,94.28116850935892,2116227259.4964583,415012.8094624465,421686.0,19979962.5,89506.0,1.435315308159417,1853.7533056204024,0.998315085559407,1.5927055312322624,326.031,127.469,261.333,158432.0,4.4,37.02,734717.0,31422.526,3.75,3.5,False,6915.60986328125,4871930000.0,49098.7109375,461030000.0,61.06999969482422,283419.0,2949.74,0.0,False,25.0,Extreme Fear,488.199341952801,417.428438782692,70.770903170109,6609.0,0.5390728424389949,0.4609271575610051,0.0107082619413086
2026-01-25,86572.21875,89193.1484375,86003.7109375,89104.765625,36124986722.0,88755.5071119343,89639.18039161086,90428.1933885389,90781.70224862092,35.873698621907835,-508.9635269386199,274.4688616130728,-783.4323885516926,91796.84609375,97497.34839713982,86096.34379036019,0.1241982169532932,2376.4116659627907,-0.0289008383617947,0.4068252127479037,645.0,813.0,0.4423868312757201,0.3541399112575876,-0.9351924525221896,True,118.8976,4976.2001953125,22420.1,6.463879817398155,501.7613995540364,314920.0,1.6344209537037035,2915.925925925926,52.20356117777197,13.966666666666669,141668107417558.0,760574860.3057833,33814304.70026576,1.92790523,184229.70026574007,98.22430023083332,3966994210.6755815,574783.6858216359,419735.0,19980262.5,89082.07,1.825173649884529,1715.7714086379217,0.995824021831661,1.5441681672754624,326.031,127.469,261.333,158432.0,4.4,37.02,734717.0,31422.526,3.75,3.5,False,6915.60986328125,4871930000.0,49098.7109375,461030000.0,61.06999969482422,283419.0,2813.3,0.0,False,25.0,Extreme Fear,465.166943013668,465.336496591568,-0.1695535779,2846.0,0.4999088914824581,0.5000911085175418,-5.957609905130008e-05
2026-01-26,88267.140625,88743.0703125,86429.2890625,86566.5234375,45329286974.0,88592.71828295621,89334.28266569733,90119.4715651762,90553.10573738263,42.34134974478109,-635.30882204308,92.5133248818422,-727.8221469249222,91523.7515625,97356.30214089228,85691.20098410772,0.1274543597441877,2371.9380648225915,0.0193889405513137,0.4220112160580812,646.0,812.0,0.4430727023319616,0.3501064655623094,-0.9367099138855464,True,118.0525,5079.7001953125,22420.1,6.321013263348756,573.4415994903273,402432.0,1.6762213467741938,3245.4193548387098,43.62470738264684,11.695833333333333,141668107417558.0,873252617.3881215,38079554.19167753,2.377031429999999,219938.56667755,83.90930767769797,7681814789.554701,731844.4203038744,465362.0,19980593.75,86570.94,1.8185542409745608,2324.352769983955,0.997435711655519,1.5779781705662028,326.031,127.469,261.333,158432.0,4.4,37.02,734717.0,31422.526,3.75,3.5,False,6950.22998046875,4968050000.0,49412.3984375,454370000.0,60.630001068115234,281062.0,2927.27,0.0,False,20.0,Extreme Fear,516.109256803989,469.82246953249,46.2867872715,2912.0,0.5234736270448924,0.4765263729551075,0.0158951879366414
2026-01-27,89102.5703125,89427.125,87228.921875,88257.4765625,38744942267.0,88762.66895947082,89282.79103165347,89974.19995765103,90421.23888057514,45.27136519865472,-660.4133508623345,-58.07201026699312,-602.3413405953413,91413.47734375,97345.74335478868,85481.2113327113,0.1297897461821976,2359.528426263835,0.009420276564581,0.3442915037051269,647.0,811.0,0.443758573388203,0.3460665179092111,-0.938209979259544,True,117.4523,5079.89990234375,22420.1,6.224690275008945,549.5481995115637,362327.0,1.5916731311475418,2969.8934426229507,56.1731047774638,9.716666666666669,141668107417558.0,859167897.7528292,35583755.74561265,2.30411534,210008.87061265987,93.88531724667136,6067747727.70262,713254.8186764895,475414.0,19980981.25,88245.67,1.9685389680495504,2138.38821867068,1.00088549498657,1.594258404220792,326.031,127.469,261.333,158432.0,4.4,37.02,734717.0,31422.526,3.75,3.5,False,6978.60009765625,5331720000.0,49003.41015625,533780000.0,62.38999938964844,360208.0,3023.4,0.0,False,29.0,Fear,495.421673297882,372.856735646725,122.564937651157,2758.0,0.5705792844717484,0.4294207155282515,0.0444397888510358
2026-01-28,89184.5703125,90439.2890625,88721.4609375,89104.046875,39807419296.0,88903.30274381388,89260.96420517493,89861.39572262946,90308.81446529558,45.56376840061682,-666.014752633957,-179.6605587403859,-486.3541938935711,91321.349609375,97335.54270227584,85307.15651647416,0.1317149411090925,2313.692690459276,0.0009198645005418,0.3254687343526951,648.0,810.0,0.4444444444444444,0.3420201433256689,-0.9396926207859084,True,117.5117,5301.60009765625,22420.1,6.225777621179906,501.7613995540364,336095.0,1.6238374181818185,3055.409090909091,70.3469831865004,12.65,141668107417558.0,774659579.9410756,33247869.895025924,2.87090808,267126.1450258999,95.03817462139774,8693559628.841545,731729.753518935,485652.0,19981362.5,89117.06,2.1771515598831725,2700.3162005849704,0.9990431943478324,1.5929682871962685,326.031,127.469,261.333,158432.0,4.4,37.02,734717.0,31422.526,3.75,3.5,False,6978.02978515625,5507670000.0,49015.6015625,470990000.0,63.209999084472656,354864.0,3006.66,0.0,False,29.0,Fear,489.081313073635,384.634501814842,104.446811258793,2826.0,0.5597716153690802,0.4402283846309198,0.036959239652793
2026-01-29,84561.5859375,89200.78125,83250.6015625,89169.8515625,64653083162.0,87456.06380837593,88216.65792346938,89104.28003903954,89786.33914458689,34.403718213209245,-1031.598481912195,-350.0481433747477,-681.5503385374473,91023.773828125,97752.81655720384,84294.73109904617,0.147852422418453,2573.44176167647,-0.053227949504083,0.4045845232478818,649.0,809.0,0.4451303155006859,0.3379674169584142,-0.941157810929951,True,117.4396,5318.39990234375,22420.1,6.534029068676405,716.8019993629092,428725.0,1.5935508828125002,3349.4140625,69.48265589143621,9.375,141668107417558.0,901422056.658706,37218185.03085007,2.7397767600000003,260550.65585006,82.37884391933932,9789073414.457756,803319.5571602333,521611.0,19981715.625,89159.85,1.873740876226563,3001.344096621727,0.990307836779388,1.5108463744510503,326.031,127.469,261.333,158432.0,4.4,37.02,734717.0,31422.526,3.75,3.5,False,6969.009765625,6877780000.0,49071.55859375,693040000.0,65.41999816894531,560007.0,2818.77,0.0,False,26.0,Fear,557.347119688988,612.457847714424,-55.110728025436,3674.0,0.4764444802505139,0.5235555197494861,-0.0150001981560794
2026-01-30,84128.65625,84602.1640625,81071.4765625,84562.7265625,72083816087.0,86346.92795558396,87308.21310714284,88393.47664060532,89272.00433598808,33.574375410932134,-1340.804074145446,-548.1993295288875,-792.6047446165586,90710.87421875,98112.9887186146,83308.7597188854,0.1632023627512253,2641.816457271008,-0.00513284742955,0.402488716941273,650.0,808.0,0.4458161865569273,0.3339084140721416,-0.9426055224810788,True,117.8996,4713.89990234375,22420.1,6.5970544323151445,812.3755992779637,380796.0,1.6849447022900768,2906.8396946564885,57.82181923378495,9.633333333333333,141668107417558.03,922549136.1116446,34377746.2435277,3.3506195999999986,279086.86852772,90.2786432723235,14841644208.141388,976070.0602037568,580888.0,19982106.25,84563.4,2.5632361164606685,3091.3941372142763,0.9887221721918482,1.502794123367734,326.031,127.886,261.333,158432.0,4.4,37.02,734717.0,31422.526,3.75,3.5,False,6939.02978515625,6697340000.0,48892.46875,761990000.0,65.20999908447266,449325.0,2703.06,0.0,False,16.0,Extreme Fear,619.152654528618,718.262630939484,-99.109976410866,4070.0,0.4629471946792589,0.5370528053207412,-0.0243513455554953
2026-01-31,78621.1171875,84136.921875,75815.8828125,84126.5,70479259159.0,83771.65769955597,85377.74734722222,86997.42529016171,88303.7418679437,25.23899165114088,-2007.127194708286,-839.9849025647673,-1167.1422921435187,90100.55703125,99265.2209990498,80935.8930634502,0.2034319047466305,3047.4752147873646,-0.0677069192719858,0.4998995239430053,651.0,807.0,0.4465020576131687,0.3298432100481076,-0.9440357285533,True,117.8996,4713.89990234375,22420.1,7.02970628799329,884.0557992142546,405402.0,1.566354217391304,2937.695652173913,63.45152533916818,9.3,141668107417558.16,971845654.8351676,39614296.16231698,3.0406678,264980.53731697984,88.29213293939456,8589408432.090025,915540.3450210352,527605.0,19982515.625,84120.31,2.258351821207185,2711.73920014171,0.9876241005610472,1.409206961565977,326.031,127.886,261.333,158432.0,4.4,37.02,734717.0,31865.721,3.75,3.5,False,6939.02978515625,6697340000.0,48892.46875,761990000.0,65.20999908447266,449325.0,2448.18,0.0,False,20.0,Extreme Fear,599.462691128254,798.677286505699,-199.214595377445,4346.0,0.4287572780392946,0.5712427219607054,-0.0458386091526564
2026-02-01,76974.4453125,79322.609375,75698.8984375,78626.125,53372509744.0,81505.92023720399,83510.34689506172,85565.57100763862,87273.80581744881,23.37078416883702,-2637.660419426087,-1199.520005937031,-1438.1404134890558,89389.6296875,100247.08506761784,78532.17430738214,0.2429242724927885,3088.634909266839,-0.0211668421472114,0.5013395733845909,652.0,806.0,0.4471879286694101,0.3257718803827339,-0.9454484025857244,True,117.8996,4713.89990234375,22620.3,7.226800161472566,1075.202999044364,352779.0,1.5302718655462186,2964.529411764706,48.67137034451813,10.7,141668107417558.0,838040818.299891,31663403.11907942,2.5215900399999995,208415.61907941,80.70584052516732,7846770887.604803,809666.4768869226,467476.0,19982959.375,78585.89,2.295109620717,2322.070480128253,0.9916797613159064,1.3779375282101731,326.031,127.886,261.333,158432.0,4.4,37.02,734717.0,31865.721,3.75,3.5,False,6939.02978515625,6697340000.0,48892.46875,761990000.0,65.20999908447266,449325.0,2267.59,0.0,False,14.0,Extreme Fear,552.332229614258,717.483305037022,-165.151075422764,3829.0,0.4349704461332968,0.5650295538667033,-0.0431316467544434
2026-02-02,78688.765625,79258.609375,74551.3359375,76968.875,75140589684.0,80566.86869980267,82438.88439060356,84583.17023869025,86493.34761813529,29.24287633945136,-2964.8542267471494,-1552.586850099055,-1412.2673766480943,88557.97890625,100032.7641826082,77083.19362989182,0.2591474064354094,3204.251946997779,0.0220269081578216,0.5341758457767912,653.0,805.0,0.4478737997256515,0.3216945006862027,-0.9468435183430548,True,118.3609,4622.5,22620.3,7.0653321907685775,1051.3095990656002,357323.0,1.551535,3028.1610169491523,41.42031265200942,12.116666666666667,141668107417558.0,830998458.4822448,29869870.07014526,3.417842390000001,267970.0701452601,80.25241892145132,15680747255.192636,1193527.4833413302,521176.0,19983318.75,76879.64,3.340192160430004,3205.633943155921,0.9897358350434085,1.411272421681785,326.031,127.886,261.333,158432.0,4.4,37.02,734717.0,31865.721,3.75,3.5,False,6976.43994140625,5772050000.0,49407.66015625,632100000.0,62.13999938964844,414083.0,2344.91,0.0,False,14.0,Extreme Fear,707.001554250717,763.873123884201,-56.871569633484,4337.0,0.4806674319441008,0.5193325680558991,-0.0131131126662402
2026-02-03,75633.546875,79118.8515625,72897.140625,78693.5078125,68249110822.0,78922.42809153511,80926.58716491389,83304.65261530594,85506.093005123,25.493470384517,-3431.1362925770663,-1928.2967385946572,-1502.839553982409,87493.18984375,99630.31646150952,75356.06322599048,0.2774416303585376,3419.784732033652,-0.0396004693749769,0.5217389531713005,654.0,804.0,0.448559670781893,0.3176111466810533,-0.9482210499160764,True,117.9764,4903.7001953125,22620.3,7.297077178823737,955.7359991505456,435461.0,1.637475015151515,3298.946969696969,67.6403621082157,10.266666666666667,141668107417558.06,929591495.9292908,32668904.952233184,3.29510479,259898.70223318005,74.01738447788055,13344411909.709486,1187576.4870021674,550746.0,19983687.5,78679.78,2.727170715637376,3464.3263659630666,0.9780869766053264,1.3597906397012431,326.031,127.886,261.333,158432.0,4.4,37.02,734717.0,31865.721,3.75,3.5,False,6917.81005859375,7017660000.0,49240.98828125,741310000.0,63.209999084472656,381144.0,2231.92,0.0,False,17.0,Extreme Fear,661.719843924046,716.400801837444,-54.680957913399,4300.0,0.480161041022942,0.5198389589770581,-0.0127165018403253
2026-02-04,73019.703125,76864.65625,71779.9296875,75640.09375,67215363944.0,76954.85310269007,79169.5018227108,81835.37411669081,84370.96665238454,22.800072023488557,-3965.8674832691463,-2335.810887529555,-1630.0565957395916,86366.615625,99496.6443194523,73236.58693054771,0.3040533335580103,3538.709148495534,-0.0351706159417589,0.5187660490976651,655.0,803.0,0.4492455418381344,0.3135218942007776,-0.9495809717221362,True,118.2602,4920.39990234375,22620.3,7.548882589883714,1027.4161990868363,411218.0,1.7287062605633807,2895.9014084507044,127.52508134617656,11.35,141668107417558.2,1000015094.105752,35594652.764567286,3.217600219999999,247252.76456729,82.81389147555875,14008595911.570456,1166001.434789569,532371.0,19984106.25,75631.64,2.8354824807998886,2856.4624021573286,0.976544896213122,1.315930750700471,326.031,127.886,261.333,158432.0,4.4,37.02,734717.0,31865.721,3.75,3.5,False,6882.72021484375,7475750000.0,49501.30078125,742920000.0,65.13999938964844,446588.0,2145.08,0.0,False,14.0,Extreme Fear,658.983930885792,832.128612816334,-173.144681930542,4480.0,0.4419411087842305,0.5580588912157695,-0.0386483665023531
2026-02-05,62702.09765625,73161.5546875,62353.53515625,73016.375,125509410908.0,72203.93462054338,75510.07867460839,79102.04890805643,82401.06947091775,15.733812540690565,-5162.678197321133,-2901.184349487871,-2261.493847833262,84725.4646484375,100890.09519574478,68560.83410113021,0.3815766750735758,4057.9456044065673,-0.1523344080304475,0.8655824737156024,656.0,802.0,0.4499314128943759,0.3094268191884086,-0.9509232585056188,True,118.5034,4861.39990234375,22620.3,8.645448872360214,2030.9389981949091,384550.0,1.6010888661417328,3027.952755905512,32.289653184367275,8.95,141668107417558.0,894379696.8410602,28340233.43093726,5.5928349,380386.55593725,72.08045636405484,21139302346.19332,1898810.288821851,619296.0,19984568.75,73004.18,4.937746167785336,5161.483600413373,0.961110090180332,1.1497951473288677,326.031,127.886,261.333,158592.0,4.3,37.15,734717.0,31865.721,3.75,3.5,False,6798.39990234375,6989120000.0,48908.71875,710270000.0,63.290000915527344,389763.0,1823.4,0.0,False,12.0,Extreme Fear,1196.124639451504,1908.04786002636,-711.923220574856,8732.0,0.3853280188690214,0.6146719811309784,-0.0815303734052744
2026-02-06,70555.390625,71681.3046875,60074.203125,62704.453125,114674259489.0,71654.41995536226,74409.03688580652,77881.09772476266,81324.18957583432,32.804503344695235,-5415.042956437959,-3403.956070877888,-2011.086885560071,83498.2380859375,100068.29680223142,66928.17936964358,0.3968960087334967,4597.171029984669,0.118003181433477,1.1313927257736642,657.0,801.0,0.4506172839506173,0.3053259976951132,-0.9522478853384152,True,118.2407,4951.2001953125,22620.3,7.819239879367245,2389.339997876364,410157.0,1.6471279862068977,2828.6689655172413,146.51781030393855,9.3,141668107417558.25,1021142173.5586904,31304063.40890365,6.2408455,416713.40890366,74.85052976513292,18901527089.30478,1734627.4722749344,646236.0,19984940.625,62812.06,4.2291792466663605,5459.927659330167,0.986195506988801,1.2794885803917828,326.031,127.886,261.333,158592.0,4.3,37.15,734717.0,31865.721,3.75,3.5,False,6932.2998046875,6283680000.0,50115.671875,775490000.0,63.54999923706055,448924.0,2059.47,0.0,False,9.0,Extreme Fear,934.799518167973,1430.045830190182,-495.246312022209,6905.0,0.3952899156035627,0.6047100843964373,-0.0717228547461562
2026-02-07,69281.96875,71611.1484375,67364.4453125,70553.796875,62347107663.0,70863.60288690818,73269.68841118284,76652.650728368,80229.4422280312,31.6836765313486,-5652.638253963247,-3853.69250749496,-1798.9457464682864,82280.6150390625,99287.73635743347,65273.4937206915,0.4133931500219562,4572.13760820005,-0.0182134028127509,1.1292735401903276,658.0,800.0,0.4513031550068587,0.3012195058787774,-0.9535548276203866,True,118.2407,4951.2001953125,22620.3,7.900608237589132,1361.9237987895274,494507.0,1.535928361445783,2978.9578313253014,140.81061270873258,8.725,135289579351472.34,1116396723.6283798,37922804.35860754,2.7678888600000016,196835.60860755,74.35013019840437,6122926408.364181,1102965.1113085782,481546.0,19985393.75,70520.32,2.23043376799232,2566.703279252625,0.9818539821128768,1.2542864998384384,326.031,127.886,261.333,158592.0,4.3,37.15,734717.0,31865.721,3.75,3.5,False,6932.2998046875,6283680000.0,50115.671875,775490000.0,63.54999923706055,448924.0,2085.96,0.0,False,6.0,Extreme Fear,509.054986655712,771.930028319359,-262.875041663647,3747.0,0.3973933970379963,0.6026066029620037,-0.0701561360191211
2026-02-08,70264.7265625,72206.90625,68852.8984375,69283.7265625,39721722619.0,70663.9774454388,72601.91911147555,75740.090133244,79323.55898571017,33.57005073213206,-5695.974251266962,-4222.148856249361,-1473.8253950176004,81166.1716796875,98259.77244023816,64072.57091913682,0.4212001233225217,4485.128337078618,0.0140852358847471,1.1388890234332696,659.0,799.0,0.4519890260631001,0.2971074200025926,-0.95484406107982,True,118.2407,4951.2001953125,22620.3,7.790494657819696,1027.4161990868363,507211.0,1.440529270588235,2983.5941176470587,30.63581690876181,7.583333333333333,125864590119494.31,1063649660.9826868,39307842.46530021,2.2321171099999995,160564.34030023,75.84740629562278,4243821725.8114414,858004.8262593328,442633.0,19985912.5,69282.65,1.6916132068494825,2071.8511752435347,1.0024718259458314,1.278752679408799,326.031,127.886,261.333,158592.0,4.3,37.15,734717.0,31865.721,3.75,3.5,False,6932.2998046875,6283680000.0,50115.671875,775490000.0,63.54999923706055,448924.0,2088.73,0.0,False,7.0,Extreme Fear,465.081184566021,592.803059756756,-127.721875190735,3189.0,0.4396333408517213,0.5603666591482788,-0.0400507604862762
2026-02-09,70120.78125,71369.96875,68291.03125,70243.328125,52081598792.0,70482.9120469592,72050.55514225876,74937.331721352,78486.94282791833,33.4244701009231,-5676.498385179933,-4513.018762035476,-1163.479623144457,80256.6654296875,97682.10070087088,62831.23015850414,0.4342426931866415,4384.686134430145,-0.0020507154219692,1.1259492356012448,660.0,798.0,0.4526748971193415,0.2929898164336409,-0.9561155617738796,True,117.6392,5050.89990234375,22620.3,7.8011297672162385,1027.4161990868363,402013.0,1.6710258650306746,2466.3374233128834,27.40853214970029,7.483333333333333,125864590119494.23,1019852322.0010468,37701555.88624861,2.92349561,210927.7612485999,89.35246049515955,11888159988.016224,1103310.3329839911,481228.0,19986443.75,70284.84,2.744464315790761,2249.130044889263,0.9872885548747832,1.274890122985872,326.031,127.886,261.333,158592.0,4.3,37.15,734717.0,31865.721,3.75,3.5,False,6964.81982421875,5650260000.0,50135.87109375,623640000.0,64.36000061035156,298005.0,2103.46,0.0,False,14.0,Extreme Fear,562.423046588898,581.223936200142,-18.800889611244,3945.0,0.4917802915173204,0.5082197084826796,-0.0047657514857399
2026-02-10,68793.9609375,70464.265625,67913.09375,70137.390625,40593063077.0,69919.92834380614,71326.86754120127,74059.70732365886,77605.76265606211,32.04500349410769,-5702.393291263536,-4750.893667881088,-951.4996233824476,79227.5154296875,96815.47981343495,61639.55104594004,0.4439862663459729,4253.720830185135,-0.0191032375898973,1.116939530420645,661.0,797.0,0.453360768175583,0.288866771641474,-0.9573693060890518,True,117.5216,5003.7998046875,22620.3,7.951130698573579,931.842599171782,385928.0,1.765306020833333,2680.055555555556,35.57292716575092,9.258333333333333,125864590119494.0,900973830.4794524,31805766.029373445,2.5959583,181341.02937344005,80.63197423634942,9547620583.00854,951230.1614807243,486763.0,19986953.125,70131.23,2.464786596154527,2200.374005122229,0.9861070675575754,1.2481033012418763,326.031,127.886,261.333,158592.0,4.3,37.15,734717.0,31865.721,3.75,3.5,False,6941.81005859375,5595950000.0,50188.140625,532700000.0,63.959999084472656,276292.0,2021.89,0.0,False,9.0,Extreme Fear,560.819200336933,682.947739303112,-122.128538966179,3958.0,0.4509037685944909,0.549096231405509,-0.0308561240440068
2026-02-11,66991.96875,69242.6796875,65757.3046875,68791.859375,49671946030.0,68943.94181253744,70363.5566987121,73050.03038456474,76640.87230096555,30.220780946046844,-5801.445448693572,-4961.004024043585,-840.4414246499873,78103.9912109375,95809.51727396376,60398.46514791124,0.4533833876737101,4198.838985171911,-0.0265432212123745,1.1123421887524922,662.0,796.0,0.4540466392318244,0.2847383621966962,-0.9586052707415827,True,117.4601,5071.60009765625,22620.3,8.13149886789318,1051.3095990656002,455182.0,1.711090834394904,2899.248407643312,35.67011948037538,8.283333333333333,125864590119494.16,982311745.73107,33745569.9783912,2.9357485400000005,199104.35339120013,72.9761752401852,8491239760.042006,937444.4147898792,490231.0,19987403.125,68794.25,2.05949359770351,2685.6478596552643,0.9806092986855576,1.2182387788490885,326.031,127.886,261.333,158592.0,4.3,37.15,734717.0,31865.721,3.75,3.5,False,6941.47021484375,6175510000.0,50121.3984375,569380000.0,64.62999725341797,340194.0,1941.75,0.0,False,11.0,Extreme Fear,658.398057878017,673.282135903835,-14.884078025818,4107.0,0.4944115418644365,0.5055884581355635,-0.0036240754871726
2026-02-12,66221.84375,68339.4921875,65092.109375,66992.1953125,44651071271.0,68036.57579169163,69443.17604344274,72074.5751510555,75693.68788724141,29.449195663599923,-5874.371549828851,-5143.677529200638,-730.6940206282134,76939.8896484375,94550.78508861692,59328.99420825808,0.4577832258572016,4130.87782998106,-0.011562368274835,1.0981111783286472,663.0,795.0,0.4547325102880658,0.2806046647695387,-0.959823432777912,True,117.5376,4923.7001953125,22620.3,8.166247115148005,955.7359991505456,484938.0,1.5807444350282496,2739.762711864407,92.45633908683216,7.316666666666666,125864590119494.38,1107446999.964327,39717969.33809671,2.5517531400000006,176428.7130967501,77.58794890907701,9661389136.315762,895812.5123602292,504187.0,19987893.75,66979.72,1.8472722541030588,2154.112828463444,0.978518719064682,1.205655751536307,326.031,127.886,261.333,158592.0,4.3,37.15,734717.0,31865.721,3.75,3.5,False,6832.759765625,7118700000.0,49451.98046875,765340000.0,62.84000015258789,369303.0,1946.51,0.0,False,5.0,Extreme Fear,531.83770519495,596.556967616081,-64.719262421131,3566.0,0.4713224175988425,0.5286775824011576,-0.0181489799274063
2026-02-13,68857.84375,69382.8359375,65835.78125,66213.375,40820775886.0,68310.33177779443,69313.10220045547,71615.04209376186,75072.24751112855,35.51777628220724,-5654.283776646189,-5245.798778689748,-408.48499795644057,75927.2451171875,92909.36145102762,58945.12878334737,0.4473260239491007,4089.1761769466975,0.0390337693571557,1.1345852041755318,664.0,794.0,0.4554183813443073,0.2764657561284402,-0.9610237695750974,True,117.5258,5022.0,22620.3,7.884044622856055,860.162399235491,529750.0,1.5788031920529804,3508.2781456953644,61.325906594179294,8.516666666666667,125864590119494.1,944771169.4610924,33812197.60598131,2.76451144,195106.98098132,61.01236336894348,9201319258.50435,796849.4329392576,521603.0,19988465.625,66205.98,1.504199023953294,3056.823587135621,0.9857139721526876,1.2543817127922632,326.031,127.886,261.333,158592.0,4.3,37.15,734717.0,31865.721,3.75,3.5,False,6836.169921875,5718360000.0,49500.9296875,597100000.0,62.88999938964844,255793.0,2047.48,0.0,False,9.0,Extreme Fear,532.823871254921,611.02778249979,-78.203911244869,3514.0,0.4658155360495553,0.5341844639504447,-0.0222549548221027
2026-02-14,69767.625,70481.1640625,68706.6171875,68856.984375,36012397645.0,68796.0961851963,69414.10726702093,71351.1253660816,74590.00910102595,37.51549237341781,-5344.838911313374,-5265.606805214475,-79.23210609889975,75087.0154296875,91505.03534283904,58668.99551653594,0.4373064988453459,3923.8455125219343,0.0131259330678483,1.1023830476493597,665.0,793.0,0.4561042524005487,0.2723217131386166,-0.9622062588412368,True,117.5258,5022.0,22620.3,7.739114692071296,716.8019993629092,537394.0,1.653439891566266,3237.3132530120483,27.20087082277976,8.0,125864590119494.28,1038622610.1360354,38825294.1984828,2.18313033,161437.94848281,69.16402428869425,3840029082.300078,633033.904327112,458016.0,19988918.75,68851.99,1.1779698030255492,2234.5171280211803,1.0011718113920962,1.271428434942344,326.031,127.886,261.333,158592.0,4.3,37.15,734717.0,31865.721,3.75,3.5,False,6836.169921875,5718360000.0,49500.9296875,597100000.0,62.88999938964844,255793.0,2085.45,0.0,False,9.0,Extreme Fear,514.428899884224,428.48280185461,85.946098029613,2685.0,0.5455748390178634,0.4544251609821365,0.0320097199365411
2026-02-15,68788.1875,70939.2890625,68052.546875,69764.953125,40191152750.0,68793.45995679754,69275.01398546071,70984.99138521281,74062.57077365994,36.21471416474592,-5119.618274242777,-5236.409099020135,116.79082477735756,74113.0677734375,89518.85682381486,58707.27872306015,0.4157374539527256,3849.766703591796,-0.0141380400688788,1.100704386150123,666.0,792.0,0.4567901234567901,0.2681726127606375,-0.9633708786158804,True,117.5258,5022.0,22620.3,7.891644737780856,669.015199405382,701969.0,1.5573852588832486,3563.2944162436547,18.32419891435584,5.983333333333333,125864590119494.52,1232582254.1975844,44747462.56810828,1.8514430800000008,131603.19310829,61.37221315690272,1929666958.95738,527712.6072006975,399280.0,19989437.5,69754.68,0.7517605580883167,2064.50503695988,0.9984397062937904,1.2503520156434709,326.588,127.886,263.608,158592.0,4.3,37.15,734503.0,31865.721,3.75,3.5,False,6836.169921875,5718360000.0,49500.9296875,597100000.0,62.88999938964844,255793.0,1965.33,0.0,False,8.0,Extreme Fear,401.962163150311,359.947225630283,42.014937520027,2382.0,0.5275721353081573,0.4724278646918426,0.0176385128127737
2026-02-16,68843.15625,70067.234375,67301.5859375,68782.3984375,33618145426.0,68810.02538786503,69179.04559980278,70679.01493732526,73588.07854423631,36.348105540763456,-4880.4351594525215,-5165.2143111066125,284.77915165409104,73100.0970703125,86940.70616434762,59259.4879762774,0.3786755325570169,3772.32968458524,0.00079878247825,1.0897100117441212,667.0,791.0,0.4574759945130315,0.2640185320489934,-0.96451760727044,True,117.5258,5022.0,22620.3,7.86124198415106,716.8019993629092,526061.0,1.631463914285714,3006.062857142857,27.993470173832343,7.666666666666667,125864590119494.36,1094933474.541001,41514137.47269212,2.21631648,161065.5976921201,73.91486744845903,4693867812.997321,633192.5198905889,440304.0,19990053.125,68784.72,1.2036484740183913,2040.999393116376,0.9871905601648888,1.2529918805039757,326.588,127.886,263.608,158592.0,4.3,37.15,734503.0,31865.721,3.75,3.5,False,6836.169921875,5718360000.0,49500.9296875,597100000.0,62.88999938964844,255793.0,1997.26,0.0,False,12.0,Extreme Fear,523.590563237667,453.611232638359,69.979330599308,3001.0,0.5358059772785078,0.4641940227214922,0.0233186706428883
2026-02-17,67494.21875,69201.8671875,66615.28125,68843.09375,34866936040.0,68371.42317524336,68804.63963317993,70224.04405342166,73034.09129021483,34.444455050554524,-4745.031036360975,-5081.177656157485,336.1466197965101,72015.5794921875,83795.25610435335,60235.90288002167,0.327142451542551,3687.63370265058,-0.0197888733002862,1.0790122538767883,668.0,790.0,0.4581618655692729,0.2598595481506684,-0.9656464235085896,True,117.7375,4882.89990234375,22620.3,7.974744829578951,692.9085993841455,659135.0,1.5365569515151518,3994.757575757576,63.68607775099798,12.166666666666666,125864590119494.23,1032365847.4243728,35705019.17228733,2.29023986,157406.67228733998,53.54200157797338,6373218850.178365,765420.1043560333,446864.0,19990600.0,68840.26,1.1612493713063838,2905.816866740231,0.9907428326755086,1.230359595565078,326.588,127.886,263.608,158592.0,4.3,37.15,734503.0,31865.721,3.75,3.5,False,6843.22021484375,5418480000.0,49533.19140625,558570000.0,62.33000183105469,328727.0,1990.66,0.0,False,10.0,Extreme Fear,546.581982374191,490.137260913849,56.444721460342,3164.0,0.5272227615266998,0.4727772384733001,0.0178396717636984
2026-02-18,66425.3203125,68434.4296875,65845.8984375,67488.0234375,33094301643.0,67722.72222099558,68275.90200636217,69681.36923329,72433.29392860438,32.97090269903731,-4670.139008595681,-4998.969926645124,328.8309180494434,71108.7662109375,81536.62589538975,60680.90652648524,0.2932932250158577,3609.1263846041097,-0.0159636322602148,1.0699176538454722,669.0,789.0,0.4588477366255144,0.2556957383037035,-0.966757306366662,True,117.8426,4986.5,22620.3,8.100996746174252,692.9085993841455,507143.0,1.5643017254901963,3314.6601307189544,38.24388756124616,8.983333333333333,125864590119494.12,957284694.8844184,33192878.56735473,2.306383779999999,157141.06735470996,64.63203158955838,5723969492.006945,742192.376582318,454158.0,19991137.5,67459.99,1.463477513408088,2400.906331752977,0.9843617950537088,1.21146371466258,326.588,127.886,263.608,158592.0,4.3,37.15,734503.0,31865.721,3.75,3.5,False,6881.31005859375,5098160000.0,49662.66015625,493390000.0,65.19000244140625,115379.0,1955.38,0.0,False,8.0,Extreme Fear,512.157243311405,491.642759084702,20.514484226704,3069.0,0.5102184121228004,0.4897815878771995,0.0066844197545467
2026-02-19,66957.5234375,67277.125,65637.4296875,66425.625,31492987019.0,67467.65595983039,67982.92899105947,69292.24840532,71935.49661123127,34.473994842680725,-4515.787010960805,-4902.33334350826,386.5463325474557,70250.2095703125,78827.89314211039,61672.52599851461,0.2442037859890682,3468.4527365966733,0.0079801259947047,0.7101301825171398,670.0,788.0,0.4595336076817558,0.251527179835766,-0.9678502352140368,True,118.2354,4975.89990234375,22620.3,8.067173236693929,669.015199405382,512501.0,1.5713662578616352,3223.276729559748,54.71899148971091,8.833333333333334,129128405963273.69,1020622252.4872998,35453245.47632441,2.3578648,165836.1013244,66.01860544286964,5598066692.030261,739025.5795732432,473222.0,19991593.75,66427.8,1.4419983172193678,2397.274681710401,0.9920325738293628,1.221844787848528,326.588,127.886,263.608,158592.0,4.3,37.15,734503.0,31865.721,3.75,3.5,False,6861.89013671875,5151690000.0,49395.16015625,439980000.0,66.43000030517578,113408.0,1948.34,0.0,False,9.0,Extreme Fear,506.822736263275,508.157140254974,-1.334403991699,3145.0,0.4993426450993902,0.5006573549006097,-0.0004242937970426
2026-02-20,68005.421875,68269.03125,66452.484375,66958.578125,47507867304.0,67646.91126488693,67987.92740971292,69108.41604384572,71578.2170897557,37.44831492625269,-4259.800960694614,-4773.826866945531,514.0259062509167,69719.4248046875,77380.96843832514,62057.881171049856,0.2197821813676962,3350.45946076834,0.0155289956566322,0.3549944478973611,671.0,787.0,0.4602194787379972,0.2473539501627103,-0.9689251897535244,True,117.9917,5059.2998046875,22620.3,7.955025493378481,621.2283994478546,413542.0,1.5172357153284677,3018.5547445255474,37.26647146757283,8.358333333333333,144398401518100.47,983397435.876668,29583415.86232133,2.590732749999999,175972.1123213601,70.07315821564154,10586854048.32113,930292.6561591718,493761.0,19992090.625,66956.88,2.249572367883242,2459.88697222369,0.9833216502254588,1.2419474106076231,326.588,127.886,263.608,158592.0,4.3,37.15,734503.0,31865.721,3.75,3.5,False,6909.509765625,5432480000.0,49625.96875,574810000.0,66.38999938964844,351351.0,1968.2,0.0,False,7.0,Extreme Fear,477.614971935749,446.02385866642,31.591113269329,2984.0,0.5171014428056977,0.4828985571943022,0.0105868342055392
2026-02-21,68003.765625,68657.703125,67533.0703125,68000.25,18357635642.0,67765.86271825797,67991.44701311005,68950.60884115347,71253.26695659608,37.44542182175096,-4010.829471617748,-4621.227387879974,610.3979162622263,69270.8908203125,76154.98309602386,62386.79854460114,0.1987585894793406,3191.471843034887,-2.4354972344490844e-05,0.3445710834167654,672.0,786.0,0.4609053497942387,0.2431761267871417,-0.9699821500217436,True,117.9917,5059.2998046875,22620.3,7.955555912288366,525.6547995328001,350751.0,1.569643613445378,2947.487394957984,62.09477562612712,12.216666666666669,144398401518100.53,854191933.352726,25941681.42824304,2.15964537,148290.80324304,72.55419936356427,2476187168.520625,525348.1059450486,447339.0,19992518.75,67994.8,1.4977807788004842,2005.0029398507745,1.0003835142599755,1.2427727388908911,326.588,127.886,263.608,158592.0,4.3,37.15,734503.0,31865.721,3.75,3.5,False,6909.509765625,5432480000.0,49625.96875,574810000.0,66.38999938964844,351351.0,1972.98,0.0,False,8.0,Extreme Fear,376.511623203754,374.5434461236,1.968177080154,2406.0,0.5013102748124161,0.498689725187584,0.0008180287116184
2026-02-22,67659.390625,68235.2265625,67185.6015625,67998.828125,17893536012.0,67730.37202050531,67917.65670464115,68766.1490959887,70926.55092645099,36.80866686057692,-3797.530390755608,-4456.487988455101,658.9575976994929,68719.4220703125,74009.41584377643,63429.42829684858,0.1539592043731478,3038.4827828181096,-0.005076923598302,0.3342379292201258,673.0,785.0,0.4615912208504801,0.2389937872969778,-0.97102109638949,True,117.9917,5059.2998046875,22620.3,8.012478120473968,525.6547995328001,529495.0,1.4896937987804866,3228.628048780488,49.313127899198975,7.033333333333333,144398401518100.38,1177205689.6625805,38334798.13538485,1.87910113,137691.88538486007,65.20011384420748,1845861126.4781623,516383.2534789147,408828.0,19992890.625,67966.35,0.9752372609352584,1901.8533655603023,0.9968648734039428,1.234286313377275,326.588,127.886,263.608,158592.0,4.3,37.15,734503.0,31865.721,3.75,3.5,False,6909.509765625,5432480000.0,49625.96875,574810000.0,66.38999938964844,351351.0,1957.48,0.0,False,9.0,Extreme Fear,349.403230547905,370.890516996384,-21.487286448479,2244.0,0.4850843586233144,0.5149156413766856,-0.0095754395937963
2026-02-23,64616.73828125,67668.4296875,63924.4375,67668.4296875,50953457309.0,66692.4941074202,67184.11927722089,68173.3761224546,70352.93159506908,31.68244194302035,-3829.857732137054,-4331.161937191491,501.30420505443726,68168.581640625,72661.44266707671,63675.72061417328,0.1318161803670036,3088.8763117239587,-0.0460126731356427,0.400627077401307,674.0,784.0,0.4622770919067215,0.2348070093640053,-0.9720420095621032,True,117.9395,5204.7001953125,22620.3,8.330063970763863,812.3755992779637,453671.0,1.4640024797297302,3065.3445945945946,30.26034801807574,9.725,144398401518100.44,1062356354.0857432,31768274.212035805,2.60488702,173086.71203581002,68.38813984064677,6005967073.087472,753889.3267632986,458764.0,19993403.125,67614.9,1.6617534000703122,2471.7874572565865,0.9804111793742116,1.1831842972470237,326.588,127.886,263.608,158592.0,4.3,37.15,734503.0,31865.721,3.75,3.5,False,6837.75,5638350000.0,48804.05859375,574610000.0,66.30999755859375,270365.0,1855.84,0.0,False,5.0,Extreme Fear,576.960622370243,788.172395169735,-211.211772799492,4126.0,0.4226405888343013,0.5773594111656986,-0.0511904442073417
2026-02-24,64080.04296875,64992.15625,62553.1875,64616.015625,40849331086.0,65821.67706119681,66494.32454200514,67588.61424335395,69782.66899267644,30.86588503660664,-3854.353620175083,-4235.80027378821,381.4466536131267,67721.5986328125,71953.5434039695,63489.6538616555,0.1249806518627141,3042.45434302939,-0.0083405104387447,0.3943419492961497,675.0,783.0,0.4629629629629629,0.2306158707424403,-0.9730448705798238,True,117.9463,5155.7998046875,22620.3,8.384145071406534,860.162399235491,566873.0,1.4887970909090902,3435.59393939394,27.428540663954664,8.541666666666666,144398401518100.38,1184383773.1361327,34308088.5723721,2.695604439999999,175107.32237210005,58.89163673692305,7724802994.709144,989083.0758845336,501015.0,19993865.625,64619.94,1.744805407709546,2893.30059719431,0.9779255043842248,1.1743319937937022,326.588,127.886,263.608,158592.0,4.3,37.15,734503.0,31865.721,3.75,3.5,False,6890.06982421875,5266090000.0,49174.5,524270000.0,65.62999725341797,312124.0,1851.35,0.0,False,8.0,Extreme Fear,609.073480844498,665.192664444447,-56.119183599949,3870.0,0.4779798028035878,0.522020197196412,-0.0145010810335785
2026-02-25,67960.125,69953.53125,63942.484375,64077.76953125,53629234355.0,66534.49304079788,66820.05797711511,67641.68720858911,69616.98317516039,42.420012704670654,-3520.099084148765,-4092.660035860321,572.5609517115554,67984.5,71495.34352709638,64473.656472903625,0.1032836463339843,3254.4966667415765,0.0587881628108732,0.4923934926326734,676.0,782.0,0.4636488340192043,0.2264204492674817,-0.9740296608181456,True,117.769,5206.39990234375,22620.3,7.901222256799226,716.8019993629092,485381.0,1.4854233589743584,3111.4166666666665,32.17572433466921,8.045833333333334,144398401518100.4,1119781021.874162,33163205.0955439,2.91444115,195655.09554389995,67.07808723666183,6898606940.395969,1061990.20480807,509923.0,19994387.5,64043.32,2.187951742668275,2863.6335256677085,0.9969704421660268,1.2461229941727416,326.588,127.886,263.608,158592.0,4.3,37.15,734503.0,31865.721,3.75,3.5,False,6946.1298828125,5328060000.0,49482.1484375,541620000.0,65.41999816894531,306780.0,2057.78,0.0,False,11.0,Extreme Fear,602.253481626511,513.899641990662,88.353839635849,3462.0,0.5395796229774981,0.4604203770225019,0.0255210397561666
2026-02-26,67453.7734375,68843.3515625,66523.734375,67954.8671875,42988597523.0,66840.91983969859,66960.88363497841,67614.8423841478,69420.327744464,41.44652863959757,-3258.4963776136283,-3925.827304210983,667.3309265973544,67829.419140625,71129.81134731404,64529.026933935966,0.0973144764765451,3187.719561081464,-0.0074786108124004,0.4898975957204386,677.0,781.0,0.4643347050754458,0.222220822853867,-0.9749963619881616,True,117.9042,5176.5,22620.3,7.964514264623265,740.6953993416728,425509.0,1.4963321500000006,3039.35,29.720323412583788,9.733333333333334,144398401518100.47,1004931686.2973248,31242254.39746657,3.43086166,237973.14746657,70.74113059325556,7443589778.407508,997676.891917111,521846.0,19994868.75,67984.76,2.344666956320809,3241.114252419756,0.9976489613315724,1.2368113915864165,326.588,127.886,263.608,158592.0,4.3,37.15,734503.0,31865.721,3.75,3.5,False,6908.85986328125,5889550000.0,49499.19921875,684630000.0,65.20999908447266,498542.0,2027.88,0.0,False,11.0,Extreme Fear,544.278875648975,502.236054003239,42.042821645737,3946.0,0.5200870625227048,0.4799129374772952,0.0106545417247179
2026-02-27,65881.796875,68220.40625,64946.03515625,67456.515625,40283655942.0,66521.21218479906,66721.08657720542,67367.26445426955,69098.64311996727,38.49314386874072,-3141.8029700420598,-3769.022437377198,627.2194673351387,67659.410546875,70994.86822377198,64323.95286997804,0.0985955286910498,3193.908956272074,-0.0235803453997585,0.4578197157248606,678.0,780.0,0.4650205761316872,0.2180170694944261,-0.9759449561369036,True,117.8223,5230.5,22620.3,8.161389952011742,692.9085993841455,415510.0,1.503103021276595,2946.8794326241136,43.77154136697226,9.991666666666667,144398401518100.47,1012109769.7708768,32978961.78356569,3.0155843000000004,207733.6585656799,71.76578501698603,5797244770.140323,802982.2366525223,549158.0,19995331.25,67470.73,1.9325220491745625,2617.287137087468,0.9875717769965762,1.2073254705520615,326.588,127.886,263.608,158592.0,4.3,37.15,734503.0,31865.721,3.75,3.5,False,6878.8798828125,6665660000.0,48977.921875,811800000.0,67.0199966430664,437053.0,1929.72,0.0,False,13.0,Extreme Fear,491.529315114021,398.086378753185,93.442936360836,3101.0,0.5525187094860223,0.4474812905139776,0.0301331623221012
2026-02-28,66995.859375,67714.5234375,63062.21875,65878.9296875,42041497112.0,66679.42791486604,66782.14719893754,67314.20658580247,68907.48096133387,41.66566340377047,-2925.7014060467627,-3600.358231111111,674.6568250643481,67495.9671875,70606.67616321976,64385.25821178025,0.0921746618454515,3298.080079931212,0.0167686372009838,0.4618174003683857,679.0,779.0,0.4657064471879287,0.2138092672586307,-0.9768754256476756,True,117.8223,5230.5,22620.3,8.049962925770728,836.2689992567274,424909.0,1.5551004685314684,2971.3916083916083,64.55419265073236,11.316666666666666,144398401518100.44,1026465936.7179816,31741956.231636845,2.52753703,175131.23163683998,67.23594726441723,2721602956.984004,560955.245080307,498805.0,19995746.875,65866.66,1.3201773675782509,2344.3683168276066,0.9945901578415092,1.2275612619982268,326.588,127.886,263.608,158592.0,4.3,37.15,734503.0,31865.721,3.75,3.5,False,6878.8798828125,6665660000.0,48977.921875,811800000.0,67.0199966430664,437053.0,1964.65,0.0,False,11.0,Extreme Fear,363.506141602993,525.427870690823,-161.92172908783,2656.0,0.4089236507724543,0.5910763492275457,-0.0609645064336709
2026-03-01,65738.1015625,68162.8203125,65076.73046875,67005.8828125,40733141929.0,66365.65246407737,66550.13705750697,67089.0487253307,68619.35556143988,39.20690697038484,-2823.383693873271,-3444.9633236635427,621.5796297902716,67276.833203125,70222.06923891354,64331.59716733646,0.0875557274491847,3282.9379202039827,-0.0189521272552437,0.4657452895291391,680.0,778.0,0.4663923182441701,0.2095974942911471,-0.9777877532403813,True,117.8223,5230.5,22676.1,8.168363081333062,788.4821992992001,462687.0,1.5561382483221475,3105.281879194631,46.2533258794824,10.733333333333333,144398401518100.44,1069534437.5592957,32892105.20807477,2.552800470000001,174011.45807477005,66.84870926244471,1947434580.0901265,571263.0853871966,447977.0,19996193.75,67006.09,1.234664223086442,2447.786147858843,0.996091603951746,1.2052481747995247,326.588,127.886,263.608,158592.0,4.3,37.15,734503.0,31865.721,3.75,3.5,False,6878.8798828125,6665660000.0,48977.921875,811800000.0,67.0199966430664,437053.0,1939.46,0.0,False,14.0,Extreme Fear,355.952173650265,404.782420039177,-48.830246388912,2275.0,0.4679058591564154,0.5320941408435845,-0.0214638445665547
2026-03-02,68775.8515625,70044.0,65303.13671875,65734.078125,56698092052.0,67169.05216355159,67044.74028083876,67330.02055921203,68633.58247062715,47.29633336859537,-2468.7172960863827,-3249.714118148111,780.9968220617284,67275.927734375,70219.21039110802,64332.64507764199,0.0874988351956722,3387.075445992984,0.0451739987422587,0.5275607036946404,681.0,777.0,0.4670781893004115,0.2053818288103824,-0.978681921971844,True,118.667,5294.39990234375,22676.1,7.878347885211767,884.0557992142546,422366.0,1.495346169117648,3105.6323529411766,37.058707422800936,8.6125,144398401518100.47,976219352.4031156,28805700.41345509,2.658806369999999,179434.78845508,68.20080312680257,7000359941.529199,838682.932739344,515250.0,19996668.75,65762.29,1.9856781387217344,2630.977645841872,0.997947221168245,1.263760682233652,326.588,128.455,263.608,158592.0,4.3,37.15,734503.0,31865.721,3.75,3.5,False,6881.6201171875,6079080000.0,48904.78125,552340000.0,71.2300033569336,881329.0,2027.09,0.0,False,10.0,Extreme Fear,486.388406932354,458.214164912701,28.174242019653,2886.0,0.5149132782714223,0.4850867217285777,0.0097623846221943
2026-03-03,68293.6484375,69232.890625,66237.6171875,68785.078125,47947999049.0,67543.91758820106,67322.27542676347,67467.68168468174,68602.6793767065,46.24440691603218,-2201.1775779218733,-3040.006810102864,838.8292321809904,67341.01171875,70315.26049651201,64366.76294098798,0.0883339499021481,3359.089588243485,-0.0070359214012543,0.5181111621198331,682.0,776.0,0.4677640603566529,0.2011623491070329,-0.9795579152361232,True,119.4341,5107.39990234375,22676.1,7.948935690708772,812.3755992779637,381186.0,1.75744835074627,2844.6716417910447,149.657996718703,10.5,144398401518100.47,961863185.4560106,29470007.97002152,2.70504003,192629.8450215301,74.66413302733339,8081339725.646691,811376.1325293232,504537.0,19997090.625,68775.78,2.128557010302905,2491.6111383163416,0.996301515680921,1.2548907532524818,326.588,128.455,263.608,158592.0,4.3,37.15,734503.0,31865.721,3.75,3.5,False,6816.6298828125,6442080000.0,48501.26953125,533540000.0,74.55999755859375,1009753.0,1982.78,0.0,False,14.0,Extreme Fear,439.849836885929,445.978150308132,-6.128313422203,2837.0,0.4965409122816185,0.5034590877183813,-0.0021601386754328
2026-03-04,72710.578125,74051.8046875,67437.40625,68290.5625,75073101274.0,69266.13776713405,68519.6760263716,68216.6668904415,68976.12471746045,55.916292743453006,-1614.134375480484,-2754.832323178388,1140.697947697904,67665.4484375,71434.95944226539,63895.937432734616,0.111416124235019,3591.611648904665,0.0626701105436228,0.5961905441904841,683.0,775.0,0.4684499314128943,0.1969391335426311,-0.980415716764821,True,119.0705,5120.2001953125,22676.1,7.5495959225051905,860.162399235491,377812.0,1.5489187230769228,2906.246153846154,30.411255756594063,10.016666666666666,144398401518100.5,933150851.5618018,30908354.53628888,3.03064152,220976.41128886,77.48746380204892,12288634029.364828,970657.608921768,516794.0,19997503.125,68264.82,2.56915505309987,2701.131818707647,1.0024279154955442,1.3324599332646212,326.588,128.455,263.608,158592.0,4.3,37.15,734503.0,31865.721,3.75,3.5,False,6869.5,5252170000.0,48739.41015625,511380000.0,74.66000366210938,617822.0,2127.42,0.0,False,10.0,Extreme Fear,581.101004123688,452.578208506107,128.52279561758,3483.0,0.5621676406216027,0.4378323593783971,0.03690002745265
2026-03-05,70841.125,73555.7890625,70654.8828125,72712.65625,51172841727.0,69791.1335114227,69035.5535760668,68591.5894775213,69145.67019769132,51.67817111125852,-1284.9357125935785,-2460.8530010614263,1175.9172884678478,67764.6125,71763.56519431449,63765.65980568552,0.1180248081346141,3542.2755489829037,-0.026047184090688,0.6186447120164486,684.0,774.0,0.4691358024691358,0.1927122605480898,-0.9812553106273848,True,119.5683,5065.2998046875,22676.1,7.715624824364668,836.2689992567274,464513.0,1.6836532590361446,2798.2710843373493,48.20222006976979,7.025,144553525351052.7,1192841923.7049837,43517075.97550223,2.754204009999999,220829.10050218,84.03429566437751,9278661021.10245,833310.7563178254,522467.0,19997912.5,72758.05,1.7939449623968011,2357.189348367869,0.9950426482255932,1.3020998734899651,326.588,128.455,263.608,158592.0,4.3,37.15,734503.0,31865.721,3.75,3.5,False,6830.7099609375,5989300000.0,47954.73828125,625110000.0,81.01000213623047,707030.0,2073.25,0.0,False,22.0,Extreme Fear,493.045789539814,378.06356549263,114.982224047184,2833.0,0.5659975830720482,0.4340024169279519,0.0405867363385753
2026-03-06,68136.4921875,71378.5703125,67757.8203125,70842.15625,43776962871.0,69239.58640344847,68835.76215638529,68526.57557894682,69053.92674221938,46.22004207031632,-1228.1275747181498,-2214.3079157927714,986.1803410746217,67683.055859375,71575.11020281026,63791.00151593975,0.1150082334202454,3547.880866912696,-0.0389267622298537,0.6518151733089161,685.0,773.0,0.4698216735253772,0.1884818086222437,-0.9820766812314036,True,119.491,5146.10009765625,22676.1,7.983251485266473,716.8019993629092,442642.0,1.492677712328767,3031.794520547945,36.41678277083822,8.816666666666666,145042165424852.44,1052672432.0364788,35189110.133946575,2.92696968,213250.75894655992,73.89549819077779,7534725006.097888,837959.4356033271,531723.0,19998428.125,70886.76,1.8930861409521167,2682.470289311536,0.9821961703418498,1.252787494903745,326.588,128.455,263.608,158592.0,4.3,37.15,734503.0,31865.721,3.75,3.5,False,6740.02001953125,5793120000.0,47501.55078125,541850000.0,90.9000015258789,996251.0,1979.09,0.0,False,18.0,Extreme Fear,375.326705992222,416.164691448212,-40.83798545599,2838.0,0.4742018766166923,0.5257981233833078,-0.0143897059393904
2026-03-07,67272.59375,68515.1640625,66969.2578125,68136.6875,23258701211.0,68583.92218563231,68488.39139941079,68347.43531766871,68891.98737929034,44.59969657230784,-1238.5389936223946,-2019.1541313586963,780.6151377363017,67607.276171875,71467.6204512468,63746.9318925032,0.1141990773169981,3404.882679990361,-0.0127600028163738,0.655139296133925,686.0,772.0,0.4705075445816186,0.1842478563303951,-0.9828798133228976,True,119.491,5146.10009765625,22676.1,8.0592191429213,597.334999469091,437720.0,1.5818296136363634,3316.060606060606,107.30765670698334,10.5125,145042165424852.5,951731239.9233916,29409810.833845343,2.21186868,156326.45884534996,63.85081010035854,2032123513.9378915,479871.1943569577,458399.0,19998887.5,68128.59,1.0962971633851724,2326.679962423944,0.9932677986003132,1.236301300128931,326.588,128.455,263.608,158592.0,4.3,37.15,734503.0,31865.721,3.75,3.5,False,6740.02001953125,5793120000.0,47501.55078125,541850000.0,90.9000015258789,996251.0,1969.51,0.0,False,12.0,Extreme Fear,356.351524651051,313.664781093597,42.686743557453,2129.0,0.531855003521155,0.468144996478845,0.0200501378851352
2026-03-08,65969.78125,68177.7890625,65639.1953125,67272.5,33195080116.0,67712.54187375488,67928.70025509728,68007.77045085891,68626.33227662758,42.197189220292216,-1336.5097463978163,-1882.6252543665205,546.1155079687042,67463.607421875,71344.10931954651,63583.105524203485,0.1150398576644528,3343.004899276764,-0.0195561512724631,0.6619466563877108,687.0,771.0,0.4711934156378601,0.1800104823028512,-0.9836646919866012,True,119.491,5146.10009765625,22676.1,8.17903313496799,621.2283994478546,453532.0,1.536233119402985,3384.567164179105,37.76513033430297,11.333333333333332,145042165424852.47,966151410.2252612,29952835.179625377,1.96417132,135960.17962538,61.74989265323219,1488615216.0636604,470048.6415623758,413093.0,19999306.25,67279.51,1.036417808583244,2058.646262234367,0.9964490226958552,1.2160004257646573,326.588,128.455,263.608,158436.0,4.4,37.27,734503.0,31865.721,3.75,3.5,False,6740.02001953125,5793120000.0,47501.55078125,541850000.0,90.9000015258789,996251.0,1937.11,0.0,False,12.0,Extreme Fear,374.899580001831,342.422025799751,32.47755420208,2240.0,0.5226380705247178,0.4773619294752822,0.0144989081259285
2026-03-09,68402.3828125,69474.9453125,65858.0078125,65969.5859375,49499875378.0,67942.48885333659,68033.96304563122,68064.14364537907,68605.97323443416,47.846436170180205,-1203.982892487984,-1746.8967819908132,542.9138895028293,67509.015625,71412.2133754852,63605.8178745148,0.1156348589695556,3362.571513614138,0.0362108831336739,0.6405676575070715,688.0,770.0,0.4718792866941015,0.175769765233467,-0.9844313026462396,True,119.5151,5091.5,22676.1,7.938592179012696,764.5887993204365,415576.0,1.521466565217391,3011.4202898550725,31.49048044487232,9.858333333333334,145042165424852.47,994991750.8290006,30248754.74657433,2.5166538000000007,175873.49657436,70.89380197801694,6914157660.480911,725766.9979570974,468702.0,19999743.75,65940.8,1.74641220368139,2416.2582831831623,0.9960014454891126,1.258828872642114,326.588,128.455,263.608,158436.0,4.4,37.27,734503.0,31865.721,3.75,3.5,False,6795.990234375,6709410000.0,47740.80078125,560020000.0,94.7699966430664,1107193.0,1993.53,0.0,False,8.0,Extreme Fear,527.50724196434,449.742356717587,77.764885246754,3101.0,0.5397876271075676,0.4602123728924325,0.0250773573836678
2026-03-10,69926.921875,71770.8984375,68402.71875,68402.71875,54003996096.0,68603.9665272244,68454.62056326872,68330.2548210392,68726.0594744856,51.07371229968289,-964.8150573166058,-1590.4804370559718,625.665379739366,67684.095703125,71695.26011355022,63672.93129269978,0.1185260545703064,3362.996092998843,0.0220430630536829,0.6428268818054248,689.0,769.0,0.4725651577503429,0.1715257838781814,-0.9851796310648,True,118.7255,5229.7001953125,22676.1,7.801944888665853,669.015199405382,381301.0,1.6685023478260872,2763.050724637681,30.03385024408266,8.958333333333332,145042165424852.47,994991750.8290006,30958077.256941024,2.69723863,190449.13194102,80.07489965945626,7287177982.124621,819118.5083039444,484745.0,20000156.25,68452.78,2.148220194292552,2345.7026693077746,0.9999614351513908,1.2838921987216931,326.588,128.455,263.608,158436.0,4.4,37.27,734503.0,31865.721,3.75,3.5,False,6781.47998046875,5944950000.0,47706.51171875,490360000.0,83.44999694824219,801564.0,2037.01,0.0,False,13.0,Extreme Fear,467.222285568714,391.471242547035,75.751043021679,2763.0,0.5441083113715212,0.4558916886284788,0.0274162298305027
2026-03-11,70204.8828125,71337.6640625,68998.8671875,69931.25,45236859848.0,69137.60528898294,68843.56772976456,68598.05881981931,68860.49795975964,51.661038460905424,-744.2642848054966,-1421.237206605877,676.9729218003804,67846.463671875,71994.3618816482,63698.56546210179,0.1222730850006755,3289.839005998926,0.0039671408310243,0.5742872785114643,690.0,768.0,0.4732510288065844,0.1672786170535553,-0.9859096633447963,True,119.2885,5167.39990234375,22676.1,7.765164921995021,621.2283994478546,401926.0,1.7033269712230212,2891.5539568345325,88.33595208997632,9.1,145042165424852.47,1002201835.9799352,31500855.46140721,2.79884208,197567.96140721987,76.09122839649268,8029010340.4647455,714908.2143845198,475423.0,20000578.125,69922.38,1.7787060662522949,2520.81092063812,0.9774593461767324,1.2926305604960422,326.588,128.455,263.608,158436.0,4.4,37.27,734503.0,31865.721,3.75,3.5,False,6775.7998046875,5511090000.0,47417.26953125,419500000.0,87.25,538020.0,2051.99,0.0,False,15.0,Extreme Fear,433.049372315407,351.928814291954,81.120558023453,2525.0,0.5516705810476418,0.4483294189523581,0.0321269536726546
2026-03-12,70493.4609375,70775.828125,69230.15625,70209.765625,40871848129.0,69589.55717182197,69210.21066481688,68868.83055091657,69008.94913955421,52.30122804235486,-539.9659740369098,-1244.9829600920837,705.0169860551739,67970.865625,72284.7561098749,63656.97514012511,0.1269335161530803,3165.255639499003,0.0041020885103588,0.5717775473829789,691.0,767.0,0.4739368998628258,0.1630283436353096,-0.986621385928527,True,119.8227,5115.7998046875,22676.1,7.733966903755439,621.2283994478546,449282.0,1.615177558139535,3482.8062015503874,55.079526178166624,11.966666666666669,145042165424852.5,930100984.4705876,28394948.61118444,2.69225377,188636.1111844399,63.20072607223178,6108416530.594537,715223.3380213159,496301.0,20001028.125,70197.35,1.5919252007009317,2984.714304845939,0.9931458195298132,1.297352966463531,326.588,128.455,263.608,158436.0,4.4,37.27,734503.0,31865.721,3.75,3.5,False,6672.6201171875,6292170000.0,46677.8515625,535900000.0,95.7300033569336,548999.0,2073.94,0.0,False,18.0,Extreme Fear,455.651082217693,345.897654116154,109.75342810154,2515.0,0.5684633529606279,0.431536647039372,0.0436395340363976
2026-03-13,70968.265625,73927.328125,70410.7265625,70497.046875,61167226505.0,70049.12665621465,69600.88954485758,69168.7498472142,69187.06882004929,53.3948850578051,-335.87357914372114,-1063.1610839024113,727.2875047586901,68119.090625,72636.65294242406,63601.528307575936,0.1326371880767914,3190.3517768562174,0.0067128612385433,0.5526183445336261,692.0,766.0,0.4746227709190672,0.1587750425568573,-0.987314785598326,True,120.5518,5052.5,22676.1,7.686816948164972,645.1217994266183,399857.0,1.5844983305785127,3304.603305785124,121.44992189606046,9.316666666666666,145042165424852.53,872420303.2631093,28672340.40423705,3.3465312299999987,243152.9042370601,67.33836800393864,7726566054.216646,761439.71975575,525035.0,20001415.625,70493.61,1.9042800795178028,3390.947144836161,1.00207884314307,1.30454126489792,326.588,128.455,263.608,158436.0,4.4,37.27,734503.0,31865.721,3.75,3.5,False,6632.18994140625,5337120000.0,46558.46875,453250000.0,98.70999908447266,436700.0,2092.7,0.0,False,15.0,Extreme Fear,491.619203269482,351.912396013737,139.706807255745,2625.0,0.5828106542626613,0.4171893457373385,0.0532216408593314
2026-03-14,71214.625,71291.203125,70339.5859375,70965.3828125,22283546496.0,70437.6261041431,69959.49742377811,69461.0177261836,69371.39210913572,53.98443082105028,-152.49191130268446,-881.027249382466,728.5353380797816,68296.85234375,73013.64827988343,63580.05640761656,0.1381263052180789,3030.4421633307734,0.0034653905327112,0.549038038745972,693.0,765.0,0.4753086419753086,0.1545187928078406,-0.987989849476809,True,120.5518,5052.5,22676.1,7.661461644172693,525.6547995328001,439447.0,1.5495666718749996,3433.1796875,104.4277412594191,11.433333333333334,145042165424852.5,922890899.3196526,31104411.579486884,2.05410207,156574.07948688007,64.85517366520895,2145316489.773932,540891.5078988028,440249.0,20001793.75,70966.24,1.2308458310076136,2212.0980920162465,0.991299427985812,1.3085611269402389,326.588,128.455,263.608,158436.0,4.4,37.27,734503.0,31865.721,3.75,3.5,False,6632.18994140625,5337120000.0,46558.46875,453250000.0,98.70999908447266,436700.0,2096.66,0.0,False,16.0,Extreme Fear,370.236459076405,275.528772592545,94.70768648386,2023.0,0.5733298123213388,0.4266701876786611,0.0468154653899456
2026-03-15,72789.9140625,73173.0078125,70882.421875,71213.6796875,27991268669.0,71221.72209026208,70588.47889904965,69936.57434565738,69682.16683216883,57.671588866105054,118.5850689009967,-681.1047857257736,799.6898546267703,68705.5111328125,73495.4809715873,63915.54129403772,0.1394348068967988,2977.595290057147,0.0218791978790222,0.5398644363300142,694.0,764.0,0.47599451303155,0.1502596734326615,-0.9886465650271132,True,120.5518,5052.5,22676.1,7.504835045333366,525.6547995328001,407207.0,1.442389440000001,3257.656,36.35076963105284,11.65,145042165424852.5,901260643.8668482,28551032.51716158,1.9687599200000008,141126.26716158006,70.01405752265033,3517233731.097687,512153.7760458413,406808.0,20002193.75,71218.64,1.25772340860015,2012.802998894091,1.0029681309781022,1.3372863065162932,326.588,128.455,263.608,158436.0,4.4,37.27,734503.0,31865.721,3.75,3.5,False,6632.18994140625,5337120000.0,46558.46875,453250000.0,98.70999908447266,436700.0,2178.79,0.0,False,15.0,Extreme Fear,350.448025822639,292.843114674091,57.604911148548,2006.0,0.5447735927966202,0.4552264072033797,0.028716306654311
2026-03-16,74861.0859375,74901.859375,72300.6328125,72798.171875,55572438409.0,72434.84337267472,71537.9471298164,70640.07600163491,70152.97765992621,61.984658030196194,494.8376095859276,-445.9163066634334,940.7539162493608,69244.56328125,74263.84617367516,64225.28038882484,0.1449726203640967,2950.7118095173505,0.0280568061089276,0.5125109406208278,695.0,763.0,0.4766803840877915,0.1459977635290148,-0.989284920053129,True,120.097,4994.0,22676.1,7.26771408655088,716.8019993629092,405364.0,1.5660743920000006,3242.912,104.16347042101944,11.2,145042165424852.5,901260643.8668482,31213760.46140392,2.542807089999999,198510.4614039001,69.71558854980438,10195572100.645723,943913.3090156264,477639.0,20002584.375,72819.88,2.3285573188927144,2577.9974436605025,1.0054706582452733,1.3736647820354706,326.588,128.455,263.608,158436.0,4.4,37.27,734503.0,31865.721,3.75,3.5,False,6699.3798828125,5176290000.0,46946.41015625,514980000.0,93.5,455454.0,2353.29,0.0,False,23.0,Extreme Fear,493.59776031971,343.540822327137,150.056937992573,2721.0,0.5896249086490114,0.4103750913509886,0.0551477170130735
2026-03-17,73922.4765625,75988.3984375,73444.2265625,74855.296875,49500721728.0,72930.72110261649,72067.84255930164,71108.99036747278,70495.65937834201,59.04825956688608,709.1083667084749,-214.91137198905173,924.0197386975268,69542.680859375,74935.13782781415,64150.22389093586,0.1550833790645329,2921.673242766112,-0.012617278563279,0.517284036419034,696.0,762.0,0.4773662551440329,0.1417331422464207,-0.989904902699727,True,119.8328,5001.0,22676.1,7.351526588977005,645.1217994266183,372893.0,1.6794979212598429,2936.165354330709,73.88996471729311,9.266666666666667,145042165424852.5,915680814.1687176,30667607.216510493,3.0789003700000004,231832.21651048987,79.07915292453372,7906826040.114284,808132.3337681588,488604.0,20002975.0,74859.5,2.16719631038437,2818.889980588536,0.9995762722975046,1.3620392217241302,326.588,128.455,263.608,158436.0,4.4,37.27,734503.0,31865.721,3.75,3.5,False,6716.08984375,5063390000.0,46993.26171875,479900000.0,96.20999908447266,308425.0,2317.31,0.0,False,28.0,Fear,431.87178426981,366.373575150967,65.498209118843,2640.0,0.5410263638528195,0.4589736361471804,0.0248099276965314
2026-03-18,71245.578125,74658.9765625,70503.859375,73936.8515625,46229011155.0,72369.00677674433,71885.11712945683,71128.5029042624,70563.83380985637,51.54803023252366,655.3615532949916,-40.85678693224307,696.2183402272346,69732.27109375,75081.95378938566,64382.58839811432,0.1534349193487018,3009.7763816756747,-0.0368841742334174,0.4552531520750011,697.0,761.0,0.4780521262002744,0.1374658887847515,-0.990506501452978,True,119.9276,4889.89990234375,22676.1,7.597098947465048,645.1217994266183,441086.0,1.4934366187050367,3173.2805755395684,51.67753398883711,10.683333333333334,145042165424852.47,1002201835.9799352,32271586.44477335,2.6175939300000013,192855.19477335003,71.90286225892079,6375312014.41345,770001.1028263333,472748.0,20003381.25,73927.68,1.7456938166850302,2635.932590031531,0.9905756338767172,1.3108271207032425,327.46,128.455,269.535,158436.0,4.4,37.27,741278.0,31865.721,3.75,3.5,False,6624.7001953125,5275480000.0,46225.1484375,472020000.0,96.31999969482422,157222.0,2204.12,0.0,False,26.0,Fear,378.160300016403,335.637887239456,42.522412776947,2277.0,0.5297860190290067,0.4702139809709933,0.0186747530860548
2026-03-19,69912.7890625,71598.84375,68805.5234375,71250.3515625,44631433398.0,71550.26753866288,71446.82200346643,70954.82949829634,70504.64792373306,48.26118232752607,499.4643634035601,67.20744313491758,432.25692026864255,69933.820703125,74967.0730493964,64900.56835685361,0.1439432965528359,2994.3152338774125,-0.0188841610476273,0.4457588210618784,698.0,760.0,0.4787379972565158,0.1331960823927644,-0.9910897051403672,True,120.1802,4600.7001953125,22676.1,7.739838936826812,669.015199405382,442571.0,1.55019776119403,3302.768656716418,49.86255974837057,10.9625,145042165424852.47,966151410.2252612,30093044.244407844,2.94951944,207400.49440785003,66.71346758418778,5718618497.256258,638206.3944732521,486162.0,20003806.25,71263.46,1.4420429591483674,3050.188058911113,0.9896869166090212,1.2873233530441244,327.46,128.455,269.535,158436.0,4.4,37.27,741278.0,31865.721,3.75,3.5,False,6606.490234375,5973390000.0,46021.4296875,482890000.0,96.13999938964844,118719.0,2138.23,0.0,False,23.0,Extreme Fear,371.754245579243,334.512173771858,37.242071807384,2410.0,0.5263654555752503,0.4736345444247498,0.01545314182879
2026-03-20,70522.5859375,71346.796875,69398.8828125,69911.53125,38299078407.0,71207.70700494193,71241.43621102945,70893.08041818258,70506.27865225733,49.83718831286234,420.275553791711,137.82106526627626,282.4544885254347,70110.15703125,74953.55462807108,65266.7594344289,0.1381653615370525,2919.5722930647403,0.0086844316474486,0.395280509058023,699.0,759.0,0.4794238683127572,0.1289238023666271,-0.9916545029310012,True,120.2757,4570.39990234375,22676.1,7.688303819097257,740.6953993416728,423312.0,1.5695882089552236,3159.044776119403,156.56067675050429,9.1875,143950842771680.8,958881917.8174204,31876728.37148085,2.72301647,199759.62148084995,69.87675695492148,5101822416.933103,654603.7156457596,496098.0,20004256.25,69911.35,1.5463859178236374,2652.739136302188,0.9939960091553344,1.2979134579553593,327.46,128.455,269.535,158436.0,4.4,37.27,741278.0,31865.721,3.75,3.5,False,6506.47998046875,10025820000.0,45577.46875,1044540000.0,98.31999969482422,461845.0,2146.53,0.0,False,11.0,Extreme Fear,340.715492486954,312.394333422184,28.32115906477,2086.0,0.5216817738313358,0.4783182261686642,0.0135767780751534
2026-03-21,68711.5234375,71051.2734375,68602.9140625,70522.46875,21109354718.0,70375.64581579462,70679.23337246734,70581.42942094222,70343.1190872794,45.412806192450496,208.97135191586855,152.05112259619474,56.92022931967384,70258.828125,74703.27164258204,65814.38460741796,0.1265163008319686,2885.914227488688,-0.0260161056310177,0.4149174476368115,700.0,758.0,0.4801097393689986,0.1246491280484455,-0.9922008843358094,True,120.2757,4570.39990234375,22676.1,7.850252002626965,525.6547995328001,488238.0,1.562198731884058,3537.9565217391305,42.49320674427037,8.475,133793147307543.5,917823292.9611512,31080134.51176869,2.6838131900000004,190225.13676869,62.96687468829444,1218707789.7153096,388286.671198245,458834.0,20004643.75,70507.53,0.7952815454721776,2988.2476953406976,0.9996990959517964,1.2832286394689276,327.46,128.455,269.535,158436.0,4.4,37.27,741278.0,31865.721,3.75,3.5,False,6506.47998046875,10025820000.0,45577.46875,1044540000.0,98.31999969482422,461845.0,2084.9,0.0,False,12.0,Extreme Fear,295.775773227215,233.274975895882,62.500797331333,1658.0,0.5590688109174103,0.4409311890825897,0.0376965001998389
2026-03-22,67845.2109375,69561.7734375,67372.875,68737.4453125,30108051508.0,69532.16752302976,70049.45060914126,70190.54106616476,70116.03652820854,43.42679058743025,-28.06936296596541,116.02702548376271,-144.09638844972812,70212.29609375,74740.80567089432,65683.78651660569,0.1289947723999137,2836.1273853466387,-0.0126881200860849,0.4065231934876264,701.0,757.0,0.48079561042524,0.1203721388247922,-0.992728839207739,True,120.2757,4570.39990234375,22676.1,7.947813344944635,573.4415994903273,629923.0,1.458155858024691,3888.4135802469136,39.38278677381854,7.745833333333334,133793147307543.58,1077444735.2152646,35362303.26767577,2.07426659,143403.26767577007,54.96383638082324,3563696747.3545766,482727.311061152,432406.0,20005075.0,68890.19,0.7663274893298896,2554.5003644232747,1.0124649872822984,1.2516621596693465,327.46,128.455,269.535,158436.0,4.4,37.27,741278.0,31865.721,3.75,3.5,False,6506.47998046875,10025820000.0,45577.46875,1044540000.0,98.31999969482422,461845.0,2053.6,0.0,False,10.0,Extreme Fear,286.927449762821,287.923833012581,-0.99638324976,1926.0,0.4991333556350875,0.5008666443649124,-0.0005173329438006
2026-03-23,70914.859375,71782.2578125,67458.84375,67843.0,51508669357.0,69993.06480701984,70241.76366822098,70294.01511028409,70188.65678700777,51.51752334310968,31.40709603506548,99.10303959402329,-67.69594355895781,70343.356640625,74789.02855598269,65897.68472526732,0.1263991975267839,2942.3621480004504,0.044251193034697,0.4270732050560873,702.0,756.0,0.4814814814814814,0.1160929141252303,-0.993238357741943,True,119.9371,4404.10009765625,22676.1,7.671726518480591,669.015199405382,540923.0,1.6216366875000006,3380.76875,33.551700201756894,8.8375,133793147307543.58,1064142948.360755,35403134.78180417,2.450479819999999,171937.90680415006,64.02210335906197,6351371463.8087845,699206.7617552384,476303.0,20005581.25,67849.71,1.2926179174397066,2627.032011019044,0.9990976207055828,1.3014094083299217,327.46,128.455,269.535,158436.0,4.4,37.27,741278.0,31865.721,3.75,3.5,False,6581.0,6020650000.0,46208.46875,530140000.0,88.12999725341797,666790.0,2151.45,0.0,False,8.0,Extreme Fear,392.824584543705,377.866777420044,14.957807123661,2527.0,0.509704148678628,0.4902958513213721,0.0059191955376576
2026-03-24,70517.859375,71371.3046875,68920.6953125,70912.671875,40181522399.0,70167.9963296799,70303.11826972743,70325.99286238637,70218.58429500707,50.51139597786352,45.97803005541209,88.47803768630105,-42.50000763088896,70233.720703125,74539.53823837556,65927.90316787444,0.122613966400871,2907.23694992899,-0.0056139915316955,0.4148511671117675,703.0,755.0,0.4821673525377229,0.1118115334208379,-0.9937294304759624,True,120.1295,4399.2998046875,22676.1,7.683495806040998,573.4415994903273,382745.0,1.5943315919999996,3061.96,43.25440287269424,9.85,133793147307543.44,831361678.4068401,29425134.82461507,2.5000176200000004,185812.94961507004,72.50963461870104,6967432240.095557,709887.2758503245,460523.0,20006087.5,70885.18,1.8547264519466604,2416.9465263053503,0.9830750407950556,1.3002777489726736,327.46,128.455,269.535,158436.0,4.4,37.27,741278.0,31865.721,3.75,3.5,False,6556.3701171875,5278580000.0,46124.05859375,474450000.0,92.3499984741211,420067.0,2156.0,0.0,False,11.0,Extreme Fear,422.947093248367,390.700451016426,32.246642231941,2544.0,0.5198161000172864,0.4801838999827137,0.0126755669150711
2026-03-25,71309.8828125,71985.7421875,70383.59375,70520.046875,35409791747.0,70548.6251572866,70526.8437236769,70466.54856954547,70317.79325114278,52.50429164953495,120.05139468610288,94.79270908626142,25.25868559984144,70257.15859375,74581.95868731299,65932.35850018702,0.1231134358441792,2814.0163418983475,0.0111689244808132,0.4181087899943997,704.0,754.0,0.4828532235939643,0.1075280762227345,-0.9942020482899026,True,120.1282,4549.7998046875,22676.1,7.615119565157806,621.2283994478546,514820.0,1.550935490196078,3364.836601307189,27.99374132765989,8.666666666666666,133793147307543.56,1017586694.3699718,34532744.55173951,2.6523244300000006,188725.8017395101,66.43748783469002,8326071521.44758,691480.8570040257,501248.0,20006471.875,70517.65,1.3431507264753229,2813.556191746143,0.9945890369829828,1.31291879231233,327.46,128.455,269.535,158436.0,4.4,37.27,741278.0,31865.721,3.75,3.5,False,6591.89990234375,4936720000.0,46429.48828125,462990000.0,90.31999969482422,405170.0,2168.11,0.0,False,14.0,Extreme Fear,420.59312748909,377.872540414333,42.720587074757,2443.0,0.5267516743624875,0.4732483256375124,0.0174869369933512
2026-03-26,68791.625,71410.390625,68118.3515625,71310.1171875,38962070215.0,69962.95843819107,70141.2395628598,70227.27377389613,70179.05068285707,46.14188358886855,-24.168688092540837,71.00042965050098,-95.1691177430418,70289.915234375,74556.61883173772,66023.21163701228,0.121403008756969,2848.1608219413224,-0.0359529188074161,0.4581773695584152,705.0,753.0,0.4835390946502058,0.1032426220806013,-0.9946562024066016,True,120.389,4375.5,22676.1,7.872902702172589,597.334999469091,629007.0,1.6029883030303034,3812.163636363636,37.39886181360559,9.833333333333334,133793147307543.6,1097397415.4970288,36135408.58812936,2.368157569999999,164758.5881293599,57.44834093758791,6233836622.328477,754796.9113293219,491918.0,20006950.0,71301.05,1.199981735226034,2867.9433633837093,0.9940082850577014,1.2664072256679189,327.46,128.455,269.535,158436.0,4.4,37.27,741278.0,31865.721,3.75,3.5,False,6477.16015625,4845560000.0,45960.109375,505010000.0,94.4800033569336,350768.0,2059.82,0.0,False,10.0,Extreme Fear,434.942850708961,368.531264960766,66.411585748196,2562.0,0.5413277692790628,0.4586722307209372,0.0259217742967197
2026-03-27,66338.375,69117.53125,65532.5703125,68790.8359375,46483453594.0,68754.76395879405,69296.15854889096,69671.71680619668,69829.89834805188,40.93744646237849,-332.58705849639955,-9.717067978879136,-322.8699905175204,70243.204296875,74666.57312717129,65819.83546657872,0.1259443920468494,2900.7894016240853,-0.0363134696852071,0.4876015489398021,706.0,752.0,0.4842249657064472,0.0989552505812072,-0.9950918843917936,True,120.8851,4492.0,22676.1,8.112614534775597,692.9085993841455,664609.0,1.5578989934210528,4372.427631578948,36.20709425222167,9.995833333333334,133793147307543.56,1010935800.9427172,32572797.44915061,2.6733837,182416.19915059992,48.619453647788674,8652009474.541578,831740.415680567,507433.0,20007478.125,68779.41,1.2514732958484869,3721.98451454904,0.9811737173660086,1.221391534843414,327.46,128.455,269.535,158436.0,4.4,37.27,741278.0,31865.721,3.75,3.5,False,6368.85009765625,5303490000.0,45166.640625,555090000.0,99.63999938964844,374920.0,1991.88,0.0,False,13.0,Extreme Fear,496.441012442112,383.19899892807,113.242013514042,2831.0,0.56436838482236,0.43563161517764,0.04000071123774
2026-03-28,66319.6953125,67232.859375,65906.7421875,66338.5,20924883455.0,67943.07441002937,68634.72227413741,69192.85659281144,69510.78898118353,40.89961874034776,-571.925334499465,-122.1587212829963,-449.7666132164687,70260.7,74615.13070935743,65906.26929064257,0.1239506782413904,2788.312814900936,-0.0002816215791388,0.486187443685389,707.0,751.0,0.4849108367626886,0.0946660413469279,-0.995509086154266,True,120.8851,4492.0,22676.1,8.101533007253584,621.2283994478546,763304.0,1.4749697241379316,4386.80459770115,31.624640662043955,8.433333333333334,133793147307543.6,1157255456.3423212,37549561.72943241,1.8646291600000005,126280.47943245,47.25081570511172,2709136323.610358,493152.2749766285,432914.0,20007940.625,66329.87,0.6460758426218499,2567.017846100539,0.9906816719572782,1.2242821302425808,327.46,128.455,269.535,158436.0,4.4,37.27,741278.0,31865.721,3.75,3.5,False,6368.85009765625,5303490000.0,45166.640625,555090000.0,99.63999938964844,374920.0,1993.61,0.0,False,12.0,Extreme Fear,327.962157070637,315.947963356972,12.014193713665,2057.0,0.5093290921609421,0.490670907839058,0.0058406386551604
2026-03-29,65954.921875,67052.953125,64971.70703125,66319.6953125,21645889785.0,67280.35689835291,68039.2110743291,68730.29449026696,69187.52833516685,40.11998877105165,-782.0221459320746,-254.131406212812,-527.8907397192627,70138.326953125,74836.63452192975,65440.01938432025,0.133972615912117,2737.808049104441,-0.0055154098337006,0.4631006464279029,708.0,750.0,0.48559670781893,0.0903750740342681,-0.9959077999460092,True,120.8851,4492.0,22676.1,8.145545237480398,669.015199405382,634952.0,1.5282473888888888,4409.388888888889,33.55619250857566,11.375,133793147307543.52,957728653.5246795,31332097.96829808,1.6342692299999992,109957.34329807998,47.037917511703256,1979365473.9460344,475378.8111628571,382086.0,20008484.375,66320.1,0.7486846425601574,2228.310249522525,0.9959122914875992,1.2173465160210977,327.46,128.455,269.535,158436.0,4.4,37.27,741278.0,31865.721,3.75,3.5,False,6368.85009765625,5303490000.0,45166.640625,555090000.0,99.63999938964844,374920.0,1982.91,0.0,False,9.0,Extreme Fear,293.43403762579,329.135693311691,-35.701655685902,2007.0,0.4713271831958964,0.5286728168041037,-0.0177885678554568
2026-03-30,66691.4453125,68087.2890625,65759.8046875,65958.3515625,37694994180.0,67084.05303640195,67739.70757170042,68439.03032201453,68960.61169674258,42.50319184703056,-878.9619701777701,-379.0975190058036,-499.8644511719665,69976.553125,74921.8290645261,65031.27718547391,0.1413409411776051,2708.4992152398386,0.0111051817312093,0.4342145772456796,709.0,749.0,0.4862825788751714,0.0860824283323839,-0.9962880183623608,True,121.2851,4526.0,22676.1,8.064850064264052,716.8019993629092,532760.0,1.6260001544117648,3917.352941176471,38.84671845465556,9.683333333333334,133793147307543.5,904521506.1066417,31652198.95194288,2.49977593,178683.3269428901,53.746177667497925,7311067757.215472,826612.1484346661,459981.0,20008934.375,65956.94,1.551565711454813,3007.542364011674,0.9878880866103714,1.2307677885365405,327.46,128.455,269.535,158436.0,4.4,37.27,741278.0,31865.721,3.75,3.5,False,6343.72021484375,5458640000.0,45216.140625,540680000.0,102.87999725341797,374075.0,2025.05,0.0,False,8.0,Extreme Fear,407.716703653336,340.994275152683,66.722428500652,2339.0,0.5445582009542963,0.4554417990457036,0.0285260489528225
2026-03-31,68233.3125,68495.2734375,65950.4375,66694.5859375,42997691338.0,67467.13952426797,67849.39755576699,68409.64206172674,68894.4935879478,47.237430961972784,-821.8973620206671,-467.6574876087764,-354.2398744118907,69877.974609375,74882.3354659073,64873.61375284271,0.1432314226194213,2696.8089811155646,0.0228562101625793,0.4611490485267256,710.0,748.0,0.4869684499314129,0.0817881839615997,-0.9966497343421428,True,121.035,4647.60009765625,22676.1,7.920220579412758,645.1217994266183,523751.0,1.6161616176470597,3851.110294117647,44.70275589219941,10.879166666666666,133793147307543.5,904521506.1066417,29208989.5260379,2.47214933,166514.52603790988,55.02606250701819,7319725452.480144,764466.326108077,485131.0,20009359.375,66694.46,1.4595987904711911,2985.7982402690586,0.998043355005496,1.2594615926249515,327.46,128.455,269.535,158436.0,4.4,37.27,741278.0,31865.721,3.75,3.5,False,6528.52001953125,6396100000.0,46341.51171875,639410000.0,101.37999725341797,495395.0,2103.8,0.0,False,11.0,Extreme Fear,374.672318935394,417.178353667259,-42.506034731865,2550.0,0.4731603216347873,0.5268396783652126,-0.0166690332281823
2026-04-01,68078.5546875,69230.359375,67555.359375,68232.890625,36465393617.0,67670.94457867865,67900.32136281877,68362.34386540865,68820.31732427073,46.82072008052918,-780.1676242961985,-530.1595149462609,-250.00810934993763,69757.229296875,74815.30738084248,64699.15121290751,0.1450194663678844,2623.822625321596,-0.0022706442540199,0.4281609747187648,711.0,747.0,0.4876543209876543,0.077492420671931,-0.996992941167792,True,120.1198,4783.2001953125,22799.9,7.9219114575970595,597.334999469091,683419.0,1.6618466543209875,4218.635802469136,58.14145328718446,9.7875,133793147307543.58,1077444735.2152646,36946073.87653185,2.5519788400000007,177892.62653185014,50.85747502148333,6475233191.952339,660117.118000317,527189.0,20009784.375,68216.53,0.9659039593577542,3290.6121862381456,0.999324681701618,1.2578004357870882,327.46,128.455,269.535,158436.0,4.4,37.27,741278.0,31865.721,3.75,3.5,False,6575.31982421875,5637260000.0,46565.73828125,604140000.0,100.12000274658203,434561.0,2138.42,0.0,False,8.0,Extreme Fear,372.610170006752,327.574345827103,45.035824179649,2286.0,0.5321599686662705,0.4678400313337296,0.0197007104897852
2026-04-02,66888.5703125,68633.1484375,65725.2578125,68077.8984375,39323384518.0,67410.15315661911,67675.48779608126,68151.80478642171,68644.7039595643,43.63329530314252,-833.5101146910456,-590.8296348952179,-242.68047979582772,69553.24453125,74733.26954094655,64373.21952155345,0.1489513550261249,2644.1131967271967,-0.0176341492288758,0.4269250537639263,712.0,746.0,0.4883401920438957,0.0731952182416005,-0.9973176324654872,True,120.503,4651.5,22799.9,8.072852206124566,549.5481995115637,508404.0,1.7429542275862062,3506.2344827586207,23.89903460546412,9.566666666666666,133793147307543.52,964379546.951934,32944128.014213223,2.5470017899999995,177903.01421325005,61.01950937536599,6704823313.014916,871504.38238046,505693.0,20010290.625,68099.79,1.7141965491625952,2745.454485820703,0.9882493517350538,1.2361570581529682,327.46,128.961,269.535,158436.0,4.4,37.27,741278.0,31865.721,3.75,3.5,False,6582.68994140625,4740740000.0,46504.671875,446710000.0,111.54000091552734,0.0,2056.97,0.0,False,12.0,Extreme Fear,375.118054449558,331.717850089073,43.400204360485,2327.0,0.53070033941528,0.4692996605847199,0.0186507109413343
2026-04-03,66931.1015625,67296.234375,66281.5390625,66889.015625,22815543346.0,67250.46929191274,67510.0686330632,67977.41861157576,68488.92192346754,43.78060779403825,-862.4111671121791,-645.1459413386101,-217.265225773569,69339.068359375,74583.67763717593,64094.45908157406,0.1512742931767942,2527.7262049966826,0.0006356502125007,0.4226124530985884,713.0,745.0,0.4890260631001372,0.0688966564755576,-0.9976238022052648,True,120.6565,4651.5,22799.9,8.057288702802431,549.5481995115637,459037.0,1.6508343030303023,3477.5530303030305,32.4637638675089,9.820833333333333,136967932957976.36,898750099.8899364,28565511.275230706,2.6145644900000007,179158.1502306999,59.79400851362417,3007067104.088623,640794.1503572142,498568.0,20010743.75,66891.36,1.395953159238175,2879.003950430276,0.9949721530711598,1.2360952901456137,327.46,128.961,269.535,158436.0,4.4,37.27,741278.0,31865.721,3.75,3.5,False,6582.68994140625,4740740000.0,46504.671875,446710000.0,111.54000091552734,0.0,2054.16,0.0,False,9.0,Extreme Fear,342.978719770908,292.741326034069,50.237393736839,2070.0,0.5395121988588752,0.4604878011411248,0.0242692723366372
2026-04-04,67290.515625,67515.015625,66769.640625,66938.6484375,15878814963.0,67263.8180696085,67461.27907571582,67879.28961349351,68379.97589633412,45.08667718883117,-846.5551870476775,-685.4277904804236,-161.12739656725387,69064.0984375,74120.18833187074,64008.00854312925,0.1464173140244865,2400.415404639777,0.0053555444955297,0.4062098059713391,714.0,744.0,0.4897119341563786,0.0645968152039979,-0.997911444701132,True,120.6565,4651.5,22799.9,8.01863007857623,476.05014698535257,433372.0,1.7573782916666665,3611.433333333333,35.876953044396856,11.8375,138966872071212.52,828969681.6295495,26981692.957717583,2.04944825,140708.58271759,59.533980467807964,1443412965.6513567,433866.565893366,430348.0,20011165.625,66931.75,1.00114120407725,2260.019784712787,0.9987739539875986,1.2435879583030514,327.46,128.961,269.535,158436.0,4.4,37.27,741278.0,31865.721,3.75,3.5,False,6582.68994140625,4740740000.0,46504.671875,446710000.0,111.54000091552734,0.0,2065.37,0.0,False,11.0,Extreme Fear,315.419760227203,318.232868492603,-2.8131082654,2026.0,0.4977802441449005,0.5022197558550996,-0.0013885035860809
2026-04-05,68981.8984375,69087.65625,66610.6328125,67291.1953125,22972648674.0,67836.51152557234,67799.19448944564,68036.80515978017,68434.69612734919,50.87096472860808,-689.5599334410363,-686.2542190725462,-3.305714368490044,68770.1390625,73027.70605555421,64512.57206944581,0.1238202234602091,2405.887406986936,0.0248248287948484,0.4220326271056593,715.0,743.0,0.49039780521262,0.0602957742808772,-0.9981805546111732,True,120.6565,4651.5,22799.9,7.870213161532575,533.1761646235949,725796.0,1.540044622641509,4564.754716981132,67.86668329086851,8.475,138966872071212.4,1098384828.1591525,36446472.64345209,1.6123819400000006,113578.89345211005,45.27984614972505,1458245965.5939348,460472.2420253285,380100.0,20011550.0,67286.12,0.6344375582468469,2261.8130253210606,1.0082872231932942,1.2731860065048008,327.46,128.961,269.535,158650.0,4.3,37.35,741278.0,31865.721,3.75,3.5,False,6582.68994140625,4740740000.0,46504.671875,446710000.0,111.54000091552734,0.0,2109.36,0.0,False,12.0,Extreme Fear,305.751272976398,283.223236560822,22.528036415577,1876.0,0.5191247974664278,0.4808752025335721,0.0120085481959365
2026-04-06,68859.828125,70305.421875,68347.078125,68982.9140625,39542143229.0,68177.6170587149,68034.89085290216,68154.37986909729,68473.344490772,50.45786600235188,-568.4375239664369,-662.6908800513244,94.25335608488751,68517.006640625,72019.86581205315,65014.14746919685,0.1022478751823124,2373.9200029164404,-0.0017711667933321,0.3493417215488102,716.0,742.0,0.4910836762688614,0.0559936135824324,-0.9984311269376476,True,120.4302,4656.7998046875,22799.9,7.899645586924146,637.9071969603724,465261.0,1.7841591640625,3634.8515625,25.841514541477835,10.491666666666667,138966872071212.5,884234327.0715194,27896636.58467976,2.175667849999999,151014.70967976004,59.959112379244665,4355593806.902083,602231.6032533034,447163.0,20012028.125,68996.55,1.294395195929389,2518.628173222174,1.0013799892503097,1.270093812424762,327.46,128.961,269.535,158650.0,4.3,37.35,741278.0,31865.721,3.75,3.5,False,6611.830078125,3906440000.0,46669.87890625,339870000.0,112.41000366210938,271742.0,2106.65,0.0,False,13.0,Extreme Fear,386.850704669952,310.102389514446,76.748315155506,2235.0,0.5550598855187808,0.4449401144812192,0.0343392908973181
2026-04-07,71940.703125,72732.4296875,67740.5078125,68859.375,44650511480.0,69431.97908080994,68902.84913559057,68695.28319136912,68788.55891206545,59.41549110452052,-221.2953225379897,-574.4117685486575,353.1164460106678,68551.762890625,72180.16087303436,64923.364908215655,0.1058586338092718,2560.9201366366947,0.0437692500886501,0.41937696304474,717.0,741.0,0.4917695473251028,0.0516904130056949,-0.9986631570270832,True,120.32,4657.10009765625,22799.9,7.583125919772547,599.8231852015442,538981.0,1.614333688405797,3905.659420289855,27.73884079371252,9.608333333333334,138966872071212.48,953315133.8739818,30230835.12217497,2.36089633,163231.99717497002,55.56382977715342,5575967620.145627,841917.659089358,480114.0,20012437.5,68856.54,1.5620544306559194,2910.238659097713,0.9982932925075562,1.330703341528385,327.46,128.961,269.535,158650.0,4.3,37.35,741278.0,31865.721,3.75,3.5,False,6616.85009765625,4555680000.0,46584.4609375,450740000.0,112.94999694824219,429331.0,2240.3,0.0,False,11.0,Extreme Fear,335.528093457222,322.837476193905,12.690617263317,2134.0,0.5096379715528273,0.4903620284471727,0.0059468684457905
2026-04-08,71123.359375,72825.1875,70707.46875,71950.1484375,42444631703.0,69995.77251220663,69396.29585545934,69042.1512176021,69000.81349960495,56.49699656650321,-11.997141105006447,-461.9288430599273,449.93170195492087,68612.29140625,72374.2193506037,64850.36346189631,0.1096575516500244,2529.2628947340736,-0.0114263865929017,0.4205079146315127,718.0,740.0,0.4924554183813443,0.047386252467008,-0.9988766405703624,True,119.0596,4749.5,22799.9,7.686693476896478,695.0332145986147,558574.0,1.704851162162162,3774.1486486486488,33.43819845839782,9.241666666666667,138966872071212.44,1022395940.676444,36394654.17361098,2.44339218,186282.29861096,59.96486296446392,5936286348.016992,768962.4655570782,489051.0,20012865.625,71949.58,1.3766528079664972,2859.00363740136,1.0051166012710375,1.3129220338742065,327.46,128.961,269.535,158650.0,4.3,37.35,741278.0,31865.721,3.75,3.5,False,6782.81005859375,5904880000.0,47909.921875,523710000.0,94.41000366210938,599576.0,2189.75,0.0,False,17.0,Extreme Fear,486.747563064098,425.687256097794,61.060306966305,2676.0,0.5334600925370157,0.4665399074629844,0.022817752976945
2026-04-09,71767.828125,73107.265625,70486.359375,71120.5703125,38799581473.0,70586.4577164711,69923.30302646838,69431.53363294466,69252.36028373177,58.238857065461296,203.5302476656216,-328.8370249148176,532.3672725804391,68674.553515625,72606.95974858609,64742.14728266392,0.1145229501074623,2535.80884868164,0.0090204739879136,0.3731421263830551,719.0,739.0,0.4931412894375857,0.0430812119005439,-0.9990715736028029,True,118.8998,4792.2001953125,22799.9,7.628025928344885,618.8651910809583,586158.0,1.672366340277777,4070.5416666666665,63.39349807873863,10.641666666666666,138966872071212.44,994763617.9554594,34088594.566414475,2.399808300000001,179675.81641446997,54.79952828732674,5196240368.168461,710837.931920985,484467.0,20013340.625,71129.61,1.212707037899312,3089.549995752452,1.000219788297472,1.325828946125455,327.46,128.961,269.535,158650.0,4.3,37.35,741278.0,31865.721,3.75,3.5,False,6824.66015625,4912410000.0,48185.80078125,445240000.0,97.87000274658203,427201.0,2190.42,0.0,False,14.0,Extreme Fear,507.196263551712,391.814241290092,115.38202226162,2651.0,0.5641716763264759,0.435828323673524,0.0435239616226405
2026-04-10,72979.046875,73440.1171875,71434.828125,71774.3671875,37722595732.0,71383.98743598073,70602.35721503096,69938.32123895257,69591.14997384706,61.36947550431005,466.69274316779047,-169.73107129829594,636.4238144660865,68887.9296875,73266.58239307525,64509.27698192474,0.127123945383128,2497.9145782400938,0.0167360714535282,0.3088996214045935,720.0,738.0,0.4938271604938271,0.0387753712568168,-0.99924795250423,True,118.8552,4761.89990234375,22799.9,7.525905267100326,580.7811793221301,448495.0,1.6723177999999996,3587.96,36.44168708798424,12.866666666666667,138966872071212.52,863510085.0307804,30288293.046783395,2.672592899999999,202933.67178339988,62.98906737399063,6491981313.769409,782677.3136501362,507681.0,20013781.25,71771.25,1.7451193740178512,3004.9477197646715,1.0038241714422926,1.3468426562660187,327.46,128.961,269.535,158650.0,4.3,37.35,741278.0,31865.721,3.75,3.5,False,6816.89013671875,4393220000.0,47916.5703125,477060000.0,96.56999969482422,314855.0,2245.12,0.0,False,16.0,Extreme Fear,446.864647209644,368.348271608353,78.516375601292,2530.0,0.5481569745699899,0.4518430254300101,0.0310341405538703
2026-04-11,73054.2734375,73784.234375,72556.3359375,72976.125,23287073965.0,71940.74943648715,71147.22748669074,70383.4572673165,69905.97937963369,61.56220560017331,673.5567290379258,-1.0735112310516115,674.6302402689774,69148.3828125,73871.99180176176,64424.77382323824,0.1366223994585704,2407.1991396158014,0.0010302658186926,0.3081251177952479,721.0,737.0,0.4945130315500686,0.0344688105012004,-0.999405773999046,True,118.8552,4761.89990234375,22799.9,7.514720499392833,514.1341587441808,465807.0,1.6340026666666665,3787.048780487805,53.10251269234861,12.466666666666669,138966872071212.52,849693923.6702881,30023283.722729884,1.9800370899999995,147289.97272987993,61.111371991031504,1987525971.380788,638895.7782751739,441709.0,20014162.5,72976.07,1.3715890449803756,2285.183091929589,1.0060594557127074,1.3497406830177825,327.46,128.961,269.535,158650.0,4.3,37.35,741278.0,31865.721,3.75,3.5,False,6816.89013671875,4393220000.0,47916.5703125,477060000.0,96.56999969482422,314855.0,2285.69,0.0,False,15.0,Extreme Fear,294.093744575977,302.606180608273,-8.512436032295,1766.0,0.4928670713091949,0.5071329286908052,-0.0048201789537344
2026-04-12,70753.40625,73154.03125,70540.5703125,73056.046875,29882740487.0,71544.96837432477,71059.71165631502,70436.30712198558,69983.01818603062,52.87338096914286,644.4088314542751,128.02295730601372,516.3858741482613,69140.31015625,73851.74409552665,64428.87621697334,0.1362861673206064,2421.9321251789584,-0.0320019564160111,0.3629175707955365,722.0,736.0,0.49519890260631,0.030161609612442,-0.9995450351562888,True,118.8552,4761.89990234375,22799.9,7.727286703858398,552.218170503009,707229.0,1.659221206451614,4562.767741935484,67.78947429081892,11.233333333333333,138966872071212.4,1070752505.4381678,36106957.76146776,1.7629468799999994,127092.13646776,49.64172423144776,1576299770.494101,467236.022298755,395725.0,20014562.5,73065.17,0.6606573292367183,2489.3607812585665,0.9970083879261176,1.3049673347970956,327.46,128.961,269.535,158650.0,4.3,37.35,741278.0,31865.721,3.75,3.5,False,6816.89013671875,4393220000.0,47916.5703125,477060000.0,96.56999969482422,314855.0,2192.02,0.0,False,16.0,Extreme Fear,267.799749433994,309.08619505167,-41.286445617676,1770.0,0.4642161106434254,0.5357838893565745,-0.0233256754902124
2026-04-13,74484.640625,74896.3125,70588.5234375,70757.6171875,52278211554.0,72524.85912454985,71820.80698268945,71014.64047955906,70392.25658957328,62.19242468977815,911.8767953821372,284.79372492123844,627.0830704608986,69338.64921875,74596.54763851433,64080.75079898568,0.1516585188493267,2556.636192130461,0.0513922577822332,0.4333577267309526,723.0,735.0,0.4958847736625514,0.0258538485811758,-0.9996657333896874,True,118.9916,4742.39990234375,22799.9,7.392919640688059,561.739173442716,641052.0,1.6518727500000003,4331.4324324324325,33.32659739811972,10.875,138966872071212.44,1022395940.676444,35058588.5729043,2.31460802,170238.57290429997,51.760593296695376,6633310041.043966,800470.9252456812,454902.0,20015043.75,70768.13,1.2486832975260684,3112.8400223673543,1.0052281613533234,1.3770482398402828,327.46,128.961,269.535,158650.0,4.3,37.35,741278.0,31865.721,3.75,3.5,False,6886.240234375,4785840000.0,48218.25,455850000.0,99.08000183105469,344337.0,2368.93,0.0,False,12.0,Extreme Fear,363.16123008728,351.888781249523,11.272448837757,2273.0,0.5078822800217029,0.4921177199782971,0.0049592823747281
2026-04-14,74181.609375,76061.7578125,73877.203125,74478.3984375,53540826530.0,73077.10920803325,72345.42973653624,71467.0646074792,70736.74320643026,61.13508351130148,1086.8662765748304,445.2082352519568,641.6580413228736,69482.235546875,75110.58980827361,63853.88128547639,0.1620084390520664,2530.0589417997144,-0.0040766706589971,0.4290478073852742,724.0,734.0,0.4965706447187928,0.0215456074084403,-0.99976786645771,True,118.3581,4825.0,22799.9,7.447018405861101,609.3441881412513,610515.0,1.7164178841463409,3722.6524390243903,52.37689169928577,9.65,138966872071212.4,1132925231.560384,43519231.83055178,2.52465932,198453.7055517799,59.64921452789908,12370994758.47783,1033682.532575698,491023.0,20015493.75,74501.01,1.6931320812358384,2784.032689655329,1.0015499252736957,1.3687529040183417,327.46,128.961,269.535,158650.0,4.3,37.35,741278.0,31865.721,3.75,3.5,False,6967.3798828125,5032380000.0,48535.98828125,527910000.0,91.27999877929688,315821.0,2322.93,0.0,False,21.0,Extreme Fear,385.72510266304,348.475854337215,37.249248325825,2542.0,0.525367202242568,0.4746327977574319,0.0146535201911191
2026-04-15,74805.078125,75409.2734375,73549.203125,74182.0234375,38090174312.0,73653.09884702216,72892.01826730598,71943.92368141076,71106.59183539114,62.54595776898205,1261.3157558389066,608.4297393693467,652.8860164695599,69782.908203125,75878.97932433922,63686.83708191077,0.1747153071772159,2482.2026111354494,0.0083695046837294,0.4267432860548987,725.0,733.0,0.4972565157750342,0.0172369661041895,-0.9998514324636052,True,118.3623,4800.0,22799.9,7.407133976587567,561.739173442716,465753.0,1.660054016,3726.024,31.23570086157502,10.966666666666669,138966872071212.52,863510085.0307804,30137463.29437224,2.70737594,207347.66937224,62.62212923679815,8799963363.243324,815890.0492993786,470280.0,20016006.25,74195.34,1.751765526576058,3204.4103417012707,0.9979112869022784,1.3796263886883915,330.293,128.961,276.109,158650.0,4.3,37.35,754013.0,31865.721,3.75,3.5,False,7022.9501953125,5278610000.0,48463.71875,529870000.0,91.29000091552734,240397.0,2360.86,0.0,False,23.0,Extreme Fear,389.657145261765,359.349092066288,30.308053195477,2356.0,0.5202321767730503,0.4797678232269496,0.0128641991491837
2026-04-16,75152.1328125,75506.5703125,73346.265625,74810.875,41312783855.0,74152.77683551479,73394.26594401576,72402.23927156637,71474.36828785558,63.343672173389685,1411.3040037712926,769.0045922497359,642.2994115215567,70223.59609375,76541.48285529167,63905.709332208346,0.1799362924424192,2459.209902304346,0.0046287244870706,0.405675611134107,726.0,732.0,0.4979423868312757,0.0129280046858085,-0.9999164298554372,True,118.3616,4785.39990234375,22799.9,7.338510837913556,580.7811793221301,630320.0,1.679804638157894,4146.8421052631575,33.860378866232075,10.325,138966872071212.42,1050028263.3974292,37530771.07909433,2.5916967900000003,199405.45409432016,55.80426988176864,6827305647.032912,845560.130677797,470280.0,20016396.875,74814.99,1.3414775521604851,3348.965188054563,1.001756732077424,1.3856258612153995,330.293,128.961,276.109,158650.0,4.3,37.35,754013.0,31865.721,3.75,3.5,False,7041.27978515625,5173650000.0,48578.71875,456610000.0,94.69000244140625,194354.0,2348.92,0.0,False,23.0,Extreme Fear,406.906755387783,404.324946641922,2.581808745861,2612.0,0.5015912893562969,0.498408710643703,0.0009884413268993
2026-04-17,77126.875,78320.6796875,74558.6015625,75164.0390625,54137194839.0,75144.1428903432,74223.73462312337,73077.18723277119,71988.23253441417,67.57542423197064,1670.2622186325898,949.2561175263068,721.006101106283,70763.955078125,77510.09789938743,64017.81225686257,0.1906660760782671,2552.2719182111787,0.025937296578403,0.4127280926847103,727.0,731.0,0.4986282578875171,0.0086188031766286,-0.999962857426116,True,118.0795,4857.60009765625,22799.9,7.2011437711603214,761.6802351765641,552747.0,1.5910114964539008,3920.191489361702,39.15663100374713,10.266666666666667,138129851902712.72,968172577.6598403,35162805.095583595,3.4935794500000004,271170.72058357,60.56068432864743,7922347197.329179,896522.3109313863,521678.0,20016871.875,75169.74,1.6219397137051603,4262.708901720484,1.0073568337146703,1.4223235153878984,330.293,128.961,276.109,158650.0,4.3,37.35,754013.0,31865.721,3.75,3.5,False,7126.06005859375,6145300000.0,49447.4296875,585650000.0,83.8499984741211,116624.0,2419.87,0.0,False,21.0,Extreme Fear,437.487036168575,597.252933561802,-159.765897393227,2810.0,0.4227990113135103,0.5772009886864897,-0.0568561912431412
2026-04-18,75726.2109375,77416.703125,75504.9453125,77136.046875,26014416776.0,75338.1655727288,74557.6182485404,73455.6191905896,72328.04875287652,62.09938185419453,1742.38149630306,1107.8811932816575,634.5003030214025,71252.51953125,77947.33893372958,64557.700128770426,0.187918110026786,2506.52091066038,-0.0183274450765037,0.4373945524548526,728.0,730.0,0.4993141289437586,0.0043094416044382,-0.999990714313417,True,118.0795,4857.60009765625,22799.9,7.38070530622001,523.6551616838879,695157.0,1.5364537908496727,4543.509803921569,47.42796127980792,9.283333333333331,135594876535256.44,1031290054.5634866,37175673.68235055,2.106092080000001,161473.68235050995,52.48014286530112,2768806279.2658143,720683.5218236896,439552.0,20017328.125,77143.43,1.0367205132418855,3019.435816035389,0.9995701141279336,1.3980047368399022,330.293,128.961,276.109,158650.0,4.3,37.35,754013.0,31865.721,3.75,3.5,False,7126.06005859375,6145300000.0,49447.4296875,585650000.0,83.8499984741211,116624.0,2351.04,0.0,False,26.0,Fear,357.334567427635,557.990510344505,-200.65594291687,2412.0,0.3903908852769239,0.609609114723076,-0.0831906894348549
2026-04-19,73856.3515625,76243.09375,73802.3828125,75723.6953125,30931515195.0,74844.2275693192,74401.78120719809,73512.86667229109,72466.9853719332,55.61953132472125,1629.866433266492,1212.2782412786244,417.5881919878677,71610.76484375,78039.44452468937,65182.08516281063,0.1795450640686865,2501.8201982917817,-0.0250023364949234,0.4584617977075325,729.0,729.0,0.5,1.2246467991473532e-16,-1.0,True,118.0795,4857.60009765625,22799.9,7.577351468295217,495.09215286476666,727793.0,1.4844166645569612,4606.284810126583,60.14572620181354,10.083333333333334,135594876535256.44,1064992343.928306,39687112.333298646,1.7609784100000003,139377.95829866992,50.75273007058921,2883140409.3545456,732772.3719908487,396267.0,20017790.625,75734.7,1.0068417420761793,2555.950696341144,0.9973518417337516,1.3634656752952106,330.293,128.961,276.109,158650.0,4.3,37.35,754013.0,31865.721,3.75,3.5,False,7126.06005859375,6145300000.0,49447.4296875,585650000.0,83.8499984741211,116624.0,2263.9,0.0,False,27.0,Fear,281.710050344467,480.955152153969,-199.245101809502,2179.0,0.369375775139085,0.6306242248609151,-0.0914387800869674
2026-04-20,75872.5234375,76575.359375,73775.5703125,73854.25,39674447916.0,75186.99285871281,74728.61281393185,73849.96049589236,72776.5797415302,60.41579378817848,1683.9738533003256,1306.6173636829649,377.3564896173609,71992.725390625,78483.93655618206,65501.514225067935,0.1803296410946086,2523.1036885923686,0.026932597272259,0.4700552612762497,730.0,728.0,0.5006858710562414,-0.0043094416044379,-0.999990714313417,True,118.2374,4806.60009765625,22799.9,7.41649145225783,533.1761646235949,547526.0,1.5632210307692316,4211.738461538462,45.55996050003501,11.85,135594876535256.52,876259523.4853154,30691964.37339555,2.63214623,198226.87339556,56.055720410346815,11266757285.351542,993862.5706417478,464309.0,20018284.375,73857.03,1.815187900924792,3536.2470046673607,0.9971534372474052,1.3987305546501194,330.293,128.961,276.109,158650.0,4.3,37.35,754013.0,31865.721,3.75,3.5,False,7109.14013671875,4661130000.0,49442.55859375,411270000.0,89.61000061035156,115578.0,2314.94,0.0,False,29.0,Fear,389.060699224472,555.250723302364,-166.190024077892,2712.0,0.4120046522188663,0.5879953477811337,-0.0612795074033525
2026-04-21,76352.7734375,76881.4765625,74852.671875,75872.828125,36453522626.0,75575.5863849752,75089.53739694698,74207.50520183632,73101.68825934562,61.4835732212492,1745.4856626909311,1394.391023484558,351.09463920637336,72406.436328125,78901.96204749137,65910.91060875863,0.1794184619149195,2487.796617085771,0.0063097475019448,0.4243097980009961,731.0,727.0,0.5013717421124828,-0.0086188031766279,-0.999962857426116,True,118.4331,4698.39990234375,22799.9,7.399669987059399,523.6551616838879,537497.0,1.5503559111111114,3981.4592592592594,63.01652125039105,12.533333333333331,135594876535256.5,909961812.8501352,34607957.17180722,2.45859733,191288.42180722,57.91079967438057,7894718144.329737,936111.2011884672,478903.0,20018706.25,75873.82,1.7416119553941083,2970.904995798868,1.001023788281024,1.4040391749892125,330.293,128.961,276.109,158650.0,4.3,37.35,754013.0,31865.721,3.75,3.5,False,7064.009765625,5160270000.0,49149.37890625,476630000.0,92.12999725341797,383596.0,2328.23,0.0,False,33.0,Fear,407.039875090122,564.493965923786,-157.454090833664,2965.0,0.4189662345321175,0.5810337654678824,-0.0531042464869018
2026-04-22,78203.1015625,79468.0,76159.578125,76354.21875,48336654537.0,76451.42477748348,75781.44054484765,74778.30468193114,73565.45310508693,65.36057777083832,1921.3916240346732,1499.7911435945812,421.6004804400922,72972.162890625,79414.86353169606,66529.46224955394,0.1765796815075294,2546.412706936788,0.0239449523733436,0.4260486320302574,732.0,726.0,0.5020576131687243,-0.0129280046858087,-0.9999164298554372,True,118.6004,4732.5,22799.9,7.291201634127417,561.739173442716,542847.0,1.5851376793893126,4143.8702290076335,52.03605867874565,13.366666666666667,135594876535256.52,882999981.3582796,32710248.88055914,3.299832900000002,262423.88055914,59.64049849041792,8975032613.917759,985555.6121752082,493157.0,20019112.5,76353.08,1.8155311020880804,4355.08811963073,0.9979809770624328,1.4451816880881303,330.293,128.961,276.109,158650.0,4.3,37.35,754013.0,31865.721,3.75,3.5,False,7137.89990234375,4919460000.0,49490.03125,426410000.0,92.95999908447266,299675.0,2374.87,0.0,False,32.0,Fear,481.184303462505,565.899481296539,-84.715177834034,3030.0,0.4595470873166426,0.5404529126833574,-0.0279588045656877
2026-04-23,78268.953125,78676.9375,77014.453125,78203.875,40354900916.0,77057.26755998899,76334.22111821483,75276.9687452267,73993.04401598811,65.49370004587315,2042.5666001696957,1608.3462349096042,434.2203652600913,73539.05546875,79734.11429398891,67343.99664351108,0.1684835026980042,2483.274968941302,0.0008417038623198,0.4268858900838737,733.0,725.0,0.5027434842249657,-0.0172369661041892,-0.9998514324636052,True,118.7155,4705.10009765625,22799.9,7.308506784525008,647.4281999000794,450825.0,1.549204495867769,3725.826446280992,91.63241274671482,10.95,135594876535256.56,815595402.6286399,30181396.12555269,2.7619479000000005,217661.7505527,65.9725719927969,8141917393.593581,850922.3472511319,490574.0,20019531.25,78206.49,1.887478172796832,3251.25313238385,0.9997413087047384,1.4435180102987248,330.293,128.961,276.109,158650.0,4.3,37.35,754013.0,31865.721,3.75,3.5,False,7108.39990234375,5307260000.0,49310.3203125,455470000.0,95.8499984741211,365210.0,2331.28,0.0,False,46.0,Fear,447.705192029476,391.427582263947,56.27760976553,2742.0,0.5335331973017718,0.4664668026982282,0.020524292401725
2026-04-24,77455.3125,78554.09375,77318.4453125,78263.8203125,32784213526.0,77189.94920665934,76583.35253638931,75588.16071019431,74307.79569635283,62.30750975745974,2049.3213424387795,1696.5412564154394,352.7800860233401,74047.2953125,79730.61800556557,68363.97261943444,0.1535052068837998,2394.158788124067,-0.0104498554007011,0.4305887680929389,734.0,724.0,0.5034293552812071,-0.02154560740844,-0.99976786645771,True,118.7294,4722.2998046875,22799.9,7.396998515408216,523.6551616838879,589597.0,1.568397758389262,3957.026845637584,38.78270150493268,11.383333333333333,135594876535256.44,1004328223.0716304,36956995.36926147,2.46855224,193101.61926147004,62.50506604369871,10786366687.21436,1090364.3555603814,506108.0,20019928.125,78266.65,1.849338371057488,3080.665359132525,0.9838198450314356,1.4313054086958683,330.293,128.961,276.109,158650.0,4.3,37.35,754013.0,31865.721,3.75,3.5,False,7165.080078125,4608830000.0,49230.7109375,536950000.0,94.4000015258789,330280.0,2315.83,0.0,False,39.0,Fear,415.905217647552,320.471477687359,95.433739960194,2419.0,0.5647995384460047,0.4352004615539953,0.0394517321042554
2026-04-25,77612.015625,77882.640625,77184.6640625,77457.2109375,16702933134.0,77330.63801277289,76811.94433385835,75877.28284088084,74608.17932622985,62.684037127934765,2043.7599642457496,1765.9849979815017,277.7749662642484,74478.801171875,79844.39888186293,69113.20346188708,0.1440838903302354,2273.002914865205,0.002021098580043,0.4304102989024538,735.0,723.0,0.5041152263374485,-0.0258538485811756,-0.9996657333896874,True,118.7294,4722.2998046875,22799.9,7.398421043148929,447.4871381662314,581159.0,1.585729307142857,4151.135714285714,42.725075476527145,10.683333333333334,135594876535256.48,943664102.2149549,35540028.23006317,1.97454031,156678.23006316,57.52740518274433,2316698937.9770403,551847.729003628,428848.0,20020365.625,77458.76,0.9495641106885172,2562.0397067735857,1.0002611756808957,1.4345741475645932,330.293,128.961,276.109,158650.0,4.3,37.35,754013.0,31865.721,3.75,3.5,False,7165.080078125,4608830000.0,49230.7109375,536950000.0,94.4000015258789,330280.0,2320.2,0.0,False,31.0,Fear,303.334160625935,270.076863050461,33.257297575474,1755.0,0.528999527565974,0.471000472434026,0.0189500271085321
2026-04-26,78657.5390625,78923.5625,77334.890625,77613.1171875,21482934750.0,77772.93836268193,77222.07649577872,76274.46230111216,74976.30293861803,65.18307550132172,2099.5156263253302,1832.6911236502676,266.82450267506283,74968.68671875,79949.49239247236,69987.88104502765,0.132876962148428,2224.122126303405,0.0133812250281389,0.3825951630380484,736.0,722.0,0.50480109739369,-0.0301616096124418,-0.9995450351562888,True,118.7294,4722.2998046875,22799.9,7.307057458827593,466.5291440456455,712904.0,1.5562301946308712,4784.5906040268455,67.20635291914036,12.766666666666667,135594876535256.44,1004328223.0716304,37907580.20176736,1.7574351199999994,142527.0767673699,51.01625895703697,1645733890.632024,510226.34909012646,399528.0,20020803.125,77636.09,0.7157013414009831,2680.4170193651084,1.0033327997946622,1.4512399107371683,330.293,128.961,276.109,158650.0,4.3,37.35,754013.0,31865.721,3.75,3.5,False,7165.080078125,4608830000.0,49230.7109375,536950000.0,94.4000015258789,330280.0,2370.3,0.0,False,33.0,Fear,413.385749220848,262.278854191303,151.106895029545,2024.0,0.6118209347259314,0.3881790652740685,0.0746575568327791
2026-04-27,77366.625,79488.171875,76481.34375,78661.015625,38135631927.0,77637.50057512129,77254.19838560568,76430.48554381043,75193.6049441982,59.85323578080851,2016.293833779986,1869.4116656762112,146.8821681037748,75239.9828125,80116.33631322296,70363.62931177705,0.1296213347861854,2280.029697638876,-0.0165479947079337,0.3154583532300553,737.0,721.0,0.5054869684499315,-0.0344688105012006,-0.999405773999046,True,118.5458,4675.39990234375,22799.9,7.417973276223775,504.6131558044737,580030.0,1.561433536231884,4203.115942028986,261.276648630285,9.95,135594876535256.5,930183186.4690272,37153466.59126739,2.29618059,191244.7162674001,57.76428244684299,6652309884.766558,750687.7786066815,465611.0,20021268.75,78649.47,1.2942223309254377,2985.661445725032,1.000806182422011,1.4274966444382788,330.293,128.961,276.109,158650.0,4.3,37.35,754013.0,31865.721,3.75,3.5,False,7173.91015625,4783750000.0,49167.7890625,514570000.0,96.37000274658203,219055.0,2304.54,0.0,False,47.0,Neutral,649.658949911594,454.046669661999,195.612280249596,3329.0,0.5886161476305466,0.4113838523694532,0.0587600721686981
2026-04-28,76350.671875,77483.8671875,75673.6015625,77368.1171875,32056900880.0,77208.55767508087,77053.41471658219,76419.08359112323,75298.79284699836,55.9741629706034,1847.0691734236025,1864.9431672256896,-17.87399380208717,75501.3484375,79993.92039627844,71008.77647872156,0.1190064032431789,2246.4751210218133,-0.0132186544907372,0.3243111628547568,738.0,720.0,0.5061728395061729,-0.0387753712568165,-0.99924795250423,True,118.7717,4591.5,22799.9,7.497284833825886,457.0081411059384,566274.0,1.7376021870503602,4073.913669064748,52.43110592143808,10.3,135594876535256.48,936923644.3419912,35894449.053407766,2.64984062,207483.42840776,59.13525459836631,6877226670.65858,833428.750087962,472688.0,20021700.0,77373.46,1.4717764723225188,3273.276900374135,0.9983222507750502,1.4098968122284417,330.293,128.961,276.109,158650.0,4.3,37.35,754013.0,31865.721,3.75,3.5,False,7138.7998046875,4900650000.0,49141.9296875,508210000.0,99.93000030517578,281078.0,2289.07,0.0,False,33.0,Fear,546.468497157097,435.38732868433,111.081168472767,3072.0,0.5565669447332419,0.4434330552667582,0.0361592345288955
2026-04-29,75776.1328125,77884.96875,74958.5703125,76350.6875,41460907886.0,76731.08272088725,76769.57429345281,76327.23347989134,75342.18738931669,53.84873506922439,1647.6043527919828,1821.4754043389485,-173.87105154696565,75701.763671875,79836.42385719444,71567.10348655556,0.1092355048223419,2295.0410721988264,-0.0075534590417408,0.3257991806585669,739.0,719.0,0.5068587105624143,-0.0430812119005437,-0.9990715736028029,True,119.0975,4545.2001953125,22799.9,7.551368370609445,476.05014698535257,383942.0,1.9545452283464564,3023.165354330709,35.99336018855611,9.333333333333334,135594876535256.52,856038149.8664234,31123986.725846674,2.8850448,222746.10084668983,79.01434293683134,6716119223.949342,790125.6715432041,482542.0,20022134.375,76347.25,2.0579297694526884,2747.770849685496,0.9931590204366256,1.4012950588480768,330.293,128.961,276.109,158650.0,4.3,37.35,754013.0,31865.721,3.75,3.5,False,7135.9501953125,5123100000.0,48861.80859375,453280000.0,106.87999725341797,318841.0,2252.51,0.0,False,26.0,Fear,552.392079114914,380.664922118187,171.727156996727,3062.0,0.5920239367850931,0.4079760632149067,0.0560833301752864
2026-04-30,76304.3203125,76611.484375,75318.984375,75778.6328125,29497862305.0,76588.82858475817,76666.18451990775,76323.960170264,75429.654018697,55.52085877567686,1514.686993575844,1760.1177221863277,-245.4307286104836,75868.02734375,79804.36911607943,71931.68557142057,0.1037681329051638,2223.430995613196,0.0069461868751349,0.3267531106143664,740.0,718.0,0.5075445816186557,-0.0473862524670077,-0.9988766405703624,True,118.671,4614.7001953125,22799.9,7.513421029371627,476.05014698535257,409874.0,1.984926685714286,2927.6714285714284,83.57173606849369,9.533333333333337,135594876535256.48,943664102.2149549,38381140.996294245,3.971825660000001,318147.24629424,75.75220212939513,7966608257.038424,838690.4654328697,509941.0,20022531.25,75781.88,2.04621533796452,3397.5093247018285,0.9953702040372968,1.4109087161770764,330.293,129.343,276.109,158650.0,4.3,37.35,754013.0,31865.721,3.75,3.5,False,7209.009765625,5723790000.0,49652.140625,733120000.0,105.06999969482422,341994.0,2256.72,0.0,False,29.0,Fear,489.143506586552,356.538664758205,132.604841828346,3179.0,0.578401109968705,0.421598890031295,0.0417127530130059
2026-05-01,78179.0,78894.9765625,76294.6953125,76305.0546875,39164328894.0,77118.88572317212,77002.36573770603,76588.9658602263,75679.59456245182,60.93135154319167,1542.835168764621,1716.6612115019866,-173.8260427373657,76124.263671875,79955.17612500262,72293.35121874738,0.1006489197620441,2250.34887092654,0.0242715098940353,0.3232884392142965,741.0,717.0,0.5082304526748971,-0.0516904130056943,-0.9986631570270832,True,118.3926,4629.89990234375,23055.6,7.3851195871612445,495.09215286476666,593987.0,1.5490841518987335,3759.411392405064,193.4734382646449,9.591666666666669,135594876535256.44,1064992343.928306,41497268.04635047,3.3259240300000004,272021.17135046,66.80544016631701,7051613813.255055,938241.342311199,541560.0,20022968.75,76286.46,1.579565448925985,3893.6789604190767,1.0069524921520872,1.4441109410626063,330.293,129.343,276.109,158650.0,4.3,37.35,754013.0,32475.21,3.75,3.5,False,7230.1201171875,4847390000.0,49499.26953125,465300000.0,101.94000244140625,268707.0,2294.65,0.0,False,26.0,Fear,551.876614928246,405.683645963669,146.192968964577,3612.0,0.5763361716934693,0.4236638283065306,0.0404742438993845
2026-05-02,78657.25,79119.7890625,78031.9609375,78177.75,16761531851.0,77631.67381544808,77370.11779599357,76884.43502305112,75950.29051131984,62.194763477838926,1585.4574123596394,1690.4204516735174,-104.96303931387796,76519.455859375,79568.41949876033,73470.49221998967,0.079691200235104,2167.3116747889294,0.0060987365147835,0.3059490144620572,742.0,716.0,0.5089163237311386,-0.0559936135824322,-0.9984311269376478,True,118.3926,4629.89990234375,23055.6,7.342076747600035,476.05014698535257,526246.0,1.4779240735294124,3869.455882352941,49.16060495409306,11.708333333333332,132770520277053.1,897607937.210035,33978259.8014594,2.41084214,189837.92645940007,63.16953243499489,2098986459.640523,677558.0377115591,449751.0,20023462.5,78195.88,1.287530998262332,2940.1579136569726,1.0014440833079326,1.4546787719928145,330.293,129.343,276.109,158650.0,4.3,37.35,754013.0,32475.21,3.75,3.5,False,7230.1201171875,4847390000.0,49499.26953125,465300000.0,101.94000244140625,268707.0,2316.67,0.0,False,39.0,Fear,321.480599403381,260.04172617197,61.438873231411,2632.0,0.5528258938043558,0.4471741061956442,0.0233430369420254
2026-05-03,78538.2265625,79402.359375,78073.078125,78656.7265625,20544392639.0,77933.8580644654,77629.69752188389,77120.6909572581,76185.55742506348,61.66034101578431,1591.2882701636115,1670.5940153715364,-79.3057452079247,76722.13515625,79740.33384243115,73703.93647006886,0.0786786937051314,2107.452358732577,-0.0015143369624661,0.2672709361143884,743.0,715.0,0.50960219478738,-0.0602957742808774,-0.9981805546111732,True,118.3926,4629.89990234375,23055.6,7.340522714061935,457.0081411059384,604132.0,1.447915526315789,3974.552631578948,77.77980459584343,9.875,132472011079031.56,1000953347.145923,37957825.09103924,1.9945220300000004,159821.96603923998,62.15533024128202,1787557344.6430264,580702.6500321239,402346.0,20023903.125,78670.21,0.9612181609848904,2543.7064361733323,1.00473995048879,1.4532128991393036,330.293,129.343,276.109,158650.0,4.3,37.35,754013.0,32475.21,3.75,3.5,False,7230.1201171875,4847390000.0,49499.26953125,465300000.0,101.94000244140625,268707.0,2322.75,0.0,False,47.0,Neutral,330.84447145462,252.356991648674,78.487479805946,2263.0,0.5672901945309803,0.4327098054690196,0.0346829340724463
2026-05-04,79827.90625,80742.359375,78217.9609375,78540.2890625,54325085296.0,78565.2074596436,78118.18835035415,77507.43599907839,76516.68004551224,65.15427315002523,1680.6026977004658,1672.5957518373225,8.0069458631433,77004.45,80077.8587073187,73931.0412926813,0.079824184376843,2137.2342215016797,0.0162876768649081,0.2468061125829346,744.0,714.0,0.5102880658436214,-0.0645968152039976,-0.997911444701132,True,118.8264,4519.5,23055.6,7.2464463129343235,533.1761646235949,567996.0,1.514888926174497,3812.053691275168,33.433365536396366,9.633333333333333,132472011079031.56,981197688.9785694,37802927.14645988,2.529828580000001,203783.39645991,65.6013812471972,7880460114.676002,902244.7299545832,485657.0,20024362.5,78543.1,1.5884702180201675,3061.8833723430985,1.01559738205722,1.4734139625232838,330.293,129.343,276.109,158650.0,4.3,37.35,754013.0,32475.21,3.75,3.5,False,7200.75,5215480000.0,48941.8984375,439460000.0,106.41999816894531,342843.0,2346.94,0.0,False,40.0,Fear,564.991624653339,393.906129419804,171.085495233536,3348.0,0.589209456642697,0.4107905433573031,0.0511008050279378
2026-05-05,80927.0546875,81751.453125,79787.578125,79823.53125,39700107376.0,79352.48986892907,78742.3808697199,77995.9529545672,76917.62319478385,67.84388130517279,1819.1075781330287,1701.898117096464,117.20946103656524,77310.548828125,80667.97284627442,73953.12480997558,0.086855521504926,2124.8514199658453,0.0136750438065225,0.2518649014801397,745.0,713.0,0.5109739368998628,-0.0688966564755574,-0.9976238022052648,True,118.6207,4555.7998046875,23055.6,7.154483239384538,561.739173442716,585611.0,1.5741005466666664,3904.073333333333,59.80374964357234,9.633333333333333,132472011079031.56,987782908.3676876,41226137.29796431,2.86203332,241149.7979642899,63.305811686282574,8837709858.03772,874548.6194185915,508713.0,20024828.125,79827.87,1.493395136735122,3425.496143744688,1.0075195672885973,1.49326488273632,330.293,129.343,276.109,158650.0,4.3,37.35,754013.0,32475.21,3.75,3.5,False,7259.22021484375,5279760000.0,49298.25,395600000.0,102.2699966430664,241150.0,2360.28,0.0,False,50.0,Neutral,662.647195398808,453.322370946407,209.3248244524,4113.0,0.5937860810747452,0.4062139189252549,0.0508934657068806
2026-05-06,81427.53125,82792.2109375,80751.0234375,80930.734375,41751540000.0,80044.17032928605,79339.08095422659,78486.17842534331,77327.61483616714,69.01656563316806,1946.8162834219984,1750.8817503615708,195.9345330604276,77624.31875,81291.10163556441,73957.5358644356,0.094475106374171,2118.875425682571,0.0061652480572739,0.2278602546571699,746.0,712.0,0.5116598079561042,-0.0731952182415998,-0.9973176324654872,True,118.0982,4681.89990234375,23055.6,7.095665747014716,637.9071969603724,526789.0,1.5488640283687942,3736.09219858156,47.30664674469473,9.883333333333333,132472011079031.52,928515933.865626,37170254.10973385,2.7916943899999995,232729.1097338301,68.49223061608285,7722301647.862209,771662.1302452935,498493.0,20025296.875,80928.41,1.4648410089149422,3298.313071135807,1.00505715304147,1.5007289347155643,330.293,129.343,276.109,158798.0,4.3,37.41,754013.0,32475.21,3.75,3.5,False,7365.1201171875,6579640000.0,49910.58984375,552640000.0,95.08000183105469,423491.0,2350.85,0.0,False,46.0,Fear,624.835231721401,491.198885798454,133.636345922947,3919.0,0.5598710845058773,0.4401289154941226,0.0340996034506116
2026-05-07,80009.9921875,81684.953125,79522.65625,81428.8515625,36931193154.0,80032.77761535736,79488.17233939846,78703.86610565141,77571.46732265194,62.107812049892,1911.6069816293311,1783.026796615123,128.58018501420815,77768.474609375,81576.87332515013,73960.07589359987,0.0979419677421838,2121.9769577766733,-0.0175619083509024,0.2507252647002415,747.0,711.0,0.5123456790123457,-0.0774924206719312,-0.996992941167792,True,118.0116,4699.7998046875,23055.6,7.210424339845637,618.8651910809583,531108.0,1.5712721267605632,3740.197183098592,59.93673605834934,9.933333333333334,132472011079031.52,935101153.2547442,36549027.8608138,3.0738723199999995,248612.23581379003,67.2060971817073,7334015035.754188,780559.218842086,497326.0,20025737.5,81436.54,1.469680778376688,3612.680146827041,1.0003776499743229,1.4754077327071486,330.293,129.343,276.109,158798.0,4.3,37.41,754013.0,32475.21,3.75,3.5,False,7337.10986328125,6237040000.0,49596.96875,482010000.0,94.80999755859375,392091.0,2290.71,0.0,False,47.0,Neutral,588.697075664997,433.516636431217,155.18043923378,3551.0,0.5759041076232275,0.4240958923767724,0.0437004897870402
2026-05-08,80186.765625,80447.265625,79205.515625,80009.625,33789351540.0,80084.10695190492,79643.41529175435,78915.70889412978,77809.22171377449,62.61045910922615,1876.3382361321856,1801.689084518536,74.64915161364979,77991.50234375,81818.71767942689,74164.28700807312,0.0981444188318955,2059.103603649768,0.0022069548930199,0.2418589890251593,748.0,710.0,0.5130315500685871,-0.0817881839615999,-0.9966497343421428,True,118.0392,4720.39990234375,23055.6,7.171395645686705,618.8651910809583,581936.0,1.521251789115646,3958.748299319728,73.8294506264915,10.9,132472011079031.52,968027250.2003336,40423314.1434815,2.9217872199999992,247451.64348151992,63.41797387161737,6643451659.45813,717050.1096048666,506524.0,20026196.875,80015.99,1.232180359360594,3562.325916423723,1.0005513182627928,1.4788069377076725,330.293,129.343,276.109,158798.0,4.3,37.41,754013.0,32475.21,3.75,3.5,False,7398.93017578125,5302740000.0,49609.16015625,456510000.0,95.41999816894531,243423.0,2306.95,0.0,False,38.0,Fear,558.281251132488,454.739054501057,103.542196631432,3352.0,0.5511056866558443,0.4488943133441557,0.0308896767993532
2026-05-09,80664.3671875,81030.0625,80119.9296875,80187.7421875,18102086996.0,80277.52703043661,79870.29349080895,79165.5172217541,78068.78039320407,63.99993237462952,1865.42252614288,1814.4357728434047,50.98675329947537,78331.903125,81805.20801178132,74858.59823821868,0.0886817439182783,1977.0342614247847,0.0059384470311886,0.2424786404219443,749.0,709.0,0.5137174211248285,-0.0860824283323837,-0.9962880183623608,True,118.0392,4720.39990234375,23055.6,7.136668196960298,523.6551616838879,831620.0,1.7424674210526312,4863.274853801169,63.63368041907982,9.516666666666667,132472011079031.6,1126072515.5391636,44584005.24631609,7.172833949999999,586786.4963161099,52.195460463929,2228503872.792921,474592.4418145802,707204.0,20026640.625,80197.58,0.5706842570099087,10945.256788177969,1.0026284172296491,1.4875564619691928,330.293,129.343,276.109,158798.0,4.3,37.41,754013.0,32475.21,3.75,3.5,False,7398.93017578125,5302740000.0,49609.16015625,456510000.0,95.41999816894531,243423.0,2326.35,0.0,False,38.0,Fear,372.273054480553,329.462656736374,42.810397744179,2525.0,0.5305032201296543,0.4694967798703456,0.0169546129679916
2026-05-10,82138.9296875,82430.171875,80274.1328125,80665.609375,26965971077.0,80897.99458279109,80374.4348678514,79590.29043114638,78438.7939654128,67.95896214182514,1953.240872719427,1842.1967928186093,111.04407990081768,78645.2234375,82309.69820877854,74980.74866622145,0.0931900148822321,1989.820318644443,0.018115146956791,0.2494089228042069,750.0,708.0,0.51440329218107,-0.0903750740342678,-0.9959077999460092,True,118.0392,4720.39990234375,23055.6,7.009052883464781,533.1761646235949,733259.0,1.54913128,4888.393333333333,62.81529552316788,14.05,132472011079031.56,987782908.3676876,39621267.16479055,2.1798416,185232.78979055,51.85826101696341,1660081376.864452,546616.0915758895,407132.0,20027187.5,80672.03,0.7454611420737959,3428.0481147692462,1.0038820958672612,1.5165762999799848,330.293,129.343,276.109,158798.0,4.3,37.41,754013.0,32475.21,3.75,3.5,False,7398.93017578125,5302740000.0,49609.16015625,456510000.0,95.41999816894531,243423.0,2370.37,0.0,False,47.0,Neutral,356.449815154076,283.16012018919,73.289694964886,2470.0,0.5572924925920303,0.4427075074079698,0.0296719412813303
2026-05-11,81728.296875,82326.234375,80451.421875,82139.046875,32409774919.0,81174.76201352739,80675.2930916622,79895.71992312546,78737.83968446618,65.78918511979649,1967.0282318865936,1867.1630806322064,99.86515125438746,78913.999609375,82658.18767023079,75169.8115485192,0.094892872732077,1981.605474455554,-0.0050117852194884,0.230110218718539,751.0,707.0,0.5150891632373114,-0.0946660413469272,-0.995509086154266,True,118.0562,4718.7001953125,23055.6,7.042608186405731,542.697167563302,772122.0,1.532021575757576,4679.527272727273,38.98596087823087,10.016666666666667,132472011079031.6,1086561199.204456,45135542.94813906,2.463220339999999,210980.44813907004,53.64064226351525,5656148858.873392,765312.1701029042,457665.0,20027643.75,82146.2,0.9911803705928652,3609.187680875156,1.003314706476026,1.5062797314103844,330.293,129.343,276.109,158798.0,4.3,37.41,754013.0,32475.21,3.75,3.5,False,7412.83984375,5821910000.0,49704.46875,493230000.0,98.06999969482422,256251.0,2340.01,0.0,False,48.0,Neutral,409.813303828239,308.08958119154,101.7237226367,2524.0,0.5708478296712072,0.4291521703287929,0.0403025842459191
2026-05-12,80477.4921875,81753.03125,79832.1015625,81725.3515625,32186688600.0,80942.33873818493,80631.33733518171,79978.83024660755,78895.9899120147,59.55204395170502,1855.634726454737,1864.8574097967123,-9.22268334197588,79027.719140625,82818.85771393149,75236.58056731852,0.0959445271743293,1977.2714896730145,-0.0154227477056674,0.2349431413252128,752.0,706.0,0.5157750342935528,-0.0989552505812065,-0.9950918843917936,True,118.5238,4677.60009765625,23055.6,7.164148759357992,533.1761646235949,587513.0,1.55728426119403,4384.425373134329,61.62074675241346,12.716666666666669,132472011079031.5,882419398.1418005,36600096.52934795,2.8169653,245562.1543479499,58.24395963886923,5840254869.648376,714403.5157720968,476383.0,20028159.375,81738.19,1.2159790775218535,3941.819057000104,1.0014214268719923,1.4843434176790684,330.293,129.343,276.109,158798.0,4.3,37.41,754013.0,32475.21,3.75,3.5,False,7400.9599609375,5624790000.0,49760.55859375,498360000.0,102.18000030517578,231747.0,2274.15,0.0,False,49.0,Neutral,406.626046657562,335.821472346783,70.80457431078,2455.0,0.5476832183409617,0.4523167816590384,0.0288409671327006
2026-05-13,79277.1171875,81276.671875,78725.5078125,80476.7890625,34075428359.0,80387.26488795663,80330.39952458578,79878.5855238779,78930.63784614972,54.23775798391304,1651.4573677664885,1822.177401390668,-170.72003362417945,79078.12734375,82853.56400082496,75302.69068667505,0.0954862433872076,2018.2638163035133,-0.0150280182312355,0.2477971569569022,753.0,705.0,0.5164609053497943,-0.1032426220806015,-0.9946562024066016,True,118.4737,4697.7001953125,23055.6,7.24767837168645,514.1341587441808,620400.0,1.5737229280575542,4463.309352517986,56.02196998261249,12.6,132472011079031.52,915345495.0873904,38562664.84282158,2.596375229999999,223039.8428216,55.78968170948487,7924872400.531105,785360.5852430944,485900.0,20028578.125,80491.45,1.2658939156078246,3588.287247536495,0.9996702417913008,1.4616979219598496,330.293,129.343,276.109,158798.0,4.3,37.41,754013.0,32475.21,3.75,3.5,False,7444.25,5716600000.0,49693.19921875,485990000.0,101.0199966430664,212582.0,2258.13,0.0,False,42.0,Fear,442.320111393929,399.818144917488,42.50196647644,2667.0,0.5252345539214668,0.4747654460785331,0.0159362453979902
2026-05-14,81051.25,82005.9609375,78909.6796875,79276.9453125,43731663431.0,80608.59325863776,80490.58851912228,80046.10902046679,79123.42076922701,59.92928968743485,1614.1955889621313,1780.581038904961,-166.38544994282938,79257.92421875,83050.41752289275,75465.43091460726,0.0957000411384873,2095.2650615675484,0.0221321436988218,0.2656842232237479,754.0,704.0,0.5171467764060357,-0.1075280762227342,-0.9942020482899028,True,118.6696,4678.10009765625,23055.6,7.115884745116525,542.697167563302,684549.0,1.5295621059602649,4533.437086092716,51.68553548129566,11.566666666666666,132472011079031.56,994368127.7568054,39577345.88310893,2.618785069999999,219686.50810891992,55.17944404600491,7605445951.172368,809553.6581834825,489856.0,20029012.5,79285.66,1.1826087806475247,3799.804562024352,1.0002579489898933,1.496291810555883,330.293,129.343,276.109,158798.0,4.3,37.41,754013.0,32475.21,3.75,3.5,False,7501.240234375,5267050000.0,50063.4609375,504090000.0,101.16999816894531,173862.0,2282.25,0.0,False,34.0,Fear,601.614869773388,421.875574529171,179.739295244217,3207.0,0.5878070216701913,0.4121929783298087,0.0560459292934883
2026-05-15,79065.6796875,81634.84375,78635.3671875,81046.8671875,38183347368.0,80094.28873492518,80173.9421120951,79906.04768718583,79118.1715799791,52.11689422902298,1408.213422930654,1706.1075157100995,-297.8940927794456,79330.607421875,83045.20343574787,75616.01140800213,0.0936484954443595,2159.8515973484377,-0.0248027751369673,0.2799460716946505,755.0,703.0,0.5178326474622771,-0.1118115334208376,-0.9937294304759624,True,119.2825,4555.7998046875,23055.6,7.280482579828782,504.6131558044737,618617.0,1.571166137931035,4266.324137931035,45.40604887397535,10.933333333333334,133698270184941.84,963695673.6867332,37584497.72878831,3.1612149000000014,255044.60378834,58.56308213866525,10062115129.71323,780455.2158948757,525031.0,20029490.625,81067.56,1.2616129461280174,4197.872452633093,0.9982202935490204,1.4576482075977495,330.293,129.343,276.109,158798.0,4.3,37.41,754013.0,32475.21,3.75,3.5,False,7408.5,5582070000.0,49526.171875,587920000.0,105.41999816894531,96552.0,2224.05,0.0,False,43.0,Fear,539.450586557388,383.743002772331,155.707583785057,3101.0,0.5843309494263862,0.4156690505736138,0.0502120553966646
2026-05-16,78131.4375,79173.5,77630.734375,79066.0,25895799905.0,79440.00498995013,79720.05219829618,79652.53194615929,79028.46848179918,48.887634338758986,1156.256925493668,1596.1373976668133,-439.8804721731453,79304.30234375,83046.31728611702,75562.28740138297,0.0943710449944316,2115.774027894978,-0.0118863908425741,0.2854071343255836,756.0,702.0,0.5185185185185185,-0.1160929141252301,-0.993238357741943,True,119.2825,4555.7998046875,23055.6,7.380259583337464,476.05014698535257,679928.0,1.5876835430463572,4502.834437086092,180.97249244447045,12.2,136607070854775.56,1025406923.151223,39142248.12923508,2.31568445,189313.75423507005,54.35547624165424,2102365498.1773863,594781.464485872,445624.0,20029937.5,79063.02,0.8747712470818556,3288.511223590216,0.9981426855085932,1.4411207320741923,332.407,129.343,282.755,158798.0,4.3,37.41,759097.0,32475.21,3.75,3.5,False,7408.5,5582070000.0,49526.171875,587920000.0,105.41999816894531,96552.0,2179.49,0.0,False,31.0,Fear,416.583799064159,360.227198421955,56.356600642204,2616.0,0.5362743323823832,0.4637256676176167,0.0215430430589464
2026-05-17,77429.3515625,78539.3984375,76783.4140625,78133.5859375,20900166465.0,78769.7871808001,79211.0076125637,79334.93474849367,78883.09421640835,46.55315991951853,889.6715387496806,1454.8442258833868,-565.1726871337062,79307.438671875,83042.714618838,75572.162724912,0.0941973668426552,2090.0747669739085,-0.0090265767978541,0.2887304093384263,757.0,701.0,0.5192043895747599,-0.1203721388247919,-0.992728839207739,True,119.2825,4555.7998046875,23055.6,7.443393086943558,476.05014698535257,605313.0,1.5551102357142852,4323.664285714286,62.40810984302676,10.85,136607070854775.52,950708405.57067,40697281.89198457,2.06065632,181210.01698457,55.61561426148541,1825023819.4598672,439942.7946373022,396443.0,20030409.375,78140.84,0.7268021579534922,2695.2359939444623,1.0000182633448076,1.4288785719516937,332.407,129.343,282.755,158798.0,4.3,37.41,759097.0,32475.21,3.75,3.5,False,7408.5,5582070000.0,49526.171875,587920000.0,105.41999816894531,96552.0,2130.11,0.0,False,27.0,Fear,428.729421496391,320.142407655716,108.587013840675,2772.0,0.5725003996769515,0.4274996003230485,0.0391728044158279
2026-05-18,76954.171875,77749.3203125,76029.2265625,77426.34375,41520471808.0,78164.58207886673,78709.48855977177,78994.825766566,78707.73763991668,44.98737179256139,632.7635650755983,1290.428093721829,-657.6645286462308,79337.613671875,82980.93617268986,75694.29117106015,0.0918435110963365,2063.647551475772,-0.0061558536491211,0.2732955966072406,758.0,700.0,0.5198902606310014,-0.1246491280484453,-0.9922008843358094,True,119.0574,4552.5,23055.6,7.466153284854905,514.1341587441808,600874.0,1.5758107857142862,4291.957142857143,50.73552459032791,12.016666666666666,136607070854775.52,950708405.57067,36727998.61930419,2.515258629999999,201214.24430417,54.43176780140909,7419964089.357646,741629.0473852009,474167.0,20030846.875,77409.45,1.234250520716824,3291.886636275265,0.9941660842379798,1.419569255459985,332.407,129.343,282.755,158798.0,4.3,37.41,759097.0,32475.21,3.75,3.5,False,7403.0498046875,5489500000.0,49686.12109375,461520000.0,108.66000366210938,117910.0,2128.99,0.0,False,28.0,Fear,646.477071583271,657.95854729414,-11.481475710869,4009.0,0.4955990638615228,0.5044009361384773,-0.0028639250962506
2026-05-19,76750.90625,77346.8671875,76082.3671875,76954.75,26031898332.0,77693.35680257782,78274.24804648916,78674.265835628,78529.84387719698,44.3009553506347,408.0564866691275,1113.9537723112887,-705.8972856421613,79386.35234375,82850.75613465116,75921.94855284883,0.0872795811526895,2006.5655835132168,-0.0026448799997123,0.2582677747158455,759.0,699.0,0.5205761316872428,-0.1289238023666268,-0.9916545029310012,True,119.451,4506.2998046875,23055.6,7.495708764597603,514.1341587441808,618114.0,1.5758039436619722,4352.915492957746,43.91251650067764,12.625,136607070854775.52,964289954.2216796,36712345.59041001,2.5445520900000003,201392.46541001,54.59977928049199,8228742246.031492,775477.9899422341,469682.0,20031284.375,76947.45,1.25458732522194,3390.780413577292,0.992503906231516,1.4170368263075273,332.407,129.343,282.755,158798.0,4.3,37.41,759097.0,32475.21,3.75,3.5,False,7353.60986328125,5441140000.0,49363.87890625,494840000.0,107.7699966430664,206472.0,2110.55,0.0,False,25.0,Extreme Fear,609.772011458874,476.37248557806,133.399525880814,3491.0,0.5614096587722609,0.4385903412277391,0.0382124107364119
2026-05-20,77457.7734375,77775.5703125,76463.6484375,76749.453125,26668360936.0,77614.82901421856,78092.80924449157,78500.481207324,78432.38292813362,47.3116730132799,283.7419816592883,947.9114141808886,-664.1694325216004,79444.025,82725.99864163544,76162.05135836455,0.0826235488857832,1956.9481757622727,0.0091677347836148,0.2619442968530061,760.0,698.0,0.5212620027434842,-0.1331960823927642,-0.9910897051403672,True,119.1624,4531.2998046875,23055.6,7.421415080885156,447.4871381662314,676439.0,1.5435112697368425,4450.256578947368,44.42405728170902,10.175,136607070854775.56,1032197697.4767272,40285580.87419021,2.4400695900000007,198674.62419017992,53.621521338742056,7598041358.158026,641105.8921167805,473582.0,20031753.125,76752.77,0.947766010115887,3335.9644119884506,0.9975618356696055,1.4282474320399443,332.407,129.343,282.755,158798.0,4.3,37.41,759097.0,32475.21,3.75,3.5,False,7432.97021484375,5384150000.0,50009.3515625,513230000.0,98.26000213623047,320034.0,2127.66,0.0,False,27.0,Fear,582.182609081268,403.523052215576,178.659556865692,3290.0,0.5906252058198785,0.4093747941801214,0.0543038166765021
2026-05-21,77539.171875,78100.5625,76655.4375,77462.5078125,27141485404.0,77589.60996781237,77969.77871793788,78363.1513027063,78351.18192330329,47.66250416801708,189.60437324234223,796.2500059931795,-606.6456327508372,79412.03359375,82757.78110212607,76066.28608537394,0.0842629852672451,1920.3893774935395,0.0010503232153248,0.2510433635132951,761.0,697.0,0.5219478737997256,-0.1374658887847512,-0.990506501452978,True,119.369,4539.7998046875,23055.6,7.403978807967181,447.4871381662314,538509.0,1.587066,4240.228346456693,67.9091255434253,12.183333333333334,136607070854775.48,862428339.3391081,32977144.973637983,2.73413652,225473.09863799004,57.5859060762721,5007923276.558133,626082.5021439278,484958.0,20032203.125,77463.34,1.162622169998882,3681.922524569919,0.9977353024718472,1.4318398636638516,332.407,129.343,282.755,158798.0,4.3,37.41,759097.0,32475.21,3.75,3.5,False,7445.72021484375,5440620000.0,50285.66015625,560940000.0,96.3499984741211,345482.0,2131.63,0.0,False,29.0,Fear,677.337920844555,409.997017741203,267.340903103352,3388.0,0.6229340167488175,0.3770659832511825,0.0789081768309775
2026-05-22,75488.2421875,77819.453125,75323.875,77538.1171875,27859040109.0,76889.15404104159,77418.32615561836,77952.45000053398,78090.91467459389,40.368788246741175,-49.91782350302674,627.0164400939383,-676.934263596965,79253.583203125,83023.15488205075,75484.01152419926,0.0951268454137757,1961.4742880297151,-0.0268063407026221,0.2787884017169328,762.0,696.0,0.522633744855967,-0.14173314224642,-0.9899049026997272,True,119.2868,4521.0,23055.6,7.5856235819588145,485.5711499250596,708628.0,1.550106237179487,4542.48717948718,46.71535039076832,11.266666666666666,136607070854775.56,1059360794.7787468,38731739.16575614,2.5755136200000006,200364.16575615003,52.73024939315442,5739635306.49464,774187.097278707,547131.0,20032606.25,77538.22,1.0925155332257643,3665.821910134647,0.993030596813966,1.3951977957217805,332.407,129.343,282.755,158798.0,4.3,37.41,759097.0,32475.21,3.75,3.5,False,7473.47021484375,4952440000.0,50579.69921875,463470000.0,96.5999984741211,261142.0,2064.0,0.0,False,28.0,Fear,908.155259609222,452.650528967381,455.504730641842,3943.0,0.6673658116630651,0.3326341883369349,0.1155223765259553
2026-05-23,76673.3671875,77288.1171875,74255.234375,75488.3125,29973220002.0,76817.22508986107,77252.77971825872,77769.72388438627,77962.04672122172,45.553667973818015,-142.4689141325798,473.1193692486347,-615.5882833812145,79160.340234375,83093.1396950975,75227.54077365251,0.099362874112931,2038.0034683490207,0.0155775030224184,0.2927355304198338,763.0,695.0,0.5233196159122085,-0.145997763529015,-0.989284920053129,True,119.2868,4521.0,23055.6,7.469741952745116,533.1761646235949,732845.0,1.464137945121951,4468.567073170731,47.75130650576666,12.208333333333332,136607070854775.58,1113686989.3827848,40896180.634492286,2.329800080000001,183065.00949229,53.77545616035299,3099888169.4908752,536429.8232903165,439350.0,20033087.5,75460.93,0.731982647477047,3280.459808225384,0.9970254556620616,1.4145646606056597,332.407,129.343,282.755,158798.0,4.3,37.41,759097.0,32475.21,3.75,3.5,False,7473.47021484375,4952440000.0,50579.69921875,463470000.0,96.5999984741211,261142.0,2115.0,0.0,False,28.0,Fear,445.063076019287,451.777121841908,-6.71404582262,2962.0,0.4962568326895734,0.5037431673104266,-0.0022667271514584
2026-05-24,76981.125,77372.5390625,76019.890625,76670.65625,20572738918.0,76871.85839324072,77192.41200309011,77657.06690090252,77872.87201929247,46.84616416768005,-188.80639423684624,340.73421655153857,-529.5406107883848,79018.001171875,83053.78731638342,74982.21502736659,0.1021485252640097,1989.0495375740911,0.004005847400396,0.271403909594016,764.0,694.0,0.52400548696845,-0.1502596734326612,-0.9886465650271132,True,119.2868,4521.0,23055.6,7.459067737568327,447.4871381662314,628352.0,1.579107870229009,4796.580152671756,39.02270479223506,14.916666666666666,136607070854775.48,889591436.6411269,33551122.24949937,2.13695834,170450.37449936997,49.6831376917281,2440966547.460912,512579.1618811528,387403.0,20033600.0,76673.89,0.8157516199218795,3192.2280548760555,1.000419453327862,1.4206921481906591,332.407,129.343,282.755,158798.0,4.3,37.41,759097.0,32475.21,3.75,3.5,False,7473.47021484375,4952440000.0,50579.69921875,463470000.0,96.5999984741211,261142.0,2096.99,0.0,False,25.0,Extreme Fear,379.994635999203,371.210395336151,8.784240663052,2817.0,0.5058467663930825,0.4941532336069175,0.0031182962950131
2026-05-25,77279.9296875,77804.921875,76833.0390625,76981.125,19808387601.0,77007.88215799382,77211.86037740341,77603.19015613073,77818.96817094769,48.13355418567918,-199.12277657791856,232.76281792564717,-431.8855945035657,78835.644921875,82837.67829165554,74833.61155209447,0.1015285249139901,1916.3947714973704,0.0038740181286936,0.2748258554103088,765.0,693.0,0.5246913580246914,-0.1545187928078404,-0.987989849476809,True,119.2868,4521.0,23055.6,7.428647613366122,447.4871381662314,781994.0,1.5678497151515154,4739.357575757575,44.3258784560709,10.533333333333331,136607070854775.6,1120477763.7082896,41619889.269138455,2.7761711099999995,220589.26913846005,50.9818369301288,3350116313.865725,677318.1998041709,430908.0,20034009.375,76985.38,0.8661424509704305,4144.640650415447,1.0023382042564717,1.425980680386381,332.407,129.343,282.755,158798.0,4.3,37.41,759097.0,32475.21,3.75,3.5,False,7473.47021484375,4952440000.0,50579.69921875,463470000.0,96.5999984741211,261142.0,2110.22,0.0,False,30.0,Fear,449.695530712605,388.678227841854,61.01730287075,2691.0,0.5363902747719336,0.4636097252280663,0.022674583006596
2026-05-26,75825.734375,77990.8671875,75569.46875,77280.125,35999475458.0,76613.83289699588,76903.83237686932,77349.26790168349,77637.7650985888,42.71176017398335,-320.9403913570859,122.02217606910057,-442.96256742618647,78555.555078125,82577.86046687663,74533.24968937338,0.1024066441832501,1952.4664619261296,-0.0189965414050318,0.2795622741982289,766.0,692.0,0.5253772290809328,-0.1587750425568571,-0.987314785598326,True,119.1696,4500.39990234375,23055.6,7.541543570285205,466.5291440456455,627380.0,1.6215218057553953,4513.525179856115,30.47911211409869,11.7,136607070854775.52,943917631.2451652,34580370.49577967,3.42849652,304486.1207796699,53.53669809338272,5941712267.6615305,740481.3461459216,464460.0,20034525.0,77284.84,1.1802756641045644,5524.189004223167,0.9947670867180765,1.4000760710265765,332.407,129.343,282.755,158798.0,4.3,37.41,759097.0,32475.21,3.75,3.5,False,7519.1201171875,5496060000.0,50461.6796875,530360000.0,93.88999938964844,358867.0,2071.53,0.0,False,34.0,Fear,507.894014716148,445.526225984097,62.367788732052,3189.0,0.5327073970478352,0.4672926029521648,0.0195571617221862
2026-05-27,74344.703125,76014.296875,74136.5,75825.3046875,33802172927.0,75857.4563063306,76335.13698756503,76920.04436215728,77338.39582826254,38.01521312598709,-530.8690451999282,-8.556068184705211,-522.312977015223,78272.290625,82645.9216565279,73898.65959347208,0.1117542618621406,1947.132920002835,-0.0197253107241087,0.2856089962907041,767.0,691.0,0.5260631001371742,-0.163028343635309,-0.9866213859285272,True,119.1829,4447.5,23055.6,7.6656089588154845,476.05014698535257,645768.0,1.6030476642857143,4612.628571428571,63.88624780446454,11.458333333333332,136607070854775.52,950708405.57067,34203807.850598074,2.997487610000001,230170.35059808,51.17809918557787,7293972207.660243,913348.760122134,474906.0,20034959.375,75823.27,1.4143605135623536,4345.616944588873,0.9945738830735824,1.3720698989749525,332.407,129.343,282.755,158798.0,4.3,37.41,759097.0,32475.21,3.75,3.5,False,7520.35986328125,5524250000.0,50644.28125,503580000.0,88.68000030517578,290948.0,2022.35,0.0,False,25.0,Extreme Fear,506.365746378899,490.415712952614,15.950033426285,3123.0,0.5080007675087486,0.4919992324912515,0.0051072793551985
2026-05-28,73536.5546875,74460.125,72493.4140625,74339.5703125,40148145327.0,75083.82243338707,75713.2298097728,76436.6886943491,76992.77390637503,35.707897106760214,-753.7609536785167,-157.5970452834675,-596.1639083950491,77939.780078125,82695.09389184798,73184.46626440201,0.1220253331214527,1948.5313498240607,-0.0109298026618873,0.2458919924057268,768.0,690.0,0.5267489711934157,-0.1672786170535555,-0.9859096633447963,True,119.0318,4499.2998046875,23055.6,7.741368197195649,542.697167563302,779340.0,1.6543032839506178,4810.740740740741,42.77592129676183,11.425,136607070854775.58,1100105440.7317753,39320840.567629226,3.4900770900000007,265909.3176292298,47.97997936322853,12030503885.942934,1054569.9712650331,490956.0,20035396.875,74348.35,1.3531577633190046,5270.329031871424,0.9822902999625986,1.359302863594602,332.407,129.343,282.755,158798.0,4.3,37.41,759097.0,32475.21,3.75,3.5,False,7563.6298828125,5494860000.0,50668.96875,505090000.0,88.9000015258789,235145.0,2006.94,0.0,False,22.0,Extreme Fear,596.583609938622,699.658645749092,-103.075035810471,3940.0,0.4602408286883904,0.5397591713116096,-0.0261611766016423
2026-05-29,73372.5234375,74218.5625,72435.625,73537.03125,34457929250.0,74513.38943475805,75193.07283815663,75998.95080051351,76663.66022738638,35.24036632870717,-932.8866118463192,-312.6549585960379,-620.2316532502814,77575.187890625,82563.37823876821,72586.9975424818,0.1286027268197189,1936.7032176937707,-0.0022330998228095,0.2260910712173219,769.0,689.0,0.5274348422496571,-0.1715257838781811,-0.9851796310648,True,118.8783,4560.5,23055.6,7.736996917657311,514.1341587441808,648318.0,1.6083746142857138,4630.842857142857,59.55096806242688,13.158333333333331,137881854768831.77,959580184.8628848,32937653.994468626,3.88629609,288216.4944686199,50.05798567526653,8713450867.087229,860661.5609288147,518522.0,20035903.125,73539.08,1.3275299481563287,5673.019131608047,0.9871746236282292,1.3570300412340588,332.407,129.343,282.755,158798.0,4.3,37.41,759097.0,32475.21,3.75,3.5,False,7580.06005859375,7858290000.0,51032.4609375,894700000.0,87.36000061035156,267803.0,2011.99,0.0,False,23.0,Extreme Fear,541.946276545525,432.986633419991,108.959643125534,3114.0,0.5558805852237504,0.4441194147762495,0.0349902514853994
2026-05-30,73754.8359375,74020.7578125,73125.234375,73370.8515625,19563589191.0,74260.53826900537,74873.46463801072,75678.36296294015,76399.22165557853,37.30091887725995,-1032.0981775123073,-456.54360237929177,-575.5545751330155,77155.983203125,81934.05598056599,72377.91042568401,0.1238548866615302,1862.333233394216,0.0051970396549028,0.229006328082228,770.0,688.0,0.5281207133058985,-0.1757697652334668,-0.9844313026462396,True,118.8783,4560.5,23055.6,7.62510435487674,409.4031264074032,651123.0,1.564558056338027,4585.37323943662,64.94550643377708,12.233333333333334,138955357012247.56,980866173.425555,34800660.64053763,2.99792147,229966.89053764,50.33565235580502,3621398243.455022,562347.8592307296,454741.0,20036340.625,73372.1,0.8636584166597242,4302.697963529997,0.9950629095148464,1.3648020345772152,332.407,129.343,282.755,158798.0,4.3,37.41,759097.0,32475.21,3.75,3.5,False,7580.06005859375,7858290000.0,51032.4609375,894700000.0,87.36000061035156,267803.0,2019.87,0.0,False,23.0,Extreme Fear,351.294911682606,290.614991366863,60.679920315742,2150.0,0.5472651380103936,0.4527348619896065,0.0282232187515079
2026-05-31,73579.6875,74153.5,73315.015625,73753.75,17445435650.0,74033.58801267025,74585.95860734167,75378.55218252013,76142.90036870775,36.72440922609833,-1112.0381891877914,-587.6425197409917,-524.3956694467997,76748.552734375,81267.6641833878,72229.4412853622,0.1177640825268285,1789.2011720803434,-0.0023775625144765,0.2275162290923689,771.0,687.0,0.5288065843621399,-0.1800104823028509,-0.9836646919866012,True,118.8783,4560.5,23055.6,7.631423876232181,504.6131558044737,717451.0,1.583892333333333,4982.298611111111,91.11491605156996,13.9,138955357012247.56,994681189.9526752,40416020.03192868,2.7184394200000006,226385.65692867016,45.83058254561531,2137895857.4355123,581640.647553058,403295.0,20036784.375,73754.51,0.8107043513118777,4018.718711560885,0.9993517554265224,1.3623994613070085,332.407,129.663,282.755,158798.0,4.3,37.41,759097.0,32475.21,3.75,3.5,False,7580.06005859375,7858290000.0,51032.4609375,894700000.0,87.36000061035156,267803.0,2004.37,0.0,False,28.0,Fear,373.702537298203,317.211909472942,56.49062782526,2343.0,0.5408810584937535,0.4591189415062465,0.0241103831947332
2026-06-01,71319.7734375,73969.5703125,70599.5078125,73580.2109375,43378836121.0,73128.98315428017,73860.13968071018,74798.72664751727,75704.43428405249,30.23177374288747,-1342.2744974613306,-738.5689152850596,-603.705582176271,76290.666796875,81067.35831748886,71513.97527626113,0.1252234833215411,1902.119838360319,-0.0311953863032946,0.2676632205842782,772.0,686.0,0.5294924554183813,-0.1842478563303945,-0.9828798133228978,True,119.1653,4475.2001953125,23155.2,7.787067135010613,552.218170503009,558154.0,1.581000074074074,4134.474074074074,65.23701541540206,12.966666666666669,138955357012247.52,932513615.5806334,32156339.76927436,3.5824490900000003,265927.2692743499,55.3527326969013,8620586012.353802,898791.4470575713,508084.0,20037234.375,73570.59,1.6102929425527206,4615.835325772369,0.988069886721727,1.321374781897173,332.407,129.663,282.755,158798.0,4.3,37.41,759097.0,32475.21,3.75,3.5,False,7599.9599609375,6583960000.0,51078.87890625,625190000.0,92.16000366210938,322039.0,2003.92,0.0,False,29.0,Fear,662.182620346546,822.450369477272,-160.267749130726,4587.0,0.4460244551248504,0.5539755448751497,-0.0349395572554449
2026-06-02,66703.65625,71334.953125,66127.265625,71321.03125,54990073882.0,70987.20751952012,72269.81002944126,73642.28801930053,74886.18173550226,21.76673321912428,-1875.5997625193704,-965.9750847319216,-909.6246777874488,75661.99375,81876.86561195778,69447.12188804221,0.1642798862132227,2138.231814191725,-0.0669138485252581,0.4114316988783439,773.0,685.0,0.5301783264746228,-0.1884818086222439,-0.9820766812314036,True,119.0359,4489.10009765625,23155.2,8.256550752726618,771.2012381162712,438817.0,1.589183309090909,3989.2454545454543,54.073926864346646,14.433333333333334,138955357012247.42,759825908.9916271,24522467.930324204,3.985760099999999,275074.1803242,54.42120688923604,12657347394.551184,1152723.8875062512,501194.0,20037656.25,71325.64,2.626889768414285,4922.3115279543,0.9738234058518608,1.23601499491039,332.407,129.663,282.755,158798.0,4.3,37.41,759097.0,32475.21,3.75,3.5,False,7609.77978515625,5904410000.0,51307.7890625,548760000.0,93.76000213623047,238146.0,1857.41,0.0,False,23.0,Extreme Fear,814.122897863388,955.514206469059,-141.391308605671,5304.0,0.460050761746712,0.5399492382532879,-0.0266574865395307
2026-06-03,64014.3671875,67402.9296875,64009.67578125,66694.0078125,47411556213.0,68662.92740884675,70435.26717567653,72266.87075761474,73897.83495841116,18.514238435227497,-2486.603017764064,-1270.1006713383504,-1216.5023464257138,74810.149609375,82426.99183462387,67193.30738412614,0.2036312523105647,2227.876249338745,-0.0411522222901916,0.4255212418188435,774.0,684.0,0.5308641975308642,-0.1927122605480896,-0.9812553106273848,True,119.3848,4436.7001953125,23155.2,8.479987759727493,675.9912087192006,424362.0,1.6352896018518523,3929.277777777778,70.75664411510185,14.525,138955357012247.4,746010892.4645066,24432298.93709044,4.358236390000003,297992.68709044,53.34481555323487,11373523450.560802,1029535.221005547,515383.0,20038000.0,66676.55,2.426077785017384,5175.803267825136,0.972620682916282,1.1956320534404263,332.407,129.663,282.755,158798.0,4.3,37.41,759097.0,32475.21,3.75,3.5,False,7553.68017578125,5753860000.0,50687.0703125,546850000.0,96.0199966430664,260613.0,1810.61,0.0,False,11.0,Extreme Fear,609.363948523998,773.83805924654,-164.474110722542,4411.0,0.4405458820191986,0.5594541179808015,-0.0372872615557791
2026-06-04,63801.57421875,64664.4453125,61335.75,64020.0703125,63800151780.0,67042.47634548118,68961.11318524841,71057.54268063407,72979.99307298742,18.2814621393277,-2953.946853223417,-1606.8699077153638,-1347.076945508053,74046.9443359375,82836.97344968823,65256.91522218677,0.2374177406665687,2306.506182421692,-0.0033296811494371,0.4218545086232064,775.0,683.0,0.5315500685871056,-0.1969391335426309,-0.9804157167648212,True,119.3615,4475.7998046875,23155.2,8.574577874405497,818.8062528148064,588281.0,1.5695815422535206,4142.823943661972,58.376067087177866,11.358333333333334,138955357012247.56,980866173.425555,31994424.504998155,4.164689669999998,285283.87999816,47.658409160646,11044663698.754305,1020537.8105485754,538439.0,20038337.5,64012.8,1.7347794855665497,5245.5103914427245,0.9777936117259092,1.1858932878748485,332.407,129.663,282.755,158798.0,4.3,37.41,759097.0,32475.21,3.75,3.5,False,7584.31005859375,5398910000.0,51561.9296875,520670000.0,93.04000091552734,219500.0,1768.5,0.0,False,12.0,Extreme Fear,693.37463670969,883.162509381771,-189.787872672081,4855.0,0.439808626411816,0.5601913735881839,-0.0390912199118601
2026-06-05,60922.66796875,63901.515625,59108.91796875,63807.69140625,71465606706.0,65002.54021990413,67174.79202602654,69609.7034360792,71883.87260896583,15.45107119207188,-3516.092557891301,-1988.7144377505515,-1527.3781201407496,73186.505859375,83525.63301854277,62847.37870020723,0.2825418986126758,2484.084144838,-0.0461725426252123,0.4491584291853077,776.0,682.0,0.532235939643347,-0.2011623491070326,-0.9795579152361232,True,120.0831,4337.10009765625,23155.2,9.016531679624148,952.1002939707053,569981.0,1.5970406370370362,4222.081481481481,58.81511150547839,10.166666666666666,138955357012247.52,932513615.5806334,26347747.612574305,3.9319772300000007,242391.3625742899,46.22565947386721,10951754744.90102,1091716.9234948244,557607.0,20038781.25,63812.6,1.915356693459649,5243.653964770826,0.977765615127046,1.1367970410942183,332.407,129.663,282.755,158861.0,4.3,37.49,759097.0,32475.21,3.75,3.5,False,7383.740234375,5591290000.0,50866.78125,638680000.0,90.54000091552734,252903.0,1581.64,0.0,False,12.0,Extreme Fear,709.499906659126,975.301234900951,-265.801328241825,5041.0,0.4211178928820938,0.5788821071179061,-0.0527278968938355
2026-06-06,60867.4140625,61491.703125,59496.625,60924.4765625,30898464957.0,63624.16483410276,65773.1524785762,68360.80495413931,70882.37637746893,15.401784837343229,-3920.858392441456,-2375.1432286887325,-1545.7151637527236,72358.408984375,83854.92341098053,60861.89455776948,0.3177658156936002,2449.155143421,-0.0009073630482773,0.4245396649666898,777.0,681.0,0.5329218106995884,-0.2053818288103817,-0.9786819219718442,True,120.0831,4337.10009765625,23155.2,9.017958846330073,761.6802351765641,530864.0,1.642053204918032,4351.3442622950815,64.5438989309378,13.791666666666666,138955357012247.48,842716008.1543498,23769580.873137023,2.919377729999999,180793.37313702007,44.145765076382666,3568092184.27682,666983.8455425471,458423.0,20039203.125,61039.24,1.256411897477597,4037.794934174805,0.9844303157105512,1.1346458274405713,332.407,129.663,282.755,158861.0,4.3,37.49,759097.0,32475.21,3.75,3.5,False,7383.740234375,5591290000.0,50866.78125,638680000.0,90.54000091552734,252903.0,1569.17,0.0,False,12.0,Extreme Fear,482.357560038567,714.59682059288,-232.239260554314,3654.0,0.402987421946776,0.5970125780532238,-0.0635575425709671
2026-06-07,63239.51953125,64128.04296875,60724.06640625,60866.94140625,36006496194.0,63495.94973315184,65210.122934725936,67629.19275086942,70187.57120963084,26.27457663155363,-4004.072688186556,-2700.9291205882973,-1303.1435675982584,71672.6763671875,83641.36606974437,59703.98666463063,0.3339819387025504,2517.356673355214,0.0382314561194156,0.500164244332394,778.0,680.0,0.53360768175583,-0.2095974942911469,-0.9777877532403813,True,120.0831,4337.10009765625,23155.2,8.661826035020479,675.9912087192006,548514.0,1.6029241538461538,4688.153846153846,43.794975963809385,15.15,138955357012247.44,808178466.8365489,23214514.58494519,2.3545421700000007,146555.2099451901,41.78744673621821,2358010683.402757,569003.0313928671,400871.0,20039603.125,60861.29,1.0373537072761445,3462.815650688127,1.0029164205859191,1.178976675309288,332.407,129.663,282.755,158861.0,4.3,37.49,759097.0,32475.21,3.75,3.5,False,7383.740234375,5591290000.0,50866.78125,638680000.0,90.54000091552734,252903.0,1689.61,0.0,False,12.0,Extreme Fear,449.260623216629,546.78682410717,-97.526200890541,3393.0,0.4510433959985659,0.5489566040014341,-0.0287433542265078
2026-06-08,63090.58984375,64185.765625,62384.66796875,63244.0859375,34133252457.0,63360.829770017895,64739.11558117573,66980.82090699521,69542.39108545985,26.04822172232213,-4035.5190466684726,-2967.847105804333,-1067.6719408641395,70989.660546875,83292.5815591992,58686.73953455081,0.3466116309768937,2466.195314990556,-0.0023577871851843,0.4948799512444067,779.0,679.0,0.5342935528120714,-0.2138092672586309,-0.9768754256476756,True,120.034,4335.89990234375,23155.2,8.681959799042552,675.9912087192006,580206.0,1.5962322125984256,4568.5511811023625,41.79408508423156,13.366666666666667,138955357012247.5,877253549.4721516,26166733.69282116,2.9234829599999985,188733.69282114992,44.08885205193118,7440078066.197262,789416.9016723701,457079.0,20039950.0,63274.63,1.3605803829542786,4184.8716107440905,0.9939579473537656,1.1785132598364798,332.407,129.663,282.755,158861.0,4.3,37.49,759097.0,32475.21,3.75,3.5,False,7405.72998046875,4898180000.0,50786.01171875,477180000.0,91.30000305175781,278650.0,1689.96,0.0,False,8.0,Extreme Fear,507.018142640591,488.6659694314,18.35217320919,3278.0,0.5092158612288192,0.4907841387711809,0.0055985885323947
2026-06-09,61643.78125,63486.08984375,60756.6875,63092.890625,40144449754.0,62788.480263345264,64051.26350758112,66218.38667028162,68824.33564587259,23.894604468352654,-4129.582616528467,-3200.19420794916,-929.3884085793076,70198.9609375,82781.10131971297,57616.82055528703,0.3584708438466826,2484.995817044802,-0.0231992749169722,0.4964173269170404,780.0,678.0,0.5349794238683128,-0.2180170694944259,-0.9759449561369036,True,119.9617,4260.0,23155.2,8.853364412680028,628.3861940206654,573287.0,1.6199275322580649,4623.282258064516,47.69232248396547,15.308333333333334,138955357012247.48,856531024.6814705,27149338.9211155,3.1054598700000007,215732.6711154899,42.71779750345055,7544177709.540261,767543.8887483565,466012.0,20040346.875,63090.31,1.338847538402853,4555.423474035157,0.98660432262245,1.1517566167396358,332.407,129.663,282.755,158861.0,4.3,37.49,759097.0,32475.21,3.75,3.5,False,7386.64990234375,6006390000.0,50872.109375,566610000.0,88.19999694824219,306101.0,1638.86,0.0,False,10.0,Extreme Fear,594.394938647747,488.573092401028,105.821846246719,3130.0,0.548857326907535,0.451142673092465,0.0338088965644469
2026-06-10,61449.2890625,62788.27734375,60788.0234375,61643.20703125,27493506779.0,62342.083196396845,63473.04696422976,65537.0870120271,68153.876865566,23.611987166965307,-4171.733421358607,-3394.5020506310493,-777.231370727558,69394.466796875,82057.77943994226,56731.15415380774,0.3649660622116781,2450.3713948451737,-0.0031600860854061,0.4989928484519211,781.0,677.0,0.5356652949245542,-0.2222208228538667,-0.9749963619881616,True,119.9134,4108.2001953125,23155.2,8.922434784279769,618.8651910809583,567680.0,1.6236316984126993,4505.396825396825,38.287756893050464,11.625,138955357012247.48,870346041.2085911,24484223.559984963,3.014567329999999,186154.80998497,43.130326169646565,4928846549.938478,756179.2365444488,478720.0,20040734.375,61642.38,1.3320519245780171,4316.100213403405,0.980662596035868,1.148835844703938,332.407,129.663,282.755,158861.0,4.3,37.49,759097.0,32475.21,3.75,3.5,False,7266.990234375,5247300000.0,49918.78125,503790000.0,90.02999877929688,291935.0,1620.74,0.0,False,9.0,Extreme Fear,431.529697239399,465.987804353237,-34.458107113838,2862.0,0.4808036572809486,0.5191963427190514,-0.012039869711334
2026-06-11,63561.0546875,63851.94921875,61447.96875,61448.87890625,29316677897.0,62748.407026764566,63492.60423606759,65254.7966799518,67736.34757665091,32.89299228157935,-3988.756498688679,-3513.352940242575,-475.403558446104,68798.107421875,81376.19423103999,56220.02061271001,0.3656521169117414,2447.057757266947,0.0337886685240648,0.5548451320730862,782.0,676.0,0.5363511659807956,-0.2264204492674811,-0.9740296608181456,True,120.1174,4090.300048828125,23155.2,8.65508536251392,590.3021822618372,637515.0,1.6029642444444454,4722.333333333333,56.845875882784014,11.483333333333333,138955357012247.52,932513615.5806334,27490584.13183997,3.5512813800000003,228624.75683996995,41.79170588604434,5482125367.938362,756757.5969732985,487498.0,20041128.125,61450.38,1.187042809931215,5301.8775868069615,0.9880226992795622,1.1875449707608752,332.407,129.663,282.755,158861.0,4.3,37.49,759097.0,32475.21,3.75,3.5,False,7394.2998046875,5658920000.0,50848.75,516860000.0,87.70999908447266,317151.0,1671.85,0.0,False,12.0,Extreme Fear,461.797788798809,443.275681614876,18.522107183933,2933.0,0.5102323776960709,0.489767622303929,0.0063150723436525
2026-06-12,63543.19921875,64334.015625,62778.79296875,63547.44140625,26881868307.0,63013.33775742638,63503.847565552576,65010.28275692298,67355.15227138718,32.85664238298816,-3801.3669642043824,-3570.955745034937,-230.4112191694453,68141.5990234375,80354.30638527173,55928.89166160327,0.3584508592947351,2383.355250051451,-0.0002809578486747,0.555741986561516,783.0,675.0,0.5370370370370371,-0.2306158707424405,-0.9730448705798238,True,119.5073,4215.0,23155.2,8.675718446548562,561.739173442716,647883.0,1.6048355374149657,4407.367346938776,52.50451684925385,13.183333333333334,138955357012247.56,1015403714.743356,31436770.76781264,3.78386808,250505.14281265,44.74418296872373,5415539925.116928,802698.971338471,515594.0,20041550.0,63547.89,1.2389566809724455,5162.681136672638,0.9962017485705414,1.1877855212466688,332.407,129.663,282.755,158861.0,4.3,37.49,759097.0,32475.21,3.75,3.5,False,7431.4599609375,4950530000.0,51202.26171875,427710000.0,84.87999725341797,233924.0,1664.62,0.0,False,12.0,Extreme Fear,424.106012701988,439.561886668205,-15.455873966217,2701.0,0.4910521891704625,0.5089478108295374,-0.0057222784028941
2026-06-13,64421.32421875,64700.87890625,63431.3203125,63541.515625,16956245530.0,63482.6665778676,63707.73126626312,64926.14582289827,67088.44063023834,36.56917234750776,-3541.1815230648062,-3565.000900640911,23.81937757610467,67513.608984375,79087.43922515516,55939.778743594834,0.3428591780202048,2303.798346029919,0.0137247224557035,0.5640508673461773,784.0,674.0,0.5377229080932785,-0.2348070093640055,-0.9720420095621032,True,119.5073,4215.0,23155.2,8.558273159279286,514.1341587441808,550296.0,1.5796760483870969,4437.870967741936,38.03410300700251,13.608333333333334,138955357012247.48,856531024.6814705,25757659.401464887,3.41175237,222065.65146489983,45.16819386467756,1625624118.6010222,451541.0770173021,423183.0,20042009.375,63539.65,0.820542175515181,4744.291312881429,0.9994630345486432,1.205481911068106,332.407,129.663,282.755,158861.0,4.3,37.49,759097.0,32475.21,3.75,3.5,False,7431.4599609375,4950530000.0,51202.26171875,427710000.0,84.87999725341797,233924.0,1680.19,0.0,False,13.0,Extreme Fear,398.505949616432,329.275580704212,69.23036891222,2195.0,0.547562603630322,0.4524373963696779,0.0315400313950888
2026-06-14,65710.3984375,65749.78125,63634.0234375,64420.16796875,21572226975.0,64225.243864411736,64152.76841542687,65038.18191069852,66963.16406726213,41.66810485522385,-3194.145054316512,-3490.8297313760318,296.68467705951934,66935.132421875,77572.27876589262,56297.98607785736,0.3178344752341542,2290.36687934921,0.0198124847553173,0.5831558455814274,785.0,673.0,0.5384087791495199,-0.2389937872969776,-0.97102109638949,True,119.5073,4215.0,23155.2,8.397911506768152,571.2601763824231,726520.0,1.5896503082191775,4976.164383561644,56.78227839109101,9.933333333333334,125124954924434.3,908119306.0165768,30279244.594365463,2.65664341,173275.84436546,40.691674386405126,1504861400.9185028,435308.9287869875,400405.0,20042396.875,64427.29,0.5991699179471831,4157.579494959397,1.001052571882713,1.2276315476665296,332.407,129.663,282.755,158861.0,4.3,37.49,759097.0,32475.21,3.75,3.5,False,7431.4599609375,4950530000.0,51202.26171875,427710000.0,84.87999725341797,233924.0,1725.22,0.0,False,18.0,Extreme Fear,364.060005068779,310.674665749073,53.385339319706,2318.0,0.5395602461446046,0.4604397538553953,0.0230307762380094
2026-06-15,66289.5,67248.1328125,65315.8359375,65711.109375,32927321950.0,64913.32924294116,64627.597656443126,65216.94163774159,66901.92187932921,43.85172359075272,-2839.653735589891,-3360.594532218804,520.9407966289127,66458.320703125,76237.82925785039,56678.81214839962,0.2943050155724302,2264.790450467124,0.0087743291428838,0.5743162624139069,786.0,672.0,0.5390946502057613,-0.2431761267871414,-0.9699821500217436,True,119.3158,4328.0,23155.2,8.298703209816672,628.3861940206654,710717.0,1.6155192066666673,4738.113333333334,38.96346285860357,10.933333333333334,124932866006548.0,931566968.2181836,32087056.179462083,3.71797972,252599.92946207,43.84897320507061,6123296483.392739,798320.8407747869,492782.0,20042853.125,65713.21,1.1232612147659151,5594.9995245248965,0.9964540915968644,1.2393546167038156,333.979,129.663,290.515,158861.0,4.3,37.49,766192.0,32475.21,3.75,3.5,False,7554.2900390625,5674670000.0,51671.03125,509660000.0,80.75,208395.0,1794.99,0.0,False,20.0,Extreme Fear,494.719799160957,386.562152683735,108.157646477222,2778.0,0.5613638156612804,0.4386361843387197,0.0389336380407566
2026-06-16,65600.640625,66928.609375,65315.0703125,66289.4609375,25063963967.0,65142.43303696078,64843.82942723355,65271.7557787785,66783.6235834811,41.84505616637168,-2584.50939059793,-3205.377503894629,620.868113296699,66021.117578125,75070.71072895557,56971.52442729444,0.2741423799777966,2218.2724941837578,-0.0104460520817153,0.466219767464247,787.0,671.0,0.5397805212620027,-0.2473539501627096,-0.9689251897535246,True,119.256,4330.89990234375,23155.2,8.354888208230737,590.3021822618372,786360.0,1.587536814814815,4854.074074074074,37.26207937015375,11.25,124932866006548.0,1006092325.6756384,37804194.32902268,3.3164144300000014,238028.7040226699,42.375873013176175,5379500225.09902,829580.7529998745,477480.0,20043334.375,66285.33,1.0549630614475234,4951.20329945954,0.9947584448284672,1.2287326760856152,333.979,129.663,290.515,158861.0,4.3,37.49,766192.0,32475.21,3.75,3.5,False,7511.35009765625,5286210000.0,51999.671875,447100000.0,76.05000305175781,205050.0,1792.0,0.0,False,23.0,Extreme Fear,464.157587766647,304.713311374187,159.44427639246,2382.0,0.603687287794758,0.396312712205242,0.0669371437415869
2026-06-17,64418.4453125,66354.625,63870.9296875,65600.4296875,31288885189.0,64901.10379547386,64749.29962395943,65149.854283595865,66568.60737702827,38.58205359783853,-2449.463055312517,-3054.194614178207,604.7315588656897,65565.212109375,73912.05726751355,57218.36695123646,0.2546120080940011,2237.231266920632,-0.0181854515308644,0.4237640534594461,788.0,670.0,0.5404663923182441,-0.2515271798357653,-0.9678502352140368,True,119.3871,4358.89990234375,23155.2,8.486888216049923,552.218170503009,601375.0,1.6088632348484853,4555.871212121212,36.40734823868354,13.204166666666666,124932866006548.0,819778932.0320016,28337336.97282871,3.34046601,224830.72282871,44.68497909484499,4571979958.525453,667466.145781686,474545.0,20043828.125,65611.77,1.1099000553426497,4771.3578756803945,0.9951481624607668,1.2059072762898515,333.979,129.663,290.515,158861.0,4.3,37.49,766192.0,32475.21,3.75,3.5,False,7420.10009765625,5883740000.0,51492.55078125,496040000.0,76.79000091552734,100474.0,1748.81,0.0,False,22.0,Extreme Fear,482.955811977386,394.850423932076,88.105388045311,2526.0,0.5501849864133327,0.4498150135866674,0.0348794093607723
2026-06-18,62896.47265625,64736.921875,62201.14453125,64419.64453125,30432454936.0,64232.89341573257,64337.56029780178,64827.942622546456,66234.7769478666,34.817815542148765,-2437.1543372220767,-2930.786558786981,493.6322215649043,65041.4095703125,72603.25761152085,57479.56152910414,0.2325241132123276,2258.5559866941585,-0.0239099264595433,0.4415720091502678,789.0,669.0,0.5411522633744856,-0.2556957383037037,-0.966757306366662,True,120.3958,4224.10009765625,23155.2,8.668725145895301,590.3021822618372,815537.0,1.6128984787878786,4942.648484848485,77.70382099865381,11.783333333333331,124932866006548.0,1024723665.040002,39027824.01494674,3.45834819,245180.26494673992,39.81293509502055,5554930941.589977,705918.3180308954,503361.0,20044240.625,64428.91,0.8655871138046409,5123.359623054873,0.9874518190781288,1.1772253837760067,333.979,129.663,290.515,158861.0,4.3,37.49,766192.0,32475.21,3.75,3.5,False,7500.580078125,9061110000.0,51564.69921875,985370000.0,76.5999984741211,97813.0,1709.75,0.0,False,15.0,Extreme Fear,441.397660017014,473.306451618671,-31.908791601658,2706.0,0.482557861500919,0.517442138499081,-0.011791866815099
2026-06-19,63540.8359375,63568.22265625,62275.58203125,62897.515625,22361931660.0,64002.20758965505,64160.51043995694,64644.0702389684,65989.87321965146,37.59386772837277,-2348.3347169976914,-2814.2961904291237,465.96147343143184,64530.7095703125,70900.4402084767,58160.97893214829,0.1974170338611809,2189.562032287433,0.0101927013006599,0.367292984545012,790.0,668.0,0.541838134430727,-0.2598595481506682,-0.9656464235085896,True,120.3958,4224.10009765625,23155.2,8.626357608512746,523.6551616838879,746922.0,1.5926313576158937,4946.503311258278,47.64816291700172,11.15,124932866006548.0,937777414.6729716,33453833.89575472,3.2586202400000004,223446.3957547201,39.48734176863508,4445629256.547025,623162.0722292056,486150.0,20044768.75,62900.98,0.8343067579067234,4988.875993405534,0.990278657385004,1.186374409712872,333.979,129.663,290.515,158861.0,4.3,37.49,766192.0,32475.21,3.75,3.5,False,7500.580078125,9061110000.0,51564.69921875,985370000.0,76.5999984741211,97813.0,1709.59,0.0,False,14.0,Extreme Fear,478.305781364441,464.53865557909,13.767125785351,2665.0,0.5073008469085211,0.4926991530914789,0.0051659008575425
2026-06-20,64239.67578125,64307.13671875,63149.66015625,63535.80859375,17486384117.0,64081.36365352004,64178.10273802206,64586.29960215149,65830.76436161496,40.55102643159971,-2196.237138494296,-2690.684380042158,494.4472415478617,64063.708984375,68800.19409160342,59327.22387714657,0.1478679640101276,2115.8416415883307,0.0109382377964082,0.3687270931065667,791.0,667.0,0.5425240054869684,-0.2640185320489932,-0.96451760727044,True,120.3958,4224.10009765625,23155.2,8.52677978678556,495.09215286476666,779461.0,1.5514673161290324,5028.7806451612905,33.88594402840977,10.866666666666667,124932866006548.0,962619200.4921228,31830352.606492512,2.6796111999999987,173877.60649250002,39.86717677194989,1869016347.801716,455715.4150572616,409924.0,20045243.75,63486.22,0.5846545434053295,4257.911142542796,0.9998579725288914,1.2034610271445665,333.979,129.663,290.515,158861.0,4.3,37.49,766192.0,32475.21,3.75,3.5,False,7500.580078125,9061110000.0,51564.69921875,985370000.0,76.5999984741211,97813.0,1739.33,0.0,False,23.0,Extreme Fear,368.262475013733,397.20468878746,-28.942213773727,2198.0,0.4810950651168338,0.5189049348831662,-0.0131675221900486
2026-06-21,63237.5390625,64506.578125,63221.0,64242.32421875,15739619591.0,63800.0887898467,63969.08858790605,64393.61952505843,65595.01660714997,37.785922881194615,-2131.986555823605,-2578.9448151984475,446.9582593748423,63659.597265625,66946.85633278658,60372.33819846342,0.103276150285564,2056.537104689164,-0.0157229253051467,0.3281668344886664,792.0,666.0,0.5432098765432098,-0.2681726127606368,-0.9633708786158804,True,120.3958,4224.10009765625,23155.2,8.653009313495954,495.09215286476666,669777.0,1.6074756492537314,4998.335820895522,32.511137944210866,12.75,124932866006548.0,832199824.9415773,28231237.7138422,2.44324063,162753.33884221994,40.354436954984834,2777695164.63806,541712.3895335885,381259.0,20045712.5,64250.43,0.8087951505256056,3861.270417353224,1.019250853515019,1.186796520860484,333.979,129.663,290.515,158861.0,4.3,37.49,766192.0,32475.21,3.75,3.5,False,7500.580078125,9061110000.0,51564.69921875,985370000.0,76.5999984741211,97813.0,1705.16,0.0,False,23.0,Extreme Fear,473.610876739025,398.224640786648,75.386235952377,2373.0,0.5432342078505406,0.4567657921494595,0.0317683253065221
2026-06-22,63952.10546875,65544.0,63233.53125,63240.7890625,26561496819.0,63850.76101614781,63965.31456142693,64330.54608844294,65445.66104911361,40.881443307733385,-2000.3491887787825,-2463.2256899145145,462.8765011357322,63522.0197265625,66487.4186858923,60556.62076723269,0.0933660161340804,2074.675079354224,0.0112363538248423,0.3327361539131409,793.0,665.0,0.5438957475994513,-0.2723217131386164,-0.9622062588412368,True,120.5463,4181.89990234375,23155.2,8.572772413796516,542.697167563302,770946.0,1.590692397435898,4941.961538461538,39.37707240705086,10.870833333333334,124932866006548.0,968829646.9469112,33983075.16364371,3.06325822,213547.03864372004,40.87820667445789,4956173444.403192,727163.9807496,454922.0,20046153.125,63234.7,0.9432100053046516,4844.565550982032,0.998414395156422,1.197421605598321,333.979,129.663,290.515,158861.0,4.3,37.49,766192.0,32475.21,3.75,3.5,False,7472.7900390625,5976740000.0,51712.7109375,529120000.0,74.81999969482422,315903.0,1726.39,0.0,False,20.0,Extreme Fear,468.962350130081,397.573856711388,71.388493418694,2471.0,0.5411918699155714,0.4588081300844285,0.0288905274863188
2026-06-23,62668.01953125,64196.5625,61893.20703125,63952.79296875,29608942370.0,63456.51385451521,63677.02677694317,64093.04229455824,65193.14818385328,37.2907198703872,-1976.8527031877748,-2365.9510925691666,389.0983893813918,63454.70234375,66434.13481898137,60475.26986851863,0.0939073816497016,2091.009392882494,-0.0202831889602721,0.3270742173030124,794.0,664.0,0.5445816186556928,-0.27646575612844,-0.9610237695750974,True,121.0552,4129.89990234375,23155.2,8.747232743342334,599.8231852015442,862979.0,1.6027829710982653,4988.317919075144,30.76094182621229,9.283333333333331,124932866006548.0,1074407236.6783051,37380880.69218837,3.230137560000001,213483.81718838983,39.33910253834196,6441911323.250376,785248.442859066,464862.0,20046621.875,63952.2,0.9099276377050496,4928.510181193222,0.9853744794938888,1.1731976651833005,333.979,129.663,290.515,158861.0,4.3,37.49,766192.0,32475.21,3.75,3.5,False,7365.4599609375,5640530000.0,51666.83984375,548870000.0,73.20999908447266,203509.0,1665.16,0.0,False,23.0,Extreme Fear,458.319184482098,402.196829915047,56.122354567051,2453.0,0.5326097095394378,0.4673902904605622,0.0228790683110684
2026-06-24,60995.1328125,63097.7578125,59029.85546875,62663.03125,42644106535.0,62636.05350717681,63081.05034040024,63650.48379712136,64811.51042282117,33.19957056453859,-2069.365192574456,-2306.6339125702243,237.26871999576812,63314.3802734375,66483.34794252747,60145.41260434753,0.1001026198283569,2232.2160322301734,-0.0270571911625371,0.3573321734037917,795.0,663.0,0.5452674897119342,-0.2806046647695385,-0.959823432777912,True,121.412,3990.300048828125,23155.2,8.937539432356088,675.9912087192006,749523.0,1.5974597548387095,4835.6322580645165,26.3641386070641,8.4,124932866006548.0,962619200.4921228,30898733.96285523,3.3961388300000004,217908.9628552301,40.35368247384116,7573340983.20286,808795.2459161513,488035.0,20047159.375,62653.71,1.079079956073598,5285.905233608743,0.987806178486946,1.14232532504498,333.979,129.663,290.515,158861.0,4.3,37.49,766192.0,32475.21,3.75,3.5,False,7358.22021484375,5994860000.0,51848.8984375,560270000.0,70.33999633789062,251403.0,1620.24,0.0,False,17.0,Extreme Fear,537.32667940855,644.543474256992,-107.216794848442,3586.0,0.4546410430469406,0.5453589569530594,-0.0298987157971115
2026-06-25,59721.67578125,61868.90625,58075.921875,60992.0703125,40625024718.0,61664.59426520121,62334.52266058908,63089.22550913974,64348.79818267833,30.46003231973553,-2219.850294244068,-2289.277188904993,69.42689466092497,63254.3306640625,66651.42881038562,59857.23251773937,0.1074107688962761,2343.699485285161,-0.0210990381164694,0.3169472414397524,796.0,662.0,0.5459533607681756,-0.2847383621966959,-0.9586052707415827,True,121.0559,4030.5,23155.2,9.11889918220236,637.9071969603724,805731.0,1.5621058823529408,4739.594117647059,27.373582494085195,9.583333333333332,124932866006548.0,1055775897.3139414,35737200.07342634,3.3656588099999984,218621.94842636,40.084212686656144,11197155246.696903,1048642.548934362,522671.0,20047643.75,60984.24,1.3014797108890708,4929.050982326462,0.9792691679784848,1.12407957629493,333.979,129.663,290.515,158861.0,4.3,37.49,766192.0,32475.21,3.75,3.5,False,7357.490234375,5565760000.0,51920.62109375,639230000.0,71.91999816894531,228065.0,1565.09,0.0,False,12.0,Extreme Fear,637.582342028618,829.407914638519,-191.825572609901,4240.0,0.4346193433330257,0.5653806566669742,-0.0452418803325238
2026-06-26,60016.4296875,60647.1875,58269.125,59712.0546875,41502864671.0,61115.206072634144,61819.39088879151,62650.25467747692,63954.94650129848,31.86154534507781,-2288.941155802961,-2289.2099822845867,0.2688264816260926,63211.7814453125,66753.01920916696,59670.543681458046,0.1120435995596216,2346.153986336221,0.004923319948585,0.3199690151153241,797.0,661.0,0.546639231824417,-0.2888667716414738,-0.9573693060890518,True,120.8866,4078.699951171875,23155.2,9.057950676232002,609.3441881412513,712555.0,1.5527755161290326,4597.129032258064,39.686372188756295,10.966666666666669,124932866006548.0,962619200.4921228,31793868.264358897,3.435837640000001,222824.5143589,41.10252048975587,10780035998.742752,1229436.3840608692,521746.0,20048175.0,59709.65,1.7253915614385826,4993.878709845235,0.9844326471176132,1.1270469384410169,333.979,129.663,290.515,158861.0,4.3,37.49,766192.0,32475.21,3.75,3.5,False,7354.02001953125,9105600000.0,51876.109375,1297680000.0,69.2300033569336,249316.0,1576.24,0.0,False,13.0,Extreme Fear,555.472013950348,637.594534039497,-82.122520089149,3475.0,0.465583428591006,0.534416571408994,-0.0236323798817695
2026-06-27,59940.09765625,60835.046875,59794.62109375,60016.3125,15099836554.0,60723.50326717277,61401.77017044895,62263.08938873022,63589.9602426577,31.6834604045451,-2323.0765380835364,-2295.9832934443766,-27.09324463915982,63046.8103515625,66878.137439344,59215.483263781,0.1215391251807095,2252.88768597292,-0.0012726617424323,0.3053700415677814,798.0,660.0,0.5473251028806584,-0.2929898164336403,-0.9561155617738798,True,120.8866,4078.699951171875,23155.2,9.088667999979345,514.1341587441808,826483.0,1.6557506488095246,4919.541666666667,25.699853962410234,8.883333333333333,133125104579158.0,1111771053.6412394,33755336.59745445,2.76634423,173327.22245444014,38.65315519903452,2357064199.3242965,648533.9613940587,452506.0,20048659.375,60023.84,0.7846912294554863,4243.832745741778,0.9995019217888188,1.127011418515148,333.979,129.663,290.515,158861.0,4.3,37.49,766192.0,32475.21,3.75,3.5,False,7354.02001953125,9105600000.0,51876.109375,1297680000.0,69.2300033569336,249316.0,1571.79,0.0,False,15.0,Extreme Fear,395.618276417255,456.263635694981,-60.645359277725,2596.0,0.4644050669374138,0.5355949330625862,-0.0233610783042084
2026-06-28,59532.33984375,60432.70703125,58879.6328125,59940.3515625,16282230874.0,60326.44879269852,60986.34120896029,61872.98231087591,63221.085660938814,30.69643472711597,-2355.8746655046853,-2307.9615678564387,-47.91309764824655,62868.8978515625,67009.63510113972,58728.16060198528,0.1317260964031457,2202.9010097427117,-0.0068259994404737,0.2727842886417397,799.0,659.0,0.5480109739368999,-0.2971074200025928,-0.95484406107982,True,120.8866,4078.699951171875,23155.2,9.1379441562508,580.7811793221301,616427.0,1.610604937984495,4778.503875968992,50.95618772727724,12.616666666666667,133869853540304.52,858457140.405019,28065491.578357432,2.2834087800000007,152800.95335741993,38.75421376977022,2128916771.004747,537371.3435272689,416739.0,20049190.625,59941.43,0.8717517946606311,3356.101317957636,0.9951067806917318,1.1189318202539256,333.979,129.663,290.515,158861.0,4.3,37.49,766192.0,32475.21,3.75,3.5,False,7354.02001953125,9105600000.0,51876.109375,1297680000.0,69.2300033569336,249316.0,1569.62,0.0,False,18.0,Extreme Fear,507.982502996922,451.919000148773,56.063502848148,2680.0,0.5292027372935781,0.4707972627064219,0.0209192174806522
2026-06-29,60138.37890625,60682.33984375,58856.1875,59522.7890625,30829983083.0,60263.75883054902,60797.90514169134,61625.18182450078,62940.83959233074,33.98799474663427,-2306.3786331081064,-2307.6449809067726,1.2663477986661746,62793.627734375,67080.292732277,58506.96273647301,0.1365318473407885,2175.990390743232,0.0101285301835763,0.2750683952171169,800.0,658.0,0.5486968449931413,-0.3012195058787772,-0.9535548276203868,True,120.9525,4022.300048828125,23155.2,9.019285941101993,561.739173442716,531503.0,1.6037308239999992,4252.024,41.73095509174544,11.333333333333334,133869853540304.56,831838314.3459485,25522718.155180145,3.384016270000001,214552.53018014005,44.51639475693906,8343719421.253081,990718.3638602766,490860.0,20049593.75,59496.75,1.8639939263941627,4467.99250593104,0.9830455947929648,1.1322838457186375,333.979,129.663,290.515,158861.0,4.3,37.49,766192.0,32475.21,3.75,3.5,False,7440.43017578125,5794570000.0,52182.73828125,580440000.0,70.75,170488.0,1610.65,0.0,False,12.0,Extreme Fear,566.719495356083,579.655149757862,-12.935654401779,3505.0,0.4943580161786929,0.505641983821307,-0.0036906289306074
2026-06-30,58558.859375,60173.21875,58111.671875,60136.453125,32747419391.0,59695.45901203268,60300.33941575993,61187.13576028639,62542.47775439158,29.990085173879407,-2367.31773120926,-2319.5795309672703,-47.73820024198904,62649.10625,67305.55389587267,57992.658604127326,0.1486516863398245,2167.8158539044293,-0.0266158302862621,0.2926573070951911,801.0,657.0,0.5493827160493827,-0.305325997695113,-0.9522478853384152,True,120.9248,4022.89990234375,23155.2,9.165464036614727,580.7811793221301,621005.0,1.5866905033557048,4167.818791946309,44.98629867558059,11.316666666666666,133869853540304.44,991551270.7003708,32232725.90283712,4.05526357,290013.4028371101,45.84803281610437,13484109080.280006,1139145.718189321,563177.0,20049978.125,60136.19,1.834358367789826,5587.481920448037,0.97909135604958,1.1027805682008869,333.979,130.094,290.515,158861.0,4.3,37.49,766192.0,32475.21,3.75,3.5,False,7499.35986328125,6037540000.0,52319.19921875,622980000.0,69.5,194279.0,1569.71,0.0,False,15.0,Extreme Fear,493.636890470982,529.546000421047,-35.909109950066,3150.0,0.4824522525397395,0.5175477474602603,-0.0113997174444653
2026-07-01,60003.7578125,61223.76953125,57747.765625,58562.4453125,37904450118.0,59798.22527885513,60234.43239281328,61018.08176774548,62311.68503240144,37.26029433559529,-2272.821505576736,-2310.2279258891635,37.4064203124276,62471.24140625,67251.14225469003,57691.34055780998,0.1530272407220585,2261.257857643399,0.0243747988918137,0.3298425707665774,802.0,656.0,0.5500685871056241,-0.3094268191884083,-0.9509232585056188,True,121.1455,4068.300048828125,23155.2,8.981581867334384,609.3441881412513,613353.0,1.648197671328671,4289.181818181818,40.09053737301037,11.7,133869853540304.48,951623031.6117651,27517549.948183976,3.596293950000001,218137.44818398,43.589534330106034,7451290684.409838,898324.7498044933,540315.0,20050471.875,58534.28,1.4646129550267029,4862.179173215911,0.993111795346048,1.1321108720363224,333.979,130.094,290.515,158861.0,4.3,37.49,766192.0,32475.21,3.75,3.5,False,7483.22998046875,5782730000.0,52305.23828125,622970000.0,68.58000183105469,200004.0,1607.16,0.0,False,11.0,Extreme Fear,491.516601502895,536.035686790943,-44.519085288048,3145.0,0.4783373139278546,0.5216626860721454,-0.0141555120152775
2026-07-02,61485.30078125,62117.875,59532.32421875,60004.76953125,40109297349.0,60360.58377965342,60512.40314579922,61084.82734110327,62236.55919138767,43.71453597348196,-2054.699137496238,-2259.1221682105784,204.42303071434023,62368.346484375,67139.67832182714,57597.01464692284,0.1530049169620843,2284.421637901013,0.0243909440883905,0.3442723098799955,803.0,655.0,0.5507544581618655,-0.313521894200777,-0.9495809717221364,True,120.6902,4112.7001953125,23155.2,8.733476793665005,580.7811793221301,543519.0,1.6022076259542,4149.0,52.1387401651054,11.383333333333333,133869853540304.52,871766553.4345543,28684439.449678544,4.078822440000001,274367.57467854995,46.11483106655157,10594639353.042812,967762.5773529486,527254.0,20050890.625,59963.86,1.780549672325988,5198.77650331361,0.9956187980624722,1.1581855624958048,333.979,130.094,290.515,158861.0,4.3,37.49,766192.0,32475.21,3.75,3.5,False,7483.240234375,5463520000.0,52900.0703125,548820000.0,68.69000244140625,183635.0,1698.75,0.0,False,19.0,Extreme Fear,485.695228934288,405.790599107742,79.904629826546,2772.0,0.5448154234835345,0.4551845765164655,0.0288256240355505
2026-07-03,62544.19921875,62879.0078125,61176.72265625,61492.06640625,26131813598.0,61088.45559268562,60963.91338423273,61293.30903790995,62264.52646660243,47.844335463000206,-1775.9196388577257,-2162.481662340008,386.5620234822823,62274.490234375,66948.64453069807,57600.335938051925,0.150114574321894,2242.8404606402264,0.0170753597454698,0.3525964361665529,804.0,654.0,0.551440329218107,-0.3176111466810535,-0.9482210499160764,True,120.6902,4112.7001953125,23155.2,8.575118502894764,495.09215286476666,685422.0,1.6020027483443713,4539.218543046358,42.25850102708407,9.883333333333333,133869853540304.44,1004860683.7299056,30994529.89855728,3.366494109999999,216561.1485572801,42.81668860634335,4575387982.927384,814646.163280944,529854.0,20051300.0,61484.36,1.1885322666633753,4789.095884088159,1.0001551658364782,1.1792987088316838,333.979,130.094,290.515,158861.0,4.3,37.49,766192.0,32475.21,3.75,3.5,False,7483.240234375,5463520000.0,52900.0703125,548820000.0,68.69000244140625,183635.0,1756.1,0.0,False,21.0,Extreme Fear,372.214692533016,368.957453846931,3.257238686085,2212.0,0.502197356377998,0.4978026436220019,0.0014725310515754
2026-07-04,63088.3046875,63398.41015625,62287.5859375,62545.12890625,18608397613.0,61755.07195762375,61436.00034051434,61549.73698785139,62339.41539577494,49.87932911073774,-1493.859827444547,-2028.757295360916,534.8974679163689,62143.385546875,66551.2665829725,57735.50451077749,0.1418616316863722,2161.982157648068,0.0086619123839713,0.3505949546231549,805.0,653.0,0.5521262002743484,-0.3216945006862024,-0.9468435183430548,True,120.6902,4112.7001953125,23155.2,8.511545030961077,504.6131558044737,766307.0,1.591535149350649,4976.019480519481,33.77569806790822,11.291666666666668,133869853540304.44,1024824803.2742088,31958505.35624473,2.4419850500000004,157883.48124474008,39.40532336594009,2204217170.826114,539858.1832009271,434728.0,20051781.25,62545.03,0.7044933469235268,3785.759550190352,1.0010364521285338,1.1891572189350943,333.979,130.094,290.515,158861.0,4.3,37.49,766192.0,32475.21,3.75,3.5,False,7483.240234375,5463520000.0,52900.0703125,548820000.0,68.69000244140625,183635.0,1778.88,0.0,False,22.0,Extreme Fear,307.041785240173,313.518316626549,-6.476531386375,1831.0,0.4947817049735442,0.5052182950264558,-0.0035371553175177
2026-07-05,63547.8828125,63935.84765625,62413.9921875,63089.05859375,18267466154.0,62352.67557591583,61905.30755651116,61835.18639137263,62449.27607002266,51.59720947767096,-1219.1872492439652,-1866.8432861375256,647.6560368935604,62006.3046875,66024.58519447362,57988.02418052639,0.1296087721151901,2116.258822726777,0.0072582750905089,0.3436029547489782,806.0,652.0,0.5528120713305898,-0.3257718803827337,-0.9454484025857244,True,120.6902,4112.7001953125,23155.2,8.461536012777122,504.6131558044737,635997.0,1.5917469218750009,4968.7265625,32.5682212100183,12.975,133869853540304.52,851802433.8902514,28045767.69344184,2.2594360600000005,150080.19344183998,39.10131165094037,1775498027.3389754,516093.5578327703,386558.0,20052253.125,63086.45,0.811471685924258,3403.385274803865,1.000155882738234,1.1990647636450065,333.979,130.094,290.515,158861.0,4.3,37.49,766192.0,32475.21,3.75,3.5,False,7483.240234375,5463520000.0,52900.0703125,548820000.0,68.69000244140625,183635.0,1784.33,0.0,False,23.0,Extreme Fear,399.841384232044,278.337472975254,121.50391125679,1852.0,0.5895810227387036,0.4104189772612963,0.0656068635295842
2026-07-06,63995.015625,64597.5703125,61275.828125,63551.015625,36552222303.0,62900.12225894389,62369.68712728645,62143.73342474797,62589.79784774788,53.27518457422291,-954.4253496652382,-1684.359698843068,729.93434917783,61926.0234375,65698.58547032643,58153.461404673566,0.121840926428417,2202.364777353436,0.0070115176898403,0.3405078319364728,807.0,651.0,0.5534979423868313,-0.3298432100481074,-0.9440357285533,True,120.835,4155.10009765625,23155.2,8.43741563140906,523.6551616838879,518667.0,1.624981637931034,4471.267241379311,36.5794603586811,14.341666666666669,133869853540304.6,771945955.7130404,23545058.25300224,3.65068211,235327.00300226003,44.72921887532697,6274928855.854126,777787.62443993,453433.0,20052653.125,63572.03,1.4995895718060528,5183.947703786621,0.998223467115665,1.2073954618124445,333.979,130.094,290.515,158881.0,4.2,37.6,766192.0,32475.21,3.75,3.5,False,7537.43017578125,4971110000.0,53055.91015625,467390000.0,68.55000305175781,229909.0,1797.81,0.0,False,24.0,Extreme Fear,556.848260343075,528.674773573875,28.173486769199,3213.0,0.5129769179874241,0.4870230820125759,0.0087685922095234
2026-07-07,63297.39453125,64257.6328125,62623.93359375,63994.59765625,31026493556.0,63032.5463497126,62575.84432816724,62308.542154248265,62654.12481897534,50.34280448602389,-791.7648563381445,-1505.8407303420834,714.0758740039389,61869.9708984375,65517.86054115379,58222.08125572122,0.1179211688560341,2161.7458088817616,-0.0109610318081771,0.327976275056638,808.0,650.0,0.5541838134430727,-0.3339084140721409,-0.9426055224810788,True,120.8145,4145.2998046875,23155.2,8.527038461776204,476.05014698535257,617156.0,1.6105747482014388,4439.971223021583,59.553629914626725,12.816666666666666,133869853540304.48,925004205.552695,33810153.914468095,3.63525092,255473.71698809988,44.05817309201756,6974340927.246625,847825.7124486745,484547.0,20053015.625,64000.31,1.373762407638708,4663.307291660645,0.9984120923097656,1.196288648174336,333.979,130.094,290.515,158881.0,4.2,37.6,766192.0,32475.21,3.75,3.5,False,7503.85009765625,5049590000.0,52925.1484375,442010000.0,70.44000244140625,264072.0,1769.84,0.0,False,27.0,Fear,455.770824730396,380.983955025673,74.786869704723,2484.0,0.5446886420693796,0.4553113579306205,0.0301074354688901
2026-07-08,62257.57421875,63706.88671875,61492.6484375,63293.51953125,27349235354.0,62774.22230605841,62505.11763718563,62301.26102060566,62618.07476440939,46.255975026777776,-738.2499664797288,-1352.3225775696123,614.0726110898836,61838.0259765625,65459.15811794061,58216.89383518439,0.1171166797190638,2165.4952711937785,-0.0165639655193486,0.3067172594655453,809.0,649.0,0.5548696844993142,-0.3379674169584143,-0.941157810929951,True,121.1307,4070.89990234375,23155.2,8.653669046008044,552.218170503009,605412.0,1.5828514029850749,4518.0,45.40304353743319,12.245833333333334,133869853540304.5,891730672.9788568,28233489.36954278,2.543099689999999,166523.74454275987,43.348773041321,4442886929.706752,758435.2965335127,463157.0,20053462.5,63287.15,1.2527589418999172,3570.776247723643,0.9929484858611096,1.173170745233849,333.979,130.094,290.515,158881.0,4.2,37.6,766192.0,32475.21,3.75,3.5,False,7482.7099609375,5102020000.0,52348.390625,454130000.0,73.5199966430664,445251.0,1742.34,0.0,False,20.0,Extreme Fear,475.471655547619,438.700214385986,36.771441161633,2635.0,0.5201118861622288,0.4798881138377712,0.013955006133447
2026-07-09,63193.1484375,63422.94140625,61645.75390625,62257.31640625,26546256117.0,62913.864349872274,62658.01337058882,62428.67350873343,62670.354189235804,50.17519257194551,-613.2765399783602,-1204.513370051362,591.2368300730018,61820.6416015625,65410.557044679415,58230.72615844559,0.1161397018896737,2137.7590018227943,0.0149156823369863,0.286814246746933,810.0,648.0,0.5555555555555556,-0.3420201433256686,-0.9396926207859084,True,120.753,4130.60009765625,23155.2,8.569954783984377,485.5711499250596,558060.0,1.6049035360000006,4464.48,34.708470782093926,11.866666666666667,133869853540304.56,831838314.3459485,25466423.82336716,2.7751752800000005,177458.19836714995,43.889844327500334,4455722801.846309,701965.8196725575,478640.0,20053868.75,62249.52,1.257868006437583,3888.740832542922,0.997858109354216,1.1916595724436172,333.979,130.094,290.515,158881.0,4.2,37.6,766192.0,32475.21,3.75,3.5,False,7543.64013671875,4442950000.0,52487.41015625,456760000.0,72.08000183105469,264009.0,1743.28,0.0,False,22.0,Extreme Fear,424.494901478291,361.950500845909,62.544400632381,2393.0,0.5397639813568387,0.4602360186431612,0.0261363980912582
2026-07-10,64127.140625,64658.96875,62902.0625,63194.359375,27450201269.0,63318.28977491485,62984.48609379131,62671.31166820008,62802.789319759824,53.79749252010928,-433.8674810102893,-1050.3841922431477,616.5167112328581,61815.01484375,65389.28457103303,58240.74511646698,0.1156440627351694,2110.555233835452,0.0146718005231559,0.2919347700810146,811.0,647.0,0.556241426611797,-0.3460665179092109,-0.938209979259544,True,120.5046,4104.10009765625,23155.2,8.45618066248701,457.0081411059384,576868.0,1.5984944692307692,4437.446153846154,41.371923909142254,12.616666666666667,133869853540304.52,865111846.9197867,26596939.85938328,3.12950702,201905.48438329005,45.34440112825635,5159501293.981459,800807.6156388943,511711.0,20054275.0,63187.84,1.38819906051106,4379.1809727361815,0.983090359433389,1.2097400850398004,333.979,130.094,290.515,158881.0,4.2,37.6,766192.0,32475.21,3.75,3.5,False,7575.39013671875,4006370000.0,52637.01171875,408090000.0,71.41000366210938,219817.0,1795.36,0.0,False,23.0,Extreme Fear,428.137062966824,360.8722833395,67.264779627323,2380.0,0.5426260981205216,0.4573739018794783,0.028262512448455
2026-07-11,63802.02734375,64445.4609375,63785.62109375,64127.96875,13954689047.0,63479.53563119324,63166.16192711546,62832.84247899293,62893.62914012257,52.37024423059398,-314.29543182151247,-903.1664401588204,588.871008337308,61843.2392578125,65473.285815938136,58213.192699686864,0.1173950977241885,2006.9327059722048,-0.0050827186063555,0.2947695550084773,812.0,646.0,0.5569272976680384,-0.3501064655623092,-0.9367099138855464,True,120.5046,4104.10009765625,23155.2,8.500129070367308,409.4031264074032,674847.0,1.5697605035971225,4855.014388489209,45.27939654240399,12.216666666666669,132375753206136.8,914680379.41803,32463101.492726527,2.2531465400000004,156067.1177265301,40.0381121141662,1729057260.9403994,542161.4336598173,429886.0,20054700.0,64124.85,0.8033842243646594,3244.3426953519306,1.0005601763424985,1.2054984500945254,333.979,130.094,290.515,158881.0,4.2,37.6,766192.0,32475.21,3.75,3.5,False,7575.39013671875,4006370000.0,52637.01171875,408090000.0,71.41000366210938,219817.0,1786.62,0.0,False,26.0,Fear,321.845294952393,291.955172359943,29.890122592449,1775.0,0.5243484032549948,0.4756515967450052,0.0168395056858867
2026-07-12,63758.21875,64243.1328125,63606.82421875,63791.40234375,19043437787.0,63572.43000412884,63297.73010997869,62965.0390891368,62972.22819556597,52.16939849668904,-220.5266152141048,-766.6384751698773,546.1118599557725,61833.544921875,65440.84251729513,58226.24732645487,0.11667769007835,1909.0309836706192,-0.0006868690961942,0.2897947973952188,813.0,645.0,0.5576131687242798,-0.3541399112575873,-0.9351924525221896,True,120.5046,4104.10009765625,23155.2,8.488470370848738,457.0081411059384,760744.0,1.5822758888888893,5282.944444444444,30.528553631545225,13.441666666666666,127170500429035.5,910321900.5977656,30154867.50322592,2.108621520000001,137705.00322591997,37.74005181783311,1829761928.1853263,588141.0896157279,384757.0,20055100.0,63782.83,0.7731130178032661,3474.0081336086914,1.0000603076500445,1.2028364345302107,333.979,130.094,290.515,158881.0,4.2,37.6,766192.0,32475.21,3.75,3.5,False,7575.39013671875,4006370000.0,52637.01171875,408090000.0,71.41000366210938,219817.0,1805.68,0.0,False,26.0,Fear,367.506144702435,347.667738497257,19.838406205177,1964.0,0.5138696383293674,0.4861303616706325,0.0101010214893976
2026-07-13,62239.12109375,64340.8828125,61769.0,63757.171875,37650044790.0,63127.99370066923,63062.48366192787,62861.33651836726,62905.58209540088,45.63392706460158,-265.72947375287185,-666.4566748864762,400.7272011336044,61812.1,65403.57461836339,58220.62538163661,0.1162061997040511,1956.3775428727176,-0.0241143387714378,0.3232568055656022,814.0,644.0,0.5582990397805213,-0.3581667800884209,-0.9336576233508151,True,120.7413,3997.0,23155.2,8.646002181326692,514.1341587441808,710431.0,1.5936932176870748,4832.863945578231,44.24533970380742,12.416666666666666,127170500429035.52,929286940.1935524,32537380.48095552,2.6817922700000008,184061.73095554,40.62505756631509,7190876314.427091,1013011.2561305822,458741.0,20055550.0,63744.39,1.4259108289623934,4018.8594672214713,0.9719617122749528,1.174318418220534,333.979,130.094,290.515,158881.0,4.2,37.6,766192.0,32475.21,3.75,3.5,False,7515.33984375,4729990000.0,52498.640625,399240000.0,78.13999938964844,327411.0,1775.54,0.0,False,28.0,Fear,457.696197152138,350.146697759628,107.549499392509,2485.0,0.5665658509036319,0.433434149096368,0.0432794766167038
2026-07-14,64956.11328125,65046.1328125,62207.5234375,62238.5859375,29841287318.0,63737.36689419615,63483.29024399945,63160.59034163622,63091.99402138716,56.202136204604784,-81.37644512936822,-549.4406289350546,468.0641838056864,62010.1490234375,65840.82006542667,58179.47798144833,0.1235498092591688,2019.394102310381,0.0427281030442609,0.3415719395410649,815.0,643.0,0.5589849108367627,-0.3621869972703254,-0.9321054548753084,True,120.4728,4061.10009765625,23155.2,8.345581294228985,476.05014698535257,751264.0,1.5828787612903228,4846.864516129032,29.3420340734058,11.866666666666667,127170500429035.52,979860379.1156504,33685178.291484736,2.9110629100000005,194500.16648471,40.342448859895896,7273916869.588034,833209.9250568373,458571.0,20056009.375,62242.32,1.109077401628239,4337.841759647359,0.9911511786420996,1.2276267731645216,333.979,130.094,290.515,158881.0,4.2,37.6,766192.0,32475.21,3.75,3.5,False,7543.58984375,4836950000.0,52508.26953125,464870000.0,79.33999633789062,409973.0,1889.22,0.0,False,22.0,Extreme Fear,480.381425142288,393.281578183174,87.099846959114,2658.0,0.5498475079221519,0.4501524920778481,0.0327689416700955
2026-07-15,64712.375,65507.59375,64442.8203125,64959.80859375,27029791676.0,64062.36959613077,63756.42018977735,63382.27386425962,63239.30138307923,55.16612148634716,44.54354568824056,-430.64379401039565,475.1873396986362,62259.683984375,66112.80997478266,58406.557993967326,0.1237759572109189,1951.2069119667824,-0.0037594109647903,0.3324142566265923,816.0,642.0,0.5596707818930041,-0.366200488142348,-0.9305359759215686,True,120.3088,4044.0,23155.2,8.35920847903202,428.4451322868173,553966.0,1.6402827985611508,3985.36690647482,49.91642623395239,14.083333333333334,127170500429035.48,878713501.2714542,29659602.47794904,3.6063085900000007,240033.72794905,51.24565672197742,5786230903.762762,810365.941156263,481858.0,20056493.75,64960.09,1.462844183860134,4483.220037621298,0.9947153913946104,1.2245682153726964,333.979,130.094,290.515,158881.0,4.2,37.6,766192.0,32475.21,3.75,3.5,False,7572.39990234375,5236550000.0,52658.640625,506020000.0,79.5999984741211,239855.0,1916.44,0.0,False,25.0,Extreme Fear,502.18700760603,387.840507745743,114.346499860287,2678.0,0.564237620684734,0.435762379315266,0.0426984689545507
2026-07-16,63789.28125,64931.85546875,63701.8046875,64713.296875,27232426674.0,63971.34014742052,63763.722647604605,63440.41777650826,63289.2995527993,51.30858626425824,69.0540821329414,-330.70421878172823,399.7583009146696,62448.3265625,66207.30212350798,58689.35100149202,0.120386750708072,1899.695759772727,-0.0143672798551762,0.3291244326471031,817.0,641.0,0.5603566529492455,-0.3702071781684514,-0.9289492156369756,True,120.331,3985.60009765625,23155.2,8.4800882349128,371.319114648575,538040.0,1.613319933884297,4446.611570247934,43.3592732940274,12.2,127170500429035.4,764923263.6967337,24983209.692606576,3.224884350000001,209422.19260657,45.427651835067856,4739005864.225688,804653.3782659014,467583.0,20056928.125,64714.54,1.49552705796205,4510.12971897619,0.9996488745179536,1.2064208959075768,332.568,130.094,286.279,158881.0,4.2,37.6,768072.0,32475.21,3.75,3.5,False,7533.77001953125,5365300000.0,52552.96875,528320000.0,78.94999694824219,188731.0,1863.49,0.0,False,25.0,Extreme Fear,406.418557405472,308.357829451561,98.060727953911,2150.0,0.5685953885417907,0.4314046114582092,0.0456096409087958
2026-07-17,63899.4609375,64332.01953125,62489.453125,63789.91015625,27280236800.0,63947.38041078035,63793.88671202581,63505.99537093565,63344.76876959026,51.74234087986432,96.2598155909509,-245.3114119071924,341.5712274981433,62646.2947265625,66263.43994788727,59029.149505237736,0.1154783451156311,1895.6150916639604,0.0017257545646935,0.3193940162310482,818.0,640.0,0.5610425240054869,-0.3742069929389003,-0.9273452034898472,True,120.5315,4012.699951171875,23155.2,8.482762996126947,380.84011758828206,578327.0,1.625799354330708,4553.755905511811,66.47134771484247,14.483333333333333,127170500429035.44,802853342.8883076,27410697.114453245,3.4613886499999995,232697.11445324004,43.58590643889978,6012389410.644054,711554.1696997855,496049.0,20057306.25,63790.67,1.230366504935418,4909.580502403187,0.9940157958001312,1.2091270996686685,332.568,130.094,286.279,158881.0,4.2,37.6,768072.0,32475.21,3.75,3.5,False,7457.68994140625,5303290000.0,52146.421875,549690000.0,82.48999786376953,96003.0,1840.21,0.0,False,27.0,Fear,341.308056592941,307.775934576988,33.532122015953,2047.0,0.5258303412748738,0.474169658725126,0.0163811050395471
2026-07-18,64796.6015625,64816.50390625,63845.015625,63899.1796875,14162542470.0,64230.45412802024,64016.71223435341,63690.36768401627,63476.75356894569,55.2388646788623,188.04464447581995,-158.64020063058993,346.68484510640985,62909.5078125,66333.54804766193,59485.46757733808,0.1088560490845732,1829.606033777249,0.0139422316447508,0.3238113201564094,819.0,639.0,0.5617283950617284,-0.3781998581716428,-0.9257239692688902,True,120.5315,4012.699951171875,23155.2,8.397191638934224,361.798111708868,857711.0,1.586201909638554,5166.933734939759,61.0027917376834,14.75,127170500429035.56,1049398857.6335356,44367075.9966361,2.597870089999998,201035.37163611004,37.35765852718111,1945800357.937475,543711.6819272699,444410.0,20057703.125,63899.18,0.6339101188247206,3886.446103738123,0.998307092003748,1.225397192666522,332.568,130.094,286.279,158881.0,4.2,37.6,768072.0,32475.21,3.75,3.5,False,7457.68994140625,5303290000.0,52146.421875,549690000.0,82.48999786376953,96003.0,1861.18,0.0,False,25.0,Extreme Fear,313.654054284096,290.348224461079,23.305829823017,1713.0,0.5192928326954621,0.4807071673045379,0.0136052713502726
2026-07-19,64690.8046875,64909.88671875,64250.9140625,64799.27734375,15000653941.0,64383.9043145135,64166.51055727487,63833.28725594253,63587.12185245063,54.73520867493324,249.3732395340412,-77.03751259766372,326.4107521317049,63137.1291015625,66386.31941022894,59887.93879289606,0.1029248670283943,1745.989363953874,-0.0016340878484766,0.3228683059612406,820.0,638.0,0.5624142661179699,-0.382185699713687,-0.9240855430826518,True,120.5315,4012.699951171875,23155.2,8.397370080127924,809.2852498750993,898862.0,1.5366423272727263,5447.648484848485,28.62183203935816,10.15,127170500429035.56,1043077177.7682732,35924593.96592124,2.311963159999999,155418.96592125014,37.20126704849137,2154887870.569379,461570.60513523605,386348.0,20058221.875,64797.87,0.5135055271390225,3888.7065133827,1.0036229777575945,1.2229930312358035,332.568,130.094,286.279,158881.0,4.2,37.6,768072.0,32475.21,3.75,3.5,False,7457.68994140625,5303290000.0,52146.421875,549690000.0,82.48999786376953,96003.0,1870.93,0.0,False,28.0,Fear,391.855185329914,249.011210918427,142.843974411488,1803.0,0.6114459856591808,0.3885540143408192,0.0792257206941142
2026-07-20,65230.02734375,65735.71875,63720.390625,64684.41796875,30988932408.0,64665.945324259,64402.847620936016,64032.821554200746,63736.47689711421,56.892562852794974,337.5957610664409,5.889142135157201,331.7066189312837,63470.6875,66039.37851023539,60901.996489764606,0.0809410173865027,1765.2278468857403,0.0083008358863908,0.3235780196196841,821.0,637.0,0.5631001371742113,-0.3861644435424831,-0.9224299553589552,True,120.5401,4010.300048828125,23155.2,8.330179960956668,495.09215286476666,736499.0,1.602918191780822,5044.513698630137,41.5508829388186,13.366666666666667,127170500429035.5,922965260.32829,32579946.41959805,2.91277549,199296.41959803985,39.66416452449558,4772705829.303797,656483.0403942898,450037.0,20058737.5,64682.15,0.8913563228114224,4505.274865929249,1.0037215444101284,1.2327473883123754,332.568,130.094,286.279,158881.0,4.2,37.6,768072.0,32475.21,3.75,3.5,False,7443.27978515625,5152910000.0,51839.26171875,397690000.0,83.2300033569336,99783.0,1903.14,0.0,False,29.0,Fear,355.433555483818,278.918446660042,76.515108823776,1977.0,0.5603096613277684,0.4396903386722316,0.0387026347110652
2026-07-21,66505.125,66910.0625,65113.65625,65228.87109375,29554470321.0,65279.00521617267,64870.02037183912,64386.0077607435,63988.172179194735,61.558331076088365,504.5859170554613,105.62849711921804,398.9574199362433,63795.755859375,66153.9953843644,61437.51633438559,0.0739309219938603,1767.454875679616,0.0193591073637143,0.3281519479669905,822.0,636.0,0.5637860082304527,-0.3901360157672947,-0.9207572368443384,True,120.5779,4071.10009765625,23155.2,8.219290396989429,476.05014698535257,644122.0,1.6365318115942018,4667.550724637681,54.17701534131522,13.458333333333332,127170500429035.48,872391821.4061922,29987302.615410216,3.037887930000001,205502.61541021007,44.81917909616771,7300836133.323062,955827.1826420812,480104.0,20059193.75,65209.88,1.4839225839857686,4414.160131069347,1.006632001416127,1.2553791423473124,332.568,130.094,286.279,158881.0,4.2,37.6,768072.0,32475.21,3.75,3.5,False,7509.2001953125,5149030000.0,52224.640625,404610000.0,84.91000366210938,298109.0,1928.41,0.0,False,25.0,Extreme Fear,553.015313863754,369.898922622204,183.11639124155,2690.0,0.5992055296160426,0.4007944703839574,0.0680730078964869
2026-07-22,66100.796875,66694.6484375,65514.17578125,66506.7890625,28142272410.0,65552.93576911512,65143.52626143042,64630.97763420872,64180.22896972248,59.36416006730966,597.4142980490724,203.9856573051889,393.4286407438835,64026.5306640625,66335.59819415082,61717.463133974175,0.0721284600661451,1725.5275742917863,-0.0060982099788692,0.3142127673742007,823.0,635.0,0.5644718792866941,-0.394100342630572,-0.9190674186034808,True,120.5736,4146.89990234375,23155.2,8.26019980566666,418.92412934711024,505669.0,1.610916043478261,4397.121739130434,50.46379305703482,15.516666666666667,127170500429035.38,726993184.5051601,25171109.330574844,2.7609481700000007,191984.33057482995,47.097396436276014,4968623994.883889,765300.3118588283,467778.0,20059643.75,66511.66,1.5134412270849673,3856.823439224505,0.9974013461406508,1.2476042702123693,332.568,130.094,286.279,158881.0,4.2,37.6,768072.0,32475.21,3.75,3.5,False,7498.9599609375,4890390000.0,52218.578125,449100000.0,86.83000183105469,358021.0,1932.68,0.0,False,33.0,Fear,48.54112225771,56.769088327885,-8.227966070175,362.0,0.4609346234120033,0.5390653765879967,-0.0227291880391574
2026-07-23,65044.8125,66282.3828125,64610.609375,66100.1328125,24364433538.0,65383.56134607675,65121.58987000144,64690.09690075034,64258.827472474986,53.95507105876408,579.0968766275619,279.0079011696635,300.0889754578984,64151.561328125,66392.47064179461,61910.65201445539,0.0698629703557087,1721.687993092373,-0.016104346952909,0.3244811981205601,824.0,634.0,0.5651577503429356,-0.3980573505093223,-0.9173605320186272,True,120.9075,4046.60009765625,23155.2,8.380094597442064,418.92412934711024,601802.0,1.5852139242424246,4559.106060606061,34.039337009953115,12.816666666666666,127170500429035.44,834461742.2146184,28366911.134696368,2.860332840000001,190214.2596963701,44.427286264876805,5402999286.550506,905040.1242909306,487730.0,20059984.375,66074.13,1.5038835435756788,4035.381976213188,0.9976230083598152,1.230958318826041,332.568,130.094,286.279,158881.0,4.2,37.6,768072.0,32475.21,3.75,3.5,False,7408.2998046875,5515210000.0,51711.6484375,496570000.0,92.19000244140625,401934.0,1877.34,0.0,False,31.0,Fear,48.54112225771,56.769088327885,-8.227966070175,362.0,0.4609346234120033,0.5390653765879967,-0.0227291880391574
2026-07-24,64098.49609375,65760.484375,63686.03515625,65044.95703125,25917559237.0,64955.20626196783,64894.23569750112,64605.58249975029,64244.251892590895,49.59400612985077,482.65659807364136,319.7376405504591,162.91895752318226,64202.0708984375,66386.91009636663,62017.231700508375,0.0680613309619051,1746.8852234964893,-0.0146555536542276,0.3270275634164737,825.0,633.0,0.565843621399177,-0.4020069659164739,-0.915636608789006,True,120.7105,4067.60009765625,23155.2,8.478283839235289,409.4031264074032,736287.0,1.569428961038961,4781.084415584415,66.57951574599548,13.241666666666667,127170500429035.52,973538699.2503884,36335889.21904726,3.17393013,217323.5940472801,40.87373179686726,4740022114.502603,883034.7275098265,541679.0,20060396.875,65051.17,1.1993077801316967,4403.705001566637,0.9942359841764018,1.2125716215451372,332.568,130.094,286.279,158881.0,4.2,37.6,768072.0,32475.21,3.75,3.5,False,7411.97998046875,4860620000.0,51947.25,437530000.0,89.30999755859375,365438.0,1860.18,0.0,False,28.0,Fear,48.54112225771,56.769088327885,-8.227966070175,362.0,0.4609346234120033,0.5390653765879967,-0.0227291880391574
2026-07-25,64311.8125,64386.0625,63753.02734375,64098.4921875,13817493398.0,64740.74167464522,64764.80832027865,64563.61535692882,64250.39376599172,50.56401574983213,418.61430855904473,339.51297415217624,79.10133440686849,64240.2673828125,66403.55594972776,62076.97881589725,0.0673499241223284,1667.3245044074545,0.003322421771433,0.3261977856646902,826.0,632.0,0.5665294924554184,-0.4059491155022462,-0.9138956809302384,True,120.7105,4067.60009765625,23155.2,8.447715970543593,399.88212346769615,694995.0,1.5570354782608702,5036.195652173913,53.41321047769047,13.108333333333334,127156891830380.88,872298466.1852326,29034668.784975085,2.2683327400000004,151550.0349750801,40.012773343313214,3003654169.6646,685936.1787913382,454647.0,20060878.125,64095.49,0.9869656311071852,3627.612125956483,1.009930690496313,1.2164163415587756,332.568,130.094,286.279,158881.0,4.2,37.6,768072.0,32475.21,3.75,3.5,False,7411.97998046875,4860620000.0,51947.25,437530000.0,89.30999755859375,365438.0,1873.22,0.0,False,27.0,Fear,48.54112225771,56.769088327885,-8.227966070175,362.0,0.4609346234120033,0.5390653765879967,-0.0227291880391574
2026-07-26,65340.30078125,65503.76953125,64233.453125,64311.78515625,14301494281.0,64940.59471018015,64892.69553382784,64674.57041754614,64349.47622192429,55.05493874389802,445.7128413916653,360.7529476000741,84.95989379159124,64307.531640625,66521.7711183871,62093.29216286289,0.0688640792539237,1638.9667831104937,0.0158656859403964,0.3352333814477155,827.0,631.0,0.5672153635116598,-0.4098837260555081,-0.9121377807737454,True,120.7105,4067.60009765625,23155.2,8.307050926536713,409.4031264074032,758094.0,1.5885408424657534,5192.424657534247,30.941188278084446,13.620833333333334,126231507121868.0,916150329.1982554,30448318.097199228,2.2967490199999987,150730.59719921992,39.222764239743846,1658543408.5763986,656353.6192380545,439204.0,20061309.375,64311.97,0.865794504689464,3752.84969725984,0.999971371906252,1.2352156606776297,332.568,130.094,286.279,158881.0,4.2,37.6,768072.0,32475.21,3.75,3.5,False,7411.97998046875,4860620000.0,51947.25,437530000.0,89.30999755859375,365438.0,1952.98,0.0,False,26.0,Fear,48.54112225771,56.769088327885,-8.227966070175,362.0,0.4609346234120033,0.5390653765879967,-0.0227291880391574
2026-07-27,63724.8984375,65658.3359375,63562.484375,65340.58984375,26183821002.0,64535.36261928677,64633.1850679772,64538.90299182527,64292.69642334026,47.72201395169764,333.0005323842706,355.20246455691336,-22.201932172642728,64328.9068359375,66510.09505380288,62147.71861807212,0.067813626102126,1671.601410209744,-0.0250336529885953,0.3372516712470855,828.0,630.0,0.5679012345679012,-0.4138107245051386,-0.9103629409661468,True,120.7739,4074.5,23155.2,8.509633078973039,447.4871381662314,695681.0,1.595696057971015,5041.166666666667,49.604118662114686,14.691666666666666,126231507121868.0,865950311.159995,34806779.22227191,2.9387061099999983,216001.09727193,39.51992554246646,6019966168.985662,934542.3803096244,477732.0,20061765.625,65335.46,1.3433490066706213,4317.200922028466,0.9976472616198696,1.2052013444237608,332.568,130.094,286.279,158881.0,4.2,37.6,768072.0,32475.21,3.75,3.5,False,7413.18017578125,5038290000.0,52210.078125,487490000.0,82.61000061035156,352813.0,1890.55,0.0,False,30.0,Fear,48.54112225771,56.769088327885,-8.227966070175,362.0,0.4609346234120033,0.5390653765879967,-0.0227291880391574
2026-07-28,63871.36328125,64026.921875,62714.8046875,63723.48828125,24128738898.0,64314.029506607854,64463.89133759338,64443.54017602881,64254.39341042296,48.39317303436295,252.58209511484165,334.678390668499,-82.09629555365734,64409.5962890625,66377.08072275115,62442.111855373856,0.0610928975508188,1645.9239657304763,0.0022957554728576,0.2513449704291229,829.0,629.0,0.5685871056241426,-0.4177300379213848,-0.908571194468655,True,120.6247,4036.300048828125,23155.2,8.475862965222408,447.4871381662314,560389.0,1.5936889527559048,4412.511811023622,45.99725301249305,13.933333333333334,126231507121868.0,796925286.3573867,26608818.300387148,2.96889401,196915.17538714,45.18892100569285,4303616750.393584,937629.624934435,485064.0,20062196.875,63710.94,1.6731763559499473,4147.08751716413,0.9963586869627228,1.205490199335648,332.568,130.094,286.279,158881.0,4.2,37.6,768072.0,32475.21,3.75,3.5,False,7428.77978515625,5590890000.0,52747.3203125,544740000.0,79.26000213623047,368026.0,1920.31,0.0,False,29.0,Fear,48.54112225771,56.769088327885,-8.227966070175,362.0,0.4609346234120033,0.5390653765879967,-0.0227291880391574
2026-07-29,63908.16796875,64638.6953125,63206.2109375,63871.39453125,28611167472.0,64178.74232732191,64340.39725562818,64367.05843213184,64222.91837027087,48.57184728669484,189.63375500215625,305.6694635352304,-116.03570853307416,64445.347265625,66344.56309123474,62546.13144001526,0.0589403550820115,1630.6782806782996,0.0005760654802496,0.2510815656694871,830.0,628.0,0.5692729766803841,-0.421641593517214,-0.9067625745564628,True,120.7892,4034.699951171875,23155.2,8.485664382531235,399.88212346769615,663070.0,1.6554817062937062,4636.853146853146,72.97380237850568,14.916666666666666,126231507121868.0,897325322.4339077,30874144.40498185,3.388959519999999,225019.40498187003,43.67769200677055,4853122578.21135,1035302.4421993602,478468.0,20062593.75,63873.46,1.5613772937990864,4832.639729354024,0.999309984907501,1.2088544364298526,332.568,130.094,286.279,158881.0,4.2,37.6,768072.0,32475.21,3.75,3.5,False,7316.14990234375,5836350000.0,51594.140625,531850000.0,84.45999908447266,327417.0,1908.25,0.0,False,29.0,Fear,48.54112225771,56.769088327885,-8.227966070175,362.0,0.4609346234120033,0.5390653765879967,-0.0227291880391574
2026-07-30,64725.30859375,65071.4453125,63533.90625,63908.625,26250039650.0,64360.93108279795,64425.93310854414,64418.23702664872,64268.59020876897,52.50366409264116,203.3391936033004,285.20340954884443,-81.86421594554406,64475.2556640625,66372.21063155709,62578.30069656791,0.0588428831481756,1624.0254793798497,0.0127051159419568,0.2483275675487843,831.0,627.0,0.5699588477366255,-0.4255453186496672,-0.9049371148181254,True,119.6753,4100.10009765625,23155.2,8.391359178965784,371.319114648575,712078.0,1.5833259738562095,4654.104575163398,38.72706503791165,13.283333333333331,126231507121868.0,960075344.9817332,33453364.5011186,3.17630129,215405.12611859987,43.914731945074166,7447352392.023498,1049669.5398065995,497475.0,20063040.625,63897.36,1.4740934838691826,4585.04708520877,0.9987474055072444,1.2262799635545538,332.568,130.094,286.279,158881.0,4.2,37.6,768072.0,32475.21,3.75,3.5,False,7437.6298828125,5594430000.0,52208.05859375,631410000.0,83.58999633789062,235395.0,1915.99,0.0,False,28.0,Fear,48.54112225771,56.769088327885,-8.227966070175,362.0,0.4609346234120033,0.5390653765879967,-0.0227291880391574
2026-07-31,62813.74609375,65328.18359375,62410.8671875,64723.96875,30439749629.0,63845.2027531153,64067.669327478776,64189.02403623462,64136.33165285815,44.02433424020517,59.27050084233633,240.0168278075428,-180.7463269652065,64425.8416015625,66444.23720703213,62407.44599609287,0.0626579507630576,1716.4034027277175,-0.0299783570286374,0.2943677068204993,832.0,626.0,0.5706447187928669,-0.4294411408212092,-0.903094849154937,True,119.7034,4049.10009765625,23155.2,8.579716435681588,399.88212346769615,610890.0,1.6475649681528663,3891.019108280255,40.39011549680298,9.933333333333334,126231507121868.0,985175354.0008636,34788365.97404295,5.734725569999998,394759.7240429598,51.043388146113536,13996641202.018602,1063398.9794178044,620856.0,20063518.75,64720.99,1.7407372512527697,6932.052169410294,0.9946640111510956,1.189970381191086,332.568,130.266,286.279,158881.0,4.2,37.6,768072.0,32475.21,3.75,3.5,False,7489.72021484375,5391020000.0,52485.03125,697510000.0,84.66999816894531,257851.0,1860.9,0.0,False,25.0,Extreme Fear,48.54112225771,56.769088327885,-8.227966070175,362.0,0.4609346234120033,0.5390653765879967,-0.0227291880391574
2026-08-01,62763.3203125,63091.59765625,62233.01171875,62813.6640625,13553286543.0,63484.57527291021,63777.81399081683,63985.35207570111,64011.51244009832,43.82327429628665,-58.301847840382834,180.3530926779577,-238.6549405183405,64376.0966796875,66509.5342080594,62242.65915131561,0.0662804251393842,1655.1307266400236,-0.0008031049841085,0.2824236462270424,833.0,625.0,0.5713305898491083,-0.4333289876810717,-0.9012358117803008,True,119.7034,4049.10009765625,23155.2,8.587667631250104,399.88212346769615,734264.0,1.695522371951219,4477.219512195122,46.82412224229483,11.583333333333334,126231507121868.0,1029100369.7843416,34078404.99428179,3.72211708,239661.24428179,43.61125933953209,7903766580.083321,810860.6420882207,527596.0,20064009.375,62811.4,1.1043175779940466,5163.816320066976,0.9805025236564888,1.1887286460199475,332.568,130.266,286.279,158881.0,4.2,37.6,768072.0,32475.21,3.75,3.5,False,7489.72021484375,5391020000.0,52485.03125,697510000.0,84.66999816894531,257851.0,1843.16,0.0,False,27.0,Fear,48.54112225771,56.769088327885,-8.227966070175,362.0,0.4609346234120033,0.5390653765879967,-0.0227291880391574
2026-08-02,63482.0,63714.61328125,62745.25390625,62763.4453125,15901776708.0,63483.71684860681,63712.077548413086,63913.44463631524,63963.374945543925,47.50315216586882,-92.42195395543968,125.79808335127824,-218.22003730671796,64438.240625,66372.71437824206,62503.766871757936,0.0600411722753196,1606.1470586657365,0.0113855697670751,0.2909515147669461,834.0,624.0,0.5720164609053497,-0.4372087870266004,-0.8993600372190933,True,119.7034,4049.10009765625,23155.2,8.479336615959026,409.4031264074032,676603.0,1.6426830416666665,4698.631944444444,35.70228527231949,12.341666666666669,126231507121868.0,903600324.6886904,30282190.96696429,2.92550271,194137.84196428003,42.44746450393366,4647541791.420009,656214.5306241439,453096.0,20064521.875,62760.11,0.9698664218517268,4337.673136988531,0.9984612556471368,1.201895276659115,332.568,130.266,286.279,158881.0,4.2,37.6,768072.0,32475.21,3.75,3.5,False,7489.72021484375,5391020000.0,52485.03125,697510000.0,84.66999816894531,257851.0,1883.37,0.0,False,27.0,Fear,48.54112225771,56.769088327885,-8.227966070175,362.0,0.4609346234120033,0.5390653765879967,-0.0227291880391574
2026-08-03,63460.8984375,64020.32421875,62226.578125,63485.44140625,26038889824.0,63476.110711571215,63656.25996821018,63848.79517934164,63917.69526299447,47.40496274015611,-119.78430471275352,76.68160573847189,-196.4659104512254,64363.4798828125,66329.00478264509,62397.95498297991,0.061075780968066,1619.5469897431838,-0.0003324575530272,0.2862142974061966,835.0,623.0,0.5727023319615913,-0.4410804668045944,-0.8974675603070236,True,120.7739,4033.699951171875,23155.2,8.496640115362439,437.96613522652433,703730.0,1.6292704866666672,4691.533333333334,62.61967772345677,11.2,126231507121868.0,941250338.2173856,31916007.70883719,3.8936878,263129.58383717004,42.73976863649135,8132080650.02759,937294.77900187,523906.0,20064971.875,63487.43,1.3318954414361617,5801.859171203908,0.990286425084478,1.2028012046866423,332.568,130.266,286.279,158881.0,4.2,37.6,768072.0,32475.21,3.75,3.5,False,7600.5,5201470000.0,53178.41015625,598420000.0,80.33999633789062,294823.0,1858.52,0.0,False,28.0,Fear,48.54112225771,56.769088327885,-8.227966070175,362.0,0.4609346234120033,0.5390653765879967,-0.0227291880391574
2026-08-04,64055.953125,64466.9375,63277.68359375,63458.41015625,23662357784.0,63669.39151604748,63745.08066971903,63878.38917157855,63930.26415954043,50.51147956600664,-92.38823060851428,42.86763846907465,-135.25586907758893,64330.6587890625,66293.57386331297,62367.74371481204,0.0610258035965955,1588.811769493671,0.0093330253934836,0.2693221329171629,836.0,622.0,0.5733882030178327,-0.4449439551126424,-0.8955584161899874,True,119.5977,4095.39990234375,23155.2,8.439655513322291,418.92412934711024,622530.0,1.620474134751774,4415.106382978724,46.19708820585839,10.933333333333334,126231507121868.0,884775317.9243425,31581779.324148443,3.289846480000001,226101.19914844004,45.57801197567449,6878855878.9776745,858950.0949550201,508237.0,20065440.625,63461.22,1.379773014882849,4456.8350016382,0.99735051024251,1.2162144313735614,332.568,130.266,286.279,158881.0,4.2,37.6,768072.0,32475.21,3.75,3.5,False,7736.52001953125,5906940000.0,54085.87890625,580350000.0,75.7699966430664,362270.0,1868.05,0.0,False,25.0,Extreme Fear,48.54112225771,56.769088327885,-8.227966070175,362.0,0.4609346234120033,0.5390653765879967,-0.0227291880391574
2026-08-05,64597.5,64954.34765625,63829.71875,64054.87890625,23568584891.0,63978.76101069833,63934.50718755925,63981.11928992447,63990.92196321857,53.21953372784291,-26.670892143847595,28.9599323464902,-55.630824490337794,64371.0697265625,66320.28672245324,62421.852730671766,0.0605618954033444,1555.6558506905512,0.0084187413608024,0.2743034935164635,837.0,621.0,0.5740740740740741,-0.4487991802004621,-0.8936326403234123,True,119.3881,4245.7998046875,23155.2,8.374628698798704,342.7561058294538,606929.0,1.6316590352112668,4274.147887323944,49.22276440282419,11.758333333333333,126231507121868.0,891050320.1791251,32032679.669593435,3.68012447,253167.16959342,47.6718635558679,9767758793.026447,888241.0060202895,519753.0,20065881.25,64054.44,1.46350068297987,4796.804346656616,0.993849042253875,1.2251059832401532,332.568,130.266,286.279,158858.0,4.1,37.62,768072.0,32475.21,3.75,3.5,False,7723.5498046875,5615640000.0,54349.12109375,519020000.0,75.22000122070312,259965.0,1907.22,0.0,False,27.0,Fear,48.54112225771,56.769088327885,-8.227966070175,362.0,0.4609346234120033,0.5390653765879967,-0.0227291880391574
2026-08-06,64262.11328125,64934.4921875,64098.4765625,64595.44921875,18529402711.0,64073.21176754888,64007.30854171275,64021.26128868527,64015.57571940325,51.345615105258325,-1.6335031941125635,22.84124523836965,-24.47474843248221,64389.20234375,66326.65881970321,62451.7458677968,0.0601795458067595,1504.2529774269403,-0.0052054707838791,0.2636074834304395,838.0,620.0,0.5747599451303155,-0.4526460704712296,-0.8916902684716003,True,119.5113,4242.0,23155.2,8.439188984577711,361.798111708868,542214.0,1.6689316875,4236.046875,43.54295346714501,11.283333333333331,126231507121868.0,803200288.612169,26908574.150808807,3.663161140000002,244380.4008088101,48.340550638662286,6781333055.076928,832689.6616695037,516176.0,20066325.0,64600.08,1.5357214341007492,4924.321664221861,1.0012492305107037,1.2175780136267051,332.568,130.266,286.279,158858.0,4.1,37.62,768072.0,32475.21,3.75,3.5,False,7709.9599609375,5330830000.0,53885.1015625,416810000.0,77.29000091552734,246260.0,1902.2,0.0,False,25.0,Extreme Fear,48.54112225771,56.769088327885,-8.227966070175,362.0,0.4609346234120033,0.5390653765879967,-0.0227291880391574
2026-08-07,64880.19140625,65330.609375,64113.2734375,64257.48828125,22165720102.0,64342.20498044926,64201.28251160992,64143.96559119452,64094.17714548022,54.523573374250354,67.30667764336977,31.73433171936967,35.572345924000096,64393.3818359375,66334.8951011358,62451.86857073921,0.060301640008438,1483.7589031464447,0.0095721203953674,0.2569634555693582,839.0,619.0,0.5754458161865569,-0.4564845544829103,-0.8897313367070641,True,119.0649,4340.7001953125,23155.2,8.38443824780434,333.2351028897468,722683.0,1.616421936708861,4573.943037974684,87.38171293465486,10.958333333333332,126231507121868.0,991450356.255646,35851919.024441294,3.96931694,268965.89944131015,44.04612866241008,6936863267.804714,813439.4112563237,534028.0,20066725.0,64255.09,1.1255826015781798,5421.664680583258,0.996143837602489,1.2302038699452365,332.568,130.266,286.279,158858.0,4.1,37.62,768072.0,32475.21,3.75,3.5,False,7757.64013671875,5019970000.0,54036.9296875,378680000.0,78.18000030517578,241222.0,1912.29,0.0,False,29.0,Fear,48.54112225771,56.769088327885,-8.227966070175,362.0,0.4609346234120033,0.5390653765879967,-0.0227291880391574
2026-08-08,64904.6875,65140.48046875,64797.11328125,64882.546875,12350094271.0,64529.69915363284,64357.59473125216,64252.6401495953,64167.85990498202,54.65000089803001,122.50671651725132,49.888808678946006,72.61790783830533,64404.0759765625,66354.82137749955,62453.33057562544,0.0605783212120598,1402.3023520288414,0.0003774876433575,0.256612701498168,840.0,618.0,0.5761316872427984,-0.4603145609495859,-0.8877558814098558,True,119.0649,4340.7001953125,23155.2,8.344270908051238,295.1510911309186,653881.0,1.655550993006993,4572.5944055944055,35.24272462148489,12.8,126406101327717.52,898566437.3158499,31683851.991916828,2.594628859999998,182030.11691682,44.629858072214425,1970908005.838199,658325.541137566,448039.0,20067218.75,64878.76,1.006797171255268,3756.6781624296514,1.002716009358329,1.2308097221233911,332.568,130.266,286.279,158858.0,4.1,37.62,768072.0,32475.21,3.75,3.5,False,7757.64013671875,5019970000.0,54036.9296875,378680000.0,78.18000030517578,241222.0,1915.67,0.0,False,30.0,Fear,48.54112225771,56.769088327885,-8.227966070175,362.0,0.4609346234120033,0.5390653765879967,-0.0227291880391574
2026-08-09,64844.88671875,65401.69140625,64677.6015625,64906.55078125,13234538380.0,64634.76167533857,64465.88183958502,64337.24680233169,64229.40779714274,54.253469553696654,159.58808959203452,71.82866486156371,87.75942473047081,64384.8189453125,66308.6521789202,62460.9857117048,0.0597604610876291,1353.8586014374955,-0.0009217877722439,0.2426089878909784,841.0,617.0,0.5768175582990398,-0.4641360187427756,-0.885763939266894,True,119.0649,4340.7001953125,23155.2,8.355928111709247,323.7140999500397,731687.0,1.6314858881118883,5116.692307692308,32.92771253445035,11.116666666666667,127479855693691.5,906199293.8397912,30011840.094056047,2.20211388,145618.2190560499,39.708390901972265,1723375593.4392548,503926.4313539336,414062.0,20067665.625,64905.62,0.6887185796029363,3550.164118979362,0.9974310994255386,1.2301135746614489,332.568,130.266,286.279,158858.0,4.1,37.62,768072.0,32475.21,3.75,3.5,False,7757.64013671875,5019970000.0,54036.9296875,378680000.0,78.18000030517578,241222.0,1909.16,0.0,False,31.0,Fear,48.54112225771,56.769088327885,-8.227966070175,362.0,0.4609346234120033,0.5390653765879967,-0.0227291880391574
2026-08-10,63910.5859375,65321.83984375,63752.56640625,64845.3828125,22384770392.0,64393.36976272572,64342.48275023279,64276.29525021288,64200.42399172067,48.35071424421957,112.290663273503,79.92106454395157,32.36959872955144,64255.0919921875,65907.71386499555,62602.47011937946,0.0514394057052778,1369.2453754419605,-0.0145130480455691,0.2174322039753199,842.0,616.0,0.5775034293552812,-0.4679488568927614,-0.883755547271279,True,119.0649,4361.7998046875,23155.2,8.455374282152947,361.798111708868,639365.0,1.6256377697841735,4599.748201438849,31.34035420269212,11.575,127479855693691.48,880851061.8442723,30345135.79134038,3.045208089999999,205382.66634037,44.071646846506425,5329016986.773317,736249.3346819791,473315.0,20068153.125,64854.72,1.1515321212171126,4327.365326939285,0.996740525914922,1.2122143561693552,332.568,130.266,286.279,158858.0,4.1,37.62,768072.0,32475.21,3.75,3.5,False,7753.10986328125,4879540000.0,53975.98046875,413890000.0,82.12999725341797,271132.0,1871.81,0.0,False,30.0,Fear,48.54112225771,56.769088327885,-8.227966070175,362.0,0.4609346234120033,0.5390653765879967,-0.0227291880391574
2026-08-11,63551.875,64433.6796875,63185.47265625,63910.17578125,20824820662.0,64112.87150848382,64166.79213906995,64172.806643039614,64141.46499247334,46.26928045832114,45.33949193250737,73.00475002166273,-27.66525808915536,64127.6458984375,65559.32088332817,62695.97091354683,0.0446507887458738,1360.599779428249,-0.0056285102588139,0.2190543597043807,843.0,615.0,0.5781893004115226,-0.4717530045899032,-0.8817307427216081,True,119.0649,4383.0,23155.2,8.468909615458747,418.92412934711024,608562.0,1.61356134883721,4717.53488372093,37.12866586890528,12.35,127479855693691.44,817480481.8554755,27161267.30333201,2.84308883,189489.17833201,42.42913805905437,5972642680.7184,716800.4760407619,467215.0,20068556.25,63916.51,1.1778594063394725,4245.601357854841,0.9947471290693394,1.2056671434624349,332.568,130.266,286.279,158858.0,4.1,37.62,768072.0,32475.21,3.75,3.5,False,7728.2001953125,4739500000.0,53791.8515625,379390000.0,83.19999694824219,283823.0,1880.81,0.0,False,29.0,Fear,48.54112225771,56.769088327885,-8.227966070175,362.0,0.4609346234120033,0.5390653765879967,-0.0227291880391574
2026-08-12,63551.875,64433.6796875,63185.47265625,63910.17578125,20824820662.0,64112.87150848382,64166.79213906995,64172.806643039614,64141.46499247334,46.26928045832114,45.33949193250737,73.00475002166273,-27.66525808915536,64127.6458984375,65559.32088332817,62695.97091354683,0.0446507887458738,1360.599779428249,-0.0056285102588139,0.2190543597043807,843.0,615.0,0.5781893004115226,-0.4717530045899032,-0.8817307427216081,True,119.0649,4408.89990234375,23155.2,8.485168105805304,428.4451322868173,651109.0,1.672591744680851,4617.794326241135,33.21405772978827,10.483333333333333,127479855693691.48,893525177.8420315,31226931.160819154,5.042466119999999,334812.41081913986,43.355021528056014,7567972994.607958,971941.8400550844,494924.0,20068950.0,63552.46,1.4927482803264651,6981.13346051648,0.9934974157648896,1.2025578842369824,332.568,130.266,286.279,158858.0,4.1,37.62,768072.0,32475.21,3.75,3.5,False,7748.5,4574170000.0,53770.26953125,410990000.0,83.2699966430664,250779.0,1878.09,0.0,False,27.0,Fear,48.54112225771,56.769088327885,-8.227966070175,362.0,0.4609346234120033,0.5390653765879967,-0.0227291880391574
2026-08-13,63551.875,64433.6796875,63185.47265625,63910.17578125,20824820662.0,64112.87150848382,64166.79213906995,64172.806643039614,64141.46499247334,46.26928045832114,45.33949193250737,73.00475002166273,-27.66525808915536,64127.6458984375,65559.32088332817,62695.97091354683,0.0446507887458738,1360.599779428249,-0.0056285102588139,0.2190543597043807,843.0,615.0,0.5781893004115226,-0.4717530045899032,-0.8817307427216081,True,119.0649,4408.89990234375,23155.2,8.44415674823303,314.1930970103327,680730.0,1.6240391232876723,4662.534246575343,38.203437444844106,12.033333333333331,127479855693691.5,925210467.8364298,30813236.80437796,3.188061960000001,207024.30437793,42.55260765034844,3947340385.2552648,818886.7545285934,486521.0,20069406.25,63400.51,1.2029538209401576,4573.607622395749,0.9982361607671842,1.2025578842369824,332.568,130.266,286.279,158858.0,4.1,37.62,768072.0,32475.21,3.75,3.5,False,7798.990234375,4833230000.0,53839.98828125,417340000.0,81.25,245842.0,1884.35,0.0,False,29.0,Fear,48.54112225771,56.769088327885,-8.227966070175,362.0,0.4609346234120033,0.5390653765879967,-0.0227291880391574
2026-08-14,63551.875,64433.6796875,63185.47265625,63910.17578125,20824820662.0,64112.87150848382,64166.79213906995,64172.806643039614,64141.46499247334,46.26928045832114,45.33949193250737,73.00475002166273,-27.66525808915536,64127.6458984375,65559.32088332817,62695.97091354683,0.0446507887458738,1360.599779428249,-0.0056285102588139,0.2190543597043807,843.0,615.0,0.5781893004115226,-0.4717530045899032,-0.8817307427216081,True,119.0649,4408.89990234375,23155.2,8.44415674823303,352.27710876916086,694502.0,1.621057510067113,4661.087248322147,41.24159754719818,10.416666666666666,127479855693691.52,944221641.8330688,31531940.289323136,3.150510790000001,210059.03932312992,42.36364701191851,5188080848.243314,1015536.1088607014,512338.0,20069846.875,63406.36,1.4622508054126575,4626.623721515488,0.9958297037631252,1.2025578842369824,332.568,130.266,286.279,158858.0,4.1,37.62,768072.0,32475.21,3.75,3.5,False,7785.759765625,4159900000.0,53732.41015625,319610000.0,82.4000015258789,192132.0,1880.26,0.0,False,29.0,Fear,48.54112225771,56.769088327885,-8.227966070175,362.0,0.4609346234120033,0.5390653765879967,-0.0227291880391574
2026-08-15,63551.875,64433.6796875,63185.47265625,63910.17578125,20824820662.0,64112.87150848382,64166.79213906995,64172.806643039614,64141.46499247334,46.26928045832114,45.33949193250737,73.00475002166273,-27.66525808915536,64127.6458984375,65559.32088332817,62695.97091354683,0.0446507887458738,1360.599779428249,-0.0056285102588139,0.2190543597043807,843.0,615.0,0.5781893004115226,-0.4717530045899032,-0.8817307427216081,True,119.0649,4408.89990234375,23155.2,8.44415674823303,333.2351028897468,719514.0,1.600469744827585,4962.165517241379,37.823088023857885,11.65,127479855693691.5,918873409.83755,31900917.21956156,2.32974762,155142.21956156995,39.29971791197801,2114508891.171138,777678.1444580179,445251.0,20070325.0,62971.56,1.080838099686758,3499.17835268931,0.9993777767815698,1.2025578842369824,332.813,130.266,284.057,158858.0,4.1,37.62,763602.0,32475.21,3.75,3.5,False,7785.759765625,4159900000.0,53732.41015625,319610000.0,82.4000015258789,192132.0,1880.81,0.0,False,29.0,Fear,48.54112225771,56.769088327885,-8.227966070175,362.0,0.4609346234120033,0.5390653765879967,-0.0227291880391574
2026-08-16,63551.875,64433.6796875,63185.47265625,63910.17578125,20824820662.0,64112.87150848382,64166.79213906995,64172.806643039614,64141.46499247334,46.26928045832114,45.33949193250737,73.00475002166273,-27.66525808915536,64127.6458984375,65559.32088332817,62695.97091354683,0.0446507887458738,1360.599779428249,-0.0056285102588139,0.2190543597043807,843.0,615.0,0.5781893004115226,-0.4717530045899032,-0.8817307427216081,True,119.0649,4408.89990234375,23155.2,8.44415674823303,333.2351028897468,831035.0,1.5974704409937892,5161.708074534162,27.04992706800798,8.833333333333334,127479855693691.56,1020266337.8196248,33462037.56503184,2.19260636,144343.81503183997,38.87937272199669,1811944130.9803889,694412.526081435,402442.0,20070787.5,63024.43,0.8355996150359913,3584.8014960792184,0.9936423107330736,1.2025578842369824,332.813,130.266,284.057,158858.0,4.1,37.62,763602.0,32475.21,3.75,3.5,False,7785.759765625,4159900000.0,53732.41015625,319610000.0,82.4000015258789,192132.0,1874.04,0.0,False,29.0,Fear,48.54112225771,56.769088327885,-8.227966070175,362.0,0.4609346234120033,0.5390653765879967,-0.0227291880391574
2026-08-17,63551.875,64433.6796875,63185.47265625,63910.17578125,20824820662.0,64112.87150848382,64166.79213906995,64172.806643039614,64141.46499247334,46.26928045832114,45.33949193250737,73.00475002166273,-27.66525808915536,64127.6458984375,65559.32088332817,62695.97091354683,0.0446507887458738,1360.599779428249,-0.0056285102588139,0.2190543597043807,843.0,615.0,0.5781893004115226,-0.4717530045899032,-0.8817307427216081,True,119.0649,4408.89990234375,23155.2,8.44415674823303,342.7561058294538,831035.0,1.5974704409937892,5161.708074534162,27.04992706800798,8.833333333333334,127479855693691.56,1020266337.8196248,33462037.56503184,2.19260636,144343.81503183997,38.87937272199669,5132429308.354233,1018749.7250913256,402442.0,20071268.75,62826.11,0.8355996150359913,3584.8014960792184,0.9989474042060148,1.2025578842369824,332.813,130.266,284.057,158858.0,4.1,37.62,763602.0,32475.21,3.75,3.5,False,7745.06005859375,4452630000.0,53459.78125,436700000.0,84.5,180066.0,1911.54,0.0,False,29.0,Fear,48.54112225771,56.769088327885,-8.227966070175,362.0,0.4609346234120033,0.5390653765879967,-0.0227291880391574
2026-08-18,63551.875,64433.6796875,63185.47265625,63910.17578125,20824820662.0,64112.87150848382,64166.79213906995,64172.806643039614,64141.46499247334,46.26928045832114,45.33949193250737,73.00475002166273,-27.66525808915536,64127.6458984375,65559.32088332817,62695.97091354683,0.0446507887458738,1360.599779428249,-0.0056285102588139,0.2190543597043807,843.0,615.0,0.5781893004115226,-0.4717530045899032,-0.8817307427216081,True,119.0649,4408.89990234375,23155.2,8.44415674823303,342.7561058294538,831035.0,1.5974704409937892,5161.708074534162,27.04992706800798,8.833333333333334,127479855693691.56,1020266337.8196248,33462037.56503184,2.19260636,144343.81503183997,38.87937272199669,5132429308.354233,1018749.7250913256,402442.0,20071762.5,64503.67,0.8355996150359913,3584.8014960792184,0.9989474042060148,1.2025578842369824,332.813,130.266,284.057,158858.0,4.1,37.62,763602.0,32475.21,3.75,3.5,False,7691.759765625,4602700000.0,53343.3984375,427990000.0,84.94000244140625,90110.0,1916.13,0.0,False,29.0,Fear,48.54112225771,56.769088327885,-8.227966070175,362.0,0.4609346234120033,0.5390653765879967,-0.0227291880391574
2026-08-19,63551.875,64433.6796875,63185.47265625,63910.17578125,20824820662.0,64112.87150848382,64166.79213906995,64172.806643039614,64141.46499247334,46.26928045832114,45.33949193250737,73.00475002166273,-27.66525808915536,64127.6458984375,65559.32088332817,62695.97091354683,0.0446507887458738,1360.599779428249,-0.0056285102588139,0.2190543597043807,843.0,615.0,0.5781893004115226,-0.4717530045899032,-0.8817307427216081,True,119.0649,4408.89990234375,23155.2,8.44415674823303,352.27710876916086,831035.0,1.5974704409937892,5161.708074534162,27.04992706800798,8.833333333333334,127479855693691.56,1020266337.8196248,33462037.56503184,2.19260636,144343.81503183997,38.87937272199669,5132429308.354233,1018749.7250913256,402442.0,20071762.5,64503.67,0.8355996150359913,3584.8014960792184,0.9989474042060148,1.2025578842369824,332.813,130.266,284.057,158858.0,4.1,37.62,763602.0,32475.21,3.75,3.5,False,7707.97998046875,5184100000.0,53463.05078125,451460000.0,85.83000183105469,98764.0,2251.22,0.0,False,29.0,Fear,48.54112225771,56.769088327885,-8.227966070175,362.0,0.4609346234120033,0.5390653765879967,-0.0227291880391574
2026-08-20,63551.875,64433.6796875,63185.47265625,63910.17578125,20824820662.0,64112.87150848382,64166.79213906995,64172.806643039614,64141.46499247334,46.26928045832114,45.33949193250737,73.00475002166273,-27.66525808915536,64127.6458984375,65559.32088332817,62695.97091354683,0.0446507887458738,1360.599779428249,-0.0056285102588139,0.2190543597043807,843.0,615.0,0.5781893004115226,-0.4717530045899032,-0.8817307427216081,True,119.0649,4408.89990234375,23155.2,8.44415674823303,352.27710876916086,831035.0,1.5974704409937892,5161.708074534162,27.04992706800798,8.833333333333334,127479855693691.56,1020266337.8196248,33462037.56503184,2.19260636,144343.81503183997,38.87937272199669,5132429308.354233,1018749.7250913256,402442.0,20071762.5,64503.67,0.8355996150359913,3584.8014960792184,0.9989474042060148,1.2025578842369824,332.813,130.266,284.057,158858.0,4.1,37.62,763602.0,32475.21,3.75,3.5,False,7641.16015625,4759610000.0,52759.2109375,434340000.0,87.83000183105469,98764.0,2325.6,0.0,False,29.0,Fear,48.54112225771,56.769088327885,-8.227966070175,362.0,0.4609346234120033,0.5390653765879967,-0.0227291880391574
2026-08-21,63551.875,64433.6796875,63185.47265625,63910.17578125,20824820662.0,64112.87150848382,64166.79213906995,64172.806643039614,64141.46499247334,46.26928045832114,45.33949193250737,73.00475002166273,-27.66525808915536,64127.6458984375,65559.32088332817,62695.97091354683,0.0446507887458738,1360.599779428249,-0.0056285102588139,0.2190543597043807,843.0,615.0,0.5781893004115226,-0.4717530045899032,-0.8817307427216081,True,119.0649,4408.89990234375,23155.2,8.44415674823303,352.27710876916086,831035.0,1.5974704409937892,5161.708074534162,27.04992706800798,8.833333333333334,127479855693691.56,1020266337.8196248,33462037.56503184,2.19260636,144343.81503183997,38.87937272199669,5132429308.354233,1018749.7250913256,402442.0,20071762.5,64503.67,0.8355996150359913,3584.8014960792184,0.9989474042060148,1.2025578842369824,332.813,130.266,284.057,158858.0,4.1,37.62,763602.0,32475.21,3.75,3.5,False,7641.16015625,4759610000.0,52759.2109375,434340000.0,87.83000183105469,98764.0,2515.47,0.0,False,29.0,Fear,48.54112225771,56.769088327885,-8.227966070175,362.0,0.4609346234120033,0.5390653765879967,-0.0227291880391574
